property,case_a,case_b,metric,case_a_value,case_b_value,observed_difference,baseline_mean,baseline_sd,baseline_min,baseline_max,baseline_q025,baseline_q975,baseline_95_width,baseline_range,ratio_to_baseline_95_width,ratio_to_baseline_sd,larger_than_baseline_95_width,larger_than_baseline_range,observed_minus_baseline95
Certainty,High certainty,Low certainty,buffer width mean,0.7259713929640897,2.067560657484649,1.3415892645205592,2.1526503982236926,0.13436236475471142,1.7851090411763333,2.5299348104256216,1.8921079490413604,2.399649417351687,0.5075414683103268,0.7448257692492883,2.6433096570155907,9.984858981677876,True,True,0.8340477962102324
Certainty,High certainty,Low certainty,middle buffer width,0.6759433272204599,2.1571568197547974,1.4812134925343377,2.145620860769148,0.2460661437126447,1.5211179106577397,3.149204210701202,1.707943955269407,2.6304089042938434,0.9224649490244365,1.6280863000434622,1.6057124924917874,6.019574534658837,True,False,0.5587485435099011
Certainty,High certainty,Low certainty,late buffer width,0.7643878576034798,2.0620636175037865,1.2976757599003066,2.158349571438105,0.21274684676902542,1.3803395122050914,2.8598115390716394,1.7578063561015373,2.5866047291300545,0.8287983730285171,1.479472026866548,1.5657315483842733,6.099623940885783,True,False,0.4688773868717895
Certainty,High certainty,Low certainty,MCN,4.0,4.459431618637297,0.4594316186372973,4.4586971799711606,0.015767087593714167,4.0,4.459431618637297,4.459431618637297,4.459431618637297,0.0,0.4594316186372973,,29.13864820668961,True,False,0.4594316186372973
Certainty,High certainty,Low certainty,early buffer width,0.7247775058551992,1.9852938818556494,1.2605163760004503,2.1520810380590203,0.24944929897090296,1.4780868499836946,2.8824702247125984,1.7063048206783105,2.64016652497082,0.9338617042925095,1.4043833747289038,1.3497891285256347,5.053196706507816,True,False,0.3266546717079408
Certainty,High certainty,Low certainty,standardized overall slope,0.9172341403198011,0.5774425435129533,0.3397915968068478,0.576799755966106,0.046731384201176,0.4144936964813572,0.7161238019418412,0.4836426155975786,0.66520917045931,0.18156655486173146,0.301630105460484,1.8714437637791255,7.27116482028574,True,True,0.15822504194511633
Certainty,High certainty,Low certainty,MIC,1.0000000000000002,0.6647716098225058,0.3352283901774944,0.6801835767925907,0.052944617360795886,0.5278852670131449,0.8633811654900045,0.5791816670890132,0.7867850487792645,0.20760338169025128,0.3354958984768597,1.6147539960483996,6.331680289481557,True,False,0.12762500848724312
Certainty,High certainty,Low certainty,MEV,1.0000000000000002,0.6647716098225058,0.3352283901774944,0.6801835767925907,0.052944617360795886,0.5278852670131449,0.8633811654900045,0.5791816670890132,0.7867850487792645,0.20760338169025128,0.3354958984768597,1.6147539960483996,6.331680289481557,True,False,0.12762500848724312
Certainty,High certainty,Low certainty,r2,0.9700263953098166,0.718624234526803,0.2514021607830136,0.6712697266423434,0.03495071620020794,0.5617193740118417,0.778431317944899,0.6009697533176218,0.7366358447292883,0.13566609141166652,0.21671194393305726,1.8530950377287454,7.193047471270928,True,True,0.11573606937134706
Certainty,High certainty,Low certainty,eta squared,0.9575818364240949,0.7150257601493883,0.24255607627470654,0.6680735995402329,0.035288410548999075,0.5661429509801281,0.7788655429185419,0.594889989431764,0.7359793437445535,0.14108935431278957,0.2127225919384138,1.719166392504492,6.873533619144159,True,True,0.10146672196191697
Certainty,High certainty,Low certainty,distance correlation,0.9827607508094028,0.8170466745537672,0.1657140762556356,0.7983478350361058,0.02458984060395585,0.7221190413882569,0.8796005163522933,0.7475049060103364,0.8433008383673287,0.09579593235699235,0.15748147496403642,1.7298654773575026,6.739127712319397,True,True,0.06991814389864326
Certainty,High certainty,Low certainty,pearson r,0.9846523746667344,0.8362526614349035,0.14839971323183088,0.8119398326701923,0.02192093708211166,0.7467729247484558,0.877443974667399,0.7686135422653736,0.8515386024501364,0.08292506018476276,0.13067104991894318,1.7895641305678414,6.769770501870143,True,True,0.06547465304706812
Certainty,High certainty,Low certainty,residual sd,0.031424586032655306,0.11753572108881645,0.08611113505616114,0.12677338473641947,0.007136719001534489,0.10704927045014866,0.1495644999534129,0.11235989860043548,0.1408846126781241,0.028524714077688626,0.04251522950326424,3.0188255286848005,12.065927639528207,True,True,0.05758642097847251
Certainty,High certainty,Low certainty,spearman rho,0.9862464890891693,0.8418634319989301,0.14438305709023924,0.8210406946716462,0.022465949276731987,0.7524944185520129,0.890039816043705,0.7739205428151074,0.861027912384127,0.08710736956901965,0.13754539749169203,1.6575297567198044,6.4267507823396075,True,True,0.05727568752121959
Certainty,High certainty,Low certainty,x bin count coefficient of variation,0.0,0.0,0.0,0.0,0.0,0.0,0.0,0.0,0.0,0.0,0.0,,,False,False,0.0
Certainty,High certainty,Low certainty,MAS,0.03356579988870212,0.06224305529810159,0.02867725540939947,0.061704236662971604,0.029132401319883972,0.006599806080183512,0.18610964395070184,0.019900551604855456,0.1340953273737414,0.11419477576888595,0.17950983787051833,0.25112580865729073,0.9843766428490793,False,False,-0.08551752035948648
Certainty,High certainty,Low certainty,MIC-r2,0.030459701063161204,-0.03454690393445348,0.06500660499761468,0.02045723796101545,0.041249334630399155,-0.09303929489416085,0.15535818625043207,-0.056113916672910165,0.10521868043029657,0.16133259710320674,0.24839748114459292,0.40293534081044413,1.5759431171456362,False,False,-0.09632599210559206
Certainty,High certainty,Low certainty,amplitude,0.5611106030614711,0.6155713432829595,0.05446074022148839,0.5634014351540297,0.04126536273505387,0.43924693923132024,0.726182027433435,0.48232841120926884,0.645263940507756,0.1629355292984872,0.2869350882021147,0.3342471740569234,1.3197688475721403,False,False,-0.10847478907699881
Certainty,High certainty,Low certainty,raw overall slope,0.6147086296415408,0.6366545102235964,0.0219458805820556,0.6184227300815399,0.03389075181143161,0.5040831504570936,0.7162545641113175,0.5502691329925069,0.6839659759263611,0.1336968429338542,0.21217141365422387,0.16414658791092926,0.647547764775554,False,False,-0.1117509623517986
Certainty,High certainty,Low certainty,curve amplitude,0.628201463407033,0.682057626366873,0.05385616295983997,0.6218648067732454,0.06047559820291434,0.45155600861537254,0.8830603901778968,0.5054466190348272,0.7435555910042743,0.23810897196944703,0.4315043815625243,0.22618283769143538,0.8905436996114678,False,False,-0.18425280900960705
Certainty,High certainty,Low certainty,standardized middle slope,0.8783715043695595,0.5649641652371776,0.31340733913238183,0.5781208622218337,0.16485463089040314,0.09073652768155757,1.134575446561776,0.2814393933526532,0.9161659796104401,0.6347265862577869,1.0438389188802184,0.4937674676275417,1.9011133471933699,False,False,-0.32131924712540505
Certainty,High certainty,Low certainty,standardized late slope,0.9528561151979335,0.6696230995249527,0.28323301567298076,0.580506064007787,0.16238139854972986,0.016579013913216017,1.039426553412398,0.26245309663759536,0.8956217676054683,0.633168670967873,1.022847539499182,0.4473263265537533,1.7442454505417977,False,False,-0.34993565529489223
Certainty,High certainty,Low certainty,raw early slope,0.6364491766114727,0.9410050007763742,0.30455582416490146,0.6267673050348213,0.17461454880771296,0.06365778258589584,1.2097923690126102,0.2923520661173362,0.9704297797247159,0.6780777136073797,1.1461345864267143,0.44914589884492984,1.7441606455157466,False,False,-0.3735218894424782
Certainty,High certainty,Low certainty,standardized early slope,0.9496741793048991,0.8534869578099459,0.09618722149495318,0.584181185615085,0.16507987062057047,0.056048613651619276,1.0937065929970107,0.26640527338733444,0.9068367342766771,0.6404314608893427,1.0376579793453915,0.15019128098638637,0.5826708073695774,False,False,-0.5442442393943895
Certainty,High certainty,Low certainty,raw late slope,0.6385816347990111,0.7382874214097491,0.09970578661073803,0.6241661199099381,0.1764979018697488,0.016130090686130253,1.1518886891161095,0.28531840272673203,0.9640483172618828,0.6787299145351507,1.1357585984299792,0.14690053359298985,0.5649120219248753,False,False,-0.5790241279244127
Certainty,High certainty,Low certainty,raw middle slope,0.5886638100702787,0.6228965772503555,0.03423276718007684,0.6190629618924677,0.16938339478954614,0.10110372995413686,1.1336422039527354,0.3036420714942208,0.9480241160713543,0.6443820445771336,1.0325384739985985,0.05312495509172916,0.2021022616922399,False,False,-0.6101492773970567
Certainty,High certainty,Low certainty,first derivative sign changes,0.0,2.0,2.0,1.051,1.331229195582478,0.0,6.0,0.0,4.0,4.0,6.0,0.5,1.5023708964893172,False,False,-2.0
Clustering,Single cloud,Separated clusters,x bin count coefficient of variation,0.0,1.6101529717988265,1.6101529717988265,1.0790443810464068,0.09004572075801219,0.8674102539726198,1.3440923934536337,0.9180216331277955,1.2638871923429382,0.3458655592151427,0.4766821394810139,4.655430206617493,17.881504620590828,True,True,1.2642874125836838
Clustering,Single cloud,Separated clusters,amplitude,0.5611106030614711,0.384457092927415,0.1766535101340561,0.39882145401096236,0.009208911340234032,0.375020092583335,0.4330202601494869,0.382400225125875,0.4183753076182991,0.03597508249242409,0.058000167566151895,4.910440724389087,19.18288748880133,True,True,0.14067842764163202
Clustering,Single cloud,Separated clusters,curve amplitude,0.628201463407033,0.4087221815957673,0.2194792818112657,0.4560212775040101,0.02609216015094307,0.38976476261921683,0.5441064563818159,0.4096028355882349,0.5126957952976258,0.10309295970939086,0.15434169376259904,2.1289453948160637,8.411694568084002,True,True,0.11638632210187483
Clustering,Single cloud,Separated clusters,standardized overall slope,0.9172341403198011,0.7061614178867525,0.21107272243304864,0.8115433804424301,0.03602776860958865,0.6745800671073949,0.9184803727432782,0.7359341255701973,0.8800427125812764,0.1441085870110791,0.24390030563588327,1.4646783152264296,5.85861213666373,True,False,0.06696413542196955
Clustering,Single cloud,Separated clusters,r2,0.9700263953098166,0.8963095285609841,0.07371686674883249,0.9559772660726252,0.004980427453571727,0.9378224782552851,0.9692648269023314,0.945253887000418,0.9654206573450796,0.020166770344661633,0.031442348647046314,3.655363029824265,14.801313227836747,True,True,0.053550096404170855
Clustering,Single cloud,Separated clusters,MEV,1.0000000000000002,0.9182958340544901,0.08170416594551011,0.9173372027337333,0.0070271412389445,0.8663080215181129,0.96302765537748,0.8919295931780058,0.9217860698530798,0.029856476675073962,0.0967196338593671,2.7365642247305697,11.626942332211092,True,False,0.05184768927043615
Clustering,Single cloud,Separated clusters,spearman rho,0.9862464890891693,0.9428235914411132,0.04342289764805618,0.9314843791475046,0.007426905747206606,0.9087152895665503,0.9531775672088644,0.9166984063294136,0.9453395680936654,0.0286411617642518,0.04446227764231403,1.516101127652373,5.846701052371416,True,False,0.014781735883804381
Clustering,Single cloud,Separated clusters,residual sd,0.031424586032655306,0.05130317632439137,0.01987859029173606,0.033890490986324455,0.0018754572504315534,0.027796065012978436,0.03984844720106355,0.030156957533993438,0.037638410597686814,0.007481453063693376,0.012052382188085114,2.6570493890023252,10.599329996544514,True,True,0.012397137228042684
Clustering,Single cloud,Separated clusters,MIC,1.0000000000000002,1.0000000000000002,0.0,0.9997674061591325,0.0017713000308296372,0.9789690082142848,1.0000000000000002,1.0000000000000002,1.0000000000000002,0.0,0.021030991785715436,,0.0,False,False,0.0
Clustering,Single cloud,Separated clusters,pearson r,0.9846523746667344,0.9790248898817041,0.005627484785030279,0.976483634109749,0.0026198160090902508,0.967503983981611,0.9833154251640602,0.9709691537700216,0.9813009903100497,0.010331836540028116,0.01581144118244926,0.5446741983603783,2.148045803790802,False,False,-0.0047043517549978375
Clustering,Single cloud,Separated clusters,MIC-r2,0.030459701063161204,0.04151026499211741,0.011050563928956203,0.04624026190246485,0.005023445249565005,0.03165004003212535,0.06393604097971084,0.036942226622333776,0.05661808953142987,0.019675862909096092,0.03228600094758549,0.5616304596149407,2.1997978239960125,False,False,-0.00862529898013989
Clustering,Single cloud,Separated clusters,distance correlation,0.9827607508094028,0.9816377185637073,0.0011230322456955433,0.9789494133484291,0.0028311857338494577,0.9695637597328993,0.9858297705674274,0.9727770588337249,0.9840346523173013,0.011257593483576356,0.016266010834528055,0.09975775438453424,0.3966649846630154,False,False,-0.010134561237880813
Clustering,Single cloud,Separated clusters,buffer width mean,0.7259713929640897,0.9963920995355519,0.2704207065714621,0.877835052277793,0.0727509385801654,0.6440753186304423,1.1078036267650493,0.7432701171700759,1.0256998449424366,0.28242972777236075,0.46372830813460697,0.9574796134400627,3.717075158741509,False,False,-0.01200902120089864
Clustering,Single cloud,Separated clusters,eta squared,0.9575818364240949,0.9592018058973972,0.0016199694733023406,0.9502248558920662,0.005718927033073613,0.930828873770391,0.9654967815605386,0.9383017119300479,0.9602351872356598,0.02193347530561196,0.03466790779014761,0.07385831249860576,0.28326458161360646,False,False,-0.02031350583230962
Clustering,Single cloud,Separated clusters,MAS,0.03356579988870212,1.1102230246251565e-16,0.03356579988870201,0.040103955674492965,0.01574783226834637,0.004537576267428789,0.11315909212533315,0.012747525294928494,0.07465955564031962,0.061912030345391125,0.10862151585790436,0.5421531114622979,2.1314552578877985,False,False,-0.028346230456689117
Clustering,Single cloud,Separated clusters,raw overall slope,0.6147086296415408,0.6197774689752882,0.005068839333747355,0.6200036914935192,0.01028397280046756,0.590382997606545,0.6558128822370279,0.60037716230627,0.6403861154550303,0.040008953148760296,0.06542988463048294,0.126692625895522,0.4928872753841687,False,False,-0.03494011381501294
Clustering,Single cloud,Separated clusters,middle buffer width,0.6759433272204599,1.003246937053027,0.3273036098325671,0.8876146617964393,0.11193241453243899,0.5755454262310935,1.2360345686971324,0.6786808137311953,1.1176679552024453,0.43898714147125006,0.6604891424660388,0.7455881480619695,2.9241181939992162,False,False,-0.11168353163868294
Clustering,Single cloud,Separated clusters,late buffer width,0.7643878576034798,1.0695775136802914,0.3051896560768116,0.8694742528483743,0.12548492679498446,0.5102803467697478,1.2648826864500928,0.625536042927683,1.1270462041139138,0.5015101611862308,0.7546023396803451,0.6085413211866757,2.432082194026588,False,False,-0.19632050510941923
Clustering,Single cloud,Separated clusters,early buffer width,0.7247775058551992,0.9163518478733372,0.19157434201813806,0.8788375631119575,0.12599268829629548,0.4028833492150399,1.3470275446395097,0.6405773449021219,1.1291236861582223,0.4885463412561004,0.9441441954244698,0.39213136163415263,1.5205195206853195,False,False,-0.29697199923796236
Clustering,Single cloud,Separated clusters,MCN,4.0,3.1699250014423126,0.8300749985576874,3.5498683134739557,0.4404471197816636,3.1699250014423126,4.392317422778761,3.1699250014423126,4.392317422778761,1.222392421336448,1.222392421336448,0.6790577101665618,1.8846189730316962,False,False,-0.3923174227787607
Clustering,Single cloud,Separated clusters,raw late slope,0.6385816347990111,0.43145560642114394,0.20712602837786714,0.6247066856430943,0.18575629156976706,0.056827777360173845,1.2171302415768532,0.2538049910495325,0.9897692851197633,0.7359642940702307,1.1603024642166795,0.2814348875980956,1.1150417928109528,False,False,-0.5288382656923636
Clustering,Single cloud,Separated clusters,standardized middle slope,0.8783715043695595,0.4548020876878453,0.42356941668171416,0.8152919631693237,0.24615727806843396,0.022082002232890766,1.5408886198165417,0.336537943953432,1.2941822486592287,0.9576443047057968,1.518806617583651,0.4423034884667761,1.7207267646336177,False,False,-0.5340748880240827
Clustering,Single cloud,Separated clusters,raw early slope,0.6364491766114727,0.8078252540081532,0.17137607739668048,0.6151266996015813,0.18844533763152393,-0.03347171440398805,1.2168849250843223,0.24892458369359732,0.9621892765561102,0.7132646928625128,1.2503566394883103,0.2402699574388081,0.9094206285526693,False,False,-0.5418886154658323
Clustering,Single cloud,Separated clusters,first derivative sign changes,0.0,0.0,0.0,3.898,2.9438516033017463,0.0,15.0,0.0,10.0,10.0,15.0,0.0,0.0,False,False,-10.0
Convexity / Concavity,Convex,Concave,standardized early slope,0.3216726922545678,1.4535464673552274,1.1318737751006596,1.325916103705465,0.07427771818757467,1.0908611127842744,1.5236005166010373,1.1751884335717613,1.4679358516486194,0.2927474180768581,0.4327394038167629,3.866383459626266,15.238402615469706,True,True,0.8391263570238015
Convexity / Concavity,Convex,Concave,standardized late slope,1.5521136215097553,0.561764164289866,0.9903494572198893,0.5147083754327414,0.059987494511990466,0.34270287621379997,0.6989812701286203,0.3986895275554003,0.6309288138623212,0.23223928630692092,0.35627839391482036,4.264349382778723,16.509265227303928,True,True,0.7581101709129684
Convexity / Concavity,Convex,Concave,raw early slope,0.26695196990756204,1.1615722396913872,0.8946202697838253,1.0769697831455844,0.047011609294384256,0.925363373255489,1.2339380696011433,0.9869349111293388,1.1694942955620946,0.18255938443275577,0.30857469634565426,4.900434302862974,19.029773351976946,True,True,0.7120608853510695
Convexity / Concavity,Convex,Concave,raw late slope,1.2880788415029214,0.44892246181839524,0.8391563796845262,0.41819749602998446,0.047518665888009286,0.25449548816203627,0.5602766492778,0.32696926448065977,0.5097042414708927,0.1827349769902329,0.3057811611157637,4.592204478343403,17.659510510295625,True,True,0.6564214026942933
Convexity / Concavity,Convex,Concave,raw overall slope,0.754708629641541,0.6153698330639085,0.13933879657763248,0.6104612768718165,0.009124433180000807,0.579677543896004,0.6368006168029102,0.5921122315016922,0.6281075353684993,0.03599530386680705,0.057123072906906214,3.8710270954573964,15.270953694201983,True,True,0.10334349271082544
Convexity / Concavity,Convex,Concave,early buffer width,0.4905701344385054,0.9465052221840841,0.45593508774557867,1.0495383266757659,0.10174358119468026,0.7844345919368588,1.4015137816829943,0.8697836443181058,1.2646544292415518,0.39487078492344596,0.6170791897461355,1.1546437598161923,4.481217216771387,True,False,0.06106430282213271
Convexity / Concavity,Convex,Concave,amplitude,0.6878145136759962,0.6029612652058323,0.08485324847016396,0.5882208506154213,0.011528796025157257,0.5538344094478365,0.6327410647848064,0.5657925751331464,0.6109554259971234,0.04516285086397698,0.07890665533696994,1.8788284363564178,7.360113604664675,True,True,0.03969039760618698
Convexity / Concavity,Convex,Concave,standardized overall slope,0.9094113703248345,0.7700499516109889,0.13936141871384566,0.7517324194181954,0.032711810960455286,0.6368864498244006,0.8487149898377542,0.685431952413016,0.8118678618710445,0.12643590945802852,0.2118285400133536,1.1022297329233661,4.260278309944905,True,False,0.012925509255817147
Convexity / Concavity,Convex,Concave,raw middle slope,0.7286638100702786,0.5428740319947636,0.185789778075515,0.5418419047830245,0.04560322167410857,0.4023913423380892,0.6803824699530965,0.45692089582965023,0.6304083693696476,0.17348747353999738,0.27799112761500727,1.0709117741153877,4.074049403860385,True,False,0.012302304535517616
Convexity / Concavity,Convex,Concave,MCN,4.0,4.459431618637297,0.4594316186372973,4.386215643788482,0.17954595066619627,3.0,4.459431618637297,4.0,4.459431618637297,0.4594316186372973,1.4594316186372973,1.0,2.558852577474453,False,False,0.0
Convexity / Concavity,Convex,Concave,first derivative sign changes,0.0,0.0,0.0,0.0,0.0,0.0,0.0,0.0,0.0,0.0,0.0,,,False,False,0.0
Convexity / Concavity,Convex,Concave,x bin count coefficient of variation,0.0,0.0,0.0,0.0,0.0,0.0,0.0,0.0,0.0,0.0,0.0,,,False,False,0.0
Convexity / Concavity,Convex,Concave,r2,0.9811945060981819,0.9701775324180708,0.01101697368011112,0.9637239206766844,0.00407162082896999,0.9505126778135387,0.9750087625719038,0.9558931724552058,0.9716536572413655,0.015760484786159767,0.024496084758365178,0.6990250509163137,2.705795589246486,False,False,-0.004743511106048648
Convexity / Concavity,Convex,Concave,curve amplitude,0.768069653813206,0.7007283859511753,0.06734126786203076,0.6747331525255075,0.018548962797720236,0.6132187797664119,0.7489224161337628,0.6375812004006156,0.7106343969042119,0.07305319650359632,0.13570363636735083,0.9218113797212917,3.6304600206706628,False,False,-0.005711928641565556
Convexity / Concavity,Convex,Concave,residual sd,0.03139798951966994,0.03209368514019489,0.000695695620524947,0.03513840824637234,0.0019695346153783383,0.029557384573977084,0.04204867606992728,0.031149031190429145,0.03872368334429776,0.0075746521538686135,0.012491291495950196,0.09184522356840286,0.3532284302560009,False,False,-0.006878956533343666
Convexity / Concavity,Convex,Concave,spearman rho,0.9790363900120373,0.982022078870747,0.0029856888587096453,0.978276845993189,0.0028067296344477764,0.9682068376595985,0.9867197547249401,0.9725623733242795,0.9834199100795292,0.010857536755249697,0.01851291706534164,0.2749876814615473,1.063760763439931,False,False,-0.007871847896540052
Convexity / Concavity,Convex,Concave,eta squared,0.9662650300354888,0.9532715894474959,0.0129934405879929,0.9464756611113603,0.005431824325568168,0.9281967231966254,0.9630068768083225,0.9352645207751922,0.9567257318446343,0.0214612110694421,0.03481015361169715,0.6054383671988495,2.3920951432157715,False,False,-0.0084677704814492
Convexity / Concavity,Convex,Concave,pearson r,0.9594710710125226,0.9616921031122025,0.0022210320996799426,0.9606524241839282,0.003512272217193601,0.9474987097667132,0.9744010179233797,0.9535518574074574,0.9670822345465443,0.013530377139086891,0.0269023081566665,0.1641515293216602,0.63236331421219,False,False,-0.011309345039406948
Convexity / Concavity,Convex,Concave,distance correlation,0.9699340305791244,0.9703329299400097,0.00039889936088532973,0.9679290237097676,0.0033175752236526395,0.9568220086565857,0.9783422358062445,0.9613482815746558,0.9738412252907649,0.012492943716109095,0.021520227149658733,0.031929973427397,0.12023822641348968,False,False,-0.012094044355223765
Convexity / Concavity,Convex,Concave,standardized middle slope,0.8780277950934043,0.6793315167677627,0.19869627832564163,0.6672599357560646,0.06278629812492446,0.49987524922579374,0.8474920006166629,0.5522766803148169,0.7953149256293434,0.24303824531452645,0.3476167513908691,0.8175514848228931,3.1646439471602577,False,False,-0.04434196698888482
Convexity / Concavity,Convex,Concave,MIC,1.0000000000000002,0.9735839583213143,0.026416041678685942,0.9756678479758791,0.02144603538017368,0.8926558450602722,1.0000000000000002,0.9271091174271449,1.0000000000000002,0.07289088257285536,0.10734415493972804,0.3624052933133684,1.2317447588987431,False,False,-0.04647484089416942
Convexity / Concavity,Convex,Concave,MEV,1.0000000000000002,0.9735839583213143,0.026416041678685942,0.9756678465836952,0.021446038043843284,0.8926558450602722,1.0000000000000002,0.9271091174271449,1.0000000000000002,0.07289088257285536,0.10734415493972804,0.3624052933133684,1.231744605911927,False,False,-0.04647484089416942
Convexity / Concavity,Convex,Concave,MIC-r2,0.07941526389008302,0.048732257132943047,0.030683006757139974,0.052802444165349856,0.021153875185745692,-0.024715382755348236,0.09859294275048336,0.005983624186353268,0.08432636730526852,0.07834274311891525,0.1233083255058316,0.39165091156645754,1.4504674196912812,False,False,-0.04765973636177527
Convexity / Concavity,Convex,Concave,buffer width mean,0.6257206690722927,0.7677356228663338,0.14201495379404105,0.8366915756560525,0.05078341381651027,0.6743364192169485,0.9959010134052912,0.7379163510065373,0.9293968759512166,0.19148052494467926,0.3215645941883427,0.7416678737175526,2.7964830073686455,False,False,-0.04946557115063821
Convexity / Concavity,Convex,Concave,MAS,0.02743770497007103,0.0506471701826221,0.023209465212551073,0.04999178004851726,0.020467812248498692,0.009156680015833474,0.12876206057256523,0.01988024099788317,0.10028719612273344,0.08040695512485027,0.11960538055673176,0.2886499703478766,1.1339494876524225,False,False,-0.0571974899122992
Convexity / Concavity,Convex,Concave,middle buffer width,0.5469812700515728,0.6842617614210935,0.1372804913695207,0.7627411785076424,0.0872163566512675,0.5502332734376457,1.0823393836076578,0.6071734586933997,0.9448740205986986,0.33770056190529896,0.5321061101700121,0.4065154366193152,1.5740223123333785,False,False,-0.20042007053577826
Convexity / Concavity,Convex,Concave,late buffer width,0.7861381193131731,0.6962638194619513,0.08987429985122186,0.732519310252575,0.07407092944254223,0.4802124577549328,0.968201249330322,0.5896152226653901,0.889573816936522,0.2999585942711319,0.4879887915753892,0.2996223531104586,1.2133545579570255,False,False,-0.21008429441991006
Density,Even coverage,Uneven coverage,x bin count coefficient of variation,0.0,0.6728111897994427,0.6728111897994427,0.6728111897994429,2.221557105636704e-16,0.6728111897994427,0.6728111897994427,0.6728111897994427,0.6728111897994427,0.0,0.0,,3028556808611108.5,True,True,0.6728111897994427
Density,Even coverage,Uneven coverage,MCN,4.0,4.459431618637297,0.4594316186372973,4.4376865802466945,0.12632307562079584,2.584962500721156,4.459431618637297,4.169925001442312,4.459431618637297,0.28950661719498516,1.8744691179161412,1.5869468652865584,3.6369571939211376,True,False,0.16992500144231215
Density,Even coverage,Uneven coverage,spearman rho,0.9862464890891693,0.9595290798735181,0.026717409215651244,0.9586427856019384,0.005971532887886679,0.9362876098479639,0.9764370178283635,0.9456229593625333,0.9692459228402996,0.02362296347776638,0.040149407980399565,1.1309931220440363,4.47412912517786,True,False,0.0030944457378848655
Density,Even coverage,Uneven coverage,first derivative sign changes,0.0,0.0,0.0,0.009,0.1222044759161216,0.0,2.0,0.0,0.0,0.0,2.0,,0.0,False,False,0.0
Density,Even coverage,Uneven coverage,distance correlation,0.9827607508094028,0.9762362085001294,0.006524542309273462,0.9742012138643015,0.002993599317524724,0.962184027989229,0.982679098000572,0.9683171183796955,0.9798012091424967,0.011484090762801213,0.020495070011342986,0.5681374733128622,2.179497526966408,False,False,-0.004959548453527751
Density,Even coverage,Uneven coverage,pearson r,0.9846523746667344,0.9814162904432167,0.0032360842235177323,0.9784453855181037,0.0024105398181611722,0.9704238736432205,0.9857517767489126,0.9737340615378512,0.9829959928811054,0.009261931343254148,0.015327903105692098,0.34939626559364506,1.342472834979473,False,False,-0.006025847119736416
Density,Even coverage,Uneven coverage,residual sd,0.031424586032655306,0.031604011966146414,0.00017942593349110775,0.03410410356434918,0.0019211160851655062,0.028781465494931113,0.04019396807867043,0.030204121036470268,0.037857324384212854,0.0076532033477425855,0.011412502583739315,0.023444553259391942,0.0933967160426175,False,False,-0.007473777414251478
Density,Even coverage,Uneven coverage,r2,0.9700263953098166,0.9655341144444763,0.004492280865340259,0.9588680202006058,0.004625267879492383,0.9434504122847059,0.9720773730547051,0.9498947583870567,0.9676420607066066,0.017747302319549907,0.028626960769999155,0.2531247163345888,0.9712477163232501,False,False,-0.013255021454209648
Density,Even coverage,Uneven coverage,eta squared,0.9575818364240949,0.9526379023875639,0.004943934036531039,0.9490529890226921,0.005618133462228403,0.9291905715829586,0.9673355095488043,0.9375237030306576,0.9595767216994485,0.022053018668790947,0.03814493796584573,0.22418400450218678,0.8799958330947257,False,False,-0.017109084632259908
Density,Even coverage,Uneven coverage,MIC,1.0000000000000002,0.8925279001780756,0.10747209982192463,0.898758816125045,0.03375611593860105,0.81362393743574,1.0000000000000002,0.8385051549742503,0.9693901388648506,0.13088498389060033,0.1863760625642602,0.8211186388788093,3.183781570646501,False,False,-0.0234128840686757
Density,Even coverage,Uneven coverage,MEV,1.0000000000000002,0.8925279001780756,0.10747209982192463,0.8984860982038251,0.034055660877511544,0.81362393743574,1.0000000000000002,0.8379065479499199,0.9693901388648506,0.13148359091493067,0.1863760625642602,0.8173803215601149,3.1557778370083898,False,False,-0.024011491093006043
Density,Even coverage,Uneven coverage,MIC-r2,0.030459701063161204,-0.0706500349692486,0.1011097360324098,-0.058602361208138116,0.03265012243941445,-0.14173939921888312,0.0427201178230896,-0.11493092640479387,0.010704384196889209,0.12563531060168306,0.18445951704197272,0.804787567668538,3.096764375693505,False,False,-0.024525574569273262
Density,Even coverage,Uneven coverage,raw overall slope,0.6147086296415408,0.6280816342800736,0.013373004638532748,0.6196964349279134,0.010074389288351096,0.5852120568674597,0.6497555966480313,0.5993926368162203,0.6393756724750679,0.03998303565884753,0.06454353978057159,0.3344669662563138,1.3274258375141215,False,False,-0.026610031020314784
Density,Even coverage,Uneven coverage,MAS,0.03356579988870212,0.08061395062116505,0.047048150732462934,0.054152945188688004,0.020863798267906547,0.01497854920758046,0.13892600830632074,0.023377781230228614,0.09955469150886685,0.07617691027863824,0.12394745909874028,0.6176169466623316,2.255013690619992,False,False,-0.029128759546175303
Density,Even coverage,Uneven coverage,amplitude,0.5611106030614711,0.5410419814576296,0.020068621603841486,0.5375687565643535,0.012707481233047676,0.5030187388556966,0.5784818374718356,0.5125208757770255,0.5622419837182386,0.049721107941213094,0.07546309861613898,0.40362378142436567,1.579276115840335,False,False,-0.02965248633737161
Density,Even coverage,Uneven coverage,curve amplitude,0.628201463407033,0.6117604731865895,0.01644099022044343,0.5952652105187671,0.01676131274994571,0.5482320996694697,0.6660596416957534,0.5617142464305874,0.6285585544617264,0.06684430803113894,0.11782754202628365,0.2459594646829841,0.9808891741189354,False,False,-0.050403317810695514
Density,Even coverage,Uneven coverage,early buffer width,0.7247775058551992,1.0014851086714414,0.2767076028162422,0.9722069420951823,0.09081958020272986,0.7242737599994916,1.2643075773470784,0.8085094778955189,1.1580555678396867,0.3495460899441678,0.5400338173475868,0.7916197914284782,3.0467835482014802,False,False,-0.07283848712792562
Density,Even coverage,Uneven coverage,raw late slope,0.6385816347990111,0.6372354227854505,0.0013462120135605549,0.6206070369711918,0.02571715507207211,0.5320113274057868,0.6975004334565669,0.5712342161257122,0.6701305898459852,0.09889637372027293,0.16548910605078004,0.013612349603113836,0.05234684823371042,False,False,-0.09755016170671238
Density,Even coverage,Uneven coverage,standardized overall slope,0.9172341403198011,0.9030167141291046,0.014217426190696547,0.8739256977716809,0.035046832319413294,0.7537625053475842,0.9721358014741268,0.8019585667113392,0.9430080376996187,0.14104947098827947,0.21837329612654266,0.10079744426604724,0.4056693643842148,False,False,-0.12683204479758292
Density,Even coverage,Uneven coverage,standardized late slope,0.9528561151979335,0.9161774619790758,0.03667865321885766,0.8749800040054629,0.04402151724879077,0.7082887822683911,1.0287585592341886,0.7862272780424245,0.9570309217752572,0.17080364373283263,0.3204697769657975,0.21474163207097394,0.8331982973591213,False,False,-0.13412499051397497
Density,Even coverage,Uneven coverage,buffer width mean,0.7259713929640897,0.7846285963421644,0.058657203378074674,0.7961746879500475,0.05563111133796232,0.628250884117658,0.9827384154165314,0.6852010532159608,0.9075464296831485,0.22234537646718766,0.35448753129887345,0.26381121258319007,1.054395678377314,False,False,-0.163688173089113
Density,Even coverage,Uneven coverage,raw early slope,0.6364491766114727,0.7950215276042224,0.1585723509927497,0.6236897371134213,0.09520507468834799,0.3166655830063843,0.9415724401309632,0.4413565465777279,0.8110647971747893,0.3697082505970614,0.6249068571245788,0.4289121239157168,1.6655871707661938,False,False,-0.21113589960431173
Density,Even coverage,Uneven coverage,late buffer width,0.7643878576034798,0.6352994717444914,0.1290883858589884,0.7049362032947224,0.09518902843838402,0.4210150058801743,1.0508365146233971,0.5239475700701883,0.888750653613106,0.3648030835429177,0.6298215087432228,0.3538577157991639,1.3561267299050908,False,False,-0.23571469768392928
Density,Even coverage,Uneven coverage,raw middle slope,0.5886638100702787,0.6227139434700945,0.034050133399815774,0.6196546456959593,0.09158018776164206,0.3437306904238645,0.9020697877397191,0.44669034511238764,0.7972128273100797,0.35052248219769205,0.5583390973158546,0.09714108260996439,0.3718067655467017,False,False,-0.3164723487978763
Density,Even coverage,Uneven coverage,standardized early slope,0.9496741793048991,1.1430325109600838,0.1933583316551848,0.8789924474415554,0.13416971672494027,0.42775873860245656,1.276826250243499,0.6156844302102019,1.1295567376372329,0.5138723074270309,0.8490675116410424,0.3762770027895332,1.4411473496033862,False,False,-0.32051397577184615
Density,Even coverage,Uneven coverage,middle buffer width,0.6759433272204599,0.7668775834764515,0.09093425625599161,0.7417937466786796,0.10519267165477933,0.4626475584321665,1.0496410872001782,0.5365681331398965,0.9570431945142833,0.42047506137438684,0.5869935287680117,0.21626551633944502,0.8644542896906269,False,False,-0.32954080511839523
Density,Even coverage,Uneven coverage,standardized middle slope,0.8783715043695595,0.8952993820927295,0.01692787772317006,0.8741074555847234,0.13486451846536598,0.46550517749137693,1.2654855102118683,0.6334751249141971,1.1498257156967173,0.5163505907825202,0.7999803327204913,0.03278369004578102,0.12551765220232658,False,False,-0.49942271305935015
Direction,Positive direction,Negative direction,spearman rho,0.9879831682047799,-0.9866806588680721,1.974663827072852,-0.9856197228309515,0.0016800180683059708,-0.9901560747759705,-0.9805693591365989,-0.9887820097328106,-0.9820894163400106,0.006692593392800039,0.009586715639371524,295.05211375865383,1175.3824939894748,True,True,1.9679712336800521
Direction,Positive direction,Negative direction,pearson r,0.9872108479566687,-0.9864392812740554,1.973650129230724,-0.9849186649088089,0.001659656915299504,-0.9890253179379171,-0.979198423031358,-0.9881056365038481,-0.9814979610644687,0.006607675439379346,0.009826894906559192,298.69053759337,1189.1916401737503,True,True,1.9670424537913447
Direction,Positive direction,Negative direction,standardized overall slope,0.9254974862548283,-0.9485871987167878,1.8740846849716162,-0.8936615023137555,0.03246283194505643,-0.9907037741028948,-0.7930518866420159,-0.9559672400408611,-0.8214983733502614,0.13446886669059965,0.19765188746087892,13.936941175266321,57.730166245000355,True,True,1.7396158182810164
Direction,Positive direction,Negative direction,standardized late slope,0.9582440753629673,-0.9101633718071022,1.8684074471700693,-0.8911581539988823,0.06283130020283746,-1.1132612965508215,-0.6891214082219511,-1.007487215220107,-0.7619617873409605,0.24552542787914655,0.4241398883288704,7.609832770924826,29.736889753010267,True,True,1.6228820192909228
Direction,Positive direction,Negative direction,standardized middle slope,0.8897718204130116,-0.9537885889852463,1.843560409398258,-0.893508236155928,0.0680793903483403,-1.064168591034606,-0.7173232513806125,-1.0239732349065067,-0.7589686102263431,0.2650046246801636,0.34684533965399345,6.956710327690572,27.079566958008193,True,True,1.5785557847180944
Direction,Positive direction,Negative direction,standardized early slope,0.9553189835449498,-0.8335229893736369,1.7888419729185867,-0.8901701600057067,0.0613454518153046,-1.086011957517429,-0.696137329277978,-1.001790867490184,-0.7680824353045893,0.23370843218559478,0.38987462823945096,7.654161025298455,29.160140156833965,True,True,1.5551335407329918
Direction,Positive direction,Negative direction,raw overall slope,0.674708629641541,-0.6755160934013397,1.3502247230428805,-0.6804246495934321,0.009124433180000812,-0.7112083825692449,-0.6540853096623385,-0.6987736949635563,-0.6627783910967494,0.03599530386680694,0.057123072906906436,37.51113556476988,147.97902471381354,True,True,1.3142294191760735
Direction,Positive direction,Negative direction,raw late slope,0.6985816347990113,-0.6481533865435287,1.34673502134254,-0.6788783523319392,0.047518665888009314,-0.8425803601998875,-0.536799199084124,-0.7701065838812642,-0.5873716068910311,0.1827349769902331,0.3057811611157635,7.369880925502953,28.34117911720182,True,True,1.1640000443523069
Direction,Positive direction,Negative direction,raw middle slope,0.6486638100702786,-0.6792201522787508,1.3278839623490293,-0.6802522794904894,0.04560322167410857,-0.8197028419354249,-0.5417117143204173,-0.7651732884438642,-0.5916858149038655,0.17348747353999872,0.27799112761500755,7.654062482170372,29.118205109244318,True,True,1.1543964888090306
Direction,Positive direction,Negative direction,raw early slope,0.6964491766114729,-0.5935755767140511,1.290024753325524,-0.6781780332598546,0.04701160929438427,-0.8297844431499497,-0.521209746804295,-0.7682129052760992,-0.5856535208433454,0.18255938443275377,0.3085746963456547,7.066329443067924,27.440557187639666,True,True,1.1074653688927703
Direction,Positive direction,Negative direction,first derivative sign changes,0.0,0.0,0.0,0.0,0.0,0.0,0.0,0.0,0.0,0.0,0.0,,,False,False,0.0
Direction,Positive direction,Negative direction,x bin count coefficient of variation,0.0,0.0,0.0,0.0,0.0,0.0,0.0,0.0,0.0,0.0,0.0,,,False,False,0.0
Direction,Positive direction,Negative direction,distance correlation,0.9855829112819402,0.983671649086705,0.001911262195235186,0.9827778194173634,0.0020452378305845067,0.9761573625658355,0.9881770560624412,0.9787073731284108,0.9864430895727178,0.007735716444306928,0.012019693496605699,0.24706983625825277,0.9344938601536469,False,False,-0.005824454249071742
Direction,Positive direction,Negative direction,residual sd,0.0314245860326553,0.031644232600835175,0.0002196465681798751,0.03413129589057448,0.0019214243465669784,0.028820957428886216,0.04026736537207273,0.030250741930886452,0.03793047264411029,0.00767973071322384,0.011446407943186517,0.028600816406448012,0.11431445040879132,False,False,-0.007460084145043965
Direction,Positive direction,Negative direction,r2,0.9749908438451121,0.9747920224193549,0.00019882142575722295,0.9710826895226905,0.003211676821784847,0.9593800584719451,0.9796005523762709,0.9643178333371712,0.9773361315317123,0.013018298194541034,0.020220493904325787,0.015272459025450408,0.06190580086035262,False,False,-0.01281947676878381
Direction,Positive direction,Negative direction,eta squared,0.9626985512437704,0.9640341333344852,0.0013355820907148264,0.9617567981106827,0.004056390569593917,0.9472924371400051,0.9734341591438727,0.9540343534211988,0.9696480427680372,0.015613689346838378,0.02614172200386755,0.08553917405723645,0.3292538200650956,False,False,-0.014278107256123551
Direction,Positive direction,Negative direction,amplitude,0.6154122790391247,0.6007582954160835,0.014653983623041156,0.6154987100064943,0.011528796025157257,0.5709784958371091,0.6498851511740789,0.5927641346247919,0.6379269854887692,0.04516285086397731,0.07890665533696972,0.3244698539331899,1.2710766667277618,False,False,-0.030508867240936155
Direction,Positive direction,Negative direction,MIC,1.0000000000000002,0.988888888888889,0.011111111111111183,0.992038972304159,0.012319505386610804,0.9392537092986305,1.0000000000000002,0.9577242195864623,1.0000000000000002,0.04227578041353797,0.06074629070136972,0.262824506192985,0.9019121111134105,False,False,-0.031164669302426784
Direction,Positive direction,Negative direction,MEV,1.0000000000000002,0.988888888888889,0.011111111111111183,0.992038972304159,0.012319505386610804,0.9392537092986305,1.0000000000000002,0.9577242195864623,1.0000000000000002,0.04227578041353797,0.06074629070136972,0.262824506192985,0.9019121111134105,False,False,-0.031164669302426784
Direction,Positive direction,Negative direction,MIC-r2,0.025414741676675345,0.01582643324841393,0.009588308428261416,0.02197144411179329,0.012044621447437582,-0.027977638347681855,0.038419327004269754,-0.010698332962248938,0.035028452626848505,0.04572678558909744,0.06639696535195161,0.20968691117766955,0.7960655691924023,False,False,-0.03613847716083603
Direction,Positive direction,Negative direction,curve amplitude,0.6882014634070389,0.6632921775166101,0.024909285890428845,0.6799346445639847,0.016765534170967124,0.6091760487982563,0.7269407063242062,0.6467350331911542,0.7134795652762481,0.0667445320850939,0.11776465752594989,0.3732033937802053,1.48574364743858,False,False,-0.041835246194665054
Direction,Positive direction,Negative direction,MAS,0.033165728336232214,0.021953694973102733,0.011212033363129481,0.04606712930925403,0.019251003980249447,0.008304587597216528,0.11212153898169774,0.016794278195280093,0.0917343724230484,0.0749400942277683,0.10381695138448122,0.14961328083004963,0.5824129159514204,False,False,-0.06372806086463882
Direction,Positive direction,Negative direction,buffer width mean,0.6796880252879995,0.7302462136932837,0.050558188405284143,0.7275428889239808,0.04474732185336954,0.5952835309749185,0.8697866229930138,0.6420555809857822,0.8204047192294983,0.17834913824371612,0.2745030920180953,0.2834787367247932,1.1298595382078054,False,False,-0.12779094983843198
Direction,Positive direction,Negative direction,middle buffer width,0.6254470414082856,0.8187641991389505,0.19331715773066493,0.7266838649777485,0.08546137135771037,0.49510758435495644,1.0342505303450522,0.5680612227342497,0.8996527976805301,0.33159157494628033,0.5391429459900958,0.5829977971001928,2.2620413721365327,False,False,-0.1382744172156154
Direction,Positive direction,Negative direction,late buffer width,0.7180193843190091,0.6878101517800714,0.030209232538937703,0.7280187635598802,0.06827714520183707,0.4855252434533964,0.9849108913467326,0.6067680659525027,0.8624518788426498,0.2556838128901472,0.49938564789333617,0.11815074328509366,0.4424501412534877,False,False,-0.22547458035120949
Direction,Positive direction,Negative direction,early buffer width,0.6828205304597003,0.6983096441318999,0.015489113672199628,0.7277674133556802,0.08253112327013822,0.5193725115856738,0.9741243863342722,0.5764121951095519,0.8890367407484036,0.31262454563885167,0.45475187474859846,0.04954541762083158,0.18767603127732987,False,False,-0.29713543196665204
Direction,Positive direction,Negative direction,MCN,4.0,4.459431618637297,0.4594316186372973,4.222725808828094,0.3251666255648772,2.0,4.459431618637297,3.5849625007211565,4.459431618637297,0.8744691179161408,2.4594316186372973,0.5253834689235481,1.4129113584125552,False,False,-0.4150374992788435
Heteroscedasticity,Constant variance,Changing variance,late buffer width,0.7643878576034798,2.773305116183274,2.008917258579794,2.8255734639927415,0.2629604740217281,1.8096520949039676,3.5860008850342355,2.3221043708468385,3.3578767859998417,1.0357724151530032,1.776348790130268,1.9395353932871815,7.639616813338264,True,True,0.9731448434267906
Heteroscedasticity,Constant variance,Changing variance,buffer width mean,0.7259713929640897,1.8876064496402538,1.1616350566761642,1.9395598595522856,0.12909439894328378,1.5602552043825537,2.3274518955043253,1.6982879357526734,2.197525692172686,0.49923775642001256,0.7671966911217716,2.3268173164749015,8.998338163273186,True,True,0.6623973002561516
Heteroscedasticity,Constant variance,Changing variance,MCN,4.0,4.459431618637297,0.4594316186372973,4.4569627413050235,0.04912193549853129,3.0,4.459431618637297,4.459431618637297,4.459431618637297,0.0,1.4594316186372973,,9.35288102910835,True,False,0.4594316186372973
Heteroscedasticity,Constant variance,Changing variance,middle buffer width,0.6759433272204599,1.750735206708119,1.074791879487659,1.7797203492977614,0.21797985265647798,1.2376614377858415,2.664242687367561,1.395367477159564,2.2117470159927026,0.8163795388331385,1.4265812495817194,1.3165345631075864,4.930693669113818,True,False,0.25841234065452046
Heteroscedasticity,Constant variance,Changing variance,standardized overall slope,0.9172341403198011,0.5861952148369912,0.3310389254828099,0.6112996612449926,0.05550959439228927,0.39676961403266586,0.7971303351696245,0.49825918324548274,0.7133915884128745,0.2151324051673918,0.40036072113695864,1.5387683005042068,5.963634379010952,True,False,0.1159065203154181
Heteroscedasticity,Constant variance,Changing variance,r2,0.9700263953098166,0.7043764558136523,0.26564993949616433,0.67849974959105,0.03996369314453358,0.5559552501083116,0.8019591899046548,0.5967639957020427,0.7531262315860271,0.15636223588398435,0.24600393979634316,1.698939248305888,6.647282035106437,True,True,0.10928770361217999
Heteroscedasticity,Constant variance,Changing variance,eta squared,0.9575818364240949,0.7096902969264561,0.24789153949763876,0.6802810964102362,0.03848526980609381,0.5737713070952152,0.8082892240263141,0.6046490338699091,0.7538305434518353,0.14918150958192622,0.2345179169310989,1.6616773767227755,6.441205706667211,True,True,0.09871002991571254
Heteroscedasticity,Constant variance,Changing variance,MEV,1.0000000000000002,0.7352068976275208,0.26479310237247944,0.7135207119790009,0.051875223538561756,0.5755657129187856,0.8985296527417201,0.6187410018028805,0.8262201951018076,0.20747919329892706,0.3229639398229346,1.2762393094086162,5.104423351075179,True,False,0.05731390907355238
Heteroscedasticity,Constant variance,Changing variance,MIC,1.0000000000000002,0.7352068976275208,0.26479310237247944,0.7135207119790009,0.051875223538561756,0.5755657129187856,0.8985296527417201,0.6187410018028805,0.8262201951018076,0.20747919329892706,0.3229639398229346,1.2762393094086162,5.104423351075179,True,False,0.05731390907355238
Heteroscedasticity,Constant variance,Changing variance,distance correlation,0.9827607508094028,0.8351138815163432,0.1476468692930596,0.8182295922433086,0.023742866254132897,0.7350172186816887,0.8949204753868192,0.7687366873843982,0.8619663449632388,0.09322965757884061,0.1599032567051305,1.5836899236511783,6.218578149441365,True,False,0.05441721171421898
Heteroscedasticity,Constant variance,Changing variance,pearson r,0.9846523746667344,0.8360441517125918,0.14860822295414255,0.819879526271949,0.023666349207636987,0.7397523902956923,0.8910869789180478,0.7695592273796833,0.8647842890293869,0.09522506164970357,0.1513345886223555,1.5605999132960935,6.2793049173037465,True,False,0.053383161304438986
Heteroscedasticity,Constant variance,Changing variance,residual sd,0.031424586032655306,0.11708008031060849,0.08565549427795319,0.1241134247403516,0.008686218299853483,0.09772400602957088,0.14837292017058787,0.10645786971207356,0.14124933741725215,0.03479146770517859,0.05064891414101699,2.46196840569631,9.86108008353854,True,True,0.0508640265727746
Heteroscedasticity,Constant variance,Changing variance,spearman rho,0.9862464890891693,0.8592240501250038,0.12702243896416554,0.8451345535356029,0.02334641600232761,0.7662726215829706,0.9203596818831856,0.7947389322715721,0.886773151434715,0.09203421916314292,0.15408706030021502,1.380165335449865,5.440768251174037,True,False,0.034988219801022624
Heteroscedasticity,Constant variance,Changing variance,x bin count coefficient of variation,0.0,0.0,0.0,0.0,0.0,0.0,0.0,0.0,0.0,0.0,0.0,,,False,False,0.0
Heteroscedasticity,Constant variance,Changing variance,MAS,0.03356579988870212,0.07933802505190712,0.045772225163205005,0.0608207323846748,0.026353979485095966,0.013357386403150817,0.1703925333291051,0.022860729322673846,0.12458215576917415,0.10172142644650031,0.15703514692595427,0.4499762416060749,1.7368240416628802,False,False,-0.05594920128329531
Heteroscedasticity,Constant variance,Changing variance,standardized early slope,0.9496741793048991,0.6775504308583992,0.2721237484464999,0.617875562625255,0.10108285619077022,0.36812687785331066,0.9109727712892708,0.43465788390355636,0.8264025106953684,0.39174462679181205,0.5428458934359601,0.6946457713410241,2.6920860638616113,False,False,-0.11962087834531215
Heteroscedasticity,Constant variance,Changing variance,raw overall slope,0.6147086296415408,0.6192665409059883,0.0045579112644474895,0.6190103040044225,0.03520428884606974,0.5117811617642146,0.728716340499545,0.5514912240865835,0.6897216321701711,0.13823040808358766,0.21693517873533041,0.03297328950726478,0.129470340513819,False,False,-0.13367249681914017
Heteroscedasticity,Constant variance,Changing variance,MIC-r2,0.030459701063161204,0.03623707401469356,0.005777372951532356,0.04075873839035219,0.04143040370759286,-0.07497364411084062,0.17339514052462301,-0.03264848722093608,0.12503664582448176,0.15768513304541784,0.24836878463546364,0.03663866618210803,0.1394476624535896,False,False,-0.15190776009388549
Heteroscedasticity,Constant variance,Changing variance,amplitude,0.5611106030614711,0.5726444190718613,0.011533816010390163,0.5659223429859919,0.04262259693265475,0.4425073787249366,0.7269380292734988,0.4891964912061552,0.6529847266493481,0.16378823544319293,0.2844306505485622,0.07041907484491133,0.2706033146833829,False,False,-0.15225441943280277
Heteroscedasticity,Constant variance,Changing variance,curve amplitude,0.628201463407033,0.5823529542753709,0.04584850913166205,0.6269074758275037,0.07291316755529109,0.4645931054158746,0.9046844804287376,0.5097130461657813,0.7734055369525892,0.2636924907868079,0.440091375012863,0.1738711216040278,0.6288097290094341,False,False,-0.21784398165514585
Heteroscedasticity,Constant variance,Changing variance,raw early slope,0.6364491766114727,0.7157757364561922,0.07932655984471948,0.6241785382981844,0.08069449689285109,0.38413020804849163,0.8921727138792629,0.4615063727660988,0.7864560215715503,0.32494964880545146,0.5080425058307713,0.24411954324718343,0.9830479512134761,False,False,-0.24562308896073198
Heteroscedasticity,Constant variance,Changing variance,standardized middle slope,0.8783715043695595,0.5256746022059771,0.3526969021635824,0.6121284403240058,0.16362614574422737,0.13497278680273792,1.1967818209822105,0.3100262815468641,0.958598655745764,0.6485723741988998,1.0618090341794726,0.5438050034111069,2.155504553134812,False,False,-0.2958754720353174
Heteroscedasticity,Constant variance,Changing variance,early buffer width,0.7247775058551992,0.8435461371816958,0.11876863132649662,0.9180478972195354,0.11849174411726593,0.5946755843534162,1.3182829533001634,0.7000810724354605,1.1675875488342147,0.4675064763987542,0.7236073689467473,0.25404702891258835,1.0023367637238647,False,False,-0.3487378450722576
Heteroscedasticity,Constant variance,Changing variance,raw middle slope,0.5886638100702787,0.5553315419689168,0.03333226810136192,0.6187112169857425,0.1533611805454766,0.1407577667450135,1.075301919796039,0.32444653324982714,0.9154136341001564,0.5909671008503292,0.9345441530510255,0.05640291659789668,0.21734488468858526,False,False,-0.5576348327489673
Heteroscedasticity,Constant variance,Changing variance,standardized late slope,0.9528561151979335,0.7197226510121674,0.23313346418576608,0.6120618950864481,0.22744821253775188,-0.26013660560384794,1.277504996553456,0.15993822439234057,1.0584553377843458,0.8985171133920051,1.5376416021573038,0.2594646898884992,1.024995807109588,False,False,-0.665383649206239
Heteroscedasticity,Constant variance,Changing variance,raw late slope,0.6385816347990111,0.7603271832028392,0.12174554840382812,0.625174300704068,0.24018054231358923,-0.24091412012159366,1.3734340063797463,0.17443684113749675,1.0912581242685333,0.9168212831310365,1.61434812650134,0.13279092735288045,0.5068918041032329,False,False,-0.7950757347272084
Heteroscedasticity,Constant variance,Changing variance,first derivative sign changes,0.0,0.0,0.0,0.853,1.1129373880095994,0.0,6.0,0.0,4.0,4.0,6.0,0.0,0.0,False,False,-4.0
Monotonicity,Monotonic,Non-monotonic,standardized middle slope,0.892981486407071,-1.831976592566289,2.72495807897336,-1.9307266630521485,0.08337211637021254,-2.1892583326406574,-1.6501057338933607,-2.078771360493499,-1.7765351483808347,0.3022362121126645,0.5391525987472967,9.015988057571269,32.68428579734293,True,True,2.4227218668606953
Monotonicity,Monotonic,Non-monotonic,first derivative sign changes,0.0,2.0,2.0,2.0,0.0,2.0,2.0,2.0,2.0,0.0,0.0,,,True,True,2.0
Monotonicity,Monotonic,Non-monotonic,raw middle slope,0.6686638100702786,-1.39408480494612,2.0627486150163987,-1.3951169321578596,0.04560322167410857,-1.5345674946027945,-1.2565763669877883,-1.4800379411112337,-1.3065504675712372,0.1734874735399965,0.2779911276150062,11.889899443032954,45.232519530249185,True,True,1.8892611414764022
Monotonicity,Monotonic,Non-monotonic,standardized late slope,0.9596453205388839,2.535696151745098,1.576050831206214,2.628268916352965,0.10868608907667045,2.2852147707746515,2.9784785716060944,2.401453498992441,2.823797712227301,0.4223442132348598,0.6932638008314429,3.731673790756531,14.50094344727429,True,True,1.1537066179713542
Monotonicity,Monotonic,Non-monotonic,pearson r,0.9879235304918488,-0.21285121610459953,1.2007747465964482,-0.22418853060929436,0.012255268966089696,-0.2678103304045736,-0.18716994148483043,-0.24823258399612202,-0.20046074008375342,0.047771843912368606,0.08064038891974315,25.13561646896271,97.98028504466035,True,True,1.1530029026840796
Monotonicity,Monotonic,Non-monotonic,spearman rho,0.9885675483811227,-0.20173050608557877,1.1902980544667014,-0.2063862608928259,0.016721971191620284,-0.25655935882794734,-0.1566900212969536,-0.2404958486373036,-0.17346553905984752,0.0670303095774561,0.09986933753099372,17.75760938551636,71.1816831177884,True,True,1.1232677448892454
Monotonicity,Monotonic,Non-monotonic,standardized overall slope,0.9277636016399945,-0.208314902262868,1.1360785039028625,-0.22621237900545457,0.014722856335087284,-0.27538669566898316,-0.17830809185472135,-0.2559675146387144,-0.19851429972308873,0.05745321491562569,0.09707860381426181,19.77397619212916,77.16427288605524,True,True,1.0786252889872368
Monotonicity,Monotonic,Non-monotonic,raw late slope,0.7185816347990112,1.9295964203103115,1.2110147855113005,1.898871454521901,0.047518665888009244,1.7351694466539527,2.040950607769716,1.8076432229725765,1.990378199962809,0.18273497699023245,0.30578116111576326,6.6271646811000595,25.485033362792393,True,True,1.028279808521068
Monotonicity,Monotonic,Non-monotonic,MIC-r2,0.024007097900521357,0.9546943598027933,0.9306872619022719,0.9387590658585573,0.01627756366127853,0.8693631528148955,0.9636336017270435,0.8968586712383199,0.958815764332205,0.061957093093885085,0.09427044891214797,15.021480437953713,57.17607875902299,True,True,0.8687301688083868
Monotonicity,Monotonic,Non-monotonic,raw overall slope,0.6947086296415408,-0.158522025372435,0.8532306550139758,-0.16343058156452722,0.009124433180000818,-0.1942143145403397,-0.13709124163343323,-0.18177962693465155,-0.14578432306784445,0.035995303866807105,0.057123072906906464,23.70394366362825,93.51053793501498,True,True,0.8172353511471686
Monotonicity,Monotonic,Non-monotonic,MAS,0.03586843865969658,0.6266878015037347,0.5908193628440381,0.6077535472724391,0.0277904714051545,0.5140072237344602,0.6908078953174179,0.5495926479395732,0.6555848122474748,0.10599216430790159,0.17680067158295776,5.574179626408414,21.259781967370824,True,True,0.48482719853613654
Monotonicity,Monotonic,Non-monotonic,distance correlation,0.9863672898446196,0.49443996085469477,0.49192732898992486,0.5022834679788278,0.005253153154572326,0.4856969326945263,0.5209226131303287,0.49270643434162953,0.5130780053128332,0.02037157097120368,0.03522568043580243,24.147736553321824,93.64420082855437,True,True,0.4715557580187212
Monotonicity,Monotonic,Non-monotonic,middle buffer width,0.6106087397418757,1.1218368216614965,0.5112280819196208,1.0301717237936554,0.09302105228920551,0.7752784268798755,1.3808531930384014,0.8567424674926928,1.2162239678523483,0.35948150035965554,0.6055747661585259,1.4221262607620841,5.495832065307065,True,False,0.15174658155996523
Monotonicity,Monotonic,Non-monotonic,buffer width mean,0.6660008256221662,0.9773386791083002,0.31133785348613396,0.9632027121785418,0.04899714709932562,0.8229158710307592,1.1085725267092879,0.8717558994278712,1.0618606171532559,0.19010471772538462,0.2856566556785286,1.637717660094456,6.354203702003276,True,True,0.12123313576074934
Monotonicity,Monotonic,Non-monotonic,curve amplitude,0.7082014634070333,0.6114867611479328,0.0967147022591005,0.6157244327762914,0.013799983401011136,0.5736279912925444,0.6615750885635155,0.5905473911361686,0.6426730342134341,0.05212564307726553,0.08794709727097116,1.8554150423763767,7.008320187690526,True,True,0.04458905918183498
Monotonicity,Monotonic,Non-monotonic,amplitude,0.6335128376983427,0.5555962947227653,0.07791654297557737,0.552910473678367,0.009237476163419895,0.5281409748890358,0.5839153363174492,0.535267849400503,0.572268121707081,0.037000272306577986,0.05577436142841341,2.105837014656922,8.434830206558404,True,True,0.04091627066899939
Monotonicity,Monotonic,Non-monotonic,eta squared,0.964131250181406,0.9177128185511463,0.046418431630259716,0.9232115667988487,0.006147612480102123,0.9040374246672126,0.9423707490470419,0.9105534147180024,0.9346832791648509,0.024129864446848504,0.03833332437982928,1.9236921837048373,7.550643730472845,True,True,0.022288567183411212
Monotonicity,Monotonic,Non-monotonic,x bin count coefficient of variation,0.0,0.0,0.0,0.0,0.0,0.0,0.0,0.0,0.0,0.0,0.0,,,False,False,0.0
Monotonicity,Monotonic,Non-monotonic,residual sd,0.031424586032655306,0.03661992914936821,0.005195343116712901,0.03823823913093307,0.0018444267717097483,0.03274111500054826,0.044280808896715596,0.03460832061567995,0.041968419293099496,0.0073600986774195465,0.011539693896167338,0.7058795465136876,2.8167792814549735,False,False,-0.002164755560706645
Monotonicity,Monotonic,Non-monotonic,r2,0.9763760234962041,0.9714617370402178,0.00491428645598635,0.9674386362481623,0.0030561905265456915,0.9572146624802094,0.976478173598855,0.9612686395138411,0.9729635327431885,0.011694893229347358,0.01926351111864566,0.4202078941306072,1.6079777792979422,False,False,-0.006780606773361009
Monotonicity,Monotonic,Non-monotonic,late buffer width,0.7042653414925757,0.9561167481191302,0.2518514066265545,0.963406405834254,0.07582421578045671,0.7498414300179124,1.1908979339944337,0.8322455388018785,1.1154134989811204,0.28316796017924195,0.4410565039765213,0.8894064373212829,3.321516800856486,False,False,-0.031316553552687476
Monotonicity,Monotonic,Non-monotonic,MIC,1.0000000000000002,1.0000000000000002,0.0,0.9891696045411255,0.015248128258296752,0.9194987500240386,1.0000000000000002,0.9504009986804095,1.0000000000000002,0.04959900131959072,0.08050124997596164,0.0,0.0,False,False,-0.04959900131959072
Monotonicity,Monotonic,Non-monotonic,MEV,1.0000000000000002,1.0000000000000002,0.0,0.9891331785418845,0.015326062176235255,0.9194987500240386,1.0000000000000002,0.9477227248099054,1.0000000000000002,0.05227727519009484,0.08050124997596164,0.0,0.0,False,False,-0.05227727519009484
Monotonicity,Monotonic,Non-monotonic,raw early slope,0.7164491766114727,0.6247927629084904,0.09165641370298228,0.5401903063626883,0.04701160929438427,0.3885838964725939,0.6971585928182475,0.45015543434644284,0.632714818779198,0.18255938443275516,0.30857469634565365,0.5020635558548537,1.9496548847973816,False,False,-0.09090297072977288
Monotonicity,Monotonic,Non-monotonic,standardized early slope,0.9567974833248308,0.8210445396092034,0.1357529437156274,0.7476584039551651,0.06916579479850607,0.5319614170404626,0.9426527049126188,0.6146858518072936,0.880004170184822,0.2653183183775284,0.41069128787215614,0.5116606518003818,1.9627179028463875,False,False,-0.129565374661901
Monotonicity,Monotonic,Non-monotonic,early buffer width,0.6703735570085777,0.861136444540664,0.19076288753208626,0.8959621090224791,0.0886360311411188,0.6118507667654998,1.2120643118367689,0.7336479658442693,1.0790213961916042,0.3453734303473349,0.6002135450712691,0.5523380514252065,2.1522047532607784,False,False,-0.15461054281524866
Monotonicity,Monotonic,Non-monotonic,MCN,4.0,4.0,0.0,4.256902367363686,0.2925177196008111,3.0,4.459431618637297,3.5849625007211565,4.459431618637297,0.8744691179161408,1.4594316186372973,0.0,0.0,False,False,-0.8744691179161408
Non-linearity,Linear,Non-linear,standardized late slope,0.9634375606275788,1.5598188713617702,0.5963813107341914,1.4852913098574485,0.06402763624887059,1.2581756807473954,1.696588445155499,1.3579898374588466,1.610857095498334,0.2528672580394873,0.4384127644081035,2.3584758080504895,9.31443585416932,True,True,0.34351405269470414
Non-linearity,Linear,Non-linear,standardized early slope,0.9607988003197111,0.40384825482575765,0.5569505454939534,0.29486204901417706,0.05478854158605343,0.112826496616924,0.4656372468407941,0.1875812962036671,0.40112242559596,0.21354112939229292,0.3528107502238701,2.608165214256166,10.1654566697889,True,True,0.3434094161016605
Non-linearity,Linear,Non-linear,raw late slope,0.7785816347990111,1.3013438201603815,0.5227621853613704,1.2706188543719708,0.04751866588800929,1.1069168465040227,1.4126980076197861,1.179390622822646,1.362125599812879,0.1827349769902329,0.3057811611157635,2.860766964111703,11.001196594900248,True,True,0.34002720837113753
Non-linearity,Linear,Non-linear,raw early slope,0.7764491766114726,0.33692721658203645,0.43952196002943617,0.2523247600362336,0.04701160929438425,0.1007183501461384,0.409293046491792,0.16228988801998773,0.34484927245274355,0.18255938443275582,0.3085746963456536,2.407556102334089,9.349221748125501,True,True,0.25696257559668034
Non-linearity,Linear,Non-linear,pearson r,0.9897391087114306,0.9576225601828052,0.03211654852862533,0.95676548976499,0.0030799715551044636,0.9453821493903992,0.9648916954113562,0.9506674161309283,0.9630396488137966,0.012372232682868245,0.019509546020957003,2.5958571384691886,10.427547123088944,True,True,0.019744315845757088
Non-linearity,Linear,Non-linear,MIC-r2,0.020416496687103214,0.08295903222892975,0.06254253554182654,0.07972982488434437,0.010726018101654043,0.02414019929584621,0.10265308579511712,0.05239650696440834,0.09560813912749186,0.04321163216308352,0.0785128864992709,1.44735415931032,5.830918328599683,True,False,0.01933090337874302
Non-linearity,Linear,Non-linear,distance correlation,0.9883603524983051,0.9660331772954773,0.022327175202827787,0.9671861708014607,0.0026912446570607753,0.9568553411386421,0.974524702284318,0.961706404784596,0.9723217867822637,0.01061538199766765,0.017669361145675855,2.103285139219049,8.29622648548507,True,True,0.011711793205160137
Non-linearity,Linear,Non-linear,x bin count coefficient of variation,0.0,0.0,0.0,0.0,0.0,0.0,0.0,0.0,0.0,0.0,0.0,,,False,False,0.0
Non-linearity,Linear,Non-linear,spearman rho,0.9899194419580852,0.9821599432081237,0.007759498749961513,0.9747886786629216,0.003851908394359909,0.957669475395331,0.9848287498585347,0.9669538154469789,0.9818663641881951,0.01491254874121617,0.027159274463203764,0.5203335046621078,2.014455681584543,False,False,-0.007153049991254656
Non-linearity,Linear,Non-linear,residual sd,0.031424586032655355,0.03167106452579945,0.00024647849314409637,0.03415308290005901,0.001920843596931868,0.028888837875516448,0.04021053337312741,0.030318964196372523,0.03795994030906887,0.0076409761126963495,0.011321695497610963,0.03225746154794861,0.12831783573519073,False,False,-0.007394497619552253
Non-linearity,Linear,Non-linear,r2,0.9799093234832227,0.9813951697202367,0.0014858462370139769,0.9780121005853205,0.002467322277179147,0.9699055954584401,0.9848952268513573,0.9730893790970915,0.9827118024164861,0.009622423319394668,0.014989631392917202,0.1544149729953316,0.6022100358582758,False,False,-0.008136577082380692
Non-linearity,Linear,Non-linear,eta squared,0.9677978547290603,0.9689574932165018,0.0011596384874414944,0.9660933752136243,0.0034498203502787263,0.9532589440000055,0.9761100581636478,0.9593102565265177,0.9724385416359622,0.013128285109444526,0.022851114163642272,0.08833129976795272,0.3361446016595624,False,False,-0.011968646622003032
Non-linearity,Linear,Non-linear,raw overall slope,0.7547086296415411,0.7644839065986608,0.009775276957119772,0.7595753504065689,0.009124433180000838,0.7287916174307565,0.785914690337663,0.7412263050364446,0.7772216089032515,0.03599530386680694,0.05712307290690655,0.27157089695064474,1.0713297762479612,False,False,-0.026220026909687166
Non-linearity,Linear,Non-linear,amplitude,0.6878145136759963,0.7024819280476039,0.014667414371607568,0.6882236950188121,0.011330496066101753,0.6533550722896083,0.7322617276265783,0.6656804284805692,0.7105025942811568,0.04482216580058762,0.07890665533696994,0.32723573503481346,1.2945076972833616,False,False,-0.030154751428980053
Non-linearity,Linear,Non-linear,MIC,1.0000000000000002,1.0000000000000002,0.0,0.9951395040281411,0.009274527559680506,0.9418644808516103,1.0000000000000002,0.9693901388648505,1.0000000000000002,0.03060986113514974,0.05813551914838988,0.0,0.0,False,False,-0.03060986113514974
Non-linearity,Linear,Non-linear,MEV,1.0000000000000002,1.0000000000000002,0.0,0.9951395040281411,0.009274527559680506,0.9418644808516103,1.0000000000000002,0.9693901388648505,1.0000000000000002,0.03060986113514974,0.05813551914838988,0.0,0.0,False,False,-0.03060986113514974
Non-linearity,Linear,Non-linear,curve amplitude,0.7682014634070332,0.7772148564690655,0.009013393062032304,0.7604126703806936,0.016391265895444495,0.7147725719949639,0.8306200168004367,0.7270785002044852,0.7929118381850448,0.06583333798055968,0.11584744480547282,0.13691229001169472,0.5498899913848223,False,False,-0.056819944918527376
Non-linearity,Linear,Non-linear,MAS,0.02743770497007103,0.03056177417263639,0.0031240692025653605,0.043560143270445606,0.01690731244395909,0.007561057771943935,0.12287506561021677,0.01797267562546104,0.08263870201824318,0.06466602639278214,0.11531400783827284,0.0483108268256616,0.18477621519803267,False,False,-0.06154195719021678
Non-linearity,Linear,Non-linear,standardized overall slope,0.933896471002854,0.9163269582499719,0.0175695127528821,0.8881063657054203,0.028848686042623188,0.7954809646316404,0.968719814752649,0.8295344259965854,0.9392754622132677,0.1097410362166823,0.1732388501210086,0.1600997526412209,0.6090229803507723,False,False,-0.0921715234638002
Non-linearity,Linear,Non-linear,early buffer width,0.6368369728599427,0.5127083595814598,0.1241286132784829,0.5624505537500443,0.06650991059788154,0.3886714740699268,0.755435608130313,0.4407855987888669,0.6960172862745125,0.2552316874856456,0.36676413406038616,0.48633700032040095,1.8663175482066672,False,False,-0.13110307420716272
Non-linearity,Linear,Non-linear,raw middle slope,0.7286638100702786,0.7607798477212496,0.03211603765097104,0.7597477205095106,0.045603221674108615,0.6202971580645753,0.8982882856795826,0.6748267115561364,0.848314185096134,0.1734874735399976,0.2779911276150073,0.1851202106736927,0.7042493155523052,False,False,-0.14137143588902656
Non-linearity,Linear,Non-linear,buffer width mean,0.629148286041125,0.6302899466582754,0.0011416606171503751,0.6710049447879599,0.04134706263092206,0.5389872367801631,0.7819016881167775,0.5914593782475134,0.7525998495609824,0.16114047131346898,0.24291445133661438,0.007084878229811588,0.027611649885294777,False,False,-0.1599988106963186
Non-linearity,Linear,Non-linear,late buffer width,0.6672107684857058,0.7588113851666748,0.09160061668096897,0.779125908441594,0.06829103364800995,0.5837682864488127,0.9788866266725156,0.6510782849675668,0.914131937349341,0.26305365238177414,0.39511834022370285,0.34822028073583816,1.3413271375141689,False,False,-0.17145303570080517
Non-linearity,Linear,Non-linear,standardized middle slope,0.9016679206322816,0.9118871931025032,0.010219272470221585,0.888414847242675,0.06130035163435639,0.701950222266652,1.0798330185618752,0.77394703282316,1.0116004918267711,0.23765345900361112,0.37788279629522314,0.04300073103529414,0.16670821941083439,False,False,-0.22743418653338954
Non-linearity,Linear,Non-linear,middle buffer width,0.5707096226295332,0.5765096157238918,0.005799993094358635,0.6353980509543633,0.07198810461255192,0.454000676880623,0.8834649596864841,0.5037133384269449,0.7833600252462077,0.27964668681926286,0.4294642828058611,0.020740432008433562,0.08056877070975615,False,False,-0.2738466937249042
Non-linearity,Linear,Non-linear,MCN,4.0,3.5849625007211565,0.4150374992788435,4.132119029523707,0.3520797869576812,2.0,4.459431618637297,3.0,4.459431618637297,1.4594316186372973,2.4594316186372973,0.2843829707255301,1.1788166053643108,False,False,-1.0443941193584538
Non-linearity,Linear,Non-linear,first derivative sign changes,0.0,0.0,0.0,0.176,0.5170022159442755,0.0,4.0,0.0,2.0,2.0,4.0,0.0,0.0,False,False,-2.0
Saturation,No saturation,Saturation,standardized early slope,0.9607988003197111,2.1609903947020515,1.2001915943823405,2.05804471216459,0.08561164518089934,1.7578712029368304,2.335100479028581,1.8900185729310581,2.2213278126060407,0.3313092396749826,0.5772292760917506,3.6225720585388426,14.019022667375548,True,True,0.8688823547073579
Saturation,No saturation,Saturation,raw early slope,0.7764491766114726,1.8100145968368733,1.0335654202254005,1.7254121402910703,0.047011609294384284,1.5738057304009752,1.882380426746629,1.6353772682748247,1.8179366527075804,0.18255938443275577,0.30857469634565393,5.661529936885309,21.985323109304066,True,True,0.8510060357926448
Saturation,No saturation,Saturation,standardized late slope,0.9634375606275788,0.13877135841134694,0.8246662022162319,0.10196792421731708,0.05682875353864475,-0.09483701705360245,0.2661733174997189,-0.006733104565125182,0.21254750932539318,0.21928061389051837,0.3610103345533213,3.760780251317466,14.511425130157773,True,True,0.6053855883257135
Saturation,No saturation,Saturation,raw late slope,0.7785816347990111,0.1162329018042906,0.6623487329947205,0.0855079360158801,0.0475186658880093,-0.07819407185206809,0.2275870892636956,-0.005720295533444553,0.1770146814567878,0.18273497699023236,0.3057811611157637,3.624641236746508,13.938706413932707,True,True,0.4796137560044882
Saturation,No saturation,Saturation,standardized middle slope,0.9016679206322816,0.4562583836098241,0.4454095370224575,0.4546199887467238,0.05641641861151184,0.2974534910229885,0.6178253150836689,0.35144801738196324,0.5676304756725055,0.21618245829054222,0.3203718240606804,2.0603407905734956,7.895033892342311,True,True,0.22922707873191528
Saturation,No saturation,Saturation,raw middle slope,0.7286638100702786,0.38215548587703974,0.34650832419323885,0.3811233586653009,0.0456032216741086,0.24167279622036594,0.5196639238353729,0.2962023497119268,0.46968982325192443,0.1734874735399976,0.2779911276150069,1.997310336722099,7.598329930930521,True,True,0.17302085065324124
Saturation,No saturation,Saturation,standardized overall slope,0.933896471002854,0.7003322055674899,0.23356426543536413,0.6938485434597448,0.0252189782393391,0.6023627357190605,0.7702622057788915,0.6429229785777004,0.7385281961634025,0.09560521758570206,0.16789947005983097,2.443007519186841,9.261448390919623,True,True,0.13795904784966206
Saturation,No saturation,Saturation,raw overall slope,0.7547086296415411,0.5865882226130349,0.16812040702850617,0.581679666420943,0.009124433180000807,0.5508959334451304,0.6080190063520372,0.5633306210508184,0.5993259249176257,0.03599530386680727,0.05712307290690677,4.670620580134533,18.42529872397962,True,True,0.1321251031616989
Saturation,No saturation,Saturation,pearson r,0.9897391087114306,0.8640037218895908,0.1257353868218397,0.862891579849403,0.0065833092684007095,0.8388679340405136,0.8878065205899135,0.8496702691478085,0.8750831830931128,0.025412913945304316,0.048938586549399865,4.947696556658451,19.099115915054792,True,True,0.1003224728765354
Saturation,No saturation,Saturation,distance correlation,0.9883603524983051,0.9005900392452504,0.08777031325305473,0.8954091840112793,0.006326495682750428,0.8744885409484089,0.9162961662426925,0.8833553524862298,0.9068482505399164,0.023492898053686595,0.04180762529428361,3.7360360161815573,13.873448691724517,True,True,0.06427741519936814
Saturation,No saturation,Saturation,early buffer width,0.6368369728599427,1.0577582585951315,0.42092128573518883,1.1775480974827617,0.09823814843952323,0.8966765647157753,1.5242204034681233,0.9965064476320112,1.3811037928397267,0.3845973452077155,0.627543838752348,1.0944466751528286,4.284702963373885,True,False,0.03632394052747334
Saturation,No saturation,Saturation,amplitude,0.6878145136759963,0.6312995151941208,0.05651499848187558,0.6108353397315472,0.010581978145644945,0.5789551150872907,0.6529077811676824,0.5899537508725949,0.6312427898409249,0.041289038968329916,0.07395266608039175,1.3687651709506847,5.340683726996219,True,False,0.015225959513545662
Saturation,No saturation,Saturation,spearman rho,0.9899194419580852,0.9288311367634803,0.06108830519460495,0.9167560192187001,0.011728041970704085,0.8763521507865468,0.9593361935039147,0.8913364610018828,0.9374953959484346,0.046158934946551766,0.08298404271736792,1.3234340277855232,5.208738623821412,True,False,0.014929370248053186
Saturation,No saturation,Saturation,MIC-r2,0.020416496687103214,0.1638366491863923,0.14342015249928908,0.16315285782854325,0.033152705884292484,0.06752326558913047,0.2638590164960525,0.10207457338352012,0.23062995414993911,0.12855538076641898,0.196335750906922,1.1156293236755208,4.326046658147458,True,False,0.014864771732870097
Saturation,No saturation,Saturation,MCN,4.0,4.459431618637297,0.4594316186372973,4.417368183455396,0.166536292795798,2.584962500721156,4.459431618637297,4.0,4.459431618637297,0.4594316186372973,1.8744691179161412,1.0,2.7587477235405924,False,False,0.0
Saturation,No saturation,Saturation,x bin count coefficient of variation,0.0,0.0,0.0,0.0,0.0,0.0,0.0,0.0,0.0,0.0,0.0,,,False,False,0.0
Saturation,No saturation,Saturation,eta squared,0.9677978547290603,0.9479620420959143,0.019835812633146044,0.9414526934518967,0.005525295407936282,0.9226311431805011,0.9565573605609972,0.9303141524141706,0.9515790470181341,0.021264894603963524,0.03392621738049606,0.9327961883925295,3.5900003834464282,False,False,-0.0014290819708174807
Saturation,No saturation,Saturation,r2,0.9799093234832227,0.9733058588144234,0.0066034646687992415,0.9684435155364365,0.0034884856500704015,0.9567722089371604,0.9779874539461946,0.9619058298977864,0.9749700552695112,0.013064225371724802,0.021215245009034156,0.5054616313563657,1.8929315844157124,False,False,-0.006460760702925561
Saturation,No saturation,Saturation,residual sd,0.031424586032655355,0.032060297507649216,0.0006357114749938608,0.03464260425321051,0.0019218272592410822,0.028965287825621626,0.04110915380917115,0.030743469088441458,0.038322587926789824,0.007579118838348366,0.012143865983549523,0.08387669972626982,0.33078491937142124,False,False,-0.006943407363354505
Saturation,No saturation,Saturation,curve amplitude,0.7682014634070332,0.7444596911823305,0.02374177222470275,0.7245297121433858,0.015603137162956714,0.6734186925097806,0.7949905821190504,0.694698877366586,0.7569556447817678,0.062256767415181824,0.12157188960926979,0.3813524731596187,1.5216024813950817,False,False,-0.03851499519047907
Saturation,No saturation,Saturation,buffer width mean,0.629148286041125,0.761618848808919,0.1324705627677939,0.8252690775795306,0.04636343010117853,0.6955241545228243,0.9678310429509797,0.7372389136112393,0.9139843154238736,0.17674540181263432,0.2723068884281553,0.7494993443067014,2.8572209277593243,False,False,-0.04427483904484042
Saturation,No saturation,Saturation,MEV,1.0000000000000002,0.9103390806254578,0.08966091937454246,0.9077780330245043,0.034773477317495416,0.8049855675249729,1.0000000000000002,0.8438222983201975,0.9846950694324254,0.14087277111222785,0.19501443247502737,0.636467350408782,2.5784283393893364,False,False,-0.05121185173768539
Saturation,No saturation,Saturation,MIC,1.0000000000000002,0.9103390806254578,0.08966091937454246,0.9077780330245043,0.034773477317495416,0.8049855675249729,1.0000000000000002,0.8438222983201975,0.9846950694324254,0.14087277111222785,0.19501443247502737,0.636467350408782,2.5784283393893364,False,False,-0.05121185173768539
Saturation,No saturation,Saturation,MAS,0.02743770497007103,0.041889868107300665,0.014452163137229634,0.05340584928322576,0.02111100828918326,0.01314306115908126,0.16303346232398153,0.0247360090131296,0.10668459045625253,0.08194858144312293,0.14989040116490027,0.17635647722908143,0.684579482858455,False,False,-0.0674964183058933
Saturation,No saturation,Saturation,late buffer width,0.6672107684857058,0.6310521583109137,0.03615861017479216,0.6522855451339343,0.06608466469792577,0.41801198750630386,0.8663441538130762,0.5282924867461497,0.7805764814006059,0.25228399465445617,0.4483321663067723,0.14332502632328,0.5471558392567146,False,False,-0.216125384479664
Saturation,No saturation,Saturation,middle buffer width,0.5707096226295332,0.639568359686714,0.06885873705718082,0.703634767603761,0.08019964079931341,0.5073274102614592,1.0064645782632524,0.5605834025932358,0.868230061030486,0.30764665843725014,0.4991371680017932,0.22382410199727798,0.8585915893250524,False,False,-0.23878792138006932
Saturation,No saturation,Saturation,first derivative sign changes,0.0,1.0,1.0,1.218,1.135678548606852,0.0,7.0,0.0,4.0,4.0,7.0,0.25,0.8805308519974335,False,False,-3.0
Spread,Low spread,High spread,buffer width mean,0.7259713929640897,1.9558045917259186,1.229833198761829,2.0422728300429442,0.12883476117468406,1.6935627622366272,2.40892010285558,1.7956425128385705,2.278772504613448,0.4831299917748775,0.7153573406189526,2.5455534115027376,9.545818128186124,True,True,0.7467032069869515
Spread,Low spread,High spread,middle buffer width,0.6759433272204599,2.037580377622826,1.3616370504023663,2.035689862024603,0.23421396384440796,1.4435726228066017,2.988003774908103,1.619141926280745,2.4945523529071236,0.8754104266263787,1.5444311521015013,1.5554270419759428,5.813645899041798,True,False,0.4862266237759876
Spread,Low spread,High spread,MCN,4.0,4.459431618637297,0.4594316186372973,4.458004608496353,0.03710888113457344,3.3219280948873626,4.459431618637297,4.459431618637297,4.459431618637297,0.0,1.1375035237499347,,12.38063785785382,True,False,0.4594316186372973
Spread,Low spread,High spread,late buffer width,0.7643878576034798,1.950729161836188,1.186341304232708,2.047696811260693,0.20265203823871197,1.2994669698330241,2.7191112581794545,1.6679795407193092,2.4523119403726326,0.7843323996533234,1.4196442883464304,1.5125491497700128,5.854080297160737,True,False,0.40200890457938465
Spread,Low spread,High spread,early buffer width,0.7247775058551992,1.8807960456819839,1.1560185398267846,2.041623823104288,0.23743455677767278,1.3992636938800003,2.7380193191502697,1.6158391451223677,2.508758808228936,0.8929196631065683,1.3387556252702695,1.2946501097364858,4.868788080031875,True,False,0.26309887672021626
Spread,Low spread,High spread,standardized overall slope,0.9172341403198011,0.6011686126341726,0.31606552768562846,0.6004295947755676,0.046630457003985326,0.43730443914864237,0.7514528008776376,0.5073615346412447,0.6868919666214192,0.1795304319801745,0.3141483617289952,1.7605122663578925,6.77809200237123,True,True,0.13653509570545397
Spread,Low spread,High spread,r2,0.9700263953098166,0.7483469164938679,0.22167947881594874,0.7051176482169512,0.03175857638368297,0.6087430124156992,0.8019076927577503,0.639989782880763,0.7644970232735017,0.12450724039273864,0.19316468034205114,1.780454519084155,6.980145335791688,True,True,0.0971722384232101
Spread,Low spread,High spread,eta squared,0.9575818364240949,0.7442983199560628,0.21328351646803212,0.7012157882120799,0.03215400659757278,0.6080396696559005,0.8026165335515748,0.6363838875133295,0.7629313142398721,0.12654742672654262,0.1945768638956743,1.685403820410495,6.633186312903609,True,True,0.0867360897414895
Spread,Low spread,High spread,MIC,1.0000000000000002,0.7195434433318436,0.2804565566681566,0.7125394700110187,0.05247541718026008,0.561350527121882,0.882299823348388,0.6139622626058793,0.8156524609391786,0.20169019833329938,0.3209492962265059,1.3905314139494938,5.344532196947588,True,False,0.07876635833485723
Spread,Low spread,High spread,MEV,1.0000000000000002,0.7195434433318436,0.2804565566681566,0.7125394700110187,0.05247541718026008,0.561350527121882,0.882299823348388,0.6139622626058793,0.8156524609391786,0.20169019833329938,0.3209492962265059,1.3905314139494938,5.344532196947588,True,False,0.07876635833485723
Spread,Low spread,High spread,distance correlation,0.9827607508094028,0.8366598103373375,0.14610094047206534,0.8209391511767511,0.021877423505718686,0.7532102972600273,0.8927649485228447,0.7753829293791837,0.8610462839008174,0.08566335452163365,0.1395546512628174,1.705524390072404,6.678160270283886,True,True,0.060437585950431694
Spread,Low spread,High spread,pearson r,0.9846523746667344,0.8550324700657583,0.12961990460097605,0.8332986322409638,0.019410885824031582,0.7740010197345984,0.8912280301398938,0.7953865734484066,0.8689508026594149,0.07356422921100836,0.11722701040529537,1.7619963668643912,6.677691362261302,True,True,0.056055675389967696
Spread,Low spread,High spread,residual sd,0.031424586032655306,0.10849451177429204,0.07706992574163674,0.11702158591054103,0.006587740616801067,0.09881471118475267,0.13805953841853497,0.10371682947732509,0.13004733477980684,0.026330505302481752,0.039244827233782295,2.927020384009592,11.698992146879794,True,True,0.050739420439154984
Spread,Low spread,High spread,spearman rho,0.9862464890891693,0.8594853750630164,0.12676111402615298,0.8422898813749395,0.019683828486981716,0.7798738644196838,0.900910521929689,0.8011883597230367,0.8775052727964855,0.07631691307344879,0.12103665751000525,1.6609832463238623,6.439860726788435,True,True,0.05044420095270419
Spread,Low spread,High spread,x bin count coefficient of variation,0.0,0.0,0.0,0.0,0.0,0.0,0.0,0.0,0.0,0.0,0.0,,,False,False,0.0
Spread,Low spread,High spread,MAS,0.03356579988870212,0.07171079210874193,0.03814499222003981,0.06147915478615484,0.028453570533700893,0.009272879238950149,0.2189163321108779,0.022348284225562915,0.12828267731980023,0.10593439309423731,0.20964345287192776,0.3600812833855263,1.3406047643426764,False,False,-0.0677894008741975
Spread,Low spread,High spread,amplitude,0.5611106030614711,0.6113825721408669,0.050271969079395795,0.5626721706897309,0.03840330655109096,0.44520763186425033,0.7134847421259212,0.4871853351237289,0.6387911234252943,0.1516057883015654,0.26827711026167084,0.3315966338923533,1.3090531413620599,False,False,-0.10133381922216961
Spread,Low spread,High spread,raw overall slope,0.6147086296415408,0.6353733940525504,0.020664764411009617,0.6185440585368062,0.03128377090285995,0.5129998311911633,0.7088503668719855,0.5556330458392373,0.679045516239718,0.12341247040048064,0.19585053568082222,0.16744470266214795,0.6605586160049668,False,False,-0.10274770598947103
Spread,Low spread,High spread,MIC-r2,0.030459701063161204,-0.011537081534908289,0.04199678259806949,0.017776453810372368,0.042150155117710406,-0.09382711057928927,0.160655418336486,-0.06193575722587939,0.10440988810478095,0.16634564533066035,0.2544825289157753,0.2524669793103912,0.9963612822013918,False,False,-0.12434886273259085
Spread,Low spread,High spread,curve amplitude,0.628201463407033,0.677283962800196,0.049082499393163004,0.6212831188607059,0.0562964145660663,0.4612393754704858,0.8628249755488338,0.5108873678051219,0.7340513147731752,0.2231639469680533,0.4015856000783479,0.21993919743761,0.8718583549501638,False,False,-0.1740814475748903
Spread,Low spread,High spread,standardized middle slope,0.8783715043695595,0.589152655903619,0.2892188484659405,0.6016928207399445,0.1591034041286517,0.13155067740935855,1.135486773039718,0.31551042961027376,0.9277485014650008,0.612238071854727,1.0039360956303596,0.47239605271487733,1.8178042767210492,False,False,-0.3230192233887865
Spread,Low spread,High spread,standardized late slope,0.9528561151979335,0.6899331578306259,0.26292295736730753,0.6038985623722365,0.15572444592545992,0.06732669649201904,1.0457546658805648,0.3012570016921473,0.9066423482360209,0.6053853465438735,0.9784279693885457,0.4343067747977824,1.6883858908906308,False,False,-0.342462389176566
Spread,Low spread,High spread,raw early slope,0.6364491766114727,0.916312308408961,0.27986313179748834,0.6262467431090656,0.1611826604378889,0.10645333777159638,1.1644237252424094,0.31755575333907965,0.9434736428228147,0.625917889483735,1.057970387470813,0.4471243536885054,1.7363104135220084,False,False,-0.3460547576862466
Spread,Low spread,High spread,standardized early slope,0.9496741793048991,0.8669834216260408,0.08269075767885825,0.6074710578751766,0.15875365119338392,0.0975481272913714,1.0927235007133786,0.3047493172213788,0.9195804016535168,0.6148310844321381,0.9951753734220072,0.13449345645110308,0.5208746826120519,False,False,-0.5321403267532798
Spread,Low spread,High spread,raw late slope,0.6385816347990111,0.7291883889936147,0.09060675419460362,0.6238456491476352,0.16292114018746043,0.06258162217181261,1.1109741745687165,0.3110631409785222,0.9375830620878918,0.6265199211093695,1.048392552396904,0.14461911128726376,0.5561387189553769,False,False,-0.5359131669147659
Spread,Low spread,High spread,raw middle slope,0.5886638100702787,0.6226737636157127,0.03400995354543401,0.6191350417468933,0.15635390288265796,0.14101882764997264,1.0941312651871404,0.3279772967638959,0.9227914917581735,0.5948141949942776,0.9531124375371678,0.05717744100871905,0.21751905720548684,False,False,-0.5608042414488436
Spread,Low spread,High spread,first derivative sign changes,0.0,2.0,2.0,0.748,1.1488323706336865,0.0,7.0,0.0,4.0,4.0,7.0,0.5,1.7408980205674536,False,False,-2.0
Strength,Weak response,Strong response,buffer width mean,1.2293657929957338,0.6600532047618716,0.5693125882338622,0.7132373744026768,0.04557074954390086,0.5764908889679005,0.8391796224274165,0.6287301815430145,0.8017593158397723,0.1730291342967578,0.26268873345951604,3.290270107099125,12.49293886828461,True,True,0.3962834539371044
Strength,Weak response,Strong response,raw overall slope,0.31470862964154067,0.704483906598661,0.38977527695712033,0.6995753504065688,0.009124433180000814,0.6687916174307565,0.7259146903376629,0.6812263050364448,0.7172216089032517,0.03599530386680694,0.057123072906906325,10.828503584784334,42.71775235435343,True,True,0.3537799730903134
Strength,Weak response,Strong response,curve amplitude,0.32820146340703255,0.7167078224833809,0.3885063590763484,0.7000653554360153,0.016765534170967135,0.6530592936757831,0.7708239512017447,0.6665204347237551,0.7332649668088411,0.06674453208508602,0.11776465752596166,5.820796804464521,23.172918626662348,True,True,0.3217618269912624
Strength,Weak response,Strong response,amplitude,0.28960222317320294,0.6481802520699502,0.3585780288967473,0.6334398374795394,0.011528796025157252,0.5990533963119545,0.6779600516489244,0.6110115619972644,0.6561744128612416,0.0451628508639772,0.07890665533696983,7.939667714439089,31.102816644017803,True,True,0.3134151780327701
Strength,Weak response,Strong response,late buffer width,1.2650051140089569,0.6910447366327181,0.5739603773762387,0.7148135598353262,0.06965145857174437,0.495451541116755,0.9309713388547755,0.5805245810334224,0.8638364498971438,0.2833118688637214,0.43551979773802046,2.0258959840906807,8.240464581011347,True,True,0.29064850851251733
Strength,Weak response,Strong response,middle buffer width,1.2413876284225924,0.6427429098578142,0.5986447185647782,0.7127552575752425,0.08014971407524002,0.5054223077761011,0.9865320673284232,0.5638081977852034,0.8763469319607584,0.312538734175555,0.48110975955232216,1.9154256836162766,7.469081149844207,True,True,0.2861059843892232
Strength,Weak response,Strong response,raw early slope,0.33644917661147383,0.7864244232859463,0.4499752466744725,0.7018219667401445,0.04701160929438427,0.5502155568500494,0.8587902531957028,0.6117870947238983,0.7943464791566545,0.1825593844327562,0.3085746963456534,2.464815753364988,9.571577179091035,True,True,0.26741586224171626
Strength,Weak response,Strong response,raw middle slope,0.2886638100702784,0.7007798477212497,0.41211603765097127,0.6997477205095106,0.04560322167410858,0.5602971580645753,0.8382882856795825,0.6148267115561364,0.7883141850961342,0.17348747353999772,0.2779911276150072,2.3754800807330767,9.03699393424548,True,True,0.23862856411097355
Strength,Weak response,Strong response,early buffer width,1.1698248628845775,0.6360414571714669,0.5337834057131107,0.7116179106532454,0.08050506166279828,0.5051498126266262,0.9609279206491897,0.5654611185440983,0.878442148397255,0.3129810298531567,0.4557781080225636,1.7054816579891416,6.630432853388823,True,True,0.220802375859954
Strength,Weak response,Strong response,raw late slope,0.3385816347990112,0.7318466134564712,0.39326497865745996,0.7011216476680604,0.04751866588800931,0.5374196398001122,0.8432008009158761,0.6098934161187359,0.7926283931089689,0.182734976990233,0.3057811611157639,2.152105662171504,8.276010517304844,True,True,0.21053000166722696
Strength,Weak response,Strong response,eta squared,0.8814346149976073,0.9681168785488764,0.08668226355126907,0.9631618661681882,0.003923224214333554,0.9496972874457236,0.9752824769992259,0.9554849606871595,0.9705323614998077,0.015047400812648215,0.025585189553502308,5.760613718643527,22.094649404582643,True,True,0.07163486273862085
Strength,Weak response,Strong response,r2,0.8946753645750295,0.9767720657810828,0.08209670120605328,0.972594856353335,0.0030930292724705016,0.9623660962556436,0.9810959495543666,0.9665776947464584,0.9785021413551604,0.011924446608702066,0.01872985329872301,6.884738881395286,26.542490863812617,True,True,0.07017225459735121
Strength,Weak response,Strong response,MIC,0.9087492869431731,1.0000000000000002,0.09125071305682708,0.9925454881426623,0.011671562225457125,0.9324177942423306,1.0000000000000002,0.961685572487557,1.0000000000000002,0.03831442751244318,0.0675822057576696,2.381627991888749,7.818209018994729,True,True,0.0529362855443839
Strength,Weak response,Strong response,MEV,0.9087492869431731,1.0000000000000002,0.09125071305682708,0.9924849380722265,0.011884828556139055,0.9216826582919379,1.0000000000000002,0.961685572487557,1.0000000000000002,0.03831442751244318,0.07831734170806237,2.381627991888749,7.677915808864734,True,True,0.0529362855443839
Strength,Weak response,Strong response,distance correlation,0.9395718902031296,0.9846792846925038,0.045107394489374175,0.9836376576757009,0.001962067144807083,0.9755206209999671,0.9887875860545696,0.9797581791466831,0.9872667551707427,0.007508576024059632,0.013266965054602564,6.007449927234823,22.989730299881906,True,True,0.03759881846531454
Strength,Weak response,Strong response,pearson r,0.9449694515018101,0.9875111915838481,0.04254174008203804,0.9857129999044761,0.0015982205587280259,0.9801066593639982,0.9903015737426513,0.9825792740092743,0.9887696029884879,0.006190328979213677,0.010194914378653053,6.872290669023842,26.61819099354828,True,True,0.03635141110282436
Strength,Weak response,Strong response,spearman rho,0.952924472977561,0.9886066442379908,0.03568217126042983,0.9863847855386483,0.0015844275994135587,0.9813389302138954,0.9913577579554924,0.9833278290482216,0.9893642293486424,0.006036400300420852,0.010018827741597014,5.911167166621157,22.52054386936759,True,True,0.029645770960008977
Strength,Weak response,Strong response,standardized overall slope,0.7643444904567432,0.9047372729768439,0.14039278252010068,0.8962888376675553,0.03154547470101032,0.7832440295018996,0.9972212546777894,0.8307657594984351,0.9568042136465138,0.12603845414807868,0.2139772251758898,1.113888483233518,4.450488821320677,True,False,0.014354328372021996
Strength,Weak response,Strong response,MCN,4.459431618637297,3.5849625007211565,0.8744691179161408,4.213202555124932,0.31166439253182904,3.0,4.459431618637297,3.5849625007211565,4.459431618637297,0.8744691179161408,1.4594316186372973,1.0,2.8058037391192667,False,False,0.0
Strength,Weak response,Strong response,first derivative sign changes,0.0,0.0,0.0,0.0,0.0,0.0,0.0,0.0,0.0,0.0,0.0,,,False,False,0.0
Strength,Weak response,Strong response,x bin count coefficient of variation,0.0,0.0,0.0,0.0,0.0,0.0,0.0,0.0,0.0,0.0,0.0,,,False,False,0.0
Strength,Weak response,Strong response,residual sd,0.03142458603265535,0.03164423260083516,0.00021964656817981265,0.03413129589057448,0.0019214243465669816,0.028820957428886206,0.04026736537207276,0.030250741930886442,0.037930472644110244,0.007679730713223802,0.011446407943186555,0.02860081640644002,0.11431445040875862,False,False,-0.0074600841450439895
Strength,Weak response,Strong response,MIC-r2,0.015782022671541274,0.02482164649664853,0.009039623825107257,0.020912818207335017,0.011390858687327424,-0.0349019583135185,0.03770434866735306,-0.008866094076841993,0.03353096710705045,0.04239706118389244,0.07260630698087156,0.21321345330750435,0.7935858106258515,False,False,-0.033357437358785186
Strength,Weak response,Strong response,standardized early slope,0.817146561105111,1.0099698253738179,0.19282326426870688,0.8989234675695557,0.06354352749081492,0.696821197682384,1.0722139815348264,0.7725375798574566,1.02327238067825,0.25073480082079336,0.37539278385244235,0.7690327135981521,3.0345067685545013,False,False,-0.05791153655208647
Strength,Weak response,Strong response,standardized middle slope,0.7010884737186297,0.8999803153000179,0.19889184158138817,0.8966707267635814,0.06768131723104077,0.6997111510218069,1.1087558364251893,0.7732556947741628,1.0311458387859171,0.25789014401175436,0.40904468540338235,0.7712269980054876,2.938652049315762,False,False,-0.05899830243036619
Strength,Weak response,Strong response,MAS,0.03132734619433686,0.026970849845963207,0.004356496348373651,0.04571018699682459,0.018404295318549667,0.008309737024883912,0.11374291272003512,0.017824094095022735,0.08651982449202861,0.06869573039700587,0.1054331756951512,0.0634172796940453,0.2367108478194622,False,False,-0.06433923404863222
Strength,Weak response,Strong response,standardized late slope,0.8223257411887037,0.9398779774726002,0.11755223628389644,0.8978348543912182,0.061508206154623025,0.7085978912264267,1.0768365843013112,0.777235553697286,1.0133791632375748,0.2361436095402888,0.36823869307488455,0.4977997774859992,1.9111634631058263,False,False,-0.11859137325639235
Threshold,No threshold,Threshold-like,standardized early slope,0.9496741793048991,0.36321397689350143,0.5864602024113976,0.22905625730775436,0.07066220721105833,0.00030987653760725835,0.45234506969816296,0.09179283040447983,0.36725785935897626,0.2754650289544964,0.4520351931605557,2.1289824143458658,8.299488871890476,True,True,0.3109951734569012
Threshold,No threshold,Threshold-like,standardized late slope,0.9528561151979335,1.5083907500606293,0.5555346348626958,1.4358041111689144,0.07919708646760643,1.1626240948689668,1.687671378165295,1.2761240433893766,1.5829028998120642,0.30677885642268765,0.5250472832963282,1.8108635038956733,7.014584243448442,True,True,0.24875577844000818
Threshold,No threshold,Threshold-like,raw early slope,0.6364491766114726,0.23642442328594734,0.40002475332552523,0.15182196674014442,0.047011609294384256,0.00021555685004891233,0.30879025319570325,0.06178709472389871,0.24434647915665433,0.18255938443275563,0.3085746963456543,2.1912034517889785,8.509063172472803,True,True,0.2174653688927696
Threshold,No threshold,Threshold-like,raw late slope,0.6385816347990112,0.981846613456471,0.34326497865745975,0.9511216476680601,0.047518665888009265,0.7874196398001119,1.0932008009158756,0.8598934161187354,1.0426283931089684,0.182734976990233,0.3057811611157637,1.8784853579279839,7.223792424359252,True,True,0.16053000166722675
Threshold,No threshold,Threshold-like,pearson r,0.9846523746667344,0.9259662152395285,0.0586861594272059,0.925757488709274,0.005212720834547214,0.9065251382904681,0.9399012768641517,0.9149974396595749,0.9360157139490041,0.02101827428942915,0.0333761385736836,2.792149280149098,11.258258650312602,True,True,0.037667885137776747
Threshold,No threshold,Threshold-like,MIC-r2,0.030459701063161204,0.1425865682349834,0.11212686717182219,0.11914797220379242,0.02135955764560668,0.04676389624174271,0.16177145516567326,0.07276444433923479,0.15247683450029667,0.07971239016106188,0.11500755892393055,1.4066428938495714,5.24949388148424,True,False,0.032414477010760306
Threshold,No threshold,Threshold-like,distance correlation,0.9827607508094028,0.9336617914884584,0.049098959320944435,0.9359745999425491,0.004648932927154826,0.9195424567831836,0.9510423750527421,0.9265495156493025,0.9449293335593245,0.018379817910021967,0.03149991826955856,2.671351781682899,10.561339578412307,True,True,0.030719141410922468
Threshold,No threshold,Threshold-like,spearman rho,0.9862464890891693,0.9377326460693232,0.04851384301984618,0.9331237034064838,0.010191339645561489,0.8974309906684362,0.9604987808265686,0.9116597220078808,0.9522072697717007,0.04054754776381986,0.06306779015813235,1.1964679911699756,4.760300873788936,True,False,0.007966295256026323
Threshold,No threshold,Threshold-like,raw overall slope,0.6147086296415408,0.5753612011653657,0.03934742847617512,0.5704526449732735,0.009124433180000812,0.5396689119974614,0.5967919849043677,0.5521035996031493,0.5880989034699563,0.03599530386680705,0.057123072906906325,1.0931267206903403,4.312314825475177,True,False,0.003352124609368068
Threshold,No threshold,Threshold-like,first derivative sign changes,0.0,2.0,2.0,0.613,0.9498068925487607,0.0,4.0,0.0,2.0,2.0,4.0,1.0,2.105691183850116,False,False,0.0
Threshold,No threshold,Threshold-like,x bin count coefficient of variation,0.0,0.0,0.0,0.0,0.0,0.0,0.0,0.0,0.0,0.0,0.0,,,False,False,0.0
Threshold,No threshold,Threshold-like,residual sd,0.03142458603265533,0.031956264434355425,0.0005316784017000975,0.034272540273476634,0.0019297286778163965,0.028980155597103447,0.0404048180361123,0.03037215479003307,0.0381013044144487,0.0077291496244156314,0.011424662439008856,0.06878873194802404,0.2755197701169697,False,False,-0.007197471222715534
Threshold,No threshold,Threshold-like,amplitude,0.5611106030614711,0.5264260621258161,0.034684540935654984,0.512162270389034,0.011325389822885232,0.47729920636782064,0.5562058617047904,0.4896245625587816,0.5344467283593691,0.04482216580058751,0.07890665533696972,0.773825635511802,3.0625472039441752,False,False,-0.010137624864932526
Threshold,No threshold,Threshold-like,r2,0.9700263953098165,0.968766773854241,0.0012596214555754548,0.9633025579483883,0.004120676342226186,0.9495400013932452,0.974745644708417,0.9551313303805277,0.9709163622134497,0.015785031832922014,0.025205643315171722,0.07979847420695904,0.30568318182809456,False,False,-0.01452541037734656
Threshold,No threshold,Threshold-like,eta squared,0.9575818364240949,0.9552996776513127,0.00228215877278215,0.9517687574845398,0.005177077280940834,0.9314964251151872,0.967129020872447,0.941498309950642,0.9611865829902998,0.01968827303965781,0.035632595757259855,0.11591462431393702,0.44081991612986154,False,False,-0.01740611426687566
Threshold,No threshold,Threshold-like,curve amplitude,0.6282014634070394,0.5807060504561821,0.04749541295085735,0.5644030278596248,0.016432738912116086,0.5177137830454368,0.6348343979577736,0.531528350978466,0.5973582143507444,0.06582986337227847,0.11712061491233683,0.7214873389948138,2.8902919473660185,False,False,-0.018334450421421122
Threshold,No threshold,Threshold-like,MAS,0.03356579988870212,0.03728296582131385,0.0037171659326117323,0.04739661854208829,0.01820669776879292,0.012156275203584532,0.12995411409238333,0.020541884288105487,0.09323315065349552,0.07269126636539003,0.1177978388887988,0.051136348539135644,0.2041647518850518,False,False,-0.0689741004327783
Threshold,No threshold,Threshold-like,MIC,1.0000000000000002,1.0000000000000002,0.0,0.9762020453911343,0.021426809924883217,0.9089099422706252,1.0000000000000002,0.9280863506827556,1.0000000000000002,0.07191364931724464,0.09109005772937506,0.0,0.0,False,False,-0.07191364931724464
Threshold,No threshold,Threshold-like,MEV,1.0000000000000002,1.0000000000000002,0.0,0.9762020453911343,0.021426809924883217,0.9089099422706252,1.0000000000000002,0.9280863506827556,1.0000000000000002,0.07191364931724464,0.09109005772937506,0.0,0.0,False,False,-0.07191364931724464
Threshold,No threshold,Threshold-like,standardized overall slope,0.9172341403198011,0.8839155748843314,0.03331856543546974,0.8614806745840808,0.034199539655118724,0.7465138641604141,0.9680390022279922,0.7919032010431237,0.9239104937227165,0.13200729267959277,0.22152513806757812,0.2523994300552799,0.9742401731563328,False,False,-0.09868872724412303
Threshold,No threshold,Threshold-like,raw middle slope,0.5886638100702787,0.6132667607526473,0.02460295068236862,0.6122346335409082,0.04560322167410857,0.472784071095973,0.7507751987109803,0.5273136245875342,0.7008010981275316,0.17348747353999738,0.2779911276150073,0.14181398910450113,0.5395002760591595,False,False,-0.14888452285762876
Threshold,No threshold,Threshold-like,buffer width mean,0.7259713929640897,0.7752273396414113,0.04925594667732158,0.8092738945386293,0.051275113158756845,0.6639508629981813,0.9536742949675837,0.7098263488644789,0.9116806285955743,0.20185427973109538,0.2897234319694024,0.24401735124436785,0.9606209258830192,False,False,-0.1525983330537738
Threshold,No threshold,Threshold-like,late buffer width,0.7643878576034798,0.8801986119309515,0.11581075432747168,0.9032477234240882,0.08396194772215106,0.6498451283673257,1.1487570677213697,0.74208647671274,1.0726216081130648,0.33053513140032487,0.498911939354044,0.3503735104853603,1.3793242947473714,False,False,-0.2147243770728532
Threshold,No threshold,Threshold-like,early buffer width,0.7247775058551992,0.6534991807261211,0.07127832512907806,0.7142623938490755,0.08412973650906695,0.5037525199284438,0.9676591898385488,0.5631837040874074,0.8765806358979354,0.3133969318105281,0.463906669910105,0.22743785242980982,0.8472429379521015,False,False,-0.24211860668145002
Threshold,No threshold,Threshold-like,standardized middle slope,0.8783715043695595,0.9421491061444182,0.0637776017748587,0.9247606067233923,0.07891396786713524,0.6903300937049037,1.1675692214432594,0.7785503299068397,1.0875844998336641,0.3090341699268244,0.47723912773835564,0.20637718408278433,0.8081915470558884,False,False,-0.24525656815196573
Threshold,No threshold,Threshold-like,middle buffer width,0.6759433272204599,0.756993802170648,0.08105047495018813,0.7789869567142378,0.090047156162596,0.5425922078272264,1.1052403975432645,0.6118182153729056,0.9616781080695078,0.3498598926966022,0.5626481897160381,0.2316655228053675,0.9000892244041248,False,False,-0.2688094177464141
Threshold,No threshold,Threshold-like,MCN,4.0,4.321928094887363,0.3219280948873626,4.358947405963379,0.19993282556701383,3.0,4.459431618637297,3.8073549220576037,4.459431618637297,0.6520766965796936,1.4594316186372973,0.4936966718423715,1.6101812895124528,False,False,-0.33014860169233096
Turning point,No turning point,Turning point,standardized late slope,0.9634375606275788,-1.625429231242759,2.5888667918703376,-1.7180729987481917,0.15696111592206255,-2.1808606977756404,-1.283903877755423,-2.0249629068324926,-1.4262190435883524,0.5987438632441402,0.8969568200202174,4.323830189829798,16.49368237899005,True,True,1.9901229286261974
Turning point,No turning point,Turning point,raw late slope,0.7785816347990111,-0.6615835541412934,1.4401651889403047,-0.6923085199297043,0.0475186658880093,-0.8560105277976525,-0.5502293666818887,-0.7835367514790285,-0.6008017744887959,0.18273497699023256,0.3057811611157638,7.881168743175444,30.30735737266797,True,True,1.257430211950072
Turning point,No turning point,Turning point,spearman rho,0.9899194419580852,0.09775610358344393,0.8921633383746413,0.10789463872341738,0.025246306593142243,0.02102945564163503,0.18115579698961903,0.05848061154150848,0.1555481136249061,0.09706750208339761,0.160126341347984,9.191164078870807,35.33837058831343,True,True,0.7950958362912437
Turning point,No turning point,Turning point,standardized overall slope,0.933896471002854,0.11911898132442962,0.8147774896784243,0.10801280106327142,0.023039328673215797,0.03075049083921801,0.18985389618250395,0.06304105470560842,0.15181778853745712,0.0887767338318487,0.15910340534328593,9.177826830413562,35.36463675808566,True,True,0.7260007558465756
Turning point,No turning point,Turning point,pearson r,0.9897391087114306,0.1575885570769353,0.8321505516344953,0.13948423618155142,0.02911741489697758,0.04094486004919787,0.22519697688073909,0.08264840505212624,0.1961786744106575,0.11353026935853126,0.18425211683154122,7.329768143212488,28.579135702080247,True,True,0.718620282275964
Turning point,No turning point,Turning point,raw overall slope,0.7547086296415411,0.04848390659866109,0.70622472304288,0.04357535040656862,0.009124433180000823,0.012791617430755969,0.06991469033766248,0.02522630503644463,0.06122160890325081,0.03599530386680618,0.05712307290690651,19.61991279907321,77.3992980288137,True,True,0.6702294191760738
Turning point,No turning point,Turning point,standardized early slope,0.9607988003197111,2.1322117390320483,1.1714129387123373,1.9426188279396033,0.15137720774605087,1.482798924851144,2.4675992404261837,1.62887744368439,2.251947956922705,0.623070513238315,0.9848003155750398,1.8800647981624028,7.7383706315781025,True,True,0.5483424254740223
Turning point,No turning point,Turning point,raw middle slope,0.7286638100702786,0.04477984772124937,0.6838839623490293,0.04374772050951073,0.045603221674108595,-0.09570284193542496,0.18228828567958288,-0.04117328844386396,0.132314185096134,0.17348747353999794,0.2779911276150078,3.941978912911878,14.996395808090616,True,True,0.5103964888090313
Turning point,No turning point,Turning point,MIC-r2,0.020416496687103214,0.7257733507748483,0.7053568540877451,0.7974681616505586,0.052415914995841195,0.6445418270489293,0.9703137455379296,0.6943706498330406,0.8989217262879855,0.20455107645494486,0.32577191848900033,3.448316510048332,13.456921512172586,True,True,0.5008057776328002
Turning point,No turning point,Turning point,buffer width mean,0.629148286041125,1.493544350124226,0.864396064083101,1.573054119195502,0.09478444765723278,1.3156762460806044,1.8991601100687987,1.3954522336651083,1.7596092622182788,0.36415702855317056,0.5834838639881943,2.3736904585294596,9.119598050610584,True,True,0.5002390355299304
Turning point,No turning point,Turning point,distance correlation,0.9883603524983051,0.46578638557132973,0.5225739669269753,0.46697625497624307,0.008397489147708449,0.4438418355178375,0.4934854613518676,0.4517412104210079,0.4843218222408359,0.03258061181982802,0.04964362583403009,16.039415398852192,62.22978770619526,True,True,0.4899933551071473
Turning point,No turning point,Turning point,MCN,4.0,4.459431618637297,0.4594316186372973,4.451774451765038,0.06401372231181002,3.3219280948873626,4.459431618637297,4.459431618637297,4.459431618637297,0.0,1.1375035237499347,,7.177080195390166,True,False,0.4594316186372973
Turning point,No turning point,Turning point,curve amplitude,0.7682014634070332,0.304206867495393,0.4639945959116402,0.28943980093656624,0.013364214555540634,0.24774249449981534,0.3316042039367417,0.26284571272779317,0.31578290632128303,0.05293719359348986,0.08386170943692639,8.765001776911378,34.719181885573214,True,True,0.41105740231815036
Turning point,No turning point,Turning point,amplitude,0.6878145136759963,0.2586015368853716,0.42921297679062476,0.2469088316929675,0.010350019422314779,0.21269522539327734,0.28007979343665557,0.22714882425255495,0.2680002739329731,0.04085144968041815,0.06738456804337822,10.506676755619885,41.469775009816495,True,True,0.3883615271102066
Turning point,No turning point,Turning point,standardized middle slope,0.9016679206322816,0.1100185653060748,0.7916493553262068,0.108499675497324,0.1133242705613171,-0.22508419261377613,0.4483080571336682,-0.09974699744663161,0.32684639645179053,0.42659339389842216,0.6733922497474444,1.855746869616808,6.9856999864637475,True,True,0.3650559614277847
Turning point,No turning point,Turning point,late buffer width,0.6672107684857058,1.5510117800617875,0.8838010115760817,1.5964866113704579,0.14717749597640128,1.111710182494313,2.091233082276375,1.3229224589113537,1.9062140811128265,0.5832916222014728,0.979522899782062,1.5151957921843955,6.005001007204199,True,False,0.3005093893746089
Turning point,No turning point,Turning point,early buffer width,0.6368369728599427,1.5558662855535015,0.9190293126935588,1.6941097045906521,0.18557651065132175,1.1772414536836358,2.3156617372295574,1.353147753451212,2.0916277219432486,0.7384799684920367,1.1384202835459216,1.244487801842751,4.952293312704406,True,False,0.18054934420152213
Turning point,No turning point,Turning point,MAS,0.02743770497007103,0.4124895275122658,0.3850518225421948,0.49706330699261947,0.05392100899924521,0.3436178020662862,0.6762620685170839,0.3922270309188658,0.6060605799919543,0.2138335490730885,0.3326442664507977,1.8007081873321185,7.141035186258937,True,True,0.17121827346910629
Turning point,No turning point,Turning point,middle buffer width,0.5707096226295332,1.3545991747782022,0.7838895521486691,1.4207552109004111,0.16423588474345865,0.9765657335634482,2.118959722406195,1.121709409725317,1.7406352079307195,0.6189257982054024,1.142393988842747,1.2665323604567542,4.77294930625623,True,False,0.16496375394326668
Turning point,No turning point,Turning point,eta squared,0.9677978547290603,0.8449799820733906,0.12281787265566968,0.8187959405368387,0.018949237055929033,0.7561667411436117,0.8724319785322527,0.7821936640485172,0.8539634384189573,0.07176977437044008,0.11626523738864103,1.7112757248161958,6.481415177464422,True,True,0.051048098285229604
Turning point,No turning point,Turning point,MIC,1.0000000000000002,0.7506075040964387,0.2493924959035615,0.817770989820142,0.0512085762676547,0.6729190675981838,1.0000000000000002,0.7162472813892571,0.9176015691751981,0.201354287785941,0.32708093240181646,1.2385755408828927,4.870131413145484,True,False,0.048038208117620496
Turning point,No turning point,Turning point,MEV,1.0000000000000002,0.7506075040964387,0.2493924959035615,0.817770989820142,0.0512085762676547,0.6729190675981838,1.0000000000000002,0.7162472813892571,0.9176015691751981,0.201354287785941,0.32708093240181646,1.2385755408828927,4.870131413145484,True,False,0.048038208117620496
Turning point,No turning point,Turning point,r2,0.9799093234832227,0.87337388305144,0.10653544043178265,0.8573196763473211,0.015818240858330206,0.8012433230921654,0.9000265272150996,0.8266266410304931,0.8871487180772206,0.06052207704672752,0.09878320412293418,1.7602740294178836,6.734973969983453,True,True,0.04601336338505513
Turning point,No turning point,Turning point,x bin count coefficient of variation,0.0,0.0,0.0,0.0,0.0,0.0,0.0,0.0,0.0,0.0,0.0,,,False,False,0.0
Turning point,No turning point,Turning point,residual sd,0.031424586032655355,0.031688623128102285,0.0002640370954469298,0.03418236490440416,0.0019210925015125998,0.028813912091766248,0.040406398384532305,0.030291362485579527,0.03795794986238278,0.007666587376803254,0.011592486292766057,0.03443997732887324,0.13744111501087866,False,False,-0.0074025502813563245
Turning point,No turning point,Turning point,raw early slope,0.7764491766114726,0.867854590883713,0.09140541427224036,0.7832521343379101,0.047011609294384256,0.6316457244478154,0.9402204207934692,0.6932172623216645,0.8757766467544189,0.18255938443275443,0.3085746963456538,0.5006886638901297,1.9443157901671564,False,False,-0.09115397016051408
Turning point,No turning point,Turning point,first derivative sign changes,0.0,1.0,1.0,1.21,0.6326928957245374,1.0,5.0,1.0,3.0,2.0,4.0,0.5,1.5805456434829028,False,False,-1.0
