model,x,y,method,fit_rmse,fit_nrmse,fit_r2,spearman_rho,spearman_p,n_fit_points,amplitude_raw,amplitude_norm,net_change_raw,net_change_norm_by_sd,abs_net_change_norm_by_sd,monotonicity_strength,y_obs_sd,n_curve_points,mean_slope,median_slope,min_slope,max_slope,mean_abs_slope,median_abs_slope,max_abs_slope,integrated_abs_slope,slope_std,slope_iqr,slope_skew,slope_cv,pos_fraction,neg_fraction,flat_fraction,mean_slope_sign,n_slope_sign_changes,slope_trend,slope_trend_p,early_slope,middle_slope,late_slope,terminal_slope,first_quartile_slope,last_quartile_slope,middle_to_early_ratio,late_to_early_ratio,terminal_to_early_ratio,last_to_first_quartile_ratio,early_y_value,middle_y_value,late_y_value,terminal_y_value,early_y_range,late_y_range,terminal_y_range,net_change,abs_net_change,total_variation,roughness_ratio,internal_min_idx,internal_max_idx,internal_min,internal_max,valley_depth_left,valley_depth_right,valley_depth_min,peak_height_left,peak_height_right,peak_height_min,slope_scale,x_curve,y_curve,x_curve_used,y_curve_used,slope_values,abs_slope_values,x_mid
CLASSIC,P,T,Equal-width bins,111.7464,0.1807,0.2402,0.512,0.0,11178,242.0275,1.8452,242.0275,1.8452,1.8452,1.0,131.1687,10,1.0097,1.2105,-0.4041,2.9053,1.1916,1.2105,2.9053,0.9264,1.1736,1.9306,0.1714,1.1623,0.5556,0.3333,0.1111,1,2,-2.5983,0.0637,2.6272,0.4994,0.6678,1.7397,2.6272,0.6678,0.1901,0.2542,0.6622,0.2542,0.2792,0.8217,0.8768,1.0,0.5525,0.2068,0.0,1.0,1.0,1.1803,1.1803,0,9,False,False,0.0,0.0,0.0,0.0,0.0,0.0,normalized,"[ 832.31901042 1110.99986979 1433.97708333 1734.49401042 2073.01927083
 2387.26276042 2707.25833333 3024.27942708 3333.78372396 3671.18541667]","[254.42366  323.45168  388.1363   419.1503   468.03445  462.91953
 463.11375  457.07166  446.409605 496.4512  ]","[0.         0.09816625 0.21193603 0.3177941  0.43704073 0.54773403
 0.66045352 0.77212524 0.88114915 1.        ]","[0.         0.2852073  0.5524687  0.68061114 0.88258877 0.86145515
 0.86225762 0.83729314 0.79324008 1.        ]","[ 2.90534991  2.34914226  1.21051176  1.69378061 -0.19092057  0.00711918
 -0.22355233 -0.40406795  1.73965871]","[2.90534991 2.34914226 1.21051176 1.69378061 0.19092057 0.00711918
 0.22355233 0.40406795 1.73965871]","[0.04908312 0.15505114 0.26486507 0.37741742 0.49238738 0.60409378
 0.71628938 0.8266372  0.94057457]"
CLASSIC,P,T,Equal-count bins,110.228,0.1782,0.2527,0.5304,0.0,10843,218.8262,1.6683,215.5354,1.6432,1.6432,0.985,131.1687,10,1.3717,1.3735,-0.0545,2.9256,1.3838,1.3735,2.9256,0.8971,0.9457,1.3835,0.0436,0.6894,0.8889,0.1111,0.0,1,1,-3.0669,0.0093,2.181,0.9189,-0.0545,,2.181,-0.0545,0.4213,-0.025,,-0.025,0.2517,0.7873,0.985,0.985,0.446,0.0,0.0,0.985,0.985,1.015,1.0305,0,8,False,True,0.0,0.0,0.0,1.0,0.015,0.015,normalized,"[ 797.87265625  964.71588542 1096.90859375 1225.16458333 1361.77447917
 1497.94036458 1649.48229167 1893.20065104 2289.72903646 2857.75794271]","[246.33296 298.18735 317.20294 343.93884 379.95572 401.95782 405.21536
 440.77738 465.15919 461.86841]","[0.         0.08099637 0.14517116 0.20743482 0.27375399 0.33985762
 0.41342576 0.53174223 0.72424246 1.        ]","[0.         0.23696606 0.32386419 0.44604287 0.61063411 0.7111801
 0.72606652 0.88857913 1.         0.98496167]","[ 2.92563808  1.35408511  1.96227924  2.4818046   1.52103594  0.20234879
  1.37354165  0.57880906 -0.05453459]","[2.92563808 1.35408511 1.96227924 2.4818046  1.52103594 0.20234879
 1.37354165 0.57880906 0.05453459]","[0.04049818 0.11308376 0.17630299 0.24059441 0.30680581 0.37664169
 0.47258399 0.62799234 0.86212123]"
CLASSIC,P,T,LOWESS,108.6724,0.1757,0.3135,0.5715,0.0,12047,274.5227,2.0929,268.6667,2.0483,2.0483,0.9787,131.1687,12035,1.8005,2.1924,-0.1699,3.7291,1.817,2.1924,3.7291,1.0217,1.1767,2.0428,-0.3774,0.6535,0.8437,0.0855,0.0708,1,15,-5.2667,0.0,2.7205,0.9326,-0.0152,-0.0122,2.7205,-0.0152,0.3428,-0.0056,-0.0045,-0.0056,0.4314,0.8908,0.9804,0.9791,0.7115,0.0032,0.0011,0.9787,0.9787,1.0216,1.0439,0,10297,False,True,0.0,0.0,0.0,1.0,0.0213,0.0213,normalized,"[ 624.7921875   625.31822917  627.06458333 ... 3852.95598958 3854.190625
 3859.2296875 ]","[199.51983751 199.68633503 200.23870973 ... 468.18311543 468.18374333
 468.18648872]","[0.00000000e+00 1.62637759e-04 7.02562913e-04 ... 9.98060343e-01
 9.98442059e-01 1.00000000e+00]","[0.00000000e+00 6.06498236e-04 2.61862604e-03 ... 9.78656062e-01
 9.78658349e-01 9.78668350e-01]",[3.72913547 3.72667913 3.72370049 ... 0.00560063 0.00599199 0.00641912],[3.72913547 3.72667913 3.72370049 ... 0.00560063 0.00599199 0.00641912],"[8.13188795e-05 4.32600336e-04 8.54170290e-04 ... 9.97361726e-01
 9.98251201e-01 9.99221030e-01]"
CLASSIC,P,T,Polynomial degree 3,108.545,0.1755,0.3152,0.5715,0.0,12047,286.9012,2.1873,279.8327,2.1334,2.1334,0.9754,131.1687,300,0.9754,0.3894,-0.1561,4.0876,1.0374,0.3894,4.0876,1.0303,1.2463,1.8475,0.9763,1.2778,0.6756,0.2676,0.0569,1,2,-3.9172,0.0,2.8802,0.5349,-0.0544,0.056,2.8802,-0.0544,0.1857,-0.0189,0.0195,-0.0189,0.4046,0.9363,0.975,0.9706,0.7164,0.0195,0.0064,0.9754,0.9754,1.0374,1.0636,0,188,False,True,0.0,0.0,0.0,1.0,0.0246,0.0246,normalized,"[ 624.7921875   635.60970422  646.42722094  657.24473767  668.06225439
  678.87977111  689.69728783  700.51480456  711.33232128  722.149838
  732.96735472  743.78487145  754.60238817  765.41990489  776.23742161
  787.05493834  797.87245506  808.68997178  819.5074885   830.32500523
  841.14252195  851.96003867  862.77755539  873.59507212  884.41258884
  895.23010556  906.04762228  916.86513901  927.68265573  938.50017245
  949.31768917  960.13520589  970.95272262  981.77023934  992.58775606
 1003.40527278 1014.22278951 1025.04030623 1035.85782295 1046.67533967
 1057.4928564  1068.31037312 1079.12788984 1089.94540656 1100.76292329
 1111.58044001 1122.39795673 1133.21547345 1144.03299018 1154.8505069
 1165.66802362 1176.48554034 1187.30305707 1198.12057379 1208.93809051
 1219.75560723 1230.57312395 1241.39064068 1252.2081574  1263.02567412
 1273.84319084 1284.66070757 1295.47822429 1306.29574101 1317.11325773
 1327.93077446 1338.74829118 1349.5658079  1360.38332462 1371.20084135
 1382.01835807 1392.83587479 1403.65339151 1414.47090824 1425.28842496
 1436.10594168 1446.9234584  1457.74097513 1468.55849185 1479.37600857
 1490.19352529 1501.01104202 1511.82855874 1522.64607546 1533.46359218
 1544.2811089  1555.09862563 1565.91614235 1576.73365907 1587.55117579
 1598.36869252 1609.18620924 1620.00372596 1630.82124268 1641.63875941
 1652.45627613 1663.27379285 1674.09130957 1684.9088263  1695.72634302
 1706.54385974 1717.36137646 1728.17889319 1738.99640991 1749.81392663
 1760.63144335 1771.44896008 1782.2664768  1793.08399352 1803.90151024
 1814.71902696 1825.53654369 1836.35406041 1847.17157713 1857.98909385
 1868.80661058 1879.6241273  1890.44164402 1901.25916074 1912.07667747
 1922.89419419 1933.71171091 1944.52922763 1955.34674436 1966.16426108
 1976.9817778  1987.79929452 1998.61681125 2009.43432797 2020.25184469
 2031.06936141 2041.88687814 2052.70439486 2063.52191158 2074.3394283
 2085.15694503 2095.97446175 2106.79197847 2117.60949519 2128.42701191
 2139.24452864 2150.06204536 2160.87956208 2171.6970788  2182.51459553
 2193.33211225 2204.14962897 2214.96714569 2225.78466242 2236.60217914
 2247.41969586 2258.23721258 2269.05472931 2279.87224603 2290.68976275
 2301.50727947 2312.3247962  2323.14231292 2333.95982964 2344.77734636
 2355.59486309 2366.41237981 2377.22989653 2388.04741325 2398.86492997
 2409.6824467  2420.49996342 2431.31748014 2442.13499686 2452.95251359
 2463.77003031 2474.58754703 2485.40506375 2496.22258048 2507.0400972
 2517.85761392 2528.67513064 2539.49264737 2550.31016409 2561.12768081
 2571.94519753 2582.76271426 2593.58023098 2604.3977477  2615.21526442
 2626.03278115 2636.85029787 2647.66781459 2658.48533131 2669.30284804
 2680.12036476 2690.93788148 2701.7553982  2712.57291492 2723.39043165
 2734.20794837 2745.02546509 2755.84298181 2766.66049854 2777.47801526
 2788.29553198 2799.1130487  2809.93056543 2820.74808215 2831.56559887
 2842.38311559 2853.20063232 2864.01814904 2874.83566576 2885.65318248
 2896.47069921 2907.28821593 2918.10573265 2928.92324937 2939.7407661
 2950.55828282 2961.37579954 2972.19331626 2983.01083298 2993.82834971
 3004.64586643 3015.46338315 3026.28089987 3037.0984166  3047.91593332
 3058.73345004 3069.55096676 3080.36848349 3091.18600021 3102.00351693
 3112.82103365 3123.63855038 3134.4560671  3145.27358382 3156.09110054
 3166.90861727 3177.72613399 3188.54365071 3199.36116743 3210.17868416
 3220.99620088 3231.8137176  3242.63123432 3253.44875105 3264.26626777
 3275.08378449 3285.90130121 3296.71881793 3307.53633466 3318.35385138
 3329.1713681  3339.98888482 3350.80640155 3361.62391827 3372.44143499
 3383.25895171 3394.07646844 3404.89398516 3415.71150188 3426.5290186
 3437.34653533 3448.16405205 3458.98156877 3469.79908549 3480.61660222
 3491.43411894 3502.25163566 3513.06915238 3523.88666911 3534.70418583
 3545.52170255 3556.33921927 3567.15673599 3577.97425272 3588.79176944
 3599.60928616 3610.42680288 3621.24431961 3632.06183633 3642.87935305
 3653.69686977 3664.5143865  3675.33190322 3686.14941994 3696.96693666
 3707.78445339 3718.60197011 3729.41948683 3740.23700355 3751.05452028
 3761.872037   3772.68955372 3783.50707044 3794.32458717 3805.14210389
 3815.95962061 3826.77713733 3837.59465406 3848.41217078 3859.2296875 ]","[192.71150243 196.63366805 200.52084899 204.37319619 208.19086057
 211.97399307 215.72274463 219.43726619 223.11770868 226.76422303
 230.37696018 233.95607106 237.50170662 241.01401778 244.49315548
 247.93927066 251.35251425 254.73303719 258.08099041 261.39652485
 264.67979145 267.93094113 271.15012484 274.3374935  277.49319806
 280.61738945 283.71021861 286.77183647 289.80239396 292.80204203
 295.7709316  298.70921361 301.617039   304.49455871 307.34192366
 310.1592848  312.94679305 315.70459936 318.43285466 321.13170988
 323.80131597 326.44182385 329.05338446 331.63614874 334.19026762
 336.71589204 339.21317292 341.68226122 344.12330786 346.53646378
 348.92187991 351.2797072  353.61009656 355.91319895 358.18916529
 360.43814652 362.66029358 364.8557574  367.02468891 369.16723906
 371.28355878 373.373799   375.43811065 377.47664468 379.48955202
 381.4769836  383.43909036 385.37602324 387.28793317 389.17497108
 391.03728791 392.8750346  394.68836208 396.47742129 398.24236316
 399.98333862 401.70049862 403.39399409 405.06397596 406.71059517
 408.33400266 409.93434935 411.51178619 413.06646411 414.59853405
 416.10814694 417.59545371 419.06060531 420.50375266 421.9250467
 423.32463837 424.70267861 426.05931834 427.39470851 428.70900005
 430.00234389 431.27489097 432.52679223 433.75819859 434.96926101
 436.1601304  437.33095771 438.48189387 439.61308982 440.7246965
 441.81686483 442.88974575 443.9434902  444.97824912 445.99417344
 446.99141409 447.97012201 448.93044814 449.8725434  450.79655875
 451.7026451  452.5909534  453.46163459 454.31483959 455.15071934
 455.96942479 456.77110685 457.55591648 458.3240046  459.07552215
 459.81062006 460.52944927 461.23216072 461.91890534 462.58983407
 463.24509784 463.88484759 464.50923424 465.11840875 465.71252204
 466.29172505 466.85616871 467.40600396 467.94138174 468.46245297
 468.9693686  469.46227956 469.94133679 470.40669122 470.85849378
 471.29689542 471.72204706 472.13409965 472.53320411 472.91951139
 473.29317241 473.65433812 474.00315945 474.33978734 474.66437271
 474.97706651 475.27801967 475.56738313 475.84530782 476.11194467
 476.36744463 476.61195862 476.84563759 477.06863247 477.28109419
 477.48317368 477.6750219  477.85678976 478.0286282  478.19068817
 478.34312059 478.48607641 478.61970655 478.74416195 478.85959355
 478.96615228 479.06398908 479.15325488 479.23410062 479.30667724
 479.37113566 479.42762683 479.47630167 479.51731114 479.55080615
 479.57693765 479.59585657 479.60771385 479.61266041 479.61084721
 479.60242517 479.58754522 479.56635831 479.53901537 479.50566734
 479.46646514 479.42155971 479.371102   479.31524293 479.25413344
 479.18792447 479.11676695 479.04081182 478.96021001 478.87511246
 478.78567009 478.69203386 478.59435469 478.49278352 478.38747129
 478.27856892 478.16622736 478.05059754 477.93183039 477.81007686
 477.68548787 477.55821436 477.42840727 477.29621753 477.16179608
 477.02529386 476.88686179 476.74665082 476.60481187 476.46149589
 476.31685381 476.17103656 476.02419509 475.87648032 475.72804319
 475.57903463 475.42960559 475.279907   475.13008979 474.9803049
 474.83070326 474.68143581 474.53265348 474.38450721 474.23714794
 474.0907266  473.94539412 473.80130145 473.6585995  473.51743924
 473.37797157 473.24034745 473.10471781 472.97123358 472.8400457
 472.7113051  472.58516272 472.46176949 472.34127636 472.22383425
 472.1095941  471.99870684 471.89132342 471.78759476 471.6876718
 471.59170548 471.49984673 471.41224649 471.3290557  471.25042528
 471.17650618 471.10744932 471.04340565 470.9845261  470.9309616
 470.8828631  470.84038152 470.8036678  470.77287288 470.74814769
 470.72964316 470.71751024 470.71189986 470.71296295 470.72085045
 470.73571329 470.75770241 470.78696875 470.82366324 470.86793681
 470.9199404  470.97982495 471.04774139 471.12384066 471.20827369
 471.30119141 471.40274477 471.5130847  471.63236213 471.760728
 471.89833324 472.0453288  472.2018656  472.36809457 472.54416667]","[0.         0.00334448 0.00668896 0.01003344 0.01337793 0.01672241
 0.02006689 0.02341137 0.02675585 0.03010033 0.03344482 0.0367893
 0.04013378 0.04347826 0.04682274 0.05016722 0.05351171 0.05685619
 0.06020067 0.06354515 0.06688963 0.07023411 0.0735786  0.07692308
 0.08026756 0.08361204 0.08695652 0.090301   0.09364548 0.09698997
 0.10033445 0.10367893 0.10702341 0.11036789 0.11371237 0.11705686
 0.12040134 0.12374582 0.1270903  0.13043478 0.13377926 0.13712375
 0.14046823 0.14381271 0.14715719 0.15050167 0.15384615 0.15719064
 0.16053512 0.1638796  0.16722408 0.17056856 0.17391304 0.17725753
 0.18060201 0.18394649 0.18729097 0.19063545 0.19397993 0.19732441
 0.2006689  0.20401338 0.20735786 0.21070234 0.21404682 0.2173913
 0.22073579 0.22408027 0.22742475 0.23076923 0.23411371 0.23745819
 0.24080268 0.24414716 0.24749164 0.25083612 0.2541806  0.25752508
 0.26086957 0.26421405 0.26755853 0.27090301 0.27424749 0.27759197
 0.28093645 0.28428094 0.28762542 0.2909699  0.29431438 0.29765886
 0.30100334 0.30434783 0.30769231 0.31103679 0.31438127 0.31772575
 0.32107023 0.32441472 0.3277592  0.33110368 0.33444816 0.33779264
 0.34113712 0.34448161 0.34782609 0.35117057 0.35451505 0.35785953
 0.36120401 0.36454849 0.36789298 0.37123746 0.37458194 0.37792642
 0.3812709  0.38461538 0.38795987 0.39130435 0.39464883 0.39799331
 0.40133779 0.40468227 0.40802676 0.41137124 0.41471572 0.4180602
 0.42140468 0.42474916 0.42809365 0.43143813 0.43478261 0.43812709
 0.44147157 0.44481605 0.44816054 0.45150502 0.4548495  0.45819398
 0.46153846 0.46488294 0.46822742 0.47157191 0.47491639 0.47826087
 0.48160535 0.48494983 0.48829431 0.4916388  0.49498328 0.49832776
 0.50167224 0.50501672 0.5083612  0.51170569 0.51505017 0.51839465
 0.52173913 0.52508361 0.52842809 0.53177258 0.53511706 0.53846154
 0.54180602 0.5451505  0.54849498 0.55183946 0.55518395 0.55852843
 0.56187291 0.56521739 0.56856187 0.57190635 0.57525084 0.57859532
 0.5819398  0.58528428 0.58862876 0.59197324 0.59531773 0.59866221
 0.60200669 0.60535117 0.60869565 0.61204013 0.61538462 0.6187291
 0.62207358 0.62541806 0.62876254 0.63210702 0.63545151 0.63879599
 0.64214047 0.64548495 0.64882943 0.65217391 0.65551839 0.65886288
 0.66220736 0.66555184 0.66889632 0.6722408  0.67558528 0.67892977
 0.68227425 0.68561873 0.68896321 0.69230769 0.69565217 0.69899666
 0.70234114 0.70568562 0.7090301  0.71237458 0.71571906 0.71906355
 0.72240803 0.72575251 0.72909699 0.73244147 0.73578595 0.73913043
 0.74247492 0.7458194  0.74916388 0.75250836 0.75585284 0.75919732
 0.76254181 0.76588629 0.76923077 0.77257525 0.77591973 0.77926421
 0.7826087  0.78595318 0.78929766 0.79264214 0.79598662 0.7993311
 0.80267559 0.80602007 0.80936455 0.81270903 0.81605351 0.81939799
 0.82274247 0.82608696 0.82943144 0.83277592 0.8361204  0.83946488
 0.84280936 0.84615385 0.84949833 0.85284281 0.85618729 0.85953177
 0.86287625 0.86622074 0.86956522 0.8729097  0.87625418 0.87959866
 0.88294314 0.88628763 0.88963211 0.89297659 0.89632107 0.89966555
 0.90301003 0.90635452 0.909699   0.91304348 0.91638796 0.91973244
 0.92307692 0.9264214  0.92976589 0.93311037 0.93645485 0.93979933
 0.94314381 0.94648829 0.94983278 0.95317726 0.95652174 0.95986622
 0.9632107  0.96655518 0.96989967 0.97324415 0.97658863 0.97993311
 0.98327759 0.98662207 0.98996656 0.99331104 0.99665552 1.        ]","[0.         0.01367079 0.02721964 0.04064708 0.05395363 0.06713981
 0.08020617 0.09315321 0.10598147 0.11869147 0.13128374 0.14375881
 0.1561172  0.16835943 0.18048604 0.19249754 0.20439448 0.21617736
 0.22784672 0.23940309 0.25084698 0.26217893 0.27339946 0.2845091
 0.29550838 0.30639781 0.31717793 0.32784927 0.33841234 0.34886767
 0.3592158  0.36945724 0.37959253 0.38962219 0.39954674 0.40936671
 0.41908263 0.42869502 0.43820441 0.44761132 0.45691629 0.46611984
 0.47522249 0.48422477 0.4931272  0.50193032 0.51063464 0.5192407
 0.52774902 0.53616013 0.54447455 0.5526928  0.56081542 0.56884293
 0.57677586 0.58461473 0.59236007 0.60001241 0.60757227 0.61504017
 0.62241665 0.62970222 0.63689742 0.64400278 0.65101881 0.65794604
 0.66478501 0.67153623 0.67820023 0.68477754 0.69126868 0.69767419
 0.70399458 0.71023038 0.71638212 0.72245033 0.72843553 0.73433824
 0.740159   0.74589832 0.75155674 0.75713479 0.76263298 0.76805184
 0.7733919  0.77865369 0.78383773 0.78894454 0.79397466 0.79892861
 0.80380692 0.80861011 0.8133387  0.81799323 0.82257422 0.8270822
 0.83151769 0.83588122 0.84017331 0.8443945  0.8485453  0.85262624
 0.85663785 0.86058066 0.86445519 0.86826196 0.87200151 0.87567436
 0.87928103 0.88282206 0.88629796 0.88970927 0.89305651 0.8963402
 0.89956087 0.90271906 0.90581527 0.90885005 0.91182392 0.91473739
 0.91759101 0.92038529 0.92312076 0.92579794 0.92841737 0.93097957
 0.93348507 0.93593438 0.93832805 0.94066658 0.94295052 0.94518038
 0.94735669 0.94947998 0.95155078 0.9535696  0.95553698 0.95745344
 0.95931951 0.96113572 0.96290258 0.96462063 0.9662904  0.9679124
 0.96948717 0.97101523 0.9724971  0.97393332 0.97532441 0.97667089
 0.97797329 0.97923214 0.98044797 0.98162129 0.98275264 0.98384254
 0.98489152 0.9859001  0.98686881 0.98779818 0.98868873 0.98954099
 0.99035548 0.99113274 0.99187328 0.99257763 0.99324632 0.99387988
 0.99447882 0.99504369 0.99557499 0.99607327 0.99653904 0.99697283
 0.99737517 0.99774658 0.99808759 0.99839873 0.99868052 0.99893349
 0.99915816 0.99935506 0.99952472 0.99966766 0.99978441 0.99987549
 0.99994143 0.99998276 1.         0.99999368 0.99996432 0.99991246
 0.99983861 0.99974331 0.99962707 0.99949043 0.99933391 0.99915804
 0.99896335 0.99875035 0.99851957 0.99827155 0.99800681 0.99772587
 0.99742926 0.99711751 0.99679114 0.99645067 0.99609665 0.99572958
 0.99535    0.99495843 0.9945554  0.99414143 0.99371706 0.9932828
 0.99283919 0.99238674 0.99192599 0.99145746 0.99098168 0.99049917
 0.99001046 0.98951608 0.98901655 0.9885124  0.98800415 0.98749233
 0.98697747 0.98646009 0.98594071 0.98541987 0.9848981  0.98437591
 0.98385383 0.98333239 0.98281211 0.98229353 0.98177716 0.98126354
 0.98075318 0.98024662 0.97974439 0.979247   0.97875498 0.97826886
 0.97778917 0.97731643 0.97685117 0.97639391 0.97594518 0.97550551
 0.97507542 0.97465544 0.97424609 0.97384791 0.97346141 0.97308712
 0.97272557 0.97237729 0.97204279 0.97172262 0.97141729 0.97112732
 0.97085325 0.97059561 0.97035491 0.97013168 0.96992646 0.96973976
 0.96957211 0.96942404 0.96929607 0.96918874 0.96910256 0.96903806
 0.96899577 0.96897621 0.96897992 0.96900741 0.96905921 0.96913586
 0.96923787 0.96936577 0.96952008 0.96970134 0.96991007 0.9701468
 0.97041204 0.97070633 0.9710302  0.97138417 0.97176876 0.9721845
 0.97263192 0.97311155 0.97362391 0.97416952 0.97474891 0.97536262]","[ 4.08756636e+00  4.05110634e+00  4.01480363e+00  3.97865822e+00
  3.94267010e+00  3.90683929e+00  3.87116578e+00  3.83564957e+00
  3.80029066e+00  3.76508905e+00  3.73004474e+00  3.69515773e+00
  3.66042802e+00  3.62585561e+00  3.59144050e+00  3.55718269e+00
  3.52308219e+00  3.48913898e+00  3.45535307e+00  3.42172447e+00
  3.38825316e+00  3.35493915e+00  3.32178245e+00  3.28878304e+00
  3.25594094e+00  3.22325614e+00  3.19072863e+00  3.15835843e+00
  3.12614553e+00  3.09408992e+00  3.06219162e+00  3.03045062e+00
  2.99886692e+00  2.96744052e+00  2.93617142e+00  2.90505962e+00
  2.87410512e+00  2.84330792e+00  2.81266802e+00  2.78218542e+00
  2.75186012e+00  2.72169213e+00  2.69168143e+00  2.66182803e+00
  2.63213194e+00  2.60259314e+00  2.57321165e+00  2.54398745e+00
  2.51492056e+00  2.48601096e+00  2.45725867e+00  2.42866367e+00
  2.40022598e+00  2.37194559e+00  2.34382250e+00  2.31585670e+00
  2.28804821e+00  2.26039702e+00  2.23290313e+00  2.20556654e+00
  2.17838725e+00  2.15136526e+00  2.12450057e+00  2.09779319e+00
  2.07124310e+00  2.04485031e+00  2.01861482e+00  1.99253664e+00
  1.96661575e+00  1.94085216e+00  1.91524588e+00  1.88979689e+00
  1.86450521e+00  1.83937082e+00  1.81439374e+00  1.78957396e+00
  1.76491147e+00  1.74040629e+00  1.71605841e+00  1.69186782e+00
  1.66783454e+00  1.64395856e+00  1.62023988e+00  1.59667850e+00
  1.57327442e+00  1.55002764e+00  1.52693816e+00  1.50400598e+00
  1.48123111e+00  1.45861353e+00  1.43615325e+00  1.41385027e+00
  1.39170460e+00  1.36971622e+00  1.34788514e+00  1.32621137e+00
  1.30469489e+00  1.28333572e+00  1.26213384e+00  1.24108927e+00
  1.22020200e+00  1.19947202e+00  1.17889935e+00  1.15848398e+00
  1.13822591e+00  1.11812514e+00  1.09818167e+00  1.07839549e+00
  1.05876662e+00  1.03929505e+00  1.01998079e+00  1.00082382e+00
  9.81824148e-01  9.62981780e-01  9.44296712e-01  9.25768945e-01
  9.07398478e-01  8.89185311e-01  8.71129445e-01  8.53230879e-01
  8.35489614e-01  8.17905649e-01  8.00478985e-01  7.83209621e-01
  7.66097557e-01  7.49142794e-01  7.32345331e-01  7.15705169e-01
  6.99222307e-01  6.82896745e-01  6.66728484e-01  6.50717523e-01
  6.34863863e-01  6.19167503e-01  6.03628443e-01  5.88246684e-01
  5.73022225e-01  5.57955067e-01  5.43045209e-01  5.28292651e-01
  5.13697394e-01  4.99259437e-01  4.84978781e-01  4.70855425e-01
  4.56889370e-01  4.43080615e-01  4.29429160e-01  4.15935006e-01
  4.02598152e-01  3.89418598e-01  3.76396345e-01  3.63531393e-01
  3.50823741e-01  3.38273389e-01  3.25880337e-01  3.13644586e-01
  3.01566136e-01  2.89644985e-01  2.77881136e-01  2.66274586e-01
  2.54825337e-01  2.43533389e-01  2.32398741e-01  2.21421393e-01
  2.10601346e-01  1.99938599e-01  1.89433152e-01  1.79085006e-01
  1.68894160e-01  1.58860615e-01  1.48984370e-01  1.39265426e-01
  1.29703782e-01  1.20299438e-01  1.11052395e-01  1.01962652e-01
  9.30302093e-02  8.42550672e-02  7.56372256e-02  6.71766844e-02
  5.88734436e-02  5.07275032e-02  4.27388632e-02  3.49075236e-02
  2.72334844e-02  1.97167456e-02  1.23573072e-02  5.15516926e-03
 -1.88966830e-03 -8.77720545e-03 -1.55074422e-02 -2.20803785e-02
 -2.84960144e-02 -3.47543500e-02 -4.08553851e-02 -4.67991198e-02
 -5.25855541e-02 -5.82146880e-02 -6.36865214e-02 -6.90010545e-02
 -7.41582872e-02 -7.91582194e-02 -8.40008513e-02 -8.86861827e-02
 -9.32142138e-02 -9.75849444e-02 -1.01798375e-01 -1.05854504e-01
 -1.09753334e-01 -1.13494863e-01 -1.17079091e-01 -1.20506020e-01
 -1.23775647e-01 -1.26887975e-01 -1.29843002e-01 -1.32640728e-01
 -1.35281154e-01 -1.37764280e-01 -1.40090105e-01 -1.42258630e-01
 -1.44269855e-01 -1.46123779e-01 -1.47820403e-01 -1.49359726e-01
 -1.50741749e-01 -1.51966471e-01 -1.53033893e-01 -1.53944015e-01
 -1.54696836e-01 -1.55292357e-01 -1.55730578e-01 -1.56011498e-01
 -1.56135117e-01 -1.56101436e-01 -1.55910455e-01 -1.55562174e-01
 -1.55056592e-01 -1.54393709e-01 -1.53573526e-01 -1.52596043e-01
 -1.51461259e-01 -1.50169175e-01 -1.48719791e-01 -1.47113106e-01
 -1.45349121e-01 -1.43427835e-01 -1.41349249e-01 -1.39113363e-01
 -1.36720176e-01 -1.34169688e-01 -1.31461901e-01 -1.28596813e-01
 -1.25574424e-01 -1.22394735e-01 -1.19057746e-01 -1.15563456e-01
 -1.11911866e-01 -1.08102975e-01 -1.04136784e-01 -1.00013293e-01
 -9.57325011e-02 -9.12944089e-02 -8.66990163e-02 -8.19463232e-02
 -7.70363298e-02 -7.19690360e-02 -6.67444417e-02 -6.13625471e-02
 -5.58233520e-02 -5.01268566e-02 -4.42730607e-02 -3.82619644e-02
 -3.20935677e-02 -2.57678707e-02 -1.92848732e-02 -1.26445752e-02
 -5.84697693e-03  1.10792179e-03  8.22012092e-03  1.54896205e-02
  2.29164204e-02  3.05005208e-02  3.82419215e-02  4.61406227e-02
  5.41966243e-02  6.24099263e-02  7.07805286e-02  7.93084314e-02
  8.79936347e-02  9.68361383e-02  1.05835942e-01  1.14993047e-01
  1.24307452e-01  1.33779157e-01  1.43408162e-01  1.53194469e-01
  1.63138075e-01  1.73238982e-01  1.83497189e-01]","[4.08756636e+00 4.05110634e+00 4.01480363e+00 3.97865822e+00
 3.94267010e+00 3.90683929e+00 3.87116578e+00 3.83564957e+00
 3.80029066e+00 3.76508905e+00 3.73004474e+00 3.69515773e+00
 3.66042802e+00 3.62585561e+00 3.59144050e+00 3.55718269e+00
 3.52308219e+00 3.48913898e+00 3.45535307e+00 3.42172447e+00
 3.38825316e+00 3.35493915e+00 3.32178245e+00 3.28878304e+00
 3.25594094e+00 3.22325614e+00 3.19072863e+00 3.15835843e+00
 3.12614553e+00 3.09408992e+00 3.06219162e+00 3.03045062e+00
 2.99886692e+00 2.96744052e+00 2.93617142e+00 2.90505962e+00
 2.87410512e+00 2.84330792e+00 2.81266802e+00 2.78218542e+00
 2.75186012e+00 2.72169213e+00 2.69168143e+00 2.66182803e+00
 2.63213194e+00 2.60259314e+00 2.57321165e+00 2.54398745e+00
 2.51492056e+00 2.48601096e+00 2.45725867e+00 2.42866367e+00
 2.40022598e+00 2.37194559e+00 2.34382250e+00 2.31585670e+00
 2.28804821e+00 2.26039702e+00 2.23290313e+00 2.20556654e+00
 2.17838725e+00 2.15136526e+00 2.12450057e+00 2.09779319e+00
 2.07124310e+00 2.04485031e+00 2.01861482e+00 1.99253664e+00
 1.96661575e+00 1.94085216e+00 1.91524588e+00 1.88979689e+00
 1.86450521e+00 1.83937082e+00 1.81439374e+00 1.78957396e+00
 1.76491147e+00 1.74040629e+00 1.71605841e+00 1.69186782e+00
 1.66783454e+00 1.64395856e+00 1.62023988e+00 1.59667850e+00
 1.57327442e+00 1.55002764e+00 1.52693816e+00 1.50400598e+00
 1.48123111e+00 1.45861353e+00 1.43615325e+00 1.41385027e+00
 1.39170460e+00 1.36971622e+00 1.34788514e+00 1.32621137e+00
 1.30469489e+00 1.28333572e+00 1.26213384e+00 1.24108927e+00
 1.22020200e+00 1.19947202e+00 1.17889935e+00 1.15848398e+00
 1.13822591e+00 1.11812514e+00 1.09818167e+00 1.07839549e+00
 1.05876662e+00 1.03929505e+00 1.01998079e+00 1.00082382e+00
 9.81824148e-01 9.62981780e-01 9.44296712e-01 9.25768945e-01
 9.07398478e-01 8.89185311e-01 8.71129445e-01 8.53230879e-01
 8.35489614e-01 8.17905649e-01 8.00478985e-01 7.83209621e-01
 7.66097557e-01 7.49142794e-01 7.32345331e-01 7.15705169e-01
 6.99222307e-01 6.82896745e-01 6.66728484e-01 6.50717523e-01
 6.34863863e-01 6.19167503e-01 6.03628443e-01 5.88246684e-01
 5.73022225e-01 5.57955067e-01 5.43045209e-01 5.28292651e-01
 5.13697394e-01 4.99259437e-01 4.84978781e-01 4.70855425e-01
 4.56889370e-01 4.43080615e-01 4.29429160e-01 4.15935006e-01
 4.02598152e-01 3.89418598e-01 3.76396345e-01 3.63531393e-01
 3.50823741e-01 3.38273389e-01 3.25880337e-01 3.13644586e-01
 3.01566136e-01 2.89644985e-01 2.77881136e-01 2.66274586e-01
 2.54825337e-01 2.43533389e-01 2.32398741e-01 2.21421393e-01
 2.10601346e-01 1.99938599e-01 1.89433152e-01 1.79085006e-01
 1.68894160e-01 1.58860615e-01 1.48984370e-01 1.39265426e-01
 1.29703782e-01 1.20299438e-01 1.11052395e-01 1.01962652e-01
 9.30302093e-02 8.42550672e-02 7.56372256e-02 6.71766844e-02
 5.88734436e-02 5.07275032e-02 4.27388632e-02 3.49075236e-02
 2.72334844e-02 1.97167456e-02 1.23573072e-02 5.15516926e-03
 1.88966830e-03 8.77720545e-03 1.55074422e-02 2.20803785e-02
 2.84960144e-02 3.47543500e-02 4.08553851e-02 4.67991198e-02
 5.25855541e-02 5.82146880e-02 6.36865214e-02 6.90010545e-02
 7.41582872e-02 7.91582194e-02 8.40008513e-02 8.86861827e-02
 9.32142138e-02 9.75849444e-02 1.01798375e-01 1.05854504e-01
 1.09753334e-01 1.13494863e-01 1.17079091e-01 1.20506020e-01
 1.23775647e-01 1.26887975e-01 1.29843002e-01 1.32640728e-01
 1.35281154e-01 1.37764280e-01 1.40090105e-01 1.42258630e-01
 1.44269855e-01 1.46123779e-01 1.47820403e-01 1.49359726e-01
 1.50741749e-01 1.51966471e-01 1.53033893e-01 1.53944015e-01
 1.54696836e-01 1.55292357e-01 1.55730578e-01 1.56011498e-01
 1.56135117e-01 1.56101436e-01 1.55910455e-01 1.55562174e-01
 1.55056592e-01 1.54393709e-01 1.53573526e-01 1.52596043e-01
 1.51461259e-01 1.50169175e-01 1.48719791e-01 1.47113106e-01
 1.45349121e-01 1.43427835e-01 1.41349249e-01 1.39113363e-01
 1.36720176e-01 1.34169688e-01 1.31461901e-01 1.28596813e-01
 1.25574424e-01 1.22394735e-01 1.19057746e-01 1.15563456e-01
 1.11911866e-01 1.08102975e-01 1.04136784e-01 1.00013293e-01
 9.57325011e-02 9.12944089e-02 8.66990163e-02 8.19463232e-02
 7.70363298e-02 7.19690360e-02 6.67444417e-02 6.13625471e-02
 5.58233520e-02 5.01268566e-02 4.42730607e-02 3.82619644e-02
 3.20935677e-02 2.57678707e-02 1.92848732e-02 1.26445752e-02
 5.84697693e-03 1.10792179e-03 8.22012092e-03 1.54896205e-02
 2.29164204e-02 3.05005208e-02 3.82419215e-02 4.61406227e-02
 5.41966243e-02 6.24099263e-02 7.07805286e-02 7.93084314e-02
 8.79936347e-02 9.68361383e-02 1.05835942e-01 1.14993047e-01
 1.24307452e-01 1.33779157e-01 1.43408162e-01 1.53194469e-01
 1.63138075e-01 1.73238982e-01 1.83497189e-01]","[0.00167224 0.00501672 0.0083612  0.01170569 0.01505017 0.01839465
 0.02173913 0.02508361 0.02842809 0.03177258 0.03511706 0.03846154
 0.04180602 0.0451505  0.04849498 0.05183946 0.05518395 0.05852843
 0.06187291 0.06521739 0.06856187 0.07190635 0.07525084 0.07859532
 0.0819398  0.08528428 0.08862876 0.09197324 0.09531773 0.09866221
 0.10200669 0.10535117 0.10869565 0.11204013 0.11538462 0.1187291
 0.12207358 0.12541806 0.12876254 0.13210702 0.13545151 0.13879599
 0.14214047 0.14548495 0.14882943 0.15217391 0.15551839 0.15886288
 0.16220736 0.16555184 0.16889632 0.1722408  0.17558528 0.17892977
 0.18227425 0.18561873 0.18896321 0.19230769 0.19565217 0.19899666
 0.20234114 0.20568562 0.2090301  0.21237458 0.21571906 0.21906355
 0.22240803 0.22575251 0.22909699 0.23244147 0.23578595 0.23913043
 0.24247492 0.2458194  0.24916388 0.25250836 0.25585284 0.25919732
 0.26254181 0.26588629 0.26923077 0.27257525 0.27591973 0.27926421
 0.2826087  0.28595318 0.28929766 0.29264214 0.29598662 0.2993311
 0.30267559 0.30602007 0.30936455 0.31270903 0.31605351 0.31939799
 0.32274247 0.32608696 0.32943144 0.33277592 0.3361204  0.33946488
 0.34280936 0.34615385 0.34949833 0.35284281 0.35618729 0.35953177
 0.36287625 0.36622074 0.36956522 0.3729097  0.37625418 0.37959866
 0.38294314 0.38628763 0.38963211 0.39297659 0.39632107 0.39966555
 0.40301003 0.40635452 0.409699   0.41304348 0.41638796 0.41973244
 0.42307692 0.4264214  0.42976589 0.43311037 0.43645485 0.43979933
 0.44314381 0.44648829 0.44983278 0.45317726 0.45652174 0.45986622
 0.4632107  0.46655518 0.46989967 0.47324415 0.47658863 0.47993311
 0.48327759 0.48662207 0.48996656 0.49331104 0.49665552 0.5
 0.50334448 0.50668896 0.51003344 0.51337793 0.51672241 0.52006689
 0.52341137 0.52675585 0.53010033 0.53344482 0.5367893  0.54013378
 0.54347826 0.54682274 0.55016722 0.55351171 0.55685619 0.56020067
 0.56354515 0.56688963 0.57023411 0.5735786  0.57692308 0.58026756
 0.58361204 0.58695652 0.590301   0.59364548 0.59698997 0.60033445
 0.60367893 0.60702341 0.61036789 0.61371237 0.61705686 0.62040134
 0.62374582 0.6270903  0.63043478 0.63377926 0.63712375 0.64046823
 0.64381271 0.64715719 0.65050167 0.65384615 0.65719064 0.66053512
 0.6638796  0.66722408 0.67056856 0.67391304 0.67725753 0.68060201
 0.68394649 0.68729097 0.69063545 0.69397993 0.69732441 0.7006689
 0.70401338 0.70735786 0.71070234 0.71404682 0.7173913  0.72073579
 0.72408027 0.72742475 0.73076923 0.73411371 0.73745819 0.74080268
 0.74414716 0.74749164 0.75083612 0.7541806  0.75752508 0.76086957
 0.76421405 0.76755853 0.77090301 0.77424749 0.77759197 0.78093645
 0.78428094 0.78762542 0.7909699  0.79431438 0.79765886 0.80100334
 0.80434783 0.80769231 0.81103679 0.81438127 0.81772575 0.82107023
 0.82441472 0.8277592  0.83110368 0.83444816 0.83779264 0.84113712
 0.84448161 0.84782609 0.85117057 0.85451505 0.85785953 0.86120401
 0.86454849 0.86789298 0.87123746 0.87458194 0.87792642 0.8812709
 0.88461538 0.88795987 0.89130435 0.89464883 0.89799331 0.90133779
 0.90468227 0.90802676 0.91137124 0.91471572 0.9180602  0.92140468
 0.92474916 0.92809365 0.93143813 0.93478261 0.93812709 0.94147157
 0.94481605 0.94816054 0.95150502 0.9548495  0.95819398 0.96153846
 0.96488294 0.96822742 0.97157191 0.97491639 0.97826087 0.98160535
 0.98494983 0.98829431 0.9916388  0.99498328 0.99832776]"
CLASSIC,P,T,GAM,108.4896,0.1754,0.3158,0.5715,0.0,12047,341.3451,2.6023,341.3451,2.6023,2.6023,1.0,131.1687,300,1.0,0.7646,-0.7024,3.3666,1.1311,0.7646,3.3666,1.1202,1.1248,2.0265,0.3654,1.1248,0.7023,0.2174,0.0803,1,2,-2.0609,0.0,2.358,0.4471,0.7405,2.2562,2.358,0.7405,0.1896,0.314,0.9568,0.314,0.3243,0.7719,0.8166,0.8726,0.5862,0.2427,0.2228,1.0,1.0,1.1311,1.1311,0,299,False,False,0.0,0.0,0.0,0.0,0.0,0.0,normalized,"[ 624.7921875   635.60970422  646.42722094  657.24473767  668.06225439
  678.87977111  689.69728783  700.51480456  711.33232128  722.149838
  732.96735472  743.78487145  754.60238817  765.41990489  776.23742161
  787.05493834  797.87245506  808.68997178  819.5074885   830.32500523
  841.14252195  851.96003867  862.77755539  873.59507212  884.41258884
  895.23010556  906.04762228  916.86513901  927.68265573  938.50017245
  949.31768917  960.13520589  970.95272262  981.77023934  992.58775606
 1003.40527278 1014.22278951 1025.04030623 1035.85782295 1046.67533967
 1057.4928564  1068.31037312 1079.12788984 1089.94540656 1100.76292329
 1111.58044001 1122.39795673 1133.21547345 1144.03299018 1154.8505069
 1165.66802362 1176.48554034 1187.30305707 1198.12057379 1208.93809051
 1219.75560723 1230.57312395 1241.39064068 1252.2081574  1263.02567412
 1273.84319084 1284.66070757 1295.47822429 1306.29574101 1317.11325773
 1327.93077446 1338.74829118 1349.5658079  1360.38332462 1371.20084135
 1382.01835807 1392.83587479 1403.65339151 1414.47090824 1425.28842496
 1436.10594168 1446.9234584  1457.74097513 1468.55849185 1479.37600857
 1490.19352529 1501.01104202 1511.82855874 1522.64607546 1533.46359218
 1544.2811089  1555.09862563 1565.91614235 1576.73365907 1587.55117579
 1598.36869252 1609.18620924 1620.00372596 1630.82124268 1641.63875941
 1652.45627613 1663.27379285 1674.09130957 1684.9088263  1695.72634302
 1706.54385974 1717.36137646 1728.17889319 1738.99640991 1749.81392663
 1760.63144335 1771.44896008 1782.2664768  1793.08399352 1803.90151024
 1814.71902696 1825.53654369 1836.35406041 1847.17157713 1857.98909385
 1868.80661058 1879.6241273  1890.44164402 1901.25916074 1912.07667747
 1922.89419419 1933.71171091 1944.52922763 1955.34674436 1966.16426108
 1976.9817778  1987.79929452 1998.61681125 2009.43432797 2020.25184469
 2031.06936141 2041.88687814 2052.70439486 2063.52191158 2074.3394283
 2085.15694503 2095.97446175 2106.79197847 2117.60949519 2128.42701191
 2139.24452864 2150.06204536 2160.87956208 2171.6970788  2182.51459553
 2193.33211225 2204.14962897 2214.96714569 2225.78466242 2236.60217914
 2247.41969586 2258.23721258 2269.05472931 2279.87224603 2290.68976275
 2301.50727947 2312.3247962  2323.14231292 2333.95982964 2344.77734636
 2355.59486309 2366.41237981 2377.22989653 2388.04741325 2398.86492997
 2409.6824467  2420.49996342 2431.31748014 2442.13499686 2452.95251359
 2463.77003031 2474.58754703 2485.40506375 2496.22258048 2507.0400972
 2517.85761392 2528.67513064 2539.49264737 2550.31016409 2561.12768081
 2571.94519753 2582.76271426 2593.58023098 2604.3977477  2615.21526442
 2626.03278115 2636.85029787 2647.66781459 2658.48533131 2669.30284804
 2680.12036476 2690.93788148 2701.7553982  2712.57291492 2723.39043165
 2734.20794837 2745.02546509 2755.84298181 2766.66049854 2777.47801526
 2788.29553198 2799.1130487  2809.93056543 2820.74808215 2831.56559887
 2842.38311559 2853.20063232 2864.01814904 2874.83566576 2885.65318248
 2896.47069921 2907.28821593 2918.10573265 2928.92324937 2939.7407661
 2950.55828282 2961.37579954 2972.19331626 2983.01083298 2993.82834971
 3004.64586643 3015.46338315 3026.28089987 3037.0984166  3047.91593332
 3058.73345004 3069.55096676 3080.36848349 3091.18600021 3102.00351693
 3112.82103365 3123.63855038 3134.4560671  3145.27358382 3156.09110054
 3166.90861727 3177.72613399 3188.54365071 3199.36116743 3210.17868416
 3220.99620088 3231.8137176  3242.63123432 3253.44875105 3264.26626777
 3275.08378449 3285.90130121 3296.71881793 3307.53633466 3318.35385138
 3329.1713681  3339.98888482 3350.80640155 3361.62391827 3372.44143499
 3383.25895171 3394.07646844 3404.89398516 3415.71150188 3426.5290186
 3437.34653533 3448.16405205 3458.98156877 3469.79908549 3480.61660222
 3491.43411894 3502.25163566 3513.06915238 3523.88666911 3534.70418583
 3545.52170255 3556.33921927 3567.15673599 3577.97425272 3588.79176944
 3599.60928616 3610.42680288 3621.24431961 3632.06183633 3642.87935305
 3653.69686977 3664.5143865  3675.33190322 3686.14941994 3696.96693666
 3707.78445339 3718.60197011 3729.41948683 3740.23700355 3751.05452028
 3761.872037   3772.68955372 3783.50707044 3794.32458717 3805.14210389
 3815.95962061 3826.77713733 3837.59465406 3848.41217078 3859.2296875 ]","[198.33238485 202.17577425 205.96225964 209.69325403 213.37017047
 216.99442198 220.56742158 224.09058231 227.56531719 230.99303926
 234.37516153 237.71309705 241.00825883 244.2620599  247.4759133
 250.65123205 253.78942917 256.89191771 259.96011068 262.99542111
 265.99926204 268.97304648 271.91818747 274.83609804 277.72819122
 280.59588003 283.4405775  286.26369665 289.06665053 291.85085215
 294.61771454 297.36865074 300.10507376 302.82839665 305.53987783
 308.23954809 310.92685275 313.60123354 316.26213217 318.90899038
 321.54124989 324.15835242 326.75973969 329.34485344 331.91313538
 334.46402723 336.99697073 339.51140759 342.00677954 344.48252831
 346.93809561 349.37292318 351.78645273 354.17812599 356.54738468
 358.89367053 361.21642526 363.51509059 365.78910826 368.03791997
 370.26096747 372.45769246 374.62753668 376.76994185 378.88434969
 380.97020193 383.02694029 385.05403114 387.05138325 389.0192881
 390.95804975 392.86797227 394.74935975 396.60251626 398.42774587
 400.22535266 401.99564071 403.73891408 405.45547685 407.14563311
 408.80968692 410.44794236 412.0607035  413.64827442 415.2109592
 416.74906191 418.26288662 419.75273741 421.21891836 422.66173354
 424.08148702 425.47848288 426.8530252  428.20541806 429.53596551
 430.84497165 432.13274055 433.39957627 434.64578291 435.87166452
 437.07752424 438.26360803 439.43007329 440.57706976 441.70474722
 442.81325542 443.90274414 444.97336313 446.02526215 447.05859098
 448.07349937 449.07013709 450.0486539  451.00919956 451.95192384
 452.8769765  453.7845073  454.674666   455.54760238 456.40346619
 457.24240719 458.06457516 458.87011984 459.65919101 460.43193843
 461.18851186 461.92906107 462.65373581 463.36268586 464.05606097
 464.73401091 465.39668544 466.04423432 466.67680727 467.29450276
 467.89727186 468.48503933 469.05772989 469.61526828 470.15757925
 470.68458754 471.19621788 471.69239502 472.1730437  472.63808864
 473.0874546  473.52106632 473.93884852 474.34072596 474.72662338
 475.0964655  475.45017707 475.78768284 476.10890754 476.4137759
 476.70221268 476.97414261 477.22949042 477.46818087 477.69013868
 477.8952886  478.08355537 478.25486372 478.4091384  478.54630415
 478.6662857  478.7690078  478.85450425 478.92341908 478.97660849
 479.01492891 479.03923674 479.05038838 479.04924025 479.03664876
 479.01347033 478.98056135 478.93877825 478.88897743 478.8320153
 478.76874827 478.70003276 478.62672517 478.54968191 478.4697594
 478.38781405 478.30470226 478.22128045 478.13840503 478.05693241
 477.97771899 477.90162119 477.82949542 477.7621981  477.70058562
 477.6455144  477.59784086 477.5584214  477.52811243 477.50777036
 477.49812387 477.49841673 477.5069347  477.52194756 477.54172512
 477.56453716 477.58865348 477.61234388 477.63387814 477.65152606
 477.66355743 477.66824205 477.66384971 477.6486502  477.62091332
 477.57890885 477.5209066  477.44517635 477.34998791 477.23361105
 477.09431558 476.93037129 476.74004797 476.52161542 476.27334343
 475.99350178 475.68036029 475.33218873 474.9472569  474.5238346
 474.06019162 473.55459775 473.00532279 472.41073861 471.77231327
 471.09509429 470.38432861 469.64526314 468.88314483 468.10322059
 467.31073736 466.51094206 465.70908161 464.91040295 464.12015299
 463.34357868 462.58592693 461.85244467 461.14837884 460.47897635
 459.84948413 459.26514911 458.73121822 458.25293839 457.83555654
 457.48431959 457.20447449 457.00126814 456.87994749 456.84575946
 456.90395096 457.05976894 457.31846032 457.68527203 458.16545098
 458.76424412 459.48688415 460.33629628 461.31056685 462.40717289
 463.62359145 464.95729958 466.40577432 467.96649271 469.63693179
 471.4145686  473.2968802  475.28134362 477.3654359  479.54663409
 481.82241523 484.19025636 486.64763453 489.19202678 491.82091015
 494.53176169 497.32205843 500.18927742 503.13089571 506.14439034
 509.22723834 512.37691677 515.59090266 518.86667306 522.20170501
 525.59347555 529.03946173 532.53714059 536.08398917 539.67748452]","[0.         0.00334448 0.00668896 0.01003344 0.01337793 0.01672241
 0.02006689 0.02341137 0.02675585 0.03010033 0.03344482 0.0367893
 0.04013378 0.04347826 0.04682274 0.05016722 0.05351171 0.05685619
 0.06020067 0.06354515 0.06688963 0.07023411 0.0735786  0.07692308
 0.08026756 0.08361204 0.08695652 0.090301   0.09364548 0.09698997
 0.10033445 0.10367893 0.10702341 0.11036789 0.11371237 0.11705686
 0.12040134 0.12374582 0.1270903  0.13043478 0.13377926 0.13712375
 0.14046823 0.14381271 0.14715719 0.15050167 0.15384615 0.15719064
 0.16053512 0.1638796  0.16722408 0.17056856 0.17391304 0.17725753
 0.18060201 0.18394649 0.18729097 0.19063545 0.19397993 0.19732441
 0.2006689  0.20401338 0.20735786 0.21070234 0.21404682 0.2173913
 0.22073579 0.22408027 0.22742475 0.23076923 0.23411371 0.23745819
 0.24080268 0.24414716 0.24749164 0.25083612 0.2541806  0.25752508
 0.26086957 0.26421405 0.26755853 0.27090301 0.27424749 0.27759197
 0.28093645 0.28428094 0.28762542 0.2909699  0.29431438 0.29765886
 0.30100334 0.30434783 0.30769231 0.31103679 0.31438127 0.31772575
 0.32107023 0.32441472 0.3277592  0.33110368 0.33444816 0.33779264
 0.34113712 0.34448161 0.34782609 0.35117057 0.35451505 0.35785953
 0.36120401 0.36454849 0.36789298 0.37123746 0.37458194 0.37792642
 0.3812709  0.38461538 0.38795987 0.39130435 0.39464883 0.39799331
 0.40133779 0.40468227 0.40802676 0.41137124 0.41471572 0.4180602
 0.42140468 0.42474916 0.42809365 0.43143813 0.43478261 0.43812709
 0.44147157 0.44481605 0.44816054 0.45150502 0.4548495  0.45819398
 0.46153846 0.46488294 0.46822742 0.47157191 0.47491639 0.47826087
 0.48160535 0.48494983 0.48829431 0.4916388  0.49498328 0.49832776
 0.50167224 0.50501672 0.5083612  0.51170569 0.51505017 0.51839465
 0.52173913 0.52508361 0.52842809 0.53177258 0.53511706 0.53846154
 0.54180602 0.5451505  0.54849498 0.55183946 0.55518395 0.55852843
 0.56187291 0.56521739 0.56856187 0.57190635 0.57525084 0.57859532
 0.5819398  0.58528428 0.58862876 0.59197324 0.59531773 0.59866221
 0.60200669 0.60535117 0.60869565 0.61204013 0.61538462 0.6187291
 0.62207358 0.62541806 0.62876254 0.63210702 0.63545151 0.63879599
 0.64214047 0.64548495 0.64882943 0.65217391 0.65551839 0.65886288
 0.66220736 0.66555184 0.66889632 0.6722408  0.67558528 0.67892977
 0.68227425 0.68561873 0.68896321 0.69230769 0.69565217 0.69899666
 0.70234114 0.70568562 0.7090301  0.71237458 0.71571906 0.71906355
 0.72240803 0.72575251 0.72909699 0.73244147 0.73578595 0.73913043
 0.74247492 0.7458194  0.74916388 0.75250836 0.75585284 0.75919732
 0.76254181 0.76588629 0.76923077 0.77257525 0.77591973 0.77926421
 0.7826087  0.78595318 0.78929766 0.79264214 0.79598662 0.7993311
 0.80267559 0.80602007 0.80936455 0.81270903 0.81605351 0.81939799
 0.82274247 0.82608696 0.82943144 0.83277592 0.8361204  0.83946488
 0.84280936 0.84615385 0.84949833 0.85284281 0.85618729 0.85953177
 0.86287625 0.86622074 0.86956522 0.8729097  0.87625418 0.87959866
 0.88294314 0.88628763 0.88963211 0.89297659 0.89632107 0.89966555
 0.90301003 0.90635452 0.909699   0.91304348 0.91638796 0.91973244
 0.92307692 0.9264214  0.92976589 0.93311037 0.93645485 0.93979933
 0.94314381 0.94648829 0.94983278 0.95317726 0.95652174 0.95986622
 0.9632107  0.96655518 0.96989967 0.97324415 0.97658863 0.97993311
 0.98327759 0.98662207 0.98996656 0.99331104 0.99665552 1.        ]","[0.         0.01125954 0.02235238 0.03328265 0.04405449 0.05467205
 0.06513946 0.07546087 0.0856404  0.09568221 0.10559043 0.1153692
 0.12502266 0.13455496 0.14397022 0.15327259 0.16246621 0.17155522
 0.18054375 0.18943596 0.19823597 0.20694793 0.21557597 0.22412425
 0.23259688 0.24099803 0.24933181 0.25760239 0.26581388 0.27397044
 0.2820762  0.29013531 0.2981519  0.30613011 0.31407363 0.32198254
 0.32985523 0.33769006 0.3454854  0.3532396  0.36095103 0.36861806
 0.37623905 0.38381236 0.39133637 0.39880942 0.4062299  0.41359616
 0.42090657 0.42815949 0.43535329 0.44248632 0.44955697 0.45656358
 0.46350453 0.47037818 0.47718289 0.48391703 0.49057896 0.49716705
 0.50367966 0.51011515 0.5164719  0.52274826 0.5289426  0.53505329
 0.54107868 0.54701722 0.55286863 0.55863378 0.56431355 0.56990883
 0.57542052 0.5808495  0.58619667 0.59146292 0.59664913 0.6017562
 0.60678502 0.61173648 0.61661147 0.62141088 0.6261356  0.63078653
 0.63536455 0.63987055 0.64430543 0.64867008 0.65296538 0.65719223
 0.66135152 0.66544415 0.66947099 0.67343294 0.67733089 0.68116574
 0.68493837 0.68864967 0.69230054 0.69589187 0.69942454 0.70289928
 0.70631654 0.70967676 0.71298039 0.71622786 0.71941961 0.72255608
 0.72563771 0.72866494 0.7316382  0.73455794 0.73742459 0.74023859
 0.74300038 0.7457104  0.74836909 0.75097689 0.75353423 0.75604156
 0.75849931 0.76090792 0.76326783 0.76557949 0.76784332 0.77005976
 0.77222927 0.77435226 0.7764292  0.7784605  0.78044661 0.78238797
 0.78428502 0.7861382  0.78794779 0.78971366 0.79143557 0.79311332
 0.79474668 0.79633542 0.79787934 0.7993782  0.8008318  0.8022399
 0.80360229 0.80491875 0.80618905 0.80741298 0.80859031 0.80972083
 0.81080432 0.81184055 0.8128293  0.81377035 0.81466349 0.81550849
 0.81630514 0.8170532  0.81775246 0.81840271 0.81900371 0.81955526
 0.82005712 0.82050908 0.82091092 0.82126241 0.82156335 0.82181382
 0.82201571 0.82217153 0.8222838  0.82235501 0.82238768 0.82238431
 0.82234743 0.82227952 0.82218311 0.82206071 0.82191481 0.82174793
 0.82156259 0.82136128 0.82114652 0.82092081 0.82068667 0.82044661
 0.82020312 0.81995873 0.81971594 0.81947726 0.8192452  0.81902226
 0.81881097 0.81861381 0.81843331 0.81827198 0.81813231 0.81801683
 0.81792804 0.81786844 0.81784018 0.81784104 0.817866   0.81790998
 0.81796792 0.81803475 0.8181054  0.8181748  0.81823789 0.81828959
 0.81832484 0.81833856 0.81832569 0.81828116 0.81819991 0.81807685
 0.81790693 0.81768507 0.81740621 0.81706527 0.81665719 0.8161769
 0.81561933 0.81497942 0.81425208 0.81343226 0.81251489 0.81149489
 0.8103672  0.80912675 0.80776846 0.80628728 0.80467813 0.80293625
 0.80106593 0.79908195 0.79699971 0.79483455 0.79260186 0.790317
 0.78799535 0.78565228 0.78330316 0.78096337 0.77864826 0.77637322
 0.77415361 0.77200481 0.76994219 0.76798112 0.76613697 0.76442511
 0.76286091 0.76145975 0.76023699 0.75920801 0.75838818 0.75779287
 0.75743745 0.7573373  0.75750777 0.75796425 0.75872211 0.75979672
 0.76120345 0.76295766 0.7650747  0.76756313 0.77041733 0.77362994
 0.77719354 0.78110075 0.78534419 0.78991645 0.79481014 0.80001788
 0.80553228 0.81134593 0.81745146 0.82384147 0.83050857 0.83744536
 0.84464447 0.85209848 0.85980003 0.8677417  0.87591612 0.88431588
 0.89293361 0.9017619  0.91079337 0.92002062 0.92943627 0.93903293
 0.94880319 0.95873968 0.96883499 0.97908174 0.98947254 1.        ]","[ 3.36660298e+00  3.31675812e+00  3.26815099e+00  3.22078160e+00
  3.17464994e+00  3.12975602e+00  3.08609984e+00  3.04368140e+00
  3.00250069e+00  2.96255772e+00  2.92385249e+00  2.88638499e+00
  2.85015523e+00  2.81516321e+00  2.78140892e+00  2.74889237e+00
  2.71761356e+00  2.68757249e+00  2.65876915e+00  2.63120355e+00
  2.60487568e+00  2.57978555e+00  2.55593316e+00  2.53331851e+00
  2.51194159e+00  2.49180241e+00  2.47290097e+00  2.45523726e+00
  2.43881129e+00  2.42362306e+00  2.40967257e+00  2.39695981e+00
  2.38548479e+00  2.37511209e+00  2.36476635e+00  2.35393475e+00
  2.34261413e+00  2.33080449e+00  2.31850583e+00  2.30571815e+00
  2.29244145e+00  2.27867573e+00  2.26442099e+00  2.24967723e+00
  2.23444445e+00  2.21872265e+00  2.20251184e+00  2.18581200e+00
  2.16862314e+00  2.15094526e+00  2.13277836e+00  2.11412244e+00
  2.09497750e+00  2.07534354e+00  2.05522057e+00  2.03460857e+00
  2.01350755e+00  1.99191751e+00  1.96983845e+00  1.94727038e+00
  1.92421328e+00  1.90066716e+00  1.87663202e+00  1.85210787e+00
  1.82709469e+00  1.80159249e+00  1.77562286e+00  1.74957333e+00
  1.72377910e+00  1.69825122e+00  1.67298970e+00  1.64799453e+00
  1.62326571e+00  1.59880325e+00  1.57460714e+00  1.55067738e+00
  1.52701398e+00  1.50361693e+00  1.48048623e+00  1.45762189e+00
  1.43502390e+00  1.41269226e+00  1.39062698e+00  1.36882805e+00
  1.34729548e+00  1.32602926e+00  1.30502939e+00  1.28429587e+00
  1.26382871e+00  1.24362791e+00  1.22369345e+00  1.20402535e+00
  1.18462361e+00  1.16548821e+00  1.14661917e+00  1.12801649e+00
  1.10968015e+00  1.09161017e+00  1.07380655e+00  1.05626844e+00
  1.03894579e+00  1.02176100e+00  1.00470739e+00  9.87784972e-01
  9.70993735e-01  9.54333683e-01  9.37804815e-01  9.21407131e-01
  9.05140633e-01  8.89005318e-01  8.73001188e-01  8.57128243e-01
  8.41386483e-01  8.25775906e-01  8.10296515e-01  7.94948308e-01
  7.79731285e-01  7.64645447e-01  7.49690794e-01  7.34867325e-01
  7.20175041e-01  7.05613941e-01  6.91184026e-01  6.76885295e-01
  6.62717749e-01  6.48681387e-01  6.34776210e-01  6.21002217e-01
  6.07359409e-01  5.93847786e-01  5.80467347e-01  5.67218092e-01
  5.54099977e-01  5.41068118e-01  5.27993408e-01  5.14852774e-01
  5.01646215e-01  4.88373733e-01  4.75035326e-01  4.61630995e-01
  4.48160740e-01  4.34624562e-01  4.21022459e-01  4.07354432e-01
  3.93620481e-01  3.79820606e-01  3.65954806e-01  3.52023083e-01
  3.38025436e-01  3.23961865e-01  3.09832369e-01  2.95636950e-01
  2.81375606e-01  2.67048338e-01  2.52655147e-01  2.38196031e-01
  2.23670991e-01  2.09080027e-01  1.94423139e-01  1.79700327e-01
  1.64911591e-01  1.50056931e-01  1.35136347e-01  1.20149839e-01
  1.05097406e-01  8.99790498e-02  7.48902974e-02  6.03656961e-02
  4.65910779e-02  3.35666294e-02  2.12923507e-02  9.76824156e-03
 -1.00569784e-03 -1.10294676e-02 -2.03030676e-02 -2.88264979e-02
 -3.65997585e-02 -4.36228494e-02 -4.98957707e-02 -5.54185222e-02
 -6.01911040e-02 -6.42135162e-02 -6.74857586e-02 -7.00078314e-02
 -7.17797345e-02 -7.28014678e-02 -7.30730315e-02 -7.25944255e-02
 -7.13656497e-02 -6.93867043e-02 -6.66575892e-02 -6.31783044e-02
 -5.89488499e-02 -5.39692257e-02 -4.82394318e-02 -4.17594683e-02
 -3.45293350e-02 -2.65490320e-02 -1.78185593e-02 -8.44980526e-03
  2.56528785e-04  7.46128060e-03  1.31504641e-02  1.73240794e-02
  1.99821264e-02  2.11246052e-02  2.07515157e-02  1.88628579e-02
  1.54586318e-02  1.05388375e-02  4.10347487e-03 -3.84745599e-03
 -1.33139551e-02 -2.42960225e-02 -3.67936582e-02 -5.08068621e-02
 -6.63356343e-02 -8.33799748e-02 -1.01939884e-01 -1.22015361e-01
 -1.43606406e-01 -1.66713019e-01 -1.91335201e-01 -2.17472951e-01
 -2.45126270e-01 -2.74295156e-01 -3.04979611e-01 -3.37179634e-01
 -3.70895226e-01 -4.06126385e-01 -4.42873113e-01 -4.81135410e-01
 -5.20823850e-01 -5.59226361e-01 -5.93207503e-01 -6.22592618e-01
 -6.47381706e-01 -6.67574767e-01 -6.83171802e-01 -6.94172810e-01
 -7.00577791e-01 -7.02386746e-01 -6.99599674e-01 -6.92216575e-01
 -6.80237449e-01 -6.63662297e-01 -6.42491118e-01 -6.16723912e-01
 -5.86360680e-01 -5.51401421e-01 -5.11846135e-01 -4.67694822e-01
 -4.18947483e-01 -3.65604117e-01 -3.07664724e-01 -2.45129305e-01
 -1.77997858e-01 -1.06270385e-01 -2.99468858e-02  5.09726405e-02
  1.36488194e-01  2.26599773e-01  3.21307380e-01  4.20611013e-01
  5.24510673e-01  6.32993912e-01  7.44039468e-01  8.53408761e-01
  9.60568079e-01  1.06551742e+00  1.16825679e+00  1.26878618e+00
  1.36710560e+00  1.46321504e+00  1.55711451e+00  1.64880400e+00
  1.73828352e+00  1.82555306e+00  1.91061263e+00  1.99346222e+00
  2.07410184e+00  2.15253148e+00  2.22875115e+00  2.30276084e+00
  2.37456055e+00  2.44415030e+00  2.51153006e+00  2.57669985e+00
  2.63965967e+00  2.70040951e+00  2.75894937e+00  2.81527927e+00
  2.86939918e+00  2.92130912e+00  2.97100909e+00  3.01849908e+00
  3.06377909e+00  3.10684913e+00  3.14770919e+00]","[3.36660298e+00 3.31675812e+00 3.26815099e+00 3.22078160e+00
 3.17464994e+00 3.12975602e+00 3.08609984e+00 3.04368140e+00
 3.00250069e+00 2.96255772e+00 2.92385249e+00 2.88638499e+00
 2.85015523e+00 2.81516321e+00 2.78140892e+00 2.74889237e+00
 2.71761356e+00 2.68757249e+00 2.65876915e+00 2.63120355e+00
 2.60487568e+00 2.57978555e+00 2.55593316e+00 2.53331851e+00
 2.51194159e+00 2.49180241e+00 2.47290097e+00 2.45523726e+00
 2.43881129e+00 2.42362306e+00 2.40967257e+00 2.39695981e+00
 2.38548479e+00 2.37511209e+00 2.36476635e+00 2.35393475e+00
 2.34261413e+00 2.33080449e+00 2.31850583e+00 2.30571815e+00
 2.29244145e+00 2.27867573e+00 2.26442099e+00 2.24967723e+00
 2.23444445e+00 2.21872265e+00 2.20251184e+00 2.18581200e+00
 2.16862314e+00 2.15094526e+00 2.13277836e+00 2.11412244e+00
 2.09497750e+00 2.07534354e+00 2.05522057e+00 2.03460857e+00
 2.01350755e+00 1.99191751e+00 1.96983845e+00 1.94727038e+00
 1.92421328e+00 1.90066716e+00 1.87663202e+00 1.85210787e+00
 1.82709469e+00 1.80159249e+00 1.77562286e+00 1.74957333e+00
 1.72377910e+00 1.69825122e+00 1.67298970e+00 1.64799453e+00
 1.62326571e+00 1.59880325e+00 1.57460714e+00 1.55067738e+00
 1.52701398e+00 1.50361693e+00 1.48048623e+00 1.45762189e+00
 1.43502390e+00 1.41269226e+00 1.39062698e+00 1.36882805e+00
 1.34729548e+00 1.32602926e+00 1.30502939e+00 1.28429587e+00
 1.26382871e+00 1.24362791e+00 1.22369345e+00 1.20402535e+00
 1.18462361e+00 1.16548821e+00 1.14661917e+00 1.12801649e+00
 1.10968015e+00 1.09161017e+00 1.07380655e+00 1.05626844e+00
 1.03894579e+00 1.02176100e+00 1.00470739e+00 9.87784972e-01
 9.70993735e-01 9.54333683e-01 9.37804815e-01 9.21407131e-01
 9.05140633e-01 8.89005318e-01 8.73001188e-01 8.57128243e-01
 8.41386483e-01 8.25775906e-01 8.10296515e-01 7.94948308e-01
 7.79731285e-01 7.64645447e-01 7.49690794e-01 7.34867325e-01
 7.20175041e-01 7.05613941e-01 6.91184026e-01 6.76885295e-01
 6.62717749e-01 6.48681387e-01 6.34776210e-01 6.21002217e-01
 6.07359409e-01 5.93847786e-01 5.80467347e-01 5.67218092e-01
 5.54099977e-01 5.41068118e-01 5.27993408e-01 5.14852774e-01
 5.01646215e-01 4.88373733e-01 4.75035326e-01 4.61630995e-01
 4.48160740e-01 4.34624562e-01 4.21022459e-01 4.07354432e-01
 3.93620481e-01 3.79820606e-01 3.65954806e-01 3.52023083e-01
 3.38025436e-01 3.23961865e-01 3.09832369e-01 2.95636950e-01
 2.81375606e-01 2.67048338e-01 2.52655147e-01 2.38196031e-01
 2.23670991e-01 2.09080027e-01 1.94423139e-01 1.79700327e-01
 1.64911591e-01 1.50056931e-01 1.35136347e-01 1.20149839e-01
 1.05097406e-01 8.99790498e-02 7.48902974e-02 6.03656961e-02
 4.65910779e-02 3.35666294e-02 2.12923507e-02 9.76824156e-03
 1.00569784e-03 1.10294676e-02 2.03030676e-02 2.88264979e-02
 3.65997585e-02 4.36228494e-02 4.98957707e-02 5.54185222e-02
 6.01911040e-02 6.42135162e-02 6.74857586e-02 7.00078314e-02
 7.17797345e-02 7.28014678e-02 7.30730315e-02 7.25944255e-02
 7.13656497e-02 6.93867043e-02 6.66575892e-02 6.31783044e-02
 5.89488499e-02 5.39692257e-02 4.82394318e-02 4.17594683e-02
 3.45293350e-02 2.65490320e-02 1.78185593e-02 8.44980526e-03
 2.56528785e-04 7.46128060e-03 1.31504641e-02 1.73240794e-02
 1.99821264e-02 2.11246052e-02 2.07515157e-02 1.88628579e-02
 1.54586318e-02 1.05388375e-02 4.10347487e-03 3.84745599e-03
 1.33139551e-02 2.42960225e-02 3.67936582e-02 5.08068621e-02
 6.63356343e-02 8.33799748e-02 1.01939884e-01 1.22015361e-01
 1.43606406e-01 1.66713019e-01 1.91335201e-01 2.17472951e-01
 2.45126270e-01 2.74295156e-01 3.04979611e-01 3.37179634e-01
 3.70895226e-01 4.06126385e-01 4.42873113e-01 4.81135410e-01
 5.20823850e-01 5.59226361e-01 5.93207503e-01 6.22592618e-01
 6.47381706e-01 6.67574767e-01 6.83171802e-01 6.94172810e-01
 7.00577791e-01 7.02386746e-01 6.99599674e-01 6.92216575e-01
 6.80237449e-01 6.63662297e-01 6.42491118e-01 6.16723912e-01
 5.86360680e-01 5.51401421e-01 5.11846135e-01 4.67694822e-01
 4.18947483e-01 3.65604117e-01 3.07664724e-01 2.45129305e-01
 1.77997858e-01 1.06270385e-01 2.99468858e-02 5.09726405e-02
 1.36488194e-01 2.26599773e-01 3.21307380e-01 4.20611013e-01
 5.24510673e-01 6.32993912e-01 7.44039468e-01 8.53408761e-01
 9.60568079e-01 1.06551742e+00 1.16825679e+00 1.26878618e+00
 1.36710560e+00 1.46321504e+00 1.55711451e+00 1.64880400e+00
 1.73828352e+00 1.82555306e+00 1.91061263e+00 1.99346222e+00
 2.07410184e+00 2.15253148e+00 2.22875115e+00 2.30276084e+00
 2.37456055e+00 2.44415030e+00 2.51153006e+00 2.57669985e+00
 2.63965967e+00 2.70040951e+00 2.75894937e+00 2.81527927e+00
 2.86939918e+00 2.92130912e+00 2.97100909e+00 3.01849908e+00
 3.06377909e+00 3.10684913e+00 3.14770919e+00]","[0.00167224 0.00501672 0.0083612  0.01170569 0.01505017 0.01839465
 0.02173913 0.02508361 0.02842809 0.03177258 0.03511706 0.03846154
 0.04180602 0.0451505  0.04849498 0.05183946 0.05518395 0.05852843
 0.06187291 0.06521739 0.06856187 0.07190635 0.07525084 0.07859532
 0.0819398  0.08528428 0.08862876 0.09197324 0.09531773 0.09866221
 0.10200669 0.10535117 0.10869565 0.11204013 0.11538462 0.1187291
 0.12207358 0.12541806 0.12876254 0.13210702 0.13545151 0.13879599
 0.14214047 0.14548495 0.14882943 0.15217391 0.15551839 0.15886288
 0.16220736 0.16555184 0.16889632 0.1722408  0.17558528 0.17892977
 0.18227425 0.18561873 0.18896321 0.19230769 0.19565217 0.19899666
 0.20234114 0.20568562 0.2090301  0.21237458 0.21571906 0.21906355
 0.22240803 0.22575251 0.22909699 0.23244147 0.23578595 0.23913043
 0.24247492 0.2458194  0.24916388 0.25250836 0.25585284 0.25919732
 0.26254181 0.26588629 0.26923077 0.27257525 0.27591973 0.27926421
 0.2826087  0.28595318 0.28929766 0.29264214 0.29598662 0.2993311
 0.30267559 0.30602007 0.30936455 0.31270903 0.31605351 0.31939799
 0.32274247 0.32608696 0.32943144 0.33277592 0.3361204  0.33946488
 0.34280936 0.34615385 0.34949833 0.35284281 0.35618729 0.35953177
 0.36287625 0.36622074 0.36956522 0.3729097  0.37625418 0.37959866
 0.38294314 0.38628763 0.38963211 0.39297659 0.39632107 0.39966555
 0.40301003 0.40635452 0.409699   0.41304348 0.41638796 0.41973244
 0.42307692 0.4264214  0.42976589 0.43311037 0.43645485 0.43979933
 0.44314381 0.44648829 0.44983278 0.45317726 0.45652174 0.45986622
 0.4632107  0.46655518 0.46989967 0.47324415 0.47658863 0.47993311
 0.48327759 0.48662207 0.48996656 0.49331104 0.49665552 0.5
 0.50334448 0.50668896 0.51003344 0.51337793 0.51672241 0.52006689
 0.52341137 0.52675585 0.53010033 0.53344482 0.5367893  0.54013378
 0.54347826 0.54682274 0.55016722 0.55351171 0.55685619 0.56020067
 0.56354515 0.56688963 0.57023411 0.5735786  0.57692308 0.58026756
 0.58361204 0.58695652 0.590301   0.59364548 0.59698997 0.60033445
 0.60367893 0.60702341 0.61036789 0.61371237 0.61705686 0.62040134
 0.62374582 0.6270903  0.63043478 0.63377926 0.63712375 0.64046823
 0.64381271 0.64715719 0.65050167 0.65384615 0.65719064 0.66053512
 0.6638796  0.66722408 0.67056856 0.67391304 0.67725753 0.68060201
 0.68394649 0.68729097 0.69063545 0.69397993 0.69732441 0.7006689
 0.70401338 0.70735786 0.71070234 0.71404682 0.7173913  0.72073579
 0.72408027 0.72742475 0.73076923 0.73411371 0.73745819 0.74080268
 0.74414716 0.74749164 0.75083612 0.7541806  0.75752508 0.76086957
 0.76421405 0.76755853 0.77090301 0.77424749 0.77759197 0.78093645
 0.78428094 0.78762542 0.7909699  0.79431438 0.79765886 0.80100334
 0.80434783 0.80769231 0.81103679 0.81438127 0.81772575 0.82107023
 0.82441472 0.8277592  0.83110368 0.83444816 0.83779264 0.84113712
 0.84448161 0.84782609 0.85117057 0.85451505 0.85785953 0.86120401
 0.86454849 0.86789298 0.87123746 0.87458194 0.87792642 0.8812709
 0.88461538 0.88795987 0.89130435 0.89464883 0.89799331 0.90133779
 0.90468227 0.90802676 0.91137124 0.91471572 0.9180602  0.92140468
 0.92474916 0.92809365 0.93143813 0.93478261 0.93812709 0.94147157
 0.94481605 0.94816054 0.95150502 0.9548495  0.95819398 0.96153846
 0.96488294 0.96822742 0.97157191 0.97491639 0.97826087 0.98160535
 0.98494983 0.98829431 0.9916388  0.99498328 0.99832776]"
CLASSIC,P,T,Piecewise linear,108.8077,0.1759,0.3118,0.5715,0.0,12047,286.4804,2.1841,286.4804,2.1841,2.1841,1.0,131.1687,300,1.0,0.3129,0.3129,2.5419,1.0,0.3129,2.5419,0.9952,1.0282,2.229,0.832,1.0282,1.0,0.0,0.0,1,0,-2.8519,0.0,2.5419,0.5697,0.3129,0.3129,2.5419,0.3129,0.2241,0.1231,0.1231,0.1231,0.3146,0.8358,0.9613,0.9848,0.6291,0.0774,0.0303,1.0,1.0,1.0,1.0,0,299,False,False,0.0,0.0,0.0,0.0,0.0,0.0,normalized,"[ 624.7921875   635.60970422  646.42722094  657.24473767  668.06225439
  678.87977111  689.69728783  700.51480456  711.33232128  722.149838
  732.96735472  743.78487145  754.60238817  765.41990489  776.23742161
  787.05493834  797.87245506  808.68997178  819.5074885   830.32500523
  841.14252195  851.96003867  862.77755539  873.59507212  884.41258884
  895.23010556  906.04762228  916.86513901  927.68265573  938.50017245
  949.31768917  960.13520589  970.95272262  981.77023934  992.58775606
 1003.40527278 1014.22278951 1025.04030623 1035.85782295 1046.67533967
 1057.4928564  1068.31037312 1079.12788984 1089.94540656 1100.76292329
 1111.58044001 1122.39795673 1133.21547345 1144.03299018 1154.8505069
 1165.66802362 1176.48554034 1187.30305707 1198.12057379 1208.93809051
 1219.75560723 1230.57312395 1241.39064068 1252.2081574  1263.02567412
 1273.84319084 1284.66070757 1295.47822429 1306.29574101 1317.11325773
 1327.93077446 1338.74829118 1349.5658079  1360.38332462 1371.20084135
 1382.01835807 1392.83587479 1403.65339151 1414.47090824 1425.28842496
 1436.10594168 1446.9234584  1457.74097513 1468.55849185 1479.37600857
 1490.19352529 1501.01104202 1511.82855874 1522.64607546 1533.46359218
 1544.2811089  1555.09862563 1565.91614235 1576.73365907 1587.55117579
 1598.36869252 1609.18620924 1620.00372596 1630.82124268 1641.63875941
 1652.45627613 1663.27379285 1674.09130957 1684.9088263  1695.72634302
 1706.54385974 1717.36137646 1728.17889319 1738.99640991 1749.81392663
 1760.63144335 1771.44896008 1782.2664768  1793.08399352 1803.90151024
 1814.71902696 1825.53654369 1836.35406041 1847.17157713 1857.98909385
 1868.80661058 1879.6241273  1890.44164402 1901.25916074 1912.07667747
 1922.89419419 1933.71171091 1944.52922763 1955.34674436 1966.16426108
 1976.9817778  1987.79929452 1998.61681125 2009.43432797 2020.25184469
 2031.06936141 2041.88687814 2052.70439486 2063.52191158 2074.3394283
 2085.15694503 2095.97446175 2106.79197847 2117.60949519 2128.42701191
 2139.24452864 2150.06204536 2160.87956208 2171.6970788  2182.51459553
 2193.33211225 2204.14962897 2214.96714569 2225.78466242 2236.60217914
 2247.41969586 2258.23721258 2269.05472931 2279.87224603 2290.68976275
 2301.50727947 2312.3247962  2323.14231292 2333.95982964 2344.77734636
 2355.59486309 2366.41237981 2377.22989653 2388.04741325 2398.86492997
 2409.6824467  2420.49996342 2431.31748014 2442.13499686 2452.95251359
 2463.77003031 2474.58754703 2485.40506375 2496.22258048 2507.0400972
 2517.85761392 2528.67513064 2539.49264737 2550.31016409 2561.12768081
 2571.94519753 2582.76271426 2593.58023098 2604.3977477  2615.21526442
 2626.03278115 2636.85029787 2647.66781459 2658.48533131 2669.30284804
 2680.12036476 2690.93788148 2701.7553982  2712.57291492 2723.39043165
 2734.20794837 2745.02546509 2755.84298181 2766.66049854 2777.47801526
 2788.29553198 2799.1130487  2809.93056543 2820.74808215 2831.56559887
 2842.38311559 2853.20063232 2864.01814904 2874.83566576 2885.65318248
 2896.47069921 2907.28821593 2918.10573265 2928.92324937 2939.7407661
 2950.55828282 2961.37579954 2972.19331626 2983.01083298 2993.82834971
 3004.64586643 3015.46338315 3026.28089987 3037.0984166  3047.91593332
 3058.73345004 3069.55096676 3080.36848349 3091.18600021 3102.00351693
 3112.82103365 3123.63855038 3134.4560671  3145.27358382 3156.09110054
 3166.90861727 3177.72613399 3188.54365071 3199.36116743 3210.17868416
 3220.99620088 3231.8137176  3242.63123432 3253.44875105 3264.26626777
 3275.08378449 3285.90130121 3296.71881793 3307.53633466 3318.35385138
 3329.1713681  3339.98888482 3350.80640155 3361.62391827 3372.44143499
 3383.25895171 3394.07646844 3404.89398516 3415.71150188 3426.5290186
 3437.34653533 3448.16405205 3458.98156877 3469.79908549 3480.61660222
 3491.43411894 3502.25163566 3513.06915238 3523.88666911 3534.70418583
 3545.52170255 3556.33921927 3567.15673599 3577.97425272 3588.79176944
 3599.60928616 3610.42680288 3621.24431961 3632.06183633 3642.87935305
 3653.69686977 3664.5143865  3675.33190322 3686.14941994 3696.96693666
 3707.78445339 3718.60197011 3729.41948683 3740.23700355 3751.05452028
 3761.872037   3772.68955372 3783.50707044 3794.32458717 3805.14210389
 3815.95962061 3826.77713733 3837.59465406 3848.41217078 3859.2296875 ]","[219.67447279 222.10994883 224.54542488 226.98090092 229.41637697
 231.85185302 234.28732906 236.72280511 239.15828116 241.5937572
 244.02923325 246.4647093  248.90018534 251.33566139 253.77113744
 256.20661348 258.64208953 261.07756557 263.51304162 265.94851767
 268.38399371 270.81946976 273.25494581 275.69042185 278.1258979
 280.56137395 282.99684999 285.43232604 287.86780208 290.30327813
 292.73875418 295.17423022 297.60970627 300.04518232 302.48065836
 304.91613441 307.35161046 309.7870865  312.22256255 314.6580386
 317.09351464 319.52899069 321.96446673 324.39994278 326.83541883
 329.27089487 331.70637092 334.14184697 336.57732301 339.01279906
 341.44827511 343.88375115 346.3192272  348.75470324 351.19017929
 353.62565534 356.06113138 358.49660743 360.93208348 363.36755952
 365.80303557 368.23851162 370.67398766 373.10946371 375.54493975
 377.9804158  380.41589185 382.85136789 385.28684394 387.72231999
 390.15779603 392.59327208 395.02874813 397.46422417 399.89970022
 402.33517627 404.77065231 407.20612836 409.6416044  412.07708045
 414.5125565  416.94803254 419.38350859 421.81898464 424.25446068
 426.68993673 429.12541278 431.56088882 433.99636487 436.43184091
 438.86731696 441.30279301 443.73826905 444.40219981 444.70197002
 445.00174023 445.30151044 445.60128065 445.90105086 446.20082107
 446.50059128 446.80036149 447.1001317  447.39990191 447.69967212
 447.99944233 448.29921254 448.59898275 448.89875296 449.19852317
 449.49829338 449.79806359 450.0978338  450.39760401 450.69737421
 450.99714442 451.29691463 451.59668484 451.89645505 452.19622526
 452.49599547 452.79576568 453.09553589 453.3953061  453.69507631
 453.99484652 454.29461673 454.59438694 454.89415715 455.19392736
 455.49369757 455.79346778 456.09323799 456.3930082  456.69277841
 456.99254862 457.29231883 457.59208904 457.89185924 458.19162945
 458.49139966 458.79116987 459.09094008 459.39071029 459.6904805
 459.99025071 460.29002092 460.58979113 460.88956134 461.18933155
 461.48910176 461.78887197 462.08864218 462.38841239 462.6881826
 462.98795281 463.28772302 463.58749323 463.88726344 464.18703365
 464.48680386 464.78657406 465.08634427 465.38611448 465.68588469
 465.9856549  466.28542511 466.58519532 466.88496553 467.18473574
 467.48450595 467.78427616 468.08404637 468.38381658 468.68358679
 468.983357   469.28312721 469.58289742 469.88266763 470.18243784
 470.48220805 470.78197826 471.08174847 471.38151868 471.68128888
 471.98105909 472.2808293  472.58059951 472.88036972 473.18013993
 473.47991014 473.77968035 474.07945056 474.37922077 474.67899098
 474.97876119 475.2785314  475.57830161 475.87807182 476.17784203
 476.47761224 476.77738245 477.07715266 477.37692287 477.67669308
 477.97646329 478.2762335  478.5760037  478.87577391 479.17554412
 479.47531433 479.77508454 480.07485475 480.37462496 480.67439517
 480.97416538 481.27393559 481.5737058  481.87347601 482.17324622
 482.47301643 482.77278664 483.07255685 483.37232706 483.67209727
 483.97186748 484.27163769 484.5714079  484.87117811 485.17094832
 485.47071852 485.77048873 486.07025894 486.37002915 486.66979936
 486.96956957 487.26933978 487.56910999 487.8688802  488.16865041
 488.46842062 488.76819083 489.06796104 489.36773125 489.66750146
 489.96727167 490.26704188 490.56681209 490.8665823  491.16635251
 491.46612272 491.76589293 492.06566314 492.36543334 492.66520355
 492.96497376 493.26474397 493.56451418 493.86428439 494.1640546
 494.46382481 494.76359502 495.06336523 495.36313544 495.66290565
 495.96267586 496.26244607 496.56221628 496.86198649 497.1617567
 497.46152691 497.76129712 498.06106733 498.36083754 498.66060775
 498.96037796 499.26014816 499.55991837 499.85968858 500.15945879
 500.459229   500.75899921 501.05876942 501.35853963 501.65830984
 501.95808005 502.25785026 502.55762047 502.85739068 503.15716089
 503.4569311  503.75670131 504.05647152 504.35624173 504.65601194
 504.95578215 505.25555236 505.55532257 505.85509278 506.15486299]","[0.         0.00334448 0.00668896 0.01003344 0.01337793 0.01672241
 0.02006689 0.02341137 0.02675585 0.03010033 0.03344482 0.0367893
 0.04013378 0.04347826 0.04682274 0.05016722 0.05351171 0.05685619
 0.06020067 0.06354515 0.06688963 0.07023411 0.0735786  0.07692308
 0.08026756 0.08361204 0.08695652 0.090301   0.09364548 0.09698997
 0.10033445 0.10367893 0.10702341 0.11036789 0.11371237 0.11705686
 0.12040134 0.12374582 0.1270903  0.13043478 0.13377926 0.13712375
 0.14046823 0.14381271 0.14715719 0.15050167 0.15384615 0.15719064
 0.16053512 0.1638796  0.16722408 0.17056856 0.17391304 0.17725753
 0.18060201 0.18394649 0.18729097 0.19063545 0.19397993 0.19732441
 0.2006689  0.20401338 0.20735786 0.21070234 0.21404682 0.2173913
 0.22073579 0.22408027 0.22742475 0.23076923 0.23411371 0.23745819
 0.24080268 0.24414716 0.24749164 0.25083612 0.2541806  0.25752508
 0.26086957 0.26421405 0.26755853 0.27090301 0.27424749 0.27759197
 0.28093645 0.28428094 0.28762542 0.2909699  0.29431438 0.29765886
 0.30100334 0.30434783 0.30769231 0.31103679 0.31438127 0.31772575
 0.32107023 0.32441472 0.3277592  0.33110368 0.33444816 0.33779264
 0.34113712 0.34448161 0.34782609 0.35117057 0.35451505 0.35785953
 0.36120401 0.36454849 0.36789298 0.37123746 0.37458194 0.37792642
 0.3812709  0.38461538 0.38795987 0.39130435 0.39464883 0.39799331
 0.40133779 0.40468227 0.40802676 0.41137124 0.41471572 0.4180602
 0.42140468 0.42474916 0.42809365 0.43143813 0.43478261 0.43812709
 0.44147157 0.44481605 0.44816054 0.45150502 0.4548495  0.45819398
 0.46153846 0.46488294 0.46822742 0.47157191 0.47491639 0.47826087
 0.48160535 0.48494983 0.48829431 0.4916388  0.49498328 0.49832776
 0.50167224 0.50501672 0.5083612  0.51170569 0.51505017 0.51839465
 0.52173913 0.52508361 0.52842809 0.53177258 0.53511706 0.53846154
 0.54180602 0.5451505  0.54849498 0.55183946 0.55518395 0.55852843
 0.56187291 0.56521739 0.56856187 0.57190635 0.57525084 0.57859532
 0.5819398  0.58528428 0.58862876 0.59197324 0.59531773 0.59866221
 0.60200669 0.60535117 0.60869565 0.61204013 0.61538462 0.6187291
 0.62207358 0.62541806 0.62876254 0.63210702 0.63545151 0.63879599
 0.64214047 0.64548495 0.64882943 0.65217391 0.65551839 0.65886288
 0.66220736 0.66555184 0.66889632 0.6722408  0.67558528 0.67892977
 0.68227425 0.68561873 0.68896321 0.69230769 0.69565217 0.69899666
 0.70234114 0.70568562 0.7090301  0.71237458 0.71571906 0.71906355
 0.72240803 0.72575251 0.72909699 0.73244147 0.73578595 0.73913043
 0.74247492 0.7458194  0.74916388 0.75250836 0.75585284 0.75919732
 0.76254181 0.76588629 0.76923077 0.77257525 0.77591973 0.77926421
 0.7826087  0.78595318 0.78929766 0.79264214 0.79598662 0.7993311
 0.80267559 0.80602007 0.80936455 0.81270903 0.81605351 0.81939799
 0.82274247 0.82608696 0.82943144 0.83277592 0.8361204  0.83946488
 0.84280936 0.84615385 0.84949833 0.85284281 0.85618729 0.85953177
 0.86287625 0.86622074 0.86956522 0.8729097  0.87625418 0.87959866
 0.88294314 0.88628763 0.88963211 0.89297659 0.89632107 0.89966555
 0.90301003 0.90635452 0.909699   0.91304348 0.91638796 0.91973244
 0.92307692 0.9264214  0.92976589 0.93311037 0.93645485 0.93979933
 0.94314381 0.94648829 0.94983278 0.95317726 0.95652174 0.95986622
 0.9632107  0.96655518 0.96989967 0.97324415 0.97658863 0.97993311
 0.98327759 0.98662207 0.98996656 0.99331104 0.99665552 1.        ]","[0.         0.00850137 0.01700274 0.02550411 0.03400548 0.04250685
 0.05100823 0.0595096  0.06801097 0.07651234 0.08501371 0.09351508
 0.10201645 0.11051782 0.11901919 0.12752056 0.13602193 0.1445233
 0.15302468 0.16152605 0.17002742 0.17852879 0.18703016 0.19553153
 0.2040329  0.21253427 0.22103564 0.22953701 0.23803838 0.24653976
 0.25504113 0.2635425  0.27204387 0.28054524 0.28904661 0.29754798
 0.30604935 0.31455072 0.32305209 0.33155346 0.34005484 0.34855621
 0.35705758 0.36555895 0.37406032 0.38256169 0.39106306 0.39956443
 0.4080658  0.41656717 0.42506854 0.43356991 0.44207129 0.45057266
 0.45907403 0.4675754  0.47607677 0.48457814 0.49307951 0.50158088
 0.51008225 0.51858362 0.52708499 0.53558637 0.54408774 0.55258911
 0.56109048 0.56959185 0.57809322 0.58659459 0.59509596 0.60359733
 0.6120987  0.62060007 0.62910144 0.63760282 0.64610419 0.65460556
 0.66310693 0.6716083  0.68010967 0.68861104 0.69711241 0.70561378
 0.71411515 0.72261652 0.7311179  0.73961927 0.74812064 0.75662201
 0.76512338 0.77362475 0.78212612 0.78444366 0.78549005 0.78653644
 0.78758283 0.78862922 0.78967561 0.790722   0.79176839 0.79281478
 0.79386117 0.79490756 0.79595395 0.79700034 0.79804673 0.79909312
 0.80013951 0.8011859  0.80223229 0.80327868 0.80432507 0.80537146
 0.80641785 0.80746424 0.80851063 0.80955702 0.81060341 0.8116498
 0.81269619 0.81374258 0.81478897 0.81583536 0.81688175 0.81792814
 0.81897453 0.82002092 0.82106731 0.8221137  0.82316009 0.82420648
 0.82525287 0.82629926 0.82734565 0.82839204 0.82943843 0.83048482
 0.83153121 0.8325776  0.83362399 0.83467038 0.83571677 0.83676316
 0.83780955 0.83885594 0.83990233 0.84094872 0.84199511 0.8430415
 0.84408789 0.84513428 0.84618067 0.84722706 0.84827345 0.84931984
 0.85036623 0.85141262 0.85245901 0.8535054  0.85455179 0.85559818
 0.85664457 0.85769096 0.85873735 0.85978374 0.86083013 0.86187652
 0.86292291 0.8639693  0.86501569 0.86606208 0.86710847 0.86815486
 0.86920125 0.87024764 0.87129403 0.87234042 0.87338681 0.8744332
 0.87547959 0.87652598 0.87757237 0.87861876 0.87966515 0.88071154
 0.88175793 0.88280432 0.88385071 0.8848971  0.88594349 0.88698988
 0.88803627 0.88908266 0.89012905 0.89117544 0.89222183 0.89326822
 0.89431461 0.895361   0.89640739 0.89745378 0.89850017 0.89954656
 0.90059295 0.90163934 0.90268573 0.90373212 0.90477851 0.9058249
 0.90687129 0.90791768 0.90896407 0.91001046 0.91105685 0.91210324
 0.91314963 0.91419602 0.91524241 0.9162888  0.91733519 0.91838158
 0.91942797 0.92047436 0.92152075 0.92256714 0.92361353 0.92465992
 0.92570631 0.9267527  0.92779909 0.92884548 0.92989187 0.93093826
 0.93198465 0.93303104 0.93407743 0.93512382 0.93617021 0.9372166
 0.93826299 0.93930938 0.94035577 0.94140216 0.94244855 0.94349494
 0.94454133 0.94558772 0.94663411 0.9476805  0.94872689 0.94977328
 0.95081967 0.95186606 0.95291245 0.95395884 0.95500523 0.95605162
 0.95709801 0.9581444  0.95919079 0.96023718 0.96128357 0.96232996
 0.96337635 0.96442274 0.96546913 0.96651552 0.96756191 0.9686083
 0.96965469 0.97070108 0.97174747 0.97279386 0.97384025 0.97488664
 0.97593303 0.97697942 0.97802581 0.9790722  0.98011859 0.98116498
 0.98221137 0.98325776 0.98430415 0.98535054 0.98639693 0.98744332
 0.98848971 0.9895361  0.99058249 0.99162888 0.99267527 0.99372166
 0.99476805 0.99581444 0.99686083 0.99790722 0.99895361 1.        ]","[2.54190989 2.54190989 2.54190989 2.54190989 2.54190989 2.54190989
 2.54190989 2.54190989 2.54190989 2.54190989 2.54190989 2.54190989
 2.54190989 2.54190989 2.54190989 2.54190989 2.54190989 2.54190989
 2.54190989 2.54190989 2.54190989 2.54190989 2.54190989 2.54190989
 2.54190989 2.54190989 2.54190989 2.54190989 2.54190989 2.54190989
 2.54190989 2.54190989 2.54190989 2.54190989 2.54190989 2.54190989
 2.54190989 2.54190989 2.54190989 2.54190989 2.54190989 2.54190989
 2.54190989 2.54190989 2.54190989 2.54190989 2.54190989 2.54190989
 2.54190989 2.54190989 2.54190989 2.54190989 2.54190989 2.54190989
 2.54190989 2.54190989 2.54190989 2.54190989 2.54190989 2.54190989
 2.54190989 2.54190989 2.54190989 2.54190989 2.54190989 2.54190989
 2.54190989 2.54190989 2.54190989 2.54190989 2.54190989 2.54190989
 2.54190989 2.54190989 2.54190989 2.54190989 2.54190989 2.54190989
 2.54190989 2.54190989 2.54190989 2.54190989 2.54190989 2.54190989
 2.54190989 2.54190989 2.54190989 2.54190989 2.54190989 2.54190989
 2.54190989 2.54190989 0.6929455  0.3128706  0.3128706  0.3128706
 0.3128706  0.3128706  0.3128706  0.3128706  0.3128706  0.3128706
 0.3128706  0.3128706  0.3128706  0.3128706  0.3128706  0.3128706
 0.3128706  0.3128706  0.3128706  0.3128706  0.3128706  0.3128706
 0.3128706  0.3128706  0.3128706  0.3128706  0.3128706  0.3128706
 0.3128706  0.3128706  0.3128706  0.3128706  0.3128706  0.3128706
 0.3128706  0.3128706  0.3128706  0.3128706  0.3128706  0.3128706
 0.3128706  0.3128706  0.3128706  0.3128706  0.3128706  0.3128706
 0.3128706  0.3128706  0.3128706  0.3128706  0.3128706  0.3128706
 0.3128706  0.3128706  0.3128706  0.3128706  0.3128706  0.3128706
 0.3128706  0.3128706  0.3128706  0.3128706  0.3128706  0.3128706
 0.3128706  0.3128706  0.3128706  0.3128706  0.3128706  0.3128706
 0.3128706  0.3128706  0.3128706  0.3128706  0.3128706  0.3128706
 0.3128706  0.3128706  0.3128706  0.3128706  0.3128706  0.3128706
 0.3128706  0.3128706  0.3128706  0.3128706  0.3128706  0.3128706
 0.3128706  0.3128706  0.3128706  0.3128706  0.3128706  0.3128706
 0.3128706  0.3128706  0.3128706  0.3128706  0.3128706  0.3128706
 0.3128706  0.3128706  0.3128706  0.3128706  0.3128706  0.3128706
 0.3128706  0.3128706  0.3128706  0.3128706  0.3128706  0.3128706
 0.3128706  0.3128706  0.3128706  0.3128706  0.3128706  0.3128706
 0.3128706  0.3128706  0.3128706  0.3128706  0.3128706  0.3128706
 0.3128706  0.3128706  0.3128706  0.3128706  0.3128706  0.3128706
 0.3128706  0.3128706  0.3128706  0.3128706  0.3128706  0.3128706
 0.3128706  0.3128706  0.3128706  0.3128706  0.3128706  0.3128706
 0.3128706  0.3128706  0.3128706  0.3128706  0.3128706  0.3128706
 0.3128706  0.3128706  0.3128706  0.3128706  0.3128706  0.3128706
 0.3128706  0.3128706  0.3128706  0.3128706  0.3128706  0.3128706
 0.3128706  0.3128706  0.3128706  0.3128706  0.3128706  0.3128706
 0.3128706  0.3128706  0.3128706  0.3128706  0.3128706  0.3128706
 0.3128706  0.3128706  0.3128706  0.3128706  0.3128706  0.3128706
 0.3128706  0.3128706  0.3128706  0.3128706  0.3128706  0.3128706
 0.3128706  0.3128706  0.3128706  0.3128706  0.3128706  0.3128706
 0.3128706  0.3128706  0.3128706  0.3128706  0.3128706  0.3128706
 0.3128706  0.3128706  0.3128706  0.3128706  0.3128706  0.3128706
 0.3128706  0.3128706  0.3128706  0.3128706  0.3128706 ]","[2.54190989 2.54190989 2.54190989 2.54190989 2.54190989 2.54190989
 2.54190989 2.54190989 2.54190989 2.54190989 2.54190989 2.54190989
 2.54190989 2.54190989 2.54190989 2.54190989 2.54190989 2.54190989
 2.54190989 2.54190989 2.54190989 2.54190989 2.54190989 2.54190989
 2.54190989 2.54190989 2.54190989 2.54190989 2.54190989 2.54190989
 2.54190989 2.54190989 2.54190989 2.54190989 2.54190989 2.54190989
 2.54190989 2.54190989 2.54190989 2.54190989 2.54190989 2.54190989
 2.54190989 2.54190989 2.54190989 2.54190989 2.54190989 2.54190989
 2.54190989 2.54190989 2.54190989 2.54190989 2.54190989 2.54190989
 2.54190989 2.54190989 2.54190989 2.54190989 2.54190989 2.54190989
 2.54190989 2.54190989 2.54190989 2.54190989 2.54190989 2.54190989
 2.54190989 2.54190989 2.54190989 2.54190989 2.54190989 2.54190989
 2.54190989 2.54190989 2.54190989 2.54190989 2.54190989 2.54190989
 2.54190989 2.54190989 2.54190989 2.54190989 2.54190989 2.54190989
 2.54190989 2.54190989 2.54190989 2.54190989 2.54190989 2.54190989
 2.54190989 2.54190989 0.6929455  0.3128706  0.3128706  0.3128706
 0.3128706  0.3128706  0.3128706  0.3128706  0.3128706  0.3128706
 0.3128706  0.3128706  0.3128706  0.3128706  0.3128706  0.3128706
 0.3128706  0.3128706  0.3128706  0.3128706  0.3128706  0.3128706
 0.3128706  0.3128706  0.3128706  0.3128706  0.3128706  0.3128706
 0.3128706  0.3128706  0.3128706  0.3128706  0.3128706  0.3128706
 0.3128706  0.3128706  0.3128706  0.3128706  0.3128706  0.3128706
 0.3128706  0.3128706  0.3128706  0.3128706  0.3128706  0.3128706
 0.3128706  0.3128706  0.3128706  0.3128706  0.3128706  0.3128706
 0.3128706  0.3128706  0.3128706  0.3128706  0.3128706  0.3128706
 0.3128706  0.3128706  0.3128706  0.3128706  0.3128706  0.3128706
 0.3128706  0.3128706  0.3128706  0.3128706  0.3128706  0.3128706
 0.3128706  0.3128706  0.3128706  0.3128706  0.3128706  0.3128706
 0.3128706  0.3128706  0.3128706  0.3128706  0.3128706  0.3128706
 0.3128706  0.3128706  0.3128706  0.3128706  0.3128706  0.3128706
 0.3128706  0.3128706  0.3128706  0.3128706  0.3128706  0.3128706
 0.3128706  0.3128706  0.3128706  0.3128706  0.3128706  0.3128706
 0.3128706  0.3128706  0.3128706  0.3128706  0.3128706  0.3128706
 0.3128706  0.3128706  0.3128706  0.3128706  0.3128706  0.3128706
 0.3128706  0.3128706  0.3128706  0.3128706  0.3128706  0.3128706
 0.3128706  0.3128706  0.3128706  0.3128706  0.3128706  0.3128706
 0.3128706  0.3128706  0.3128706  0.3128706  0.3128706  0.3128706
 0.3128706  0.3128706  0.3128706  0.3128706  0.3128706  0.3128706
 0.3128706  0.3128706  0.3128706  0.3128706  0.3128706  0.3128706
 0.3128706  0.3128706  0.3128706  0.3128706  0.3128706  0.3128706
 0.3128706  0.3128706  0.3128706  0.3128706  0.3128706  0.3128706
 0.3128706  0.3128706  0.3128706  0.3128706  0.3128706  0.3128706
 0.3128706  0.3128706  0.3128706  0.3128706  0.3128706  0.3128706
 0.3128706  0.3128706  0.3128706  0.3128706  0.3128706  0.3128706
 0.3128706  0.3128706  0.3128706  0.3128706  0.3128706  0.3128706
 0.3128706  0.3128706  0.3128706  0.3128706  0.3128706  0.3128706
 0.3128706  0.3128706  0.3128706  0.3128706  0.3128706  0.3128706
 0.3128706  0.3128706  0.3128706  0.3128706  0.3128706  0.3128706
 0.3128706  0.3128706  0.3128706  0.3128706  0.3128706  0.3128706
 0.3128706  0.3128706  0.3128706  0.3128706  0.3128706 ]","[0.00167224 0.00501672 0.0083612  0.01170569 0.01505017 0.01839465
 0.02173913 0.02508361 0.02842809 0.03177258 0.03511706 0.03846154
 0.04180602 0.0451505  0.04849498 0.05183946 0.05518395 0.05852843
 0.06187291 0.06521739 0.06856187 0.07190635 0.07525084 0.07859532
 0.0819398  0.08528428 0.08862876 0.09197324 0.09531773 0.09866221
 0.10200669 0.10535117 0.10869565 0.11204013 0.11538462 0.1187291
 0.12207358 0.12541806 0.12876254 0.13210702 0.13545151 0.13879599
 0.14214047 0.14548495 0.14882943 0.15217391 0.15551839 0.15886288
 0.16220736 0.16555184 0.16889632 0.1722408  0.17558528 0.17892977
 0.18227425 0.18561873 0.18896321 0.19230769 0.19565217 0.19899666
 0.20234114 0.20568562 0.2090301  0.21237458 0.21571906 0.21906355
 0.22240803 0.22575251 0.22909699 0.23244147 0.23578595 0.23913043
 0.24247492 0.2458194  0.24916388 0.25250836 0.25585284 0.25919732
 0.26254181 0.26588629 0.26923077 0.27257525 0.27591973 0.27926421
 0.2826087  0.28595318 0.28929766 0.29264214 0.29598662 0.2993311
 0.30267559 0.30602007 0.30936455 0.31270903 0.31605351 0.31939799
 0.32274247 0.32608696 0.32943144 0.33277592 0.3361204  0.33946488
 0.34280936 0.34615385 0.34949833 0.35284281 0.35618729 0.35953177
 0.36287625 0.36622074 0.36956522 0.3729097  0.37625418 0.37959866
 0.38294314 0.38628763 0.38963211 0.39297659 0.39632107 0.39966555
 0.40301003 0.40635452 0.409699   0.41304348 0.41638796 0.41973244
 0.42307692 0.4264214  0.42976589 0.43311037 0.43645485 0.43979933
 0.44314381 0.44648829 0.44983278 0.45317726 0.45652174 0.45986622
 0.4632107  0.46655518 0.46989967 0.47324415 0.47658863 0.47993311
 0.48327759 0.48662207 0.48996656 0.49331104 0.49665552 0.5
 0.50334448 0.50668896 0.51003344 0.51337793 0.51672241 0.52006689
 0.52341137 0.52675585 0.53010033 0.53344482 0.5367893  0.54013378
 0.54347826 0.54682274 0.55016722 0.55351171 0.55685619 0.56020067
 0.56354515 0.56688963 0.57023411 0.5735786  0.57692308 0.58026756
 0.58361204 0.58695652 0.590301   0.59364548 0.59698997 0.60033445
 0.60367893 0.60702341 0.61036789 0.61371237 0.61705686 0.62040134
 0.62374582 0.6270903  0.63043478 0.63377926 0.63712375 0.64046823
 0.64381271 0.64715719 0.65050167 0.65384615 0.65719064 0.66053512
 0.6638796  0.66722408 0.67056856 0.67391304 0.67725753 0.68060201
 0.68394649 0.68729097 0.69063545 0.69397993 0.69732441 0.7006689
 0.70401338 0.70735786 0.71070234 0.71404682 0.7173913  0.72073579
 0.72408027 0.72742475 0.73076923 0.73411371 0.73745819 0.74080268
 0.74414716 0.74749164 0.75083612 0.7541806  0.75752508 0.76086957
 0.76421405 0.76755853 0.77090301 0.77424749 0.77759197 0.78093645
 0.78428094 0.78762542 0.7909699  0.79431438 0.79765886 0.80100334
 0.80434783 0.80769231 0.81103679 0.81438127 0.81772575 0.82107023
 0.82441472 0.8277592  0.83110368 0.83444816 0.83779264 0.84113712
 0.84448161 0.84782609 0.85117057 0.85451505 0.85785953 0.86120401
 0.86454849 0.86789298 0.87123746 0.87458194 0.87792642 0.8812709
 0.88461538 0.88795987 0.89130435 0.89464883 0.89799331 0.90133779
 0.90468227 0.90802676 0.91137124 0.91471572 0.9180602  0.92140468
 0.92474916 0.92809365 0.93143813 0.93478261 0.93812709 0.94147157
 0.94481605 0.94816054 0.95150502 0.9548495  0.95819398 0.96153846
 0.96488294 0.96822742 0.97157191 0.97491639 0.97826087 0.98160535
 0.98494983 0.98829431 0.9916388  0.99498328 0.99832776]"
CLASSIC,P,T,Symbolic regression,112.9315,0.1826,0.2587,0.5715,0.0,12047,364.1988,2.7766,364.1988,2.7766,2.7766,1.0,131.1687,300,1.0,0.9201,0.7019,1.7336,1.0,0.9201,1.7336,0.9959,0.2606,0.3601,0.9835,0.2606,1.0,0.0,0.0,1,0,-0.8512,0.0,1.3846,0.9359,0.7428,0.7168,1.3846,0.7428,0.6759,0.5364,0.5177,0.5364,0.1832,0.5948,0.9099,0.9655,0.3435,0.1837,0.0695,1.0,1.0,1.0,1.0,0,299,False,False,0.0,0.0,0.0,0.0,0.0,0.0,normalized,"[ 624.7921875   635.60970422  646.42722094  657.24473767  668.06225439
  678.87977111  689.69728783  700.51480456  711.33232128  722.149838
  732.96735472  743.78487145  754.60238817  765.41990489  776.23742161
  787.05493834  797.87245506  808.68997178  819.5074885   830.32500523
  841.14252195  851.96003867  862.77755539  873.59507212  884.41258884
  895.23010556  906.04762228  916.86513901  927.68265573  938.50017245
  949.31768917  960.13520589  970.95272262  981.77023934  992.58775606
 1003.40527278 1014.22278951 1025.04030623 1035.85782295 1046.67533967
 1057.4928564  1068.31037312 1079.12788984 1089.94540656 1100.76292329
 1111.58044001 1122.39795673 1133.21547345 1144.03299018 1154.8505069
 1165.66802362 1176.48554034 1187.30305707 1198.12057379 1208.93809051
 1219.75560723 1230.57312395 1241.39064068 1252.2081574  1263.02567412
 1273.84319084 1284.66070757 1295.47822429 1306.29574101 1317.11325773
 1327.93077446 1338.74829118 1349.5658079  1360.38332462 1371.20084135
 1382.01835807 1392.83587479 1403.65339151 1414.47090824 1425.28842496
 1436.10594168 1446.9234584  1457.74097513 1468.55849185 1479.37600857
 1490.19352529 1501.01104202 1511.82855874 1522.64607546 1533.46359218
 1544.2811089  1555.09862563 1565.91614235 1576.73365907 1587.55117579
 1598.36869252 1609.18620924 1620.00372596 1630.82124268 1641.63875941
 1652.45627613 1663.27379285 1674.09130957 1684.9088263  1695.72634302
 1706.54385974 1717.36137646 1728.17889319 1738.99640991 1749.81392663
 1760.63144335 1771.44896008 1782.2664768  1793.08399352 1803.90151024
 1814.71902696 1825.53654369 1836.35406041 1847.17157713 1857.98909385
 1868.80661058 1879.6241273  1890.44164402 1901.25916074 1912.07667747
 1922.89419419 1933.71171091 1944.52922763 1955.34674436 1966.16426108
 1976.9817778  1987.79929452 1998.61681125 2009.43432797 2020.25184469
 2031.06936141 2041.88687814 2052.70439486 2063.52191158 2074.3394283
 2085.15694503 2095.97446175 2106.79197847 2117.60949519 2128.42701191
 2139.24452864 2150.06204536 2160.87956208 2171.6970788  2182.51459553
 2193.33211225 2204.14962897 2214.96714569 2225.78466242 2236.60217914
 2247.41969586 2258.23721258 2269.05472931 2279.87224603 2290.68976275
 2301.50727947 2312.3247962  2323.14231292 2333.95982964 2344.77734636
 2355.59486309 2366.41237981 2377.22989653 2388.04741325 2398.86492997
 2409.6824467  2420.49996342 2431.31748014 2442.13499686 2452.95251359
 2463.77003031 2474.58754703 2485.40506375 2496.22258048 2507.0400972
 2517.85761392 2528.67513064 2539.49264737 2550.31016409 2561.12768081
 2571.94519753 2582.76271426 2593.58023098 2604.3977477  2615.21526442
 2626.03278115 2636.85029787 2647.66781459 2658.48533131 2669.30284804
 2680.12036476 2690.93788148 2701.7553982  2712.57291492 2723.39043165
 2734.20794837 2745.02546509 2755.84298181 2766.66049854 2777.47801526
 2788.29553198 2799.1130487  2809.93056543 2820.74808215 2831.56559887
 2842.38311559 2853.20063232 2864.01814904 2874.83566576 2885.65318248
 2896.47069921 2907.28821593 2918.10573265 2928.92324937 2939.7407661
 2950.55828282 2961.37579954 2972.19331626 2983.01083298 2993.82834971
 3004.64586643 3015.46338315 3026.28089987 3037.0984166  3047.91593332
 3058.73345004 3069.55096676 3080.36848349 3091.18600021 3102.00351693
 3112.82103365 3123.63855038 3134.4560671  3145.27358382 3156.09110054
 3166.90861727 3177.72613399 3188.54365071 3199.36116743 3210.17868416
 3220.99620088 3231.8137176  3242.63123432 3253.44875105 3264.26626777
 3275.08378449 3285.90130121 3296.71881793 3307.53633466 3318.35385138
 3329.1713681  3339.98888482 3350.80640155 3361.62391827 3372.44143499
 3383.25895171 3394.07646844 3404.89398516 3415.71150188 3426.5290186
 3437.34653533 3448.16405205 3458.98156877 3469.79908549 3480.61660222
 3491.43411894 3502.25163566 3513.06915238 3523.88666911 3534.70418583
 3545.52170255 3556.33921927 3567.15673599 3577.97425272 3588.79176944
 3599.60928616 3610.42680288 3621.24431961 3632.06183633 3642.87935305
 3653.69686977 3664.5143865  3675.33190322 3686.14941994 3696.96693666
 3707.78445339 3718.60197011 3729.41948683 3740.23700355 3751.05452028
 3761.872037   3772.68955372 3783.50707044 3794.32458717 3805.14210389
 3815.95962061 3826.77713733 3837.59465406 3848.41217078 3859.2296875 ]","[237.85856252 239.9701287  242.06385725 244.14019273 246.19956154
 248.24237293 250.26901996 252.27988039 254.27531748 256.25568077
 258.22130679 260.17251975 262.10963212 264.03294526 265.94274993
 267.83932683 269.72294706 271.59387261 273.45235672 275.29864436
 277.13297254 278.95557069 280.76666101 282.56645878 284.35517261
 286.13300482 287.90015161 289.65680336 291.40314487 293.13935559
 294.86560979 296.58207685 298.28892135 299.98630334 301.67437847
 303.35329818 305.02320983 306.68425689 308.33657905 309.98031235
 311.61558937 313.24253929 314.86128803 316.47195839 318.07467011
 319.66954002 321.2566821  322.83620763 324.4082252  325.97284088
 327.53015825 329.08027849 330.62330048 332.15932085 333.68843404
 335.21073242 336.7263063  338.235244   339.73763195 341.23355469
 342.723095   344.20633386 345.68335058 347.15422282 348.61902662
 350.0778365  351.53072542 352.9777649  354.41902504 355.85457453
 357.28448071 358.70880963 360.12762604 361.54099345 362.94897417
 364.35162931 365.74901887 367.1412017  368.52823556 369.91017717
 371.28708222 372.65900536 374.02600029 375.38811973 376.74541549
 378.09793845 379.44573861 380.7888651  382.12736621 383.46128938
 384.79068129 386.11558779 387.43605399 388.75212422 390.06384211
 391.37125054 392.67439172 393.97330716 395.26803771 396.55862355
 397.84510423 399.12751869 400.40590523 401.68030158 402.95074486
 404.21727164 405.47991791 406.73871913 407.99371021 409.24492554
 410.492399   411.73616395 412.97625328 414.21269938 415.44553418
 416.67478913 417.90049524 419.12268307 420.34138274 421.55662395
 422.76843597 423.97684768 425.18188754 426.38358362 427.58196359
 428.77705477 429.96888407 431.15747807 432.34286297 433.52506462
 434.70410853 435.88001987 437.05282347 438.22254386 439.38920521
 440.5528314  441.71344599 442.87107226 444.02573317 445.17745138
 446.32624928 447.47214897 448.61517229 449.75534077 450.89267572
 452.02719813 453.15892879 454.2878882  455.41409661 456.53757404
 457.65834027 458.77641482 459.89181699 461.00456587 462.11468028
 463.22217886 464.32708001 465.42940193 466.52916258 467.62637974
 468.72107098 469.81325366 470.90294495 471.99016182 473.07492105
 474.15723923 475.23713277 476.3146179  477.38971064 478.46242687
 479.53278229 480.60079239 481.66647255 482.72983794 483.79090357
 484.84968431 485.90619486 486.96044974 488.01246336 489.06224994
 490.10982357 491.15519818 492.19838756 493.23940537 494.2782651
 495.31498012 496.34956367 497.38202882 498.41238856 499.44065569
 500.46684292 501.49096282 502.51302784 503.53305029 504.55104237
 505.56701615 506.58098361 507.59295657 508.60294675 509.61096578
 510.61702513 511.62113621 512.62331028 513.6235585  514.62189195
 515.61832158 516.61285823 517.60551265 518.59629549 519.5852173
 520.57228852 521.55751951 522.54092051 523.52250169 524.50227312
 525.48024476 526.4564265  527.43082814 528.40345936 529.3743298
 530.34344897 531.31082632 532.27647121 533.24039291 534.20260062
 535.16310344 536.12191041 537.07903048 538.03447252 538.98824532
 539.9403576  540.89081801 541.83963512 542.78681741 543.73237331
 544.67631118 545.61863928 546.55936582 547.49849895 548.43604672
 549.37201716 550.30641818 551.23925766 552.1705434  553.10028314
 554.02848454 554.95515524 555.88030276 556.8039346  557.72605818
 558.64668086 559.56580996 560.48345272 561.39961632 562.3143079
 563.22753452 564.13930321 565.04962093 565.95849457 566.86593099
 567.77193699 568.67651931 569.57968465 570.48143963 571.38179084
 572.28074483 573.17830807 574.074487   574.96928801 575.86271743
 576.75478155 577.64548661 578.5348388  579.42284427 580.30950913
 581.19483941 582.07884113 582.96152025 583.8428827  584.72293434
 585.60168102 586.4791285  587.35528255 588.23014886 589.1037331
 589.97604088 590.84707779 591.71684936 592.58536109 593.45261844
 594.31862683 595.18339165 596.04691822 596.90921186 597.77027783
 598.63012136 599.48874765 600.34616184 601.20236906 602.05737438]","[0.         0.00334448 0.00668896 0.01003344 0.01337793 0.01672241
 0.02006689 0.02341137 0.02675585 0.03010033 0.03344482 0.0367893
 0.04013378 0.04347826 0.04682274 0.05016722 0.05351171 0.05685619
 0.06020067 0.06354515 0.06688963 0.07023411 0.0735786  0.07692308
 0.08026756 0.08361204 0.08695652 0.090301   0.09364548 0.09698997
 0.10033445 0.10367893 0.10702341 0.11036789 0.11371237 0.11705686
 0.12040134 0.12374582 0.1270903  0.13043478 0.13377926 0.13712375
 0.14046823 0.14381271 0.14715719 0.15050167 0.15384615 0.15719064
 0.16053512 0.1638796  0.16722408 0.17056856 0.17391304 0.17725753
 0.18060201 0.18394649 0.18729097 0.19063545 0.19397993 0.19732441
 0.2006689  0.20401338 0.20735786 0.21070234 0.21404682 0.2173913
 0.22073579 0.22408027 0.22742475 0.23076923 0.23411371 0.23745819
 0.24080268 0.24414716 0.24749164 0.25083612 0.2541806  0.25752508
 0.26086957 0.26421405 0.26755853 0.27090301 0.27424749 0.27759197
 0.28093645 0.28428094 0.28762542 0.2909699  0.29431438 0.29765886
 0.30100334 0.30434783 0.30769231 0.31103679 0.31438127 0.31772575
 0.32107023 0.32441472 0.3277592  0.33110368 0.33444816 0.33779264
 0.34113712 0.34448161 0.34782609 0.35117057 0.35451505 0.35785953
 0.36120401 0.36454849 0.36789298 0.37123746 0.37458194 0.37792642
 0.3812709  0.38461538 0.38795987 0.39130435 0.39464883 0.39799331
 0.40133779 0.40468227 0.40802676 0.41137124 0.41471572 0.4180602
 0.42140468 0.42474916 0.42809365 0.43143813 0.43478261 0.43812709
 0.44147157 0.44481605 0.44816054 0.45150502 0.4548495  0.45819398
 0.46153846 0.46488294 0.46822742 0.47157191 0.47491639 0.47826087
 0.48160535 0.48494983 0.48829431 0.4916388  0.49498328 0.49832776
 0.50167224 0.50501672 0.5083612  0.51170569 0.51505017 0.51839465
 0.52173913 0.52508361 0.52842809 0.53177258 0.53511706 0.53846154
 0.54180602 0.5451505  0.54849498 0.55183946 0.55518395 0.55852843
 0.56187291 0.56521739 0.56856187 0.57190635 0.57525084 0.57859532
 0.5819398  0.58528428 0.58862876 0.59197324 0.59531773 0.59866221
 0.60200669 0.60535117 0.60869565 0.61204013 0.61538462 0.6187291
 0.62207358 0.62541806 0.62876254 0.63210702 0.63545151 0.63879599
 0.64214047 0.64548495 0.64882943 0.65217391 0.65551839 0.65886288
 0.66220736 0.66555184 0.66889632 0.6722408  0.67558528 0.67892977
 0.68227425 0.68561873 0.68896321 0.69230769 0.69565217 0.69899666
 0.70234114 0.70568562 0.7090301  0.71237458 0.71571906 0.71906355
 0.72240803 0.72575251 0.72909699 0.73244147 0.73578595 0.73913043
 0.74247492 0.7458194  0.74916388 0.75250836 0.75585284 0.75919732
 0.76254181 0.76588629 0.76923077 0.77257525 0.77591973 0.77926421
 0.7826087  0.78595318 0.78929766 0.79264214 0.79598662 0.7993311
 0.80267559 0.80602007 0.80936455 0.81270903 0.81605351 0.81939799
 0.82274247 0.82608696 0.82943144 0.83277592 0.8361204  0.83946488
 0.84280936 0.84615385 0.84949833 0.85284281 0.85618729 0.85953177
 0.86287625 0.86622074 0.86956522 0.8729097  0.87625418 0.87959866
 0.88294314 0.88628763 0.88963211 0.89297659 0.89632107 0.89966555
 0.90301003 0.90635452 0.909699   0.91304348 0.91638796 0.91973244
 0.92307692 0.9264214  0.92976589 0.93311037 0.93645485 0.93979933
 0.94314381 0.94648829 0.94983278 0.95317726 0.95652174 0.95986622
 0.9632107  0.96655518 0.96989967 0.97324415 0.97658863 0.97993311
 0.98327759 0.98662207 0.98996656 0.99331104 0.99665552 1.        ]","[0.         0.00579784 0.0115467  0.01724781 0.02290232 0.02851138
 0.03407605 0.03959738 0.04507636 0.05051394 0.05591107 0.06126862
 0.06658745 0.07186839 0.07711224 0.08231978 0.08749173 0.09262883
 0.09773177 0.10280122 0.10783783 0.11284224 0.11781504 0.12275684
 0.12766821 0.1325497  0.13740185 0.14222518 0.1470202  0.15178741
 0.15652727 0.16124027 0.16592684 0.17058743 0.17522247 0.17983237
 0.18441754 0.18897836 0.19351523 0.19802851 0.20251858 0.20698578
 0.21143047 0.21585297 0.22025362 0.22463274 0.22899064 0.23332763
 0.237644   0.24194005 0.24621606 0.25047231 0.25470906 0.2589266
 0.26312516 0.26730502 0.27146641 0.27560958 0.27973477 0.2838422
 0.28793211 0.29200472 0.29606024 0.30009889 0.30412088 0.30812641
 0.31211569 0.3160889  0.32004625 0.32398791 0.32791408 0.33182494
 0.33572065 0.33960141 0.34346738 0.34731872 0.35115561 0.3549782
 0.35878665 0.36258112 0.36636177 0.37012873 0.37388216 0.3776222
 0.381349   0.38506269 0.38876342 0.39245131 0.39612651 0.39978913
 0.40343931 0.40707718 0.41070285 0.41431646 0.41791811 0.42150793
 0.42508604 0.42865254 0.43220755 0.43575118 0.43928354 0.44280473
 0.44631486 0.44981404 0.45330236 0.45677993 0.46024685 0.46370321
 0.4671491  0.47058463 0.47400988 0.47742496 0.48082993 0.48422491
 0.48760997 0.4909852  0.49435069 0.49770651 0.50105276 0.50438951
 0.50771685 0.51103485 0.51434359 0.51764315 0.52093361 0.52421503
 0.5274875  0.53075109 0.53400586 0.5372519  0.54048926 0.54371802
 0.54693825 0.55015001 0.55335338 0.55654841 0.55973517 0.56291372
 0.56608414 0.56924647 0.57240079 0.57554715 0.5786856  0.58181623
 0.58493907 0.58805419 0.59116164 0.59426148 0.59735377 0.60043856
 0.60351591 0.60658587 0.60964849 0.61270382 0.61575192 0.61879284
 0.62182662 0.62485333 0.627873   0.63088569 0.63389144 0.6368903
 0.63988232 0.64286755 0.64584603 0.64881781 0.65178293 0.65474144
 0.65769338 0.6606388  0.66357773 0.66651022 0.66943631 0.67235605
 0.67526948 0.67817663 0.68107754 0.68397227 0.68686084 0.68974329
 0.69261967 0.69549001 0.69835435 0.70121273 0.70406518 0.70691174
 0.70975246 0.71258735 0.71541646 0.71823983 0.72105749 0.72386947
 0.72667581 0.72947654 0.73227169 0.7350613  0.73784541 0.74062404
 0.74339722 0.74616499 0.74892738 0.75168442 0.75443615 0.75718258
 0.75992376 0.76265971 0.76539046 0.76811604 0.77083649 0.77355182
 0.77626208 0.77896728 0.78166745 0.78436263 0.78705284 0.78973811
 0.79241847 0.79509393 0.79776454 0.80043031 0.80309127 0.80574745
 0.80839887 0.81104556 0.81368755 0.81632485 0.8189575  0.82158551
 0.82420892 0.82682775 0.82944201 0.83205174 0.83465696 0.83725769
 0.83985395 0.84244577 0.84503317 0.84761617 0.8501948  0.85276908
 0.85533902 0.85790465 0.860466   0.86302308 0.86557592 0.86812453
 0.87066894 0.87320916 0.87574523 0.87827715 0.88080496 0.88332866
 0.88584828 0.88836384 0.89087535 0.89338285 0.89588634 0.89838585
 0.90088139 0.90337299 0.90586066 0.90834442 0.91082428 0.91330028
 0.91577242 0.91824073 0.92070522 0.9231659  0.9256228  0.92807594
 0.93052533 0.93297098 0.93541293 0.93785117 0.94028573 0.94271663
 0.94514388 0.9475675  0.9499875  0.95240391 0.95481673 0.95722598
 0.95963169 0.96203385 0.9644325  0.96682764 0.96921929 0.97160747
 0.97399219 0.97637347 0.97875131 0.98112574 0.98349677 0.98586442
 0.98822869 0.99058961 0.99294719 0.99530143 0.99765237 1.        ]","[1.73355395 1.71890961 1.70463024 1.69070094 1.67710763 1.66383701
 1.65087652 1.63821427 1.62583898 1.61373997 1.60190713 1.59033083
 1.57900193 1.56791175 1.55705201 1.54641485 1.53599276 1.52577859
 1.51576553 1.50594705 1.49631693 1.48686923 1.47759826 1.46849858
 1.45956497 1.45079246 1.44217624 1.43371174 1.42539456 1.41722046
 1.4091854  1.40128548 1.39351694 1.3858762  1.37835978 1.37096434
 1.36368669 1.35652371 1.34947244 1.34252999 1.33569361 1.32896061
 1.32232841 1.31579453 1.30935656 1.30301217 1.29675912 1.29059524
 1.28451844 1.27852667 1.27261797 1.26679045 1.26104225 1.2553716
 1.24977677 1.24425609 1.23880792 1.2334307  1.2281229  1.22288304
 1.21770968 1.21260143 1.20755693 1.20257487 1.19765397 1.19279298
 1.18799071 1.18324598 1.17855765 1.17392461 1.16934579 1.16482013
 1.16034661 1.15592424 1.15155205 1.14722911 1.14295448 1.13872729
 1.13454665 1.13041173 1.12632168 1.12227572 1.11827304 1.11431289
 1.11039452 1.10651719 1.1026802  1.09888286 1.09512447 1.09140439
 1.08772196 1.08407655 1.08046755 1.07689436 1.07335639 1.06985306
 1.06638381 1.06294809 1.05954537 1.05617512 1.05283683 1.04952999
 1.04625412 1.04300873 1.03979336 1.03660754 1.03345083 1.03032278
 1.02722297 1.02415096 1.02110635 1.01808874 1.01509772 1.01213291
 1.00919393 1.0062804  1.00339196 1.00052825 0.99768893 0.99487364
 0.99208204 0.98931382 0.98656864 0.98384619 0.98114615 0.97846822
 0.97581209 0.97317749 0.9705641  0.96797166 0.96539988 0.9628485
 0.96031723 0.95780583 0.95531402 0.95284156 0.9503882  0.9479537
 0.9455378  0.94314029 0.94076092 0.93839947 0.93605571 0.93372943
 0.9314204  0.92912842 0.92685328 0.92459477 0.92235269 0.92012684
 0.91791703 0.91572306 0.91354475 0.91138191 0.90923437 0.90710193
 0.90498442 0.90288168 0.90079352 0.89871979 0.89666032 0.89461493
 0.89258348 0.89056581 0.88856176 0.88657118 0.88459391 0.88262982
 0.88067875 0.87874056 0.87681511 0.87490227 0.87300189 0.87111384
 0.86923798 0.8673742  0.86552235 0.86368231 0.86185396 0.86003717
 0.85823182 0.85643779 0.85465497 0.85288323 0.85112247 0.84937257
 0.84763341 0.8459049  0.84418692 0.84247936 0.84078212 0.8390951
 0.8374182  0.8357513  0.83409433 0.83244717 0.83080972 0.82918191
 0.82756362 0.82595477 0.82435527 0.82276503 0.82118395 0.81961196
 0.81804896 0.81649486 0.81494959 0.81341306 0.81188519 0.81036589
 0.8088551  0.80735272 0.80585868 0.8043729  0.80289532 0.80142585
 0.79996441 0.79851094 0.79706537 0.79562762 0.79419762 0.7927753
 0.7913606  0.78995344 0.78855376 0.7871615  0.78577659 0.78439896
 0.78302855 0.7816653  0.78030914 0.77896002 0.77761787 0.77628264
 0.77495426 0.77363268 0.77231783 0.77100967 0.76970813 0.76841316
 0.7671247  0.76584271 0.76456712 0.76329788 0.76203494 0.76077826
 0.75952776 0.75828342 0.75704517 0.75581296 0.75458676 0.7533665
 0.75215214 0.75094364 0.74974094 0.74854401 0.74735279 0.74616723
 0.7449873  0.74381295 0.74264414 0.74148082 0.74032295 0.73917049
 0.73802339 0.73688162 0.73574513 0.73461388 0.73348783 0.73236695
 0.73125119 0.73014051 0.72903488 0.72793425 0.7268386  0.72574788
 0.72466205 0.72358109 0.72250494 0.72143359 0.72036698 0.71930509
 0.71824789 0.71719533 0.71614739 0.71510402 0.71406521 0.7130309
 0.71200108 0.71097571 0.70995476 0.70893819 0.70792597 0.70691808
 0.70591448 0.70491515 0.70392004 0.70292914 0.70194241]","[1.73355395 1.71890961 1.70463024 1.69070094 1.67710763 1.66383701
 1.65087652 1.63821427 1.62583898 1.61373997 1.60190713 1.59033083
 1.57900193 1.56791175 1.55705201 1.54641485 1.53599276 1.52577859
 1.51576553 1.50594705 1.49631693 1.48686923 1.47759826 1.46849858
 1.45956497 1.45079246 1.44217624 1.43371174 1.42539456 1.41722046
 1.4091854  1.40128548 1.39351694 1.3858762  1.37835978 1.37096434
 1.36368669 1.35652371 1.34947244 1.34252999 1.33569361 1.32896061
 1.32232841 1.31579453 1.30935656 1.30301217 1.29675912 1.29059524
 1.28451844 1.27852667 1.27261797 1.26679045 1.26104225 1.2553716
 1.24977677 1.24425609 1.23880792 1.2334307  1.2281229  1.22288304
 1.21770968 1.21260143 1.20755693 1.20257487 1.19765397 1.19279298
 1.18799071 1.18324598 1.17855765 1.17392461 1.16934579 1.16482013
 1.16034661 1.15592424 1.15155205 1.14722911 1.14295448 1.13872729
 1.13454665 1.13041173 1.12632168 1.12227572 1.11827304 1.11431289
 1.11039452 1.10651719 1.1026802  1.09888286 1.09512447 1.09140439
 1.08772196 1.08407655 1.08046755 1.07689436 1.07335639 1.06985306
 1.06638381 1.06294809 1.05954537 1.05617512 1.05283683 1.04952999
 1.04625412 1.04300873 1.03979336 1.03660754 1.03345083 1.03032278
 1.02722297 1.02415096 1.02110635 1.01808874 1.01509772 1.01213291
 1.00919393 1.0062804  1.00339196 1.00052825 0.99768893 0.99487364
 0.99208204 0.98931382 0.98656864 0.98384619 0.98114615 0.97846822
 0.97581209 0.97317749 0.9705641  0.96797166 0.96539988 0.9628485
 0.96031723 0.95780583 0.95531402 0.95284156 0.9503882  0.9479537
 0.9455378  0.94314029 0.94076092 0.93839947 0.93605571 0.93372943
 0.9314204  0.92912842 0.92685328 0.92459477 0.92235269 0.92012684
 0.91791703 0.91572306 0.91354475 0.91138191 0.90923437 0.90710193
 0.90498442 0.90288168 0.90079352 0.89871979 0.89666032 0.89461493
 0.89258348 0.89056581 0.88856176 0.88657118 0.88459391 0.88262982
 0.88067875 0.87874056 0.87681511 0.87490227 0.87300189 0.87111384
 0.86923798 0.8673742  0.86552235 0.86368231 0.86185396 0.86003717
 0.85823182 0.85643779 0.85465497 0.85288323 0.85112247 0.84937257
 0.84763341 0.8459049  0.84418692 0.84247936 0.84078212 0.8390951
 0.8374182  0.8357513  0.83409433 0.83244717 0.83080972 0.82918191
 0.82756362 0.82595477 0.82435527 0.82276503 0.82118395 0.81961196
 0.81804896 0.81649486 0.81494959 0.81341306 0.81188519 0.81036589
 0.8088551  0.80735272 0.80585868 0.8043729  0.80289532 0.80142585
 0.79996441 0.79851094 0.79706537 0.79562762 0.79419762 0.7927753
 0.7913606  0.78995344 0.78855376 0.7871615  0.78577659 0.78439896
 0.78302855 0.7816653  0.78030914 0.77896002 0.77761787 0.77628264
 0.77495426 0.77363268 0.77231783 0.77100967 0.76970813 0.76841316
 0.7671247  0.76584271 0.76456712 0.76329788 0.76203494 0.76077826
 0.75952776 0.75828342 0.75704517 0.75581296 0.75458676 0.7533665
 0.75215214 0.75094364 0.74974094 0.74854401 0.74735279 0.74616723
 0.7449873  0.74381295 0.74264414 0.74148082 0.74032295 0.73917049
 0.73802339 0.73688162 0.73574513 0.73461388 0.73348783 0.73236695
 0.73125119 0.73014051 0.72903488 0.72793425 0.7268386  0.72574788
 0.72466205 0.72358109 0.72250494 0.72143359 0.72036698 0.71930509
 0.71824789 0.71719533 0.71614739 0.71510402 0.71406521 0.7130309
 0.71200108 0.71097571 0.70995476 0.70893819 0.70792597 0.70691808
 0.70591448 0.70491515 0.70392004 0.70292914 0.70194241]","[0.00167224 0.00501672 0.0083612  0.01170569 0.01505017 0.01839465
 0.02173913 0.02508361 0.02842809 0.03177258 0.03511706 0.03846154
 0.04180602 0.0451505  0.04849498 0.05183946 0.05518395 0.05852843
 0.06187291 0.06521739 0.06856187 0.07190635 0.07525084 0.07859532
 0.0819398  0.08528428 0.08862876 0.09197324 0.09531773 0.09866221
 0.10200669 0.10535117 0.10869565 0.11204013 0.11538462 0.1187291
 0.12207358 0.12541806 0.12876254 0.13210702 0.13545151 0.13879599
 0.14214047 0.14548495 0.14882943 0.15217391 0.15551839 0.15886288
 0.16220736 0.16555184 0.16889632 0.1722408  0.17558528 0.17892977
 0.18227425 0.18561873 0.18896321 0.19230769 0.19565217 0.19899666
 0.20234114 0.20568562 0.2090301  0.21237458 0.21571906 0.21906355
 0.22240803 0.22575251 0.22909699 0.23244147 0.23578595 0.23913043
 0.24247492 0.2458194  0.24916388 0.25250836 0.25585284 0.25919732
 0.26254181 0.26588629 0.26923077 0.27257525 0.27591973 0.27926421
 0.2826087  0.28595318 0.28929766 0.29264214 0.29598662 0.2993311
 0.30267559 0.30602007 0.30936455 0.31270903 0.31605351 0.31939799
 0.32274247 0.32608696 0.32943144 0.33277592 0.3361204  0.33946488
 0.34280936 0.34615385 0.34949833 0.35284281 0.35618729 0.35953177
 0.36287625 0.36622074 0.36956522 0.3729097  0.37625418 0.37959866
 0.38294314 0.38628763 0.38963211 0.39297659 0.39632107 0.39966555
 0.40301003 0.40635452 0.409699   0.41304348 0.41638796 0.41973244
 0.42307692 0.4264214  0.42976589 0.43311037 0.43645485 0.43979933
 0.44314381 0.44648829 0.44983278 0.45317726 0.45652174 0.45986622
 0.4632107  0.46655518 0.46989967 0.47324415 0.47658863 0.47993311
 0.48327759 0.48662207 0.48996656 0.49331104 0.49665552 0.5
 0.50334448 0.50668896 0.51003344 0.51337793 0.51672241 0.52006689
 0.52341137 0.52675585 0.53010033 0.53344482 0.5367893  0.54013378
 0.54347826 0.54682274 0.55016722 0.55351171 0.55685619 0.56020067
 0.56354515 0.56688963 0.57023411 0.5735786  0.57692308 0.58026756
 0.58361204 0.58695652 0.590301   0.59364548 0.59698997 0.60033445
 0.60367893 0.60702341 0.61036789 0.61371237 0.61705686 0.62040134
 0.62374582 0.6270903  0.63043478 0.63377926 0.63712375 0.64046823
 0.64381271 0.64715719 0.65050167 0.65384615 0.65719064 0.66053512
 0.6638796  0.66722408 0.67056856 0.67391304 0.67725753 0.68060201
 0.68394649 0.68729097 0.69063545 0.69397993 0.69732441 0.7006689
 0.70401338 0.70735786 0.71070234 0.71404682 0.7173913  0.72073579
 0.72408027 0.72742475 0.73076923 0.73411371 0.73745819 0.74080268
 0.74414716 0.74749164 0.75083612 0.7541806  0.75752508 0.76086957
 0.76421405 0.76755853 0.77090301 0.77424749 0.77759197 0.78093645
 0.78428094 0.78762542 0.7909699  0.79431438 0.79765886 0.80100334
 0.80434783 0.80769231 0.81103679 0.81438127 0.81772575 0.82107023
 0.82441472 0.8277592  0.83110368 0.83444816 0.83779264 0.84113712
 0.84448161 0.84782609 0.85117057 0.85451505 0.85785953 0.86120401
 0.86454849 0.86789298 0.87123746 0.87458194 0.87792642 0.8812709
 0.88461538 0.88795987 0.89130435 0.89464883 0.89799331 0.90133779
 0.90468227 0.90802676 0.91137124 0.91471572 0.9180602  0.92140468
 0.92474916 0.92809365 0.93143813 0.93478261 0.93812709 0.94147157
 0.94481605 0.94816054 0.95150502 0.9548495  0.95819398 0.96153846
 0.96488294 0.96822742 0.97157191 0.97491639 0.97826087 0.98160535
 0.98494983 0.98829431 0.9916388  0.99498328 0.99832776]"
LPJ-GUESS,P,T,Equal-width bins,155.704,0.1565,0.3973,0.6393,0.0,11330,473.2004,2.3084,473.2004,2.3084,2.3084,1.0,204.9943,10,1.0108,1.1264,-0.2507,2.2549,1.0665,1.1264,2.2549,0.93,0.8662,1.3251,0.062,0.857,0.8889,0.1111,0.0,1,2,-2.8326,0.0001,2.2067,0.9292,0.0187,0.2882,2.2067,0.0187,0.4211,0.0085,0.1306,0.0085,0.229,0.8457,0.9875,1.0,0.4708,0.0326,0.0,1.0,1.0,1.0558,1.0558,0,9,False,False,0.0,0.0,0.0,0.0,0.0,0.0,normalized,"[ 828.7421875  1109.40963542 1426.18046875 1725.98307292 2063.58515625
 2378.53841146 2692.38033854 3003.23854167 3315.03229167 3632.48125   ]","[ 570.3598    672.607515  793.1595    874.79047   956.304    1016.17815
 1034.87915  1041.313    1028.1214   1043.5602  ]","[0.         0.1001047  0.21308626 0.32001583 0.44042721 0.55276051
 0.66469743 0.77557016 0.88677657 1.        ]","[0.         0.21607698 0.47083582 0.64334407 0.81560413 0.94213435
 0.9816546  0.99525106 0.96737365 1.        ]","[ 2.15850995  2.25487083  1.61328853  1.43059622  1.12638212  0.35305824
  0.12263123 -0.25068166  0.28815896]","[2.15850995 2.25487083 1.61328853 1.43059622 1.12638212 0.35305824
 0.12263123 0.25068166 0.28815896]","[0.05005235 0.15659548 0.26655105 0.38022152 0.49659386 0.60872897
 0.7201338  0.83117336 0.94338828]"
LPJ-GUESS,P,T,Equal-count bins,153.4492,0.1543,0.3933,0.635,0.0,10935,473.0129,2.3074,473.0129,2.3074,2.3074,1.0,204.9943,10,1.2662,1.1397,0.2348,2.2298,1.2662,1.1397,2.2298,0.9206,0.5757,0.6894,-0.0065,0.4547,1.0,0.0,0.0,1,0,-1.645,0.0327,1.542,1.2483,0.2348,,1.542,0.2348,0.8095,0.1523,,0.1523,0.1654,0.6656,1.0,1.0,0.3028,0.0,0.0,1.0,1.0,1.0,1.0,0,9,False,False,0.0,0.0,0.0,0.0,0.0,0.0,normalized,"[ 799.81041667  973.73958333 1107.56875    1233.92265625 1367.76927083
 1500.175      1652.70989583 1901.85572917 2298.16770833 2846.65768229]","[ 563.0729   622.8126   673.0336   706.31366  765.6486   833.8767
  862.97363  920.7413  1006.3222  1036.0858 ]","[0.         0.08497418 0.15035725 0.21208824 0.27747984 0.34216749
 0.41668936 0.53841111 0.7320318  1.        ]","[0.         0.12629613 0.23246871 0.30282633 0.42826676 0.57250828
 0.63402231 0.75614936 0.93707656 1.        ]","[1.48628835 1.62385421 1.13974548 1.91829577 2.22981561 0.82544932
 1.00332972 0.93444147 0.23481683]","[1.48628835 1.62385421 1.13974548 1.91829577 2.22981561 0.82544932
 1.00332972 0.93444147 0.23481683]","[0.04248709 0.11766572 0.18122275 0.24478404 0.30982366 0.37942842
 0.47755024 0.63522146 0.8660159 ]"
LPJ-GUESS,P,T,LOWESS,152.3505,0.1532,0.4476,0.6715,0.0,12149,527.8884,2.5751,515.6817,2.5156,2.5156,0.9769,204.9943,12139,1.6296,1.79,-0.0842,2.9623,1.6373,1.79,2.9623,1.024,0.7692,0.938,-0.727,0.472,0.9376,0.0549,0.0076,1,13,-3.2892,0.0,2.0625,1.2923,-0.0677,-0.0803,2.0625,-0.0677,0.6266,-0.0328,-0.0389,-0.0328,0.3248,0.7776,0.9891,0.9818,0.5337,0.0179,0.008,0.9769,0.9769,1.0234,1.0476,0,11438,False,True,0.0,0.0,0.0,1.0,0.0231,0.0231,normalized,"[ 618.86770833  619.45        620.83958333 ... 3830.22161458 3841.08828125
 3844.15755208]","[ 500.2425314   500.48948457  501.07830128 ... 1016.10727273 1015.96451414
 1015.92427242]","[0.00000000e+00 1.80539330e-04 6.11379161e-04 ... 9.95679167e-01
 9.99048374e-01 1.00000000e+00]","[0.00000000e+00 4.67813164e-04 1.58323198e-03 ... 9.77223017e-01
 9.76952584e-01 9.76876352e-01]","[ 2.59119808  2.5889408   2.58546379 ... -0.08043242 -0.08026617
 -0.08010653]",[2.59119808 2.5889408  2.58546379 ... 0.08043242 0.08026617 0.08010653],"[9.02696649e-05 3.95959246e-04 8.62931166e-04 ... 9.95042072e-01
 9.97363771e-01 9.99524187e-01]"
LPJ-GUESS,P,T,Polynomial degree 3,151.995,0.1528,0.4502,0.6715,0.0,12149,509.3598,2.4848,373.9735,1.8243,1.8243,0.7342,204.9943,300,0.7342,1.0252,-1.9156,2.2316,1.2658,1.3367,2.2316,1.2589,1.2291,2.0736,-0.5488,1.674,0.7057,0.2843,0.01,1,1,-4.1611,0.0,2.0756,0.953,-1.0418,-1.5561,2.0756,-1.0418,0.4591,-0.5019,-0.7497,-0.5019,0.2649,0.8436,0.8986,0.8158,0.5144,0.2605,0.1521,0.7342,0.7342,1.2658,1.724,0,212,False,True,0.0,0.0,0.0,1.0,0.2658,0.2658,normalized,"[ 618.86770833  629.65463089  640.44155344  651.228476    662.01539855
  672.80232111  683.58924366  694.37616621  705.16308877  715.95001132
  726.73693388  737.52385643  748.31077899  759.09770154  769.88462409
  780.67154665  791.4584692   802.24539176  813.03231431  823.81923687
  834.60615942  845.39308197  856.18000453  866.96692708  877.75384964
  888.54077219  899.32769475  910.1146173   920.90153986  931.68846241
  942.47538496  953.26230752  964.04923007  974.83615263  985.62307518
  996.40999774 1007.19692029 1017.98384284 1028.7707654  1039.55768795
 1050.34461051 1061.13153306 1071.91845562 1082.70537817 1093.49230072
 1104.27922328 1115.06614583 1125.85306839 1136.63999094 1147.4269135
 1158.21383605 1169.00075861 1179.78768116 1190.57460371 1201.36152627
 1212.14844882 1222.93537138 1233.72229393 1244.50921649 1255.29613904
 1266.08306159 1276.86998415 1287.6569067  1298.44382926 1309.23075181
 1320.01767437 1330.80459692 1341.59151947 1352.37844203 1363.16536458
 1373.95228714 1384.73920969 1395.52613225 1406.3130548  1417.09997736
 1427.88689991 1438.67382246 1449.46074502 1460.24766757 1471.03459013
 1481.82151268 1492.60843524 1503.39535779 1514.18228034 1524.9692029
 1535.75612545 1546.54304801 1557.32997056 1568.11689312 1578.90381567
 1589.69073822 1600.47766078 1611.26458333 1622.05150589 1632.83842844
 1643.625351   1654.41227355 1665.19919611 1675.98611866 1686.77304121
 1697.55996377 1708.34688632 1719.13380888 1729.92073143 1740.70765399
 1751.49457654 1762.28149909 1773.06842165 1783.8553442  1794.64226676
 1805.42918931 1816.21611187 1827.00303442 1837.78995697 1848.57687953
 1859.36380208 1870.15072464 1880.93764719 1891.72456975 1902.5114923
 1913.29841486 1924.08533741 1934.87225996 1945.65918252 1956.44610507
 1967.23302763 1978.01995018 1988.80687274 1999.59379529 2010.38071784
 2021.1676404  2031.95456295 2042.74148551 2053.52840806 2064.31533062
 2075.10225317 2085.88917572 2096.67609828 2107.46302083 2118.24994339
 2129.03686594 2139.8237885  2150.61071105 2161.39763361 2172.18455616
 2182.97147871 2193.75840127 2204.54532382 2215.33224638 2226.11916893
 2236.90609149 2247.69301404 2258.47993659 2269.26685915 2280.0537817
 2290.84070426 2301.62762681 2312.41454937 2323.20147192 2333.98839447
 2344.77531703 2355.56223958 2366.34916214 2377.13608469 2387.92300725
 2398.7099298  2409.49685236 2420.28377491 2431.07069746 2441.85762002
 2452.64454257 2463.43146513 2474.21838768 2485.00531024 2495.79223279
 2506.57915534 2517.3660779  2528.15300045 2538.93992301 2549.72684556
 2560.51376812 2571.30069067 2582.08761322 2592.87453578 2603.66145833
 2614.44838089 2625.23530344 2636.022226   2646.80914855 2657.59607111
 2668.38299366 2679.16991621 2689.95683877 2700.74376132 2711.53068388
 2722.31760643 2733.10452899 2743.89145154 2754.67837409 2765.46529665
 2776.2522192  2787.03914176 2797.82606431 2808.61298687 2819.39990942
 2830.18683197 2840.97375453 2851.76067708 2862.54759964 2873.33452219
 2884.12144475 2894.9083673  2905.69528986 2916.48221241 2927.26913496
 2938.05605752 2948.84298007 2959.62990263 2970.41682518 2981.20374774
 2991.99067029 3002.77759284 3013.5645154  3024.35143795 3035.13836051
 3045.92528306 3056.71220562 3067.49912817 3078.28605072 3089.07297328
 3099.85989583 3110.64681839 3121.43374094 3132.2206635  3143.00758605
 3153.79450861 3164.58143116 3175.36835371 3186.15527627 3196.94219882
 3207.72912138 3218.51604393 3229.30296649 3240.08988904 3250.87681159
 3261.66373415 3272.4506567  3283.23757926 3294.02450181 3304.81142437
 3315.59834692 3326.38526947 3337.17219203 3347.95911458 3358.74603714
 3369.53295969 3380.31988225 3391.1068048  3401.89372736 3412.68064991
 3423.46757246 3434.25449502 3445.04141757 3455.82834013 3466.61526268
 3477.40218524 3488.18910779 3498.97603034 3509.7629529  3520.54987545
 3531.33679801 3542.12372056 3552.91064312 3563.69756567 3574.48448822
 3585.27141078 3596.05833333 3606.84525589 3617.63217844 3628.419101
 3639.20602355 3649.99294611 3660.77986866 3671.56679121 3682.35371377
 3693.14063632 3703.92755888 3714.71448143 3725.50140399 3736.28832654
 3747.07524909 3757.86217165 3768.6490942  3779.43601676 3790.22293931
 3801.00986187 3811.79678442 3822.58370697 3833.37062953 3844.15755208]","[ 510.1682258   513.96981909  517.76746833  521.56104043  525.3504023
  529.13542087  532.91596303  536.69189571  540.46308581  544.22940024
  547.99070592  551.74686976  555.49775867  559.24323956  562.98317935
  566.71744494  570.44590326  574.1684212   577.88486568  581.59510362
  585.29900193  588.99642751  592.68724728  596.37132816  600.04853704
  603.71874086  607.38180651  611.03760091  614.68599097  618.32684361
  621.96002573  625.58540424  629.20284607  632.81221812  636.4133873
  640.00622052  643.5905847   647.16634675  650.73337358  654.2915321
  657.84068923  661.38071187  664.91146694  668.43282135  671.94464201
  675.44679584  678.93914974  682.42157062  685.89392541  689.35608101
  692.80790433  696.24926229  699.6800218   703.10004976  706.50921309
  709.90737871  713.29441352  716.67018444  720.03455838  723.38740225
  726.72858296  730.05796742  733.37542255  736.68081526  739.97401246
  743.25488106  746.52328797  749.77910011  753.02218439  756.25240771
  759.469637    762.67373916  765.86458111  769.04202975  772.205952
  775.35621478  778.49268498  781.61522953  784.72371534  787.81800932
  790.89797837  793.96348942  797.01440938  800.05060515  803.07194364
  806.07829178  809.06951647  812.04548462  815.00606315  817.95111897
  820.88051898  823.79413011  826.69181926  829.57345335  832.43889928
  835.28802397  838.12069434  840.93677728  843.73613972  846.51864857
  849.28417074  852.03257313  854.76372267  857.47748626  860.17373082
  862.85232326  865.51313049  868.15601942  870.78085696  873.38751003
  875.97584554  878.54573039  881.09703151  883.6296158   886.14335018
  888.63810155  891.11373683  893.57012294  896.00712678  898.42461526
  900.8224553   903.2005138   905.55865769  907.89675387  910.21466925
  912.51227075  914.78942528  917.04599975  919.28186107  921.49687616
  923.69091192  925.86383527  928.01551311  930.14581237  932.25459996
  934.34174277  936.40710774  938.45056176  940.47197176  942.47120464
  944.44812731  946.40260669  948.33450969  950.24370322  952.13005419
  953.99342952  955.83369611  957.65072088  959.44437074  961.2145126
  962.96101338  964.68373998  966.38255932  968.05733831  969.70794387
  971.33424289  972.9361023   974.51338901  976.06596993  977.59371197
  979.09648204  980.57414705  982.02657393  983.45362957  984.85518089
  986.23109481  987.58123822  988.90547806  990.20368122  991.47571463
  992.72144518  993.94073981  995.1334654   996.29948889  997.43867717
  998.55089716  999.63601578 1000.69389994 1001.72441654 1002.7274325
 1003.70281473 1004.65043015 1005.57014566 1006.46182817 1007.32534461
 1008.16056188 1008.96734688 1009.74556655 1010.49508778 1011.21577749
 1011.90750258 1012.57012999 1013.2035266  1013.80755934 1014.38209512
 1014.92700085 1015.44214344 1015.9273898  1016.38260685 1016.80766149
 1017.20242065 1017.56675123 1017.90052014 1018.20359429 1018.4758406
 1018.71712598 1018.92731735 1019.1062816  1019.25388566 1019.36999643
 1019.45448084 1019.50720578 1019.52803818 1019.51684494 1019.47349297
 1019.3978492  1019.28978052 1019.14915385 1018.97583611 1018.76969421
 1018.53059505 1018.25840555 1017.95299262 1017.61422318 1017.24196413
 1016.83608239 1016.39644486 1015.92291847 1015.41537012 1014.87366673
 1014.2976752  1013.68726245 1013.04229539 1012.36264093 1011.64816598
 1010.89873747 1010.11422229 1009.29448736 1008.43939959 1007.54882589
 1006.62263318 1005.66068837 1004.66285837 1003.62901009 1002.55901044
 1001.45272634 1000.31002469  999.13077242  997.91483642  996.66208362
  995.37238092  994.04559524  992.68159349  991.28024257  989.84140941
  988.36496092  986.85076399  985.29868556  983.70859253  982.08035181
  980.41383031  978.70889495  976.96541264  975.18325028  973.3622748
  971.5023531   969.60335209  967.6651387   965.68757982  963.67054237
  961.61389327  959.51749942  957.38122773  955.20494513  952.98851851
  950.7318148   948.4347009   946.09704373  943.71871019  941.29956721
  938.83948169  936.33832054  933.79595068  931.21223901  928.58705246
  925.92025792  923.21172232  920.46131256  917.66889557  914.83433824
  911.95750749  909.03827023  906.07649338  903.07204385  900.02478854
  896.93459437  893.80132826  890.62485711  887.40504784  884.14176735]","[0.         0.00334448 0.00668896 0.01003344 0.01337793 0.01672241
 0.02006689 0.02341137 0.02675585 0.03010033 0.03344482 0.0367893
 0.04013378 0.04347826 0.04682274 0.05016722 0.05351171 0.05685619
 0.06020067 0.06354515 0.06688963 0.07023411 0.0735786  0.07692308
 0.08026756 0.08361204 0.08695652 0.090301   0.09364548 0.09698997
 0.10033445 0.10367893 0.10702341 0.11036789 0.11371237 0.11705686
 0.12040134 0.12374582 0.1270903  0.13043478 0.13377926 0.13712375
 0.14046823 0.14381271 0.14715719 0.15050167 0.15384615 0.15719064
 0.16053512 0.1638796  0.16722408 0.17056856 0.17391304 0.17725753
 0.18060201 0.18394649 0.18729097 0.19063545 0.19397993 0.19732441
 0.2006689  0.20401338 0.20735786 0.21070234 0.21404682 0.2173913
 0.22073579 0.22408027 0.22742475 0.23076923 0.23411371 0.23745819
 0.24080268 0.24414716 0.24749164 0.25083612 0.2541806  0.25752508
 0.26086957 0.26421405 0.26755853 0.27090301 0.27424749 0.27759197
 0.28093645 0.28428094 0.28762542 0.2909699  0.29431438 0.29765886
 0.30100334 0.30434783 0.30769231 0.31103679 0.31438127 0.31772575
 0.32107023 0.32441472 0.3277592  0.33110368 0.33444816 0.33779264
 0.34113712 0.34448161 0.34782609 0.35117057 0.35451505 0.35785953
 0.36120401 0.36454849 0.36789298 0.37123746 0.37458194 0.37792642
 0.3812709  0.38461538 0.38795987 0.39130435 0.39464883 0.39799331
 0.40133779 0.40468227 0.40802676 0.41137124 0.41471572 0.4180602
 0.42140468 0.42474916 0.42809365 0.43143813 0.43478261 0.43812709
 0.44147157 0.44481605 0.44816054 0.45150502 0.4548495  0.45819398
 0.46153846 0.46488294 0.46822742 0.47157191 0.47491639 0.47826087
 0.48160535 0.48494983 0.48829431 0.4916388  0.49498328 0.49832776
 0.50167224 0.50501672 0.5083612  0.51170569 0.51505017 0.51839465
 0.52173913 0.52508361 0.52842809 0.53177258 0.53511706 0.53846154
 0.54180602 0.5451505  0.54849498 0.55183946 0.55518395 0.55852843
 0.56187291 0.56521739 0.56856187 0.57190635 0.57525084 0.57859532
 0.5819398  0.58528428 0.58862876 0.59197324 0.59531773 0.59866221
 0.60200669 0.60535117 0.60869565 0.61204013 0.61538462 0.6187291
 0.62207358 0.62541806 0.62876254 0.63210702 0.63545151 0.63879599
 0.64214047 0.64548495 0.64882943 0.65217391 0.65551839 0.65886288
 0.66220736 0.66555184 0.66889632 0.6722408  0.67558528 0.67892977
 0.68227425 0.68561873 0.68896321 0.69230769 0.69565217 0.69899666
 0.70234114 0.70568562 0.7090301  0.71237458 0.71571906 0.71906355
 0.72240803 0.72575251 0.72909699 0.73244147 0.73578595 0.73913043
 0.74247492 0.7458194  0.74916388 0.75250836 0.75585284 0.75919732
 0.76254181 0.76588629 0.76923077 0.77257525 0.77591973 0.77926421
 0.7826087  0.78595318 0.78929766 0.79264214 0.79598662 0.7993311
 0.80267559 0.80602007 0.80936455 0.81270903 0.81605351 0.81939799
 0.82274247 0.82608696 0.82943144 0.83277592 0.8361204  0.83946488
 0.84280936 0.84615385 0.84949833 0.85284281 0.85618729 0.85953177
 0.86287625 0.86622074 0.86956522 0.8729097  0.87625418 0.87959866
 0.88294314 0.88628763 0.88963211 0.89297659 0.89632107 0.89966555
 0.90301003 0.90635452 0.909699   0.91304348 0.91638796 0.91973244
 0.92307692 0.9264214  0.92976589 0.93311037 0.93645485 0.93979933
 0.94314381 0.94648829 0.94983278 0.95317726 0.95652174 0.95986622
 0.9632107  0.96655518 0.96989967 0.97324415 0.97658863 0.97993311
 0.98327759 0.98662207 0.98996656 0.99331104 0.99665552 1.        ]","[0.         0.00746347 0.0149192  0.02236693 0.02980639 0.03723732
 0.04465947 0.05207256 0.05947635 0.06687056 0.07425494 0.08162922
 0.08899315 0.09634646 0.10368889 0.11102018 0.11834007 0.1256483
 0.13294461 0.14022873 0.1475004  0.15475937 0.16200536 0.16923813
 0.17645741 0.18366293 0.19085444 0.19803167 0.20519437 0.21234227
 0.21947511 0.22659263 0.23369457 0.24078066 0.24785065 0.25490428
 0.26194128 0.26896139 0.27596435 0.2829499  0.28991777 0.29686772
 0.30379947 0.31071276 0.31760734 0.32448294 0.3313393  0.33817616
 0.34499325 0.35179033 0.35856712 0.36532336 0.37205879 0.37877316
 0.38546619 0.39213764 0.39878723 0.40541471 0.41201981 0.41860228
 0.42516184 0.43169825 0.43821124 0.44470055 0.45116592 0.45760708
 0.46402377 0.47041574 0.47678272 0.48312446 0.48944068 0.49573113
 0.50199554 0.50823366 0.51444523 0.52062998 0.52678765 0.53291798
 0.53902071 0.54509558 0.55114233 0.55716069 0.5631504  0.56911121
 0.57504285 0.58094506 0.58681758 0.59266014 0.59847249 0.60425437
 0.61000551 0.61572566 0.62141454 0.6270719  0.63269749 0.63829103
 0.64385226 0.64938094 0.65487678 0.66033954 0.66576895 0.67116474
 0.67652667 0.68185446 0.68714786 0.6924066  0.69763043 0.70281908
 0.70797229 0.7130898  0.71817134 0.72321666 0.7282255  0.7331976
 0.73813268 0.7430305  0.74789079 0.75271328 0.75749773 0.76224386
 0.76695142 0.77162014 0.77624976 0.78084002 0.78539067 0.78990143
 0.79437205 0.79880227 0.80319182 0.80754045 0.81184788 0.81611387
 0.82033815 0.82452046 0.82866053 0.83275811 0.83681294 0.84082475
 0.84479328 0.84871827 0.85259946 0.85643659 0.8602294  0.86397762
 0.86768099 0.87133926 0.87495216 0.87851944 0.88204082 0.88551605
 0.88894486 0.892327   0.89566221 0.89895021 0.90219076 0.90538359
 0.90852844 0.91162505 0.91467315 0.91767249 0.9206228  0.92352382
 0.9263753  0.92917696 0.93192856 0.93462982 0.93728049 0.9398803
 0.94242899 0.94492631 0.94737199 0.94976577 0.95210739 0.95439658
 0.95663309 0.95881665 0.96094701 0.9630239  0.96504706 0.96701623
 0.96893115 0.97079156 0.97259719 0.97434778 0.97604308 0.97768282
 0.97926674 0.98079458 0.98226607 0.98368096 0.98503899 0.9863399
 0.98758341 0.98876928 0.98989723 0.99096702 0.99197837 0.99293103
 0.99382474 0.99465922 0.99543423 0.99614951 0.99680478 0.99739979
 0.99793427 0.99840798 0.99882064 0.99917199 0.99946177 0.99968972
 0.99985559 0.9999591  1.         0.99997802 0.99989291 0.99974441
 0.99953224 0.99925616 0.99891589 0.99851118 0.99804177 0.9975074
 0.99690779 0.99624271 0.99551187 0.99471502 0.9938519  0.99292225
 0.99192581 0.99086231 0.9897315  0.9885331  0.98726687 0.98593254
 0.98452985 0.98305854 0.98151834 0.97990899 0.97823024 0.97648183
 0.97466348 0.97277494 0.97081595 0.96878625 0.96668558 0.96451367
 0.96227026 0.95995509 0.95756791 0.95510844 0.95257644 0.94997163
 0.94729375 0.94454255 0.94171776 0.93881913 0.93584638 0.93279927
 0.92967752 0.92648088 0.92320908 0.91986187 0.91643898 0.91294015
 0.90936512 0.90571364 0.90198542 0.89818023 0.89429779 0.89033784
 0.88630013 0.88218439 0.87799035 0.87371777 0.86936637 0.8649359
 0.8604261  0.85583669 0.85116743 0.84641805 0.84158829 0.83667789
 0.83168659 0.82661412 0.82146023 0.81622465 0.81090712 0.80550738
 0.80002517 0.79446023 0.78881229 0.7830811  0.7772664  0.77136792
 0.7653854  0.75931858 0.7531672  0.74693099 0.74060971 0.73420308]","[ 2.23157847  2.22926327  2.22686995  2.2243985   2.22184892  2.21922123
  2.2165154   2.21373146  2.21086939  2.20792919  2.20491087  2.20181443
  2.19863986  2.19538717  2.19205635  2.18864741  2.18516035  2.18159516
  2.17795185  2.17423041  2.17043085  2.16655316  2.16259735  2.15856342
  2.15445136  2.15026118  2.14599287  2.14164644  2.13722188  2.1327192
  2.1281384   2.12347947  2.11874242  2.11392724  2.10903394  2.10406252
  2.09901297  2.0938853   2.0886795   2.08339558  2.07803353  2.07259336
  2.06707507  2.06147865  2.05580411  2.05005144  2.04422065  2.03831173
  2.03232469  2.02625953  2.02011624  2.01389483  2.00759529  2.00121763
  1.99476185  1.98822794  1.9816159   1.97492575  1.96815746  1.96131106
  1.95438653  1.94738387  1.94030309  1.93314419  1.92590716  1.91859201
  1.91119874  1.90372734  1.89617781  1.88855016  1.88084439  1.87306049
  1.86519847  1.85725833  1.84924006  1.84114366  1.83296915  1.8247165
  1.81638574  1.80797685  1.79948983  1.79092469  1.78228143  1.77356004
  1.76476053  1.7558829   1.74692714  1.73789325  1.72878124  1.71959111
  1.71032285  1.70097647  1.69155197  1.68204934  1.67246858  1.6628097
  1.6530727   1.64325757  1.63336432  1.62339295  1.61334345  1.60321583
  1.59301008  1.58272621  1.57236421  1.56192409  1.55140584  1.54080948
  1.53013498  1.51938237  1.50855162  1.49764276  1.48665577  1.47559065
  1.46444742  1.45322605  1.44192657  1.43054895  1.41909322  1.40755936
  1.39594738  1.38425727  1.37248904  1.36064268  1.3487182   1.33671559
  1.32463486  1.31247601  1.30023903  1.28792393  1.27553071  1.26305936
  1.25050988  1.23788228  1.22517656  1.21239271  1.19953074  1.18659065
  1.17357243  1.16047608  1.14730161  1.13404902  1.1207183   1.10730946
  1.0938225   1.08025741  1.0666142   1.05289286  1.0390934   1.02521581
  1.0112601   0.99722626  0.98311431  0.96892422  0.95465601  0.94030968
  0.92588523  0.91138265  0.89680194  0.88214311  0.86740616  0.85259108
  0.83769788  0.82272656  0.80767711  0.79254953  0.77734384  0.76206001
  0.74669807  0.731258    0.7157398   0.70014348  0.68446904  0.66871647
  0.65288578  0.63697696  0.62099002  0.60492496  0.58878177  0.57256046
  0.55626102  0.53988346  0.52342777  0.50689396  0.49028203  0.47359197
  0.45682379  0.43997748  0.42305305  0.4060505   0.38896982  0.37181101
  0.35457409  0.33725903  0.31986586  0.30239456  0.28484513  0.26721758
  0.24951191  0.23172811  0.21386619  0.19592614  0.17790797  0.15981168
  0.14163726  0.12338472  0.10505405  0.08664526  0.06815834  0.04959331
  0.03095014  0.01222885 -0.00657056 -0.0254481  -0.04440376 -0.06343754
 -0.08254945 -0.10173948 -0.12100764 -0.14035392 -0.15977833 -0.17928086
 -0.19886151 -0.21852029 -0.2382572  -0.25807222 -0.27796538 -0.29793665
 -0.31798605 -0.33811358 -0.35831922 -0.378603   -0.39896489 -0.41940491
 -0.43992306 -0.46051933 -0.48119372 -0.50194624 -0.52277688 -0.54368565
 -0.56467254 -0.58573755 -0.60688069 -0.62810196 -0.64940134 -0.67077886
 -0.69223449 -0.71376825 -0.73538014 -0.75707014 -0.77883828 -0.80068453
 -0.82260892 -0.84461142 -0.86669205 -0.8888508  -0.91108768 -0.93340269
 -0.95579581 -0.97826706 -1.00081644 -1.02344394 -1.04614956 -1.06893331
 -1.09179518 -1.11473518 -1.1377533  -1.16084954 -1.18402391 -1.2072764
 -1.23060702 -1.25401576 -1.27750263 -1.30106762 -1.32471073 -1.34843197
 -1.37223133 -1.39610882 -1.42006443 -1.44409817 -1.46821003 -1.49240001
 -1.51666812 -1.54101435 -1.56543871 -1.58994119 -1.61452179 -1.63918052
 -1.66391737 -1.68873235 -1.71362545 -1.73859668 -1.76364603 -1.7887735
 -1.8139791  -1.83926283 -1.86462467 -1.89006464 -1.91558274]","[2.23157847 2.22926327 2.22686995 2.2243985  2.22184892 2.21922123
 2.2165154  2.21373146 2.21086939 2.20792919 2.20491087 2.20181443
 2.19863986 2.19538717 2.19205635 2.18864741 2.18516035 2.18159516
 2.17795185 2.17423041 2.17043085 2.16655316 2.16259735 2.15856342
 2.15445136 2.15026118 2.14599287 2.14164644 2.13722188 2.1327192
 2.1281384  2.12347947 2.11874242 2.11392724 2.10903394 2.10406252
 2.09901297 2.0938853  2.0886795  2.08339558 2.07803353 2.07259336
 2.06707507 2.06147865 2.05580411 2.05005144 2.04422065 2.03831173
 2.03232469 2.02625953 2.02011624 2.01389483 2.00759529 2.00121763
 1.99476185 1.98822794 1.9816159  1.97492575 1.96815746 1.96131106
 1.95438653 1.94738387 1.94030309 1.93314419 1.92590716 1.91859201
 1.91119874 1.90372734 1.89617781 1.88855016 1.88084439 1.87306049
 1.86519847 1.85725833 1.84924006 1.84114366 1.83296915 1.8247165
 1.81638574 1.80797685 1.79948983 1.79092469 1.78228143 1.77356004
 1.76476053 1.7558829  1.74692714 1.73789325 1.72878124 1.71959111
 1.71032285 1.70097647 1.69155197 1.68204934 1.67246858 1.6628097
 1.6530727  1.64325757 1.63336432 1.62339295 1.61334345 1.60321583
 1.59301008 1.58272621 1.57236421 1.56192409 1.55140584 1.54080948
 1.53013498 1.51938237 1.50855162 1.49764276 1.48665577 1.47559065
 1.46444742 1.45322605 1.44192657 1.43054895 1.41909322 1.40755936
 1.39594738 1.38425727 1.37248904 1.36064268 1.3487182  1.33671559
 1.32463486 1.31247601 1.30023903 1.28792393 1.27553071 1.26305936
 1.25050988 1.23788228 1.22517656 1.21239271 1.19953074 1.18659065
 1.17357243 1.16047608 1.14730161 1.13404902 1.1207183  1.10730946
 1.0938225  1.08025741 1.0666142  1.05289286 1.0390934  1.02521581
 1.0112601  0.99722626 0.98311431 0.96892422 0.95465601 0.94030968
 0.92588523 0.91138265 0.89680194 0.88214311 0.86740616 0.85259108
 0.83769788 0.82272656 0.80767711 0.79254953 0.77734384 0.76206001
 0.74669807 0.731258   0.7157398  0.70014348 0.68446904 0.66871647
 0.65288578 0.63697696 0.62099002 0.60492496 0.58878177 0.57256046
 0.55626102 0.53988346 0.52342777 0.50689396 0.49028203 0.47359197
 0.45682379 0.43997748 0.42305305 0.4060505  0.38896982 0.37181101
 0.35457409 0.33725903 0.31986586 0.30239456 0.28484513 0.26721758
 0.24951191 0.23172811 0.21386619 0.19592614 0.17790797 0.15981168
 0.14163726 0.12338472 0.10505405 0.08664526 0.06815834 0.04959331
 0.03095014 0.01222885 0.00657056 0.0254481  0.04440376 0.06343754
 0.08254945 0.10173948 0.12100764 0.14035392 0.15977833 0.17928086
 0.19886151 0.21852029 0.2382572  0.25807222 0.27796538 0.29793665
 0.31798605 0.33811358 0.35831922 0.378603   0.39896489 0.41940491
 0.43992306 0.46051933 0.48119372 0.50194624 0.52277688 0.54368565
 0.56467254 0.58573755 0.60688069 0.62810196 0.64940134 0.67077886
 0.69223449 0.71376825 0.73538014 0.75707014 0.77883828 0.80068453
 0.82260892 0.84461142 0.86669205 0.8888508  0.91108768 0.93340269
 0.95579581 0.97826706 1.00081644 1.02344394 1.04614956 1.06893331
 1.09179518 1.11473518 1.1377533  1.16084954 1.18402391 1.2072764
 1.23060702 1.25401576 1.27750263 1.30106762 1.32471073 1.34843197
 1.37223133 1.39610882 1.42006443 1.44409817 1.46821003 1.49240001
 1.51666812 1.54101435 1.56543871 1.58994119 1.61452179 1.63918052
 1.66391737 1.68873235 1.71362545 1.73859668 1.76364603 1.7887735
 1.8139791  1.83926283 1.86462467 1.89006464 1.91558274]","[0.00167224 0.00501672 0.0083612  0.01170569 0.01505017 0.01839465
 0.02173913 0.02508361 0.02842809 0.03177258 0.03511706 0.03846154
 0.04180602 0.0451505  0.04849498 0.05183946 0.05518395 0.05852843
 0.06187291 0.06521739 0.06856187 0.07190635 0.07525084 0.07859532
 0.0819398  0.08528428 0.08862876 0.09197324 0.09531773 0.09866221
 0.10200669 0.10535117 0.10869565 0.11204013 0.11538462 0.1187291
 0.12207358 0.12541806 0.12876254 0.13210702 0.13545151 0.13879599
 0.14214047 0.14548495 0.14882943 0.15217391 0.15551839 0.15886288
 0.16220736 0.16555184 0.16889632 0.1722408  0.17558528 0.17892977
 0.18227425 0.18561873 0.18896321 0.19230769 0.19565217 0.19899666
 0.20234114 0.20568562 0.2090301  0.21237458 0.21571906 0.21906355
 0.22240803 0.22575251 0.22909699 0.23244147 0.23578595 0.23913043
 0.24247492 0.2458194  0.24916388 0.25250836 0.25585284 0.25919732
 0.26254181 0.26588629 0.26923077 0.27257525 0.27591973 0.27926421
 0.2826087  0.28595318 0.28929766 0.29264214 0.29598662 0.2993311
 0.30267559 0.30602007 0.30936455 0.31270903 0.31605351 0.31939799
 0.32274247 0.32608696 0.32943144 0.33277592 0.3361204  0.33946488
 0.34280936 0.34615385 0.34949833 0.35284281 0.35618729 0.35953177
 0.36287625 0.36622074 0.36956522 0.3729097  0.37625418 0.37959866
 0.38294314 0.38628763 0.38963211 0.39297659 0.39632107 0.39966555
 0.40301003 0.40635452 0.409699   0.41304348 0.41638796 0.41973244
 0.42307692 0.4264214  0.42976589 0.43311037 0.43645485 0.43979933
 0.44314381 0.44648829 0.44983278 0.45317726 0.45652174 0.45986622
 0.4632107  0.46655518 0.46989967 0.47324415 0.47658863 0.47993311
 0.48327759 0.48662207 0.48996656 0.49331104 0.49665552 0.5
 0.50334448 0.50668896 0.51003344 0.51337793 0.51672241 0.52006689
 0.52341137 0.52675585 0.53010033 0.53344482 0.5367893  0.54013378
 0.54347826 0.54682274 0.55016722 0.55351171 0.55685619 0.56020067
 0.56354515 0.56688963 0.57023411 0.5735786  0.57692308 0.58026756
 0.58361204 0.58695652 0.590301   0.59364548 0.59698997 0.60033445
 0.60367893 0.60702341 0.61036789 0.61371237 0.61705686 0.62040134
 0.62374582 0.6270903  0.63043478 0.63377926 0.63712375 0.64046823
 0.64381271 0.64715719 0.65050167 0.65384615 0.65719064 0.66053512
 0.6638796  0.66722408 0.67056856 0.67391304 0.67725753 0.68060201
 0.68394649 0.68729097 0.69063545 0.69397993 0.69732441 0.7006689
 0.70401338 0.70735786 0.71070234 0.71404682 0.7173913  0.72073579
 0.72408027 0.72742475 0.73076923 0.73411371 0.73745819 0.74080268
 0.74414716 0.74749164 0.75083612 0.7541806  0.75752508 0.76086957
 0.76421405 0.76755853 0.77090301 0.77424749 0.77759197 0.78093645
 0.78428094 0.78762542 0.7909699  0.79431438 0.79765886 0.80100334
 0.80434783 0.80769231 0.81103679 0.81438127 0.81772575 0.82107023
 0.82441472 0.8277592  0.83110368 0.83444816 0.83779264 0.84113712
 0.84448161 0.84782609 0.85117057 0.85451505 0.85785953 0.86120401
 0.86454849 0.86789298 0.87123746 0.87458194 0.87792642 0.8812709
 0.88461538 0.88795987 0.89130435 0.89464883 0.89799331 0.90133779
 0.90468227 0.90802676 0.91137124 0.91471572 0.9180602  0.92140468
 0.92474916 0.92809365 0.93143813 0.93478261 0.93812709 0.94147157
 0.94481605 0.94816054 0.95150502 0.9548495  0.95819398 0.96153846
 0.96488294 0.96822742 0.97157191 0.97491639 0.97826087 0.98160535
 0.98494983 0.98829431 0.9916388  0.99498328 0.99832776]"
LPJ-GUESS,P,T,GAM,151.7947,0.1526,0.4516,0.6715,0.0,12149,526.4558,2.5681,522.2142,2.5475,2.5475,0.9919,204.9943,300,0.9919,1.1331,-0.7805,3.2228,1.2113,1.1331,3.2228,1.2037,0.992,1.4491,-0.2742,1.0001,0.7826,0.2074,0.01,1,2,-2.7791,0.0,2.1053,0.8593,0.1421,0.9577,2.1053,0.1421,0.4082,0.0675,0.4549,0.0675,0.2865,0.8497,0.9213,0.9377,0.5224,0.1016,0.0947,0.9919,0.9919,1.2113,1.2212,0,197,False,True,0.0,0.0,0.0,1.0,0.0081,0.0081,normalized,"[ 618.86770833  629.65463089  640.44155344  651.228476    662.01539855
  672.80232111  683.58924366  694.37616621  705.16308877  715.95001132
  726.73693388  737.52385643  748.31077899  759.09770154  769.88462409
  780.67154665  791.4584692   802.24539176  813.03231431  823.81923687
  834.60615942  845.39308197  856.18000453  866.96692708  877.75384964
  888.54077219  899.32769475  910.1146173   920.90153986  931.68846241
  942.47538496  953.26230752  964.04923007  974.83615263  985.62307518
  996.40999774 1007.19692029 1017.98384284 1028.7707654  1039.55768795
 1050.34461051 1061.13153306 1071.91845562 1082.70537817 1093.49230072
 1104.27922328 1115.06614583 1125.85306839 1136.63999094 1147.4269135
 1158.21383605 1169.00075861 1179.78768116 1190.57460371 1201.36152627
 1212.14844882 1222.93537138 1233.72229393 1244.50921649 1255.29613904
 1266.08306159 1276.86998415 1287.6569067  1298.44382926 1309.23075181
 1320.01767437 1330.80459692 1341.59151947 1352.37844203 1363.16536458
 1373.95228714 1384.73920969 1395.52613225 1406.3130548  1417.09997736
 1427.88689991 1438.67382246 1449.46074502 1460.24766757 1471.03459013
 1481.82151268 1492.60843524 1503.39535779 1514.18228034 1524.9692029
 1535.75612545 1546.54304801 1557.32997056 1568.11689312 1578.90381567
 1589.69073822 1600.47766078 1611.26458333 1622.05150589 1632.83842844
 1643.625351   1654.41227355 1665.19919611 1675.98611866 1686.77304121
 1697.55996377 1708.34688632 1719.13380888 1729.92073143 1740.70765399
 1751.49457654 1762.28149909 1773.06842165 1783.8553442  1794.64226676
 1805.42918931 1816.21611187 1827.00303442 1837.78995697 1848.57687953
 1859.36380208 1870.15072464 1880.93764719 1891.72456975 1902.5114923
 1913.29841486 1924.08533741 1934.87225996 1945.65918252 1956.44610507
 1967.23302763 1978.01995018 1988.80687274 1999.59379529 2010.38071784
 2021.1676404  2031.95456295 2042.74148551 2053.52840806 2064.31533062
 2075.10225317 2085.88917572 2096.67609828 2107.46302083 2118.24994339
 2129.03686594 2139.8237885  2150.61071105 2161.39763361 2172.18455616
 2182.97147871 2193.75840127 2204.54532382 2215.33224638 2226.11916893
 2236.90609149 2247.69301404 2258.47993659 2269.26685915 2280.0537817
 2290.84070426 2301.62762681 2312.41454937 2323.20147192 2333.98839447
 2344.77531703 2355.56223958 2366.34916214 2377.13608469 2387.92300725
 2398.7099298  2409.49685236 2420.28377491 2431.07069746 2441.85762002
 2452.64454257 2463.43146513 2474.21838768 2485.00531024 2495.79223279
 2506.57915534 2517.3660779  2528.15300045 2538.93992301 2549.72684556
 2560.51376812 2571.30069067 2582.08761322 2592.87453578 2603.66145833
 2614.44838089 2625.23530344 2636.022226   2646.80914855 2657.59607111
 2668.38299366 2679.16991621 2689.95683877 2700.74376132 2711.53068388
 2722.31760643 2733.10452899 2743.89145154 2754.67837409 2765.46529665
 2776.2522192  2787.03914176 2797.82606431 2808.61298687 2819.39990942
 2830.18683197 2840.97375453 2851.76067708 2862.54759964 2873.33452219
 2884.12144475 2894.9083673  2905.69528986 2916.48221241 2927.26913496
 2938.05605752 2948.84298007 2959.62990263 2970.41682518 2981.20374774
 2991.99067029 3002.77759284 3013.5645154  3024.35143795 3035.13836051
 3045.92528306 3056.71220562 3067.49912817 3078.28605072 3089.07297328
 3099.85989583 3110.64681839 3121.43374094 3132.2206635  3143.00758605
 3153.79450861 3164.58143116 3175.36835371 3186.15527627 3196.94219882
 3207.72912138 3218.51604393 3229.30296649 3240.08988904 3250.87681159
 3261.66373415 3272.4506567  3283.23757926 3294.02450181 3304.81142437
 3315.59834692 3326.38526947 3337.17219203 3347.95911458 3358.74603714
 3369.53295969 3380.31988225 3391.1068048  3401.89372736 3412.68064991
 3423.46757246 3434.25449502 3445.04141757 3455.82834013 3466.61526268
 3477.40218524 3488.18910779 3498.97603034 3509.7629529  3520.54987545
 3531.33679801 3542.12372056 3552.91064312 3563.69756567 3574.48448822
 3585.27141078 3596.05833333 3606.84525589 3617.63217844 3628.419101
 3639.20602355 3649.99294611 3660.77986866 3671.56679121 3682.35371377
 3693.14063632 3703.92755888 3714.71448143 3725.50140399 3736.28832654
 3747.07524909 3757.86217165 3768.6490942  3779.43601676 3790.22293931
 3801.00986187 3811.79678442 3822.58370697 3833.37062953 3844.15755208]","[ 493.77105316  499.44548543  504.9999128   510.43769058  515.7621741
  520.97671866  526.0846796   531.08941224  535.99427188  540.80261386
  545.51779348  550.14316608  554.68208697  559.13791147  563.5139949
  567.81369258  572.04035983  576.19735197  580.28802432  584.3157322
  588.28383092  592.19567581  596.05462219  599.86402538  603.6272407
  607.34762346  611.02852899  614.6733126   618.28532962  621.86793537
  625.42448516  628.95833431  632.47283815  635.971352    639.45696536
  642.93065683  646.39239833  649.8421556   653.27989439  656.70558042
  660.11917943  663.52065716  666.90997935  670.28711172  673.65202003
  677.00466999  680.34502735  683.67305785  686.98872722  690.2920012
  693.58284552  696.86122592  700.12710813  703.3804579   706.62124096
  709.84942304  713.06496988  716.26784722  719.45802079  722.63545633
  725.80011958  728.95197627  732.09099213  735.21713291  738.33036434
  741.43065216  744.5179621   747.59227802  750.65390916  753.70344618
  756.74148903  759.76863767  762.78549203  765.79265208  768.79071775
  771.780289    774.76196578  777.73634803  780.7040357   783.66562875
  786.62172712  789.57293076  792.51983962  795.46305364  798.40317278
  801.34079699  804.27652621  807.2109604   810.14469949  813.07834345
  816.01249222  818.94774574  821.88470397  824.82396686  827.76613436
  830.7118064   833.66158295  836.61606396  839.57584936  842.54153911
  845.51371921  848.49213917  851.47525189  854.46139874  857.44892108
  860.43616029  863.42145775  866.40315481  869.37959285  872.34911324
  875.31005735  878.26076655  881.19958222  884.12484572  887.03489841
  889.92808169  892.8027369   895.65720543  898.48982864  901.2989479
  904.08290459  906.84004007  909.56869572  912.26721291  914.933933
  917.56719736  920.16534738  922.72672441  925.24966982  927.732525
  930.1736313   932.5713301   934.92396277  937.22987134  939.48804933
  941.6993644   943.8650191   945.98621597  948.06415757  950.10004645
  952.09508516  954.05047626  955.9674223   957.84712583  959.6907894
  961.49961557  963.27480689  965.01756591  966.72909519  968.41059727
  970.06327471  971.68833006  973.28696587  974.86038471  976.40978911
  977.93638163  979.44136483  980.92594125  982.39131345  983.83868399
  985.2692554   986.68423026  988.0848111   989.47220049  990.84760097
  992.2122151   993.56724542  994.91348571  996.24944226  997.57282616
  998.88134768 1000.17271711 1001.44464472 1002.6948408  1003.92101563
 1005.12087948 1006.29214265 1007.4325154  1008.53970803 1009.61143081
 1010.64539402 1011.63930794 1012.59088286 1013.49782905 1014.35785679
 1015.16867638 1015.92799808 1016.63353218 1017.28298896 1017.87407869
 1018.40451167 1018.87199817 1019.27424847 1019.60897285 1019.8738816
 1020.06668499 1020.18509331 1020.22681683 1020.18956584 1020.07105062
 1019.86924247 1019.58514707 1019.22172777 1018.78198055 1018.26890138
 1017.68548623 1017.03473108 1016.31963192 1015.5431847  1014.70838541
 1013.81823002 1012.8757145  1011.88383484 1010.845587   1009.76396697
 1008.64197071 1007.48259421 1006.28883343 1005.06368436 1003.81014296
 1002.53120522 1001.2298671   999.90912458  998.57197365  997.22141026
  995.86043041  994.49203005  993.11920518  991.74495176  990.37226577
  989.00414318  987.64357997  986.29357211  984.95710521  983.63685016
  982.33511402  981.05418361  979.79634572  978.56388716  977.35909473
  976.18425523  975.04165547  973.93358225  972.86232237  971.83016263
  970.83938984  969.8922908   968.99115231  968.13826118  967.3359042
  966.58636819  965.89193994  965.25490626  964.67755395  964.1621698
  963.71104064  963.32645325  963.01069444  962.76605101  962.59480977
  962.49925752  962.48168106  962.5443672   962.68960273  962.91967446
  963.2368692   963.64346589  964.14047021  964.72621769  965.39870764
  966.15593939  966.99591226  967.91662558  968.91607866  969.99227083
  971.14320141  972.36686971  973.66127507  975.02441681  976.45429424
  977.94890668  979.50625346  981.12433391  982.80114734  984.53469307
  986.32297042  988.16397873  990.0557173   991.99618547  993.98338254
  996.01530785  998.08996072 1000.20534047 1002.35944641 1004.55027788
 1006.77583419 1009.03411466 1011.32311862 1013.64084539 1015.98529429]","[0.         0.00334448 0.00668896 0.01003344 0.01337793 0.01672241
 0.02006689 0.02341137 0.02675585 0.03010033 0.03344482 0.0367893
 0.04013378 0.04347826 0.04682274 0.05016722 0.05351171 0.05685619
 0.06020067 0.06354515 0.06688963 0.07023411 0.0735786  0.07692308
 0.08026756 0.08361204 0.08695652 0.090301   0.09364548 0.09698997
 0.10033445 0.10367893 0.10702341 0.11036789 0.11371237 0.11705686
 0.12040134 0.12374582 0.1270903  0.13043478 0.13377926 0.13712375
 0.14046823 0.14381271 0.14715719 0.15050167 0.15384615 0.15719064
 0.16053512 0.1638796  0.16722408 0.17056856 0.17391304 0.17725753
 0.18060201 0.18394649 0.18729097 0.19063545 0.19397993 0.19732441
 0.2006689  0.20401338 0.20735786 0.21070234 0.21404682 0.2173913
 0.22073579 0.22408027 0.22742475 0.23076923 0.23411371 0.23745819
 0.24080268 0.24414716 0.24749164 0.25083612 0.2541806  0.25752508
 0.26086957 0.26421405 0.26755853 0.27090301 0.27424749 0.27759197
 0.28093645 0.28428094 0.28762542 0.2909699  0.29431438 0.29765886
 0.30100334 0.30434783 0.30769231 0.31103679 0.31438127 0.31772575
 0.32107023 0.32441472 0.3277592  0.33110368 0.33444816 0.33779264
 0.34113712 0.34448161 0.34782609 0.35117057 0.35451505 0.35785953
 0.36120401 0.36454849 0.36789298 0.37123746 0.37458194 0.37792642
 0.3812709  0.38461538 0.38795987 0.39130435 0.39464883 0.39799331
 0.40133779 0.40468227 0.40802676 0.41137124 0.41471572 0.4180602
 0.42140468 0.42474916 0.42809365 0.43143813 0.43478261 0.43812709
 0.44147157 0.44481605 0.44816054 0.45150502 0.4548495  0.45819398
 0.46153846 0.46488294 0.46822742 0.47157191 0.47491639 0.47826087
 0.48160535 0.48494983 0.48829431 0.4916388  0.49498328 0.49832776
 0.50167224 0.50501672 0.5083612  0.51170569 0.51505017 0.51839465
 0.52173913 0.52508361 0.52842809 0.53177258 0.53511706 0.53846154
 0.54180602 0.5451505  0.54849498 0.55183946 0.55518395 0.55852843
 0.56187291 0.56521739 0.56856187 0.57190635 0.57525084 0.57859532
 0.5819398  0.58528428 0.58862876 0.59197324 0.59531773 0.59866221
 0.60200669 0.60535117 0.60869565 0.61204013 0.61538462 0.6187291
 0.62207358 0.62541806 0.62876254 0.63210702 0.63545151 0.63879599
 0.64214047 0.64548495 0.64882943 0.65217391 0.65551839 0.65886288
 0.66220736 0.66555184 0.66889632 0.6722408  0.67558528 0.67892977
 0.68227425 0.68561873 0.68896321 0.69230769 0.69565217 0.69899666
 0.70234114 0.70568562 0.7090301  0.71237458 0.71571906 0.71906355
 0.72240803 0.72575251 0.72909699 0.73244147 0.73578595 0.73913043
 0.74247492 0.7458194  0.74916388 0.75250836 0.75585284 0.75919732
 0.76254181 0.76588629 0.76923077 0.77257525 0.77591973 0.77926421
 0.7826087  0.78595318 0.78929766 0.79264214 0.79598662 0.7993311
 0.80267559 0.80602007 0.80936455 0.81270903 0.81605351 0.81939799
 0.82274247 0.82608696 0.82943144 0.83277592 0.8361204  0.83946488
 0.84280936 0.84615385 0.84949833 0.85284281 0.85618729 0.85953177
 0.86287625 0.86622074 0.86956522 0.8729097  0.87625418 0.87959866
 0.88294314 0.88628763 0.88963211 0.89297659 0.89632107 0.89966555
 0.90301003 0.90635452 0.909699   0.91304348 0.91638796 0.91973244
 0.92307692 0.9264214  0.92976589 0.93311037 0.93645485 0.93979933
 0.94314381 0.94648829 0.94983278 0.95317726 0.95652174 0.95986622
 0.9632107  0.96655518 0.96989967 0.97324415 0.97658863 0.97993311
 0.98327759 0.98662207 0.98996656 0.99331104 0.99665552 1.        ]","[0.         0.01077855 0.02132916 0.03165819 0.04177202 0.05167702
 0.06137957 0.07088603 0.08020279 0.08933621 0.09829267 0.10707854
 0.11570019 0.12416401 0.13247636 0.14064361 0.14867214 0.15656833
 0.16433854 0.17198915 0.17952653 0.18695706 0.19428711 0.20152305
 0.20867126 0.21573811 0.22272997 0.22965322 0.23651422 0.24331937
 0.25007501 0.25678754 0.26346332 0.27010873 0.27672964 0.2833279
 0.28990346 0.29645625 0.30298622 0.30949329 0.31597741 0.32243849
 0.32887649 0.33529134 0.34168297 0.34805131 0.3543963  0.36071788
 0.36701597 0.37329052 0.37954147 0.38576873 0.39197226 0.39815198
 0.40430783 0.41043975 0.41654766 0.42263151 0.42869123 0.43472675
 0.44073801 0.44672495 0.45268749 0.45862558 0.46453915 0.47042813
 0.47629246 0.4821321  0.48794766 0.49374024 0.49951098 0.50526104
 0.51099154 0.51670362 0.52239843 0.52807711 0.53374079 0.53939061
 0.54502772 0.55065325 0.55626834 0.56187414 0.56747177 0.57306239
 0.57864714 0.58422714 0.58980354 0.59537748 0.6009501  0.60652255
 0.61209595 0.61767145 0.62325018 0.6288333  0.63442193 0.64001722
 0.6456203  0.65123232 0.65685442 0.66248773 0.66813337 0.67379087
 0.67945728 0.68512945 0.69080423 0.69647847 0.70214903 0.70781275
 0.71346648 0.71910707 0.72473136 0.73033622 0.73591849 0.74147501
 0.74700264 0.75249823 0.75795862 0.76338067 0.76876122 0.77409713
 0.77938524 0.7846224  0.78980547 0.79493129 0.79999671 0.80499858
 0.80993376 0.81479908 0.8195914  0.82430757 0.82894444 0.83349886
 0.83796767 0.84234773 0.84663713 0.85083751 0.85495116 0.85898036
 0.8629274  0.86679456 0.87058413 0.87429838 0.87793961 0.8815101
 0.88501213 0.88844798 0.89181995 0.89513031 0.89838135 0.90157536
 0.90471461 0.9078014  0.910838   0.9138267  0.91676978 0.91966954
 0.92252824 0.92534819 0.92813166 0.93088093 0.93359829 0.93628603
 0.93894643 0.94158177 0.94419433 0.94678641 0.94936028 0.95191746
 0.9544551  0.95696886 0.95945439 0.96190734 0.96432336 0.9666981
 0.96902721 0.97130635 0.97353116 0.97569729 0.9778004  0.97983613
 0.98180014 0.98368807 0.98549558 0.98721832 0.98885194 0.99039209
 0.99183442 0.99317457 0.99440821 0.99553099 0.99653854 0.99742653
 0.9981906  0.99882641 0.9993296  0.99969583 0.99992075 1.
 0.99992924 0.99970412 0.99932079 0.99878115 0.99809084 0.99725554
 0.99628095 0.99517276 0.99393665 0.99257832 0.99110346 0.98951777
 0.98782692 0.98603662 0.98415255 0.9821804  0.98012587 0.97799464
 0.97579242 0.97352487 0.97119771 0.96881661 0.96638728 0.96391539
 0.96140665 0.95886674 0.95630135 0.95371618 0.95111691 0.94850923
 0.94589884 0.94329143 0.94069269 0.93810831 0.93554398 0.93300537
 0.93049755 0.92802491 0.92559179 0.92320253 0.92086148 0.91857298
 0.91634138 0.91417102 0.91206624 0.91003139 0.90807081 0.90618884
 0.90438983 0.90267812 0.90105806 0.89953399 0.89811025 0.89679118
 0.89558114 0.89448446 0.89350549 0.89264858 0.89191805 0.89131827
 0.89085357 0.8905283  0.8903468  0.89031341 0.89043249 0.89070836
 0.89114538 0.89174789 0.89252022 0.89346427 0.8945769  0.89585429
 0.89729265 0.89888817 0.90063706 0.90253552 0.90457974 0.90676593
 0.90909028 0.91154899 0.91413827 0.91685432 0.91969333 0.9226515
 0.92572504 0.92891013 0.932203   0.93559982 0.9390968  0.94269015
 0.94637606 0.95015073 0.95401036 0.95795116 0.96196931 0.96606102
 0.9702225  0.97444993 0.97873952 0.98308747 0.98748998 0.99194325]","[ 3.22278787  3.15463121  3.0883802   3.02403484  2.96159513  2.90106107
  2.84243266  2.7857099   2.73089279  2.67798133  2.62697553  2.57787537
  2.53068086  2.485392    2.4420088   2.40053124  2.36095933  2.32329308
  2.28753247  2.25367752  2.22172821  2.19168456  2.16354655  2.1373142
  2.1129875   2.09056644  2.07005104  2.05144129  2.03473718  2.01993873
  2.00704593  1.99605878  1.98697728  1.97965046  1.97287943  1.96609246
  1.95928603  1.95246015  1.9456148   1.93874999  1.93186572  1.92496199
  1.9180388   1.91109615  1.90413404  1.89715247  1.89015144  1.88313095
  1.876091    1.86903159  1.86195272  1.85485439  1.8477366   1.84059935
  1.83344263  1.82626646  1.81907083  1.81185574  1.80462119  1.79736718
  1.79009371  1.78280078  1.77548838  1.76815653  1.76080522  1.75343445
  1.74605451  1.7388502   1.73198136  1.72545326  1.7192659   1.71341928
  1.7079134   1.70274826  1.69792386  1.6934402   1.68929729  1.68549511
  1.68203367  1.67891297  1.67613302  1.6736938   1.67159533  1.66983759
  1.66842059  1.66734434  1.66660882  1.66621405  1.66616002  1.66644672
  1.66707417  1.66804235  1.66935128  1.67100095  1.67299136  1.6753225
  1.67799439  1.68100702  1.68436039  1.68804658  1.6915905   1.69425575
  1.69597898  1.69676019  1.69659938  1.69549656  1.69345173  1.69046487
  1.686536    1.68166511  1.6758522   1.66909728  1.66140034  1.65276138
  1.64318041  1.63265742  1.62119241  1.60878539  1.59543635  1.58114529
  1.56591221  1.54973712  1.53262001  1.51456088  1.49555974  1.47561658
  1.4547314   1.43290421  1.410135    1.38642377  1.36177052  1.33617526
  1.30963836  1.28252983  1.25591408  1.22998132  1.20473154  1.18016476
  1.15628096  1.13308015  1.11056233  1.0887275   1.06757565  1.0471068
  1.02732093  1.00821805  0.98979816  0.97206126  0.95500735  0.93863642
  0.92294849  0.90794354  0.89362158  0.87998261  0.86702663  0.85475363
  0.84316363  0.83225661  0.82203258  0.81249154  0.80363349  0.79545842
  0.78796635  0.78115726  0.77503117  0.76958806  0.76459576  0.75875513
  0.7516145   0.74317343  0.73343191  0.72238996  0.71004755  0.69640471
  0.68146142  0.66521769  0.64767351  0.62882889  0.60868383  0.58723832
  0.56449237  0.54044598  0.51509914  0.48845186  0.46050413  0.43125597
  0.40070735  0.3688583   0.3357088   0.30125885  0.26550847  0.22845764
  0.19010636  0.15045465  0.10950248  0.06724988  0.02369683 -0.02115666
 -0.0673106  -0.11461673 -0.16135168 -0.20640361 -0.24975397 -0.29140278
 -0.33135002 -0.3695957  -0.40613982 -0.44098238 -0.47412338 -0.50556282
 -0.5353007  -0.56333702 -0.58967177 -0.61430497 -0.6372366  -0.65846667
 -0.67799518 -0.69582213 -0.71194752 -0.72637135 -0.73909362 -0.75011433
 -0.75943348 -0.76705106 -0.77296708 -0.77718155 -0.77969445 -0.78050579
 -0.77961557 -0.77702379 -0.77273045 -0.76673555 -0.75904498 -0.74983748
 -0.73931968 -0.72750309 -0.71438771 -0.69997355 -0.6842606  -0.66724886
 -0.64893834 -0.62932903 -0.60842093 -0.58621404 -0.56270837 -0.53790391
 -0.51180066 -0.48439863 -0.4556978  -0.42569819 -0.3943998  -0.36180261
 -0.32790664 -0.29271188 -0.25621834 -0.21842601 -0.17933489 -0.13894498
 -0.09725628 -0.0542688  -0.00998253  0.03560252  0.08248637  0.130669
  0.18015042  0.23092617  0.28227308  0.33267466  0.38193996  0.43006898
  0.47706171  0.52291816  0.56763833  0.61122222  0.65366982  0.69498113
  0.73515617  0.77419492  0.81209739  0.84886357  0.88449348  0.9189871
  0.95234443  0.98456548  1.01565025  1.04559874  1.07441094  1.10208686
  1.1286265   1.15402985  1.17829692  1.20142771  1.22342222  1.24428044
  1.26400238  1.28258803  1.3000374   1.31635049  1.3315273 ]","[3.22278787 3.15463121 3.0883802  3.02403484 2.96159513 2.90106107
 2.84243266 2.7857099  2.73089279 2.67798133 2.62697553 2.57787537
 2.53068086 2.485392   2.4420088  2.40053124 2.36095933 2.32329308
 2.28753247 2.25367752 2.22172821 2.19168456 2.16354655 2.1373142
 2.1129875  2.09056644 2.07005104 2.05144129 2.03473718 2.01993873
 2.00704593 1.99605878 1.98697728 1.97965046 1.97287943 1.96609246
 1.95928603 1.95246015 1.9456148  1.93874999 1.93186572 1.92496199
 1.9180388  1.91109615 1.90413404 1.89715247 1.89015144 1.88313095
 1.876091   1.86903159 1.86195272 1.85485439 1.8477366  1.84059935
 1.83344263 1.82626646 1.81907083 1.81185574 1.80462119 1.79736718
 1.79009371 1.78280078 1.77548838 1.76815653 1.76080522 1.75343445
 1.74605451 1.7388502  1.73198136 1.72545326 1.7192659  1.71341928
 1.7079134  1.70274826 1.69792386 1.6934402  1.68929729 1.68549511
 1.68203367 1.67891297 1.67613302 1.6736938  1.67159533 1.66983759
 1.66842059 1.66734434 1.66660882 1.66621405 1.66616002 1.66644672
 1.66707417 1.66804235 1.66935128 1.67100095 1.67299136 1.6753225
 1.67799439 1.68100702 1.68436039 1.68804658 1.6915905  1.69425575
 1.69597898 1.69676019 1.69659938 1.69549656 1.69345173 1.69046487
 1.686536   1.68166511 1.6758522  1.66909728 1.66140034 1.65276138
 1.64318041 1.63265742 1.62119241 1.60878539 1.59543635 1.58114529
 1.56591221 1.54973712 1.53262001 1.51456088 1.49555974 1.47561658
 1.4547314  1.43290421 1.410135   1.38642377 1.36177052 1.33617526
 1.30963836 1.28252983 1.25591408 1.22998132 1.20473154 1.18016476
 1.15628096 1.13308015 1.11056233 1.0887275  1.06757565 1.0471068
 1.02732093 1.00821805 0.98979816 0.97206126 0.95500735 0.93863642
 0.92294849 0.90794354 0.89362158 0.87998261 0.86702663 0.85475363
 0.84316363 0.83225661 0.82203258 0.81249154 0.80363349 0.79545842
 0.78796635 0.78115726 0.77503117 0.76958806 0.76459576 0.75875513
 0.7516145  0.74317343 0.73343191 0.72238996 0.71004755 0.69640471
 0.68146142 0.66521769 0.64767351 0.62882889 0.60868383 0.58723832
 0.56449237 0.54044598 0.51509914 0.48845186 0.46050413 0.43125597
 0.40070735 0.3688583  0.3357088  0.30125885 0.26550847 0.22845764
 0.19010636 0.15045465 0.10950248 0.06724988 0.02369683 0.02115666
 0.0673106  0.11461673 0.16135168 0.20640361 0.24975397 0.29140278
 0.33135002 0.3695957  0.40613982 0.44098238 0.47412338 0.50556282
 0.5353007  0.56333702 0.58967177 0.61430497 0.6372366  0.65846667
 0.67799518 0.69582213 0.71194752 0.72637135 0.73909362 0.75011433
 0.75943348 0.76705106 0.77296708 0.77718155 0.77969445 0.78050579
 0.77961557 0.77702379 0.77273045 0.76673555 0.75904498 0.74983748
 0.73931968 0.72750309 0.71438771 0.69997355 0.6842606  0.66724886
 0.64893834 0.62932903 0.60842093 0.58621404 0.56270837 0.53790391
 0.51180066 0.48439863 0.4556978  0.42569819 0.3943998  0.36180261
 0.32790664 0.29271188 0.25621834 0.21842601 0.17933489 0.13894498
 0.09725628 0.0542688  0.00998253 0.03560252 0.08248637 0.130669
 0.18015042 0.23092617 0.28227308 0.33267466 0.38193996 0.43006898
 0.47706171 0.52291816 0.56763833 0.61122222 0.65366982 0.69498113
 0.73515617 0.77419492 0.81209739 0.84886357 0.88449348 0.9189871
 0.95234443 0.98456548 1.01565025 1.04559874 1.07441094 1.10208686
 1.1286265  1.15402985 1.17829692 1.20142771 1.22342222 1.24428044
 1.26400238 1.28258803 1.3000374  1.31635049 1.3315273 ]","[0.00167224 0.00501672 0.0083612  0.01170569 0.01505017 0.01839465
 0.02173913 0.02508361 0.02842809 0.03177258 0.03511706 0.03846154
 0.04180602 0.0451505  0.04849498 0.05183946 0.05518395 0.05852843
 0.06187291 0.06521739 0.06856187 0.07190635 0.07525084 0.07859532
 0.0819398  0.08528428 0.08862876 0.09197324 0.09531773 0.09866221
 0.10200669 0.10535117 0.10869565 0.11204013 0.11538462 0.1187291
 0.12207358 0.12541806 0.12876254 0.13210702 0.13545151 0.13879599
 0.14214047 0.14548495 0.14882943 0.15217391 0.15551839 0.15886288
 0.16220736 0.16555184 0.16889632 0.1722408  0.17558528 0.17892977
 0.18227425 0.18561873 0.18896321 0.19230769 0.19565217 0.19899666
 0.20234114 0.20568562 0.2090301  0.21237458 0.21571906 0.21906355
 0.22240803 0.22575251 0.22909699 0.23244147 0.23578595 0.23913043
 0.24247492 0.2458194  0.24916388 0.25250836 0.25585284 0.25919732
 0.26254181 0.26588629 0.26923077 0.27257525 0.27591973 0.27926421
 0.2826087  0.28595318 0.28929766 0.29264214 0.29598662 0.2993311
 0.30267559 0.30602007 0.30936455 0.31270903 0.31605351 0.31939799
 0.32274247 0.32608696 0.32943144 0.33277592 0.3361204  0.33946488
 0.34280936 0.34615385 0.34949833 0.35284281 0.35618729 0.35953177
 0.36287625 0.36622074 0.36956522 0.3729097  0.37625418 0.37959866
 0.38294314 0.38628763 0.38963211 0.39297659 0.39632107 0.39966555
 0.40301003 0.40635452 0.409699   0.41304348 0.41638796 0.41973244
 0.42307692 0.4264214  0.42976589 0.43311037 0.43645485 0.43979933
 0.44314381 0.44648829 0.44983278 0.45317726 0.45652174 0.45986622
 0.4632107  0.46655518 0.46989967 0.47324415 0.47658863 0.47993311
 0.48327759 0.48662207 0.48996656 0.49331104 0.49665552 0.5
 0.50334448 0.50668896 0.51003344 0.51337793 0.51672241 0.52006689
 0.52341137 0.52675585 0.53010033 0.53344482 0.5367893  0.54013378
 0.54347826 0.54682274 0.55016722 0.55351171 0.55685619 0.56020067
 0.56354515 0.56688963 0.57023411 0.5735786  0.57692308 0.58026756
 0.58361204 0.58695652 0.590301   0.59364548 0.59698997 0.60033445
 0.60367893 0.60702341 0.61036789 0.61371237 0.61705686 0.62040134
 0.62374582 0.6270903  0.63043478 0.63377926 0.63712375 0.64046823
 0.64381271 0.64715719 0.65050167 0.65384615 0.65719064 0.66053512
 0.6638796  0.66722408 0.67056856 0.67391304 0.67725753 0.68060201
 0.68394649 0.68729097 0.69063545 0.69397993 0.69732441 0.7006689
 0.70401338 0.70735786 0.71070234 0.71404682 0.7173913  0.72073579
 0.72408027 0.72742475 0.73076923 0.73411371 0.73745819 0.74080268
 0.74414716 0.74749164 0.75083612 0.7541806  0.75752508 0.76086957
 0.76421405 0.76755853 0.77090301 0.77424749 0.77759197 0.78093645
 0.78428094 0.78762542 0.7909699  0.79431438 0.79765886 0.80100334
 0.80434783 0.80769231 0.81103679 0.81438127 0.81772575 0.82107023
 0.82441472 0.8277592  0.83110368 0.83444816 0.83779264 0.84113712
 0.84448161 0.84782609 0.85117057 0.85451505 0.85785953 0.86120401
 0.86454849 0.86789298 0.87123746 0.87458194 0.87792642 0.8812709
 0.88461538 0.88795987 0.89130435 0.89464883 0.89799331 0.90133779
 0.90468227 0.90802676 0.91137124 0.91471572 0.9180602  0.92140468
 0.92474916 0.92809365 0.93143813 0.93478261 0.93812709 0.94147157
 0.94481605 0.94816054 0.95150502 0.9548495  0.95819398 0.96153846
 0.96488294 0.96822742 0.97157191 0.97491639 0.97826087 0.98160535
 0.98494983 0.98829431 0.9916388  0.99498328 0.99832776]"
LPJ-GUESS,P,T,Piecewise linear,152.1091,0.1529,0.4494,0.6715,0.0,12149,463.1859,2.2595,463.108,2.2591,2.2591,0.9998,204.9943,300,0.9998,-0.0003,-0.0003,2.0211,1.0002,0.0003,2.0211,0.9968,1.0103,2.0214,0.0202,1.0104,0.495,0.0,0.505,1,0,-3.0318,0.0,2.0211,0.9892,-0.0003,-0.0003,2.0211,-0.0003,0.4894,-0.0002,-0.0002,-0.0002,0.2501,0.8785,0.9999,0.9998,0.5002,0.0001,0.0,0.9998,0.9998,1.0002,1.0003,0,148,False,True,0.0,0.0,0.0,1.0,0.0002,0.0002,normalized,"[ 618.86770833  629.65463089  640.44155344  651.228476    662.01539855
  672.80232111  683.58924366  694.37616621  705.16308877  715.95001132
  726.73693388  737.52385643  748.31077899  759.09770154  769.88462409
  780.67154665  791.4584692   802.24539176  813.03231431  823.81923687
  834.60615942  845.39308197  856.18000453  866.96692708  877.75384964
  888.54077219  899.32769475  910.1146173   920.90153986  931.68846241
  942.47538496  953.26230752  964.04923007  974.83615263  985.62307518
  996.40999774 1007.19692029 1017.98384284 1028.7707654  1039.55768795
 1050.34461051 1061.13153306 1071.91845562 1082.70537817 1093.49230072
 1104.27922328 1115.06614583 1125.85306839 1136.63999094 1147.4269135
 1158.21383605 1169.00075861 1179.78768116 1190.57460371 1201.36152627
 1212.14844882 1222.93537138 1233.72229393 1244.50921649 1255.29613904
 1266.08306159 1276.86998415 1287.6569067  1298.44382926 1309.23075181
 1320.01767437 1330.80459692 1341.59151947 1352.37844203 1363.16536458
 1373.95228714 1384.73920969 1395.52613225 1406.3130548  1417.09997736
 1427.88689991 1438.67382246 1449.46074502 1460.24766757 1471.03459013
 1481.82151268 1492.60843524 1503.39535779 1514.18228034 1524.9692029
 1535.75612545 1546.54304801 1557.32997056 1568.11689312 1578.90381567
 1589.69073822 1600.47766078 1611.26458333 1622.05150589 1632.83842844
 1643.625351   1654.41227355 1665.19919611 1675.98611866 1686.77304121
 1697.55996377 1708.34688632 1719.13380888 1729.92073143 1740.70765399
 1751.49457654 1762.28149909 1773.06842165 1783.8553442  1794.64226676
 1805.42918931 1816.21611187 1827.00303442 1837.78995697 1848.57687953
 1859.36380208 1870.15072464 1880.93764719 1891.72456975 1902.5114923
 1913.29841486 1924.08533741 1934.87225996 1945.65918252 1956.44610507
 1967.23302763 1978.01995018 1988.80687274 1999.59379529 2010.38071784
 2021.1676404  2031.95456295 2042.74148551 2053.52840806 2064.31533062
 2075.10225317 2085.88917572 2096.67609828 2107.46302083 2118.24994339
 2129.03686594 2139.8237885  2150.61071105 2161.39763361 2172.18455616
 2182.97147871 2193.75840127 2204.54532382 2215.33224638 2226.11916893
 2236.90609149 2247.69301404 2258.47993659 2269.26685915 2280.0537817
 2290.84070426 2301.62762681 2312.41454937 2323.20147192 2333.98839447
 2344.77531703 2355.56223958 2366.34916214 2377.13608469 2387.92300725
 2398.7099298  2409.49685236 2420.28377491 2431.07069746 2441.85762002
 2452.64454257 2463.43146513 2474.21838768 2485.00531024 2495.79223279
 2506.57915534 2517.3660779  2528.15300045 2538.93992301 2549.72684556
 2560.51376812 2571.30069067 2582.08761322 2592.87453578 2603.66145833
 2614.44838089 2625.23530344 2636.022226   2646.80914855 2657.59607111
 2668.38299366 2679.16991621 2689.95683877 2700.74376132 2711.53068388
 2722.31760643 2733.10452899 2743.89145154 2754.67837409 2765.46529665
 2776.2522192  2787.03914176 2797.82606431 2808.61298687 2819.39990942
 2830.18683197 2840.97375453 2851.76067708 2862.54759964 2873.33452219
 2884.12144475 2894.9083673  2905.69528986 2916.48221241 2927.26913496
 2938.05605752 2948.84298007 2959.62990263 2970.41682518 2981.20374774
 2991.99067029 3002.77759284 3013.5645154  3024.35143795 3035.13836051
 3045.92528306 3056.71220562 3067.49912817 3078.28605072 3089.07297328
 3099.85989583 3110.64681839 3121.43374094 3132.2206635  3143.00758605
 3153.79450861 3164.58143116 3175.36835371 3186.15527627 3196.94219882
 3207.72912138 3218.51604393 3229.30296649 3240.08988904 3250.87681159
 3261.66373415 3272.4506567  3283.23757926 3294.02450181 3304.81142437
 3315.59834692 3326.38526947 3337.17219203 3347.95911458 3358.74603714
 3369.53295969 3380.31988225 3391.1068048  3401.89372736 3412.68064991
 3423.46757246 3434.25449502 3445.04141757 3455.82834013 3466.61526268
 3477.40218524 3488.18910779 3498.97603034 3509.7629529  3520.54987545
 3531.33679801 3542.12372056 3552.91064312 3563.69756567 3574.48448822
 3585.27141078 3596.05833333 3606.84525589 3617.63217844 3628.419101
 3639.20602355 3649.99294611 3660.77986866 3671.56679121 3682.35371377
 3693.14063632 3703.92755888 3714.71448143 3725.50140399 3736.28832654
 3747.07524909 3757.86217165 3768.6490942  3779.43601676 3790.22293931
 3801.00986187 3811.79678442 3822.58370697 3833.37062953 3844.15755208]","[531.95567468 535.0865934  538.21751213 541.34843086 544.47934958
 547.61026831 550.74118704 553.87210576 557.00302449 560.13394322
 563.26486194 566.39578067 569.5266994  572.65761812 575.78853685
 578.91945558 582.0503743  585.18129303 588.31221176 591.44313049
 594.57404921 597.70496794 600.83588667 603.96680539 607.09772412
 610.22864285 613.35956157 616.4904803  619.62139903 622.75231775
 625.88323648 629.01415521 632.14507393 635.27599266 638.40691139
 641.53783011 644.66874884 647.79966757 650.93058629 654.06150502
 657.19242375 660.32334247 663.4542612  666.58517993 669.71609866
 672.84701738 675.97793611 679.10885484 682.23977356 685.37069229
 688.50161102 691.63252974 694.76344847 697.8943672  701.02528592
 704.15620465 707.28712338 710.4180421  713.54896083 716.67987956
 719.81079828 722.94171701 726.07263574 729.20355446 732.33447319
 735.46539192 738.59631065 741.72722937 744.8581481  747.98906683
 751.11998555 754.25090428 757.38182301 760.51274173 763.64366046
 766.77457919 769.90549791 773.03641664 776.16733537 779.29825409
 782.42917282 785.56009155 788.69101027 791.821929   794.95284773
 798.08376645 801.21468518 804.34560391 807.47652263 810.60744136
 813.73836009 816.86927882 820.00019754 823.13111627 826.262035
 829.39295372 832.52387245 835.65479118 838.7857099  841.91662863
 845.04754736 848.17846608 851.30938481 854.44030354 857.57122226
 860.70214099 863.83305972 866.96397844 870.09489717 873.2258159
 876.35673462 879.48765335 882.61857208 885.74949081 888.88040953
 892.01132826 895.14224699 898.27316571 901.40408444 904.53500317
 907.66592189 910.79684062 913.92775935 917.05867807 920.1895968
 923.32051553 926.45143425 929.58235298 932.71327171 935.84419043
 938.97510916 942.10602789 945.23694661 948.36786534 951.49878407
 954.62970279 957.76062152 960.89154025 964.02245898 967.1533777
 970.28429643 973.41521516 976.54613388 979.67705261 982.80797134
 985.93889006 989.06980879 992.20072752 995.1416126  995.14109642
 995.14058023 995.14006405 995.13954786 995.13903168 995.13851549
 995.13799931 995.13748312 995.13696694 995.13645075 995.13593457
 995.13541838 995.1349022  995.13438601 995.13386983 995.13335364
 995.13283746 995.13232127 995.13180509 995.1312889  995.13077272
 995.13025653 995.12974035 995.12922417 995.12870798 995.1281918
 995.12767561 995.12715943 995.12664324 995.12612706 995.12561087
 995.12509469 995.1245785  995.12406232 995.12354613 995.12302995
 995.12251376 995.12199758 995.12148139 995.12096521 995.12044902
 995.11993284 995.11941665 995.11890047 995.11838428 995.1178681
 995.11735191 995.11683573 995.11631954 995.11580336 995.11528718
 995.11477099 995.11425481 995.11373862 995.11322244 995.11270625
 995.11219007 995.11167388 995.1111577  995.11064151 995.11012533
 995.10960914 995.10909296 995.10857677 995.10806059 995.1075444
 995.10702822 995.10651203 995.10599585 995.10547966 995.10496348
 995.10444729 995.10393111 995.10341492 995.10289874 995.10238255
 995.10186637 995.10135019 995.100834   995.10031782 995.09980163
 995.09928545 995.09876926 995.09825308 995.09773689 995.09722071
 995.09670452 995.09618834 995.09567215 995.09515597 995.09463978
 995.0941236  995.09360741 995.09309123 995.09257504 995.09205886
 995.09154267 995.09102649 995.0905103  995.08999412 995.08947793
 995.08896175 995.08844556 995.08792938 995.0874132  995.08689701
 995.08638083 995.08586464 995.08534846 995.08483227 995.08431609
 995.0837999  995.08328372 995.08276753 995.08225135 995.08173516
 995.08121898 995.08070279 995.08018661 995.07967042 995.07915424
 995.07863805 995.07812187 995.07760568 995.0770895  995.07657331
 995.07605713 995.07554094 995.07502476 995.07450858 995.07399239
 995.07347621 995.07296002 995.07244384 995.07192765 995.07141147
 995.07089528 995.0703791  995.06986291 995.06934673 995.06883054
 995.06831436 995.06779817 995.06728199 995.0667658  995.06624962
 995.06573343 995.06521725 995.06470106 995.06418488 995.06366869]","[0.         0.00334448 0.00668896 0.01003344 0.01337793 0.01672241
 0.02006689 0.02341137 0.02675585 0.03010033 0.03344482 0.0367893
 0.04013378 0.04347826 0.04682274 0.05016722 0.05351171 0.05685619
 0.06020067 0.06354515 0.06688963 0.07023411 0.0735786  0.07692308
 0.08026756 0.08361204 0.08695652 0.090301   0.09364548 0.09698997
 0.10033445 0.10367893 0.10702341 0.11036789 0.11371237 0.11705686
 0.12040134 0.12374582 0.1270903  0.13043478 0.13377926 0.13712375
 0.14046823 0.14381271 0.14715719 0.15050167 0.15384615 0.15719064
 0.16053512 0.1638796  0.16722408 0.17056856 0.17391304 0.17725753
 0.18060201 0.18394649 0.18729097 0.19063545 0.19397993 0.19732441
 0.2006689  0.20401338 0.20735786 0.21070234 0.21404682 0.2173913
 0.22073579 0.22408027 0.22742475 0.23076923 0.23411371 0.23745819
 0.24080268 0.24414716 0.24749164 0.25083612 0.2541806  0.25752508
 0.26086957 0.26421405 0.26755853 0.27090301 0.27424749 0.27759197
 0.28093645 0.28428094 0.28762542 0.2909699  0.29431438 0.29765886
 0.30100334 0.30434783 0.30769231 0.31103679 0.31438127 0.31772575
 0.32107023 0.32441472 0.3277592  0.33110368 0.33444816 0.33779264
 0.34113712 0.34448161 0.34782609 0.35117057 0.35451505 0.35785953
 0.36120401 0.36454849 0.36789298 0.37123746 0.37458194 0.37792642
 0.3812709  0.38461538 0.38795987 0.39130435 0.39464883 0.39799331
 0.40133779 0.40468227 0.40802676 0.41137124 0.41471572 0.4180602
 0.42140468 0.42474916 0.42809365 0.43143813 0.43478261 0.43812709
 0.44147157 0.44481605 0.44816054 0.45150502 0.4548495  0.45819398
 0.46153846 0.46488294 0.46822742 0.47157191 0.47491639 0.47826087
 0.48160535 0.48494983 0.48829431 0.4916388  0.49498328 0.49832776
 0.50167224 0.50501672 0.5083612  0.51170569 0.51505017 0.51839465
 0.52173913 0.52508361 0.52842809 0.53177258 0.53511706 0.53846154
 0.54180602 0.5451505  0.54849498 0.55183946 0.55518395 0.55852843
 0.56187291 0.56521739 0.56856187 0.57190635 0.57525084 0.57859532
 0.5819398  0.58528428 0.58862876 0.59197324 0.59531773 0.59866221
 0.60200669 0.60535117 0.60869565 0.61204013 0.61538462 0.6187291
 0.62207358 0.62541806 0.62876254 0.63210702 0.63545151 0.63879599
 0.64214047 0.64548495 0.64882943 0.65217391 0.65551839 0.65886288
 0.66220736 0.66555184 0.66889632 0.6722408  0.67558528 0.67892977
 0.68227425 0.68561873 0.68896321 0.69230769 0.69565217 0.69899666
 0.70234114 0.70568562 0.7090301  0.71237458 0.71571906 0.71906355
 0.72240803 0.72575251 0.72909699 0.73244147 0.73578595 0.73913043
 0.74247492 0.7458194  0.74916388 0.75250836 0.75585284 0.75919732
 0.76254181 0.76588629 0.76923077 0.77257525 0.77591973 0.77926421
 0.7826087  0.78595318 0.78929766 0.79264214 0.79598662 0.7993311
 0.80267559 0.80602007 0.80936455 0.81270903 0.81605351 0.81939799
 0.82274247 0.82608696 0.82943144 0.83277592 0.8361204  0.83946488
 0.84280936 0.84615385 0.84949833 0.85284281 0.85618729 0.85953177
 0.86287625 0.86622074 0.86956522 0.8729097  0.87625418 0.87959866
 0.88294314 0.88628763 0.88963211 0.89297659 0.89632107 0.89966555
 0.90301003 0.90635452 0.909699   0.91304348 0.91638796 0.91973244
 0.92307692 0.9264214  0.92976589 0.93311037 0.93645485 0.93979933
 0.94314381 0.94648829 0.94983278 0.95317726 0.95652174 0.95986622
 0.9632107  0.96655518 0.96989967 0.97324415 0.97658863 0.97993311
 0.98327759 0.98662207 0.98996656 0.99331104 0.99665552 1.        ]","[0.         0.00675953 0.01351906 0.02027859 0.02703812 0.03379764
 0.04055717 0.0473167  0.05407623 0.06083576 0.06759529 0.07435482
 0.08111435 0.08787388 0.0946334  0.10139293 0.10815246 0.11491199
 0.12167152 0.12843105 0.13519058 0.14195011 0.14870964 0.15546916
 0.16222869 0.16898822 0.17574775 0.18250728 0.18926681 0.19602634
 0.20278587 0.2095454  0.21630492 0.22306445 0.22982398 0.23658351
 0.24334304 0.25010257 0.2568621  0.26362163 0.27038116 0.27714068
 0.28390021 0.29065974 0.29741927 0.3041788  0.31093833 0.31769786
 0.32445739 0.33121692 0.33797644 0.34473597 0.3514955  0.35825503
 0.36501456 0.37177409 0.37853362 0.38529315 0.39205268 0.3988122
 0.40557173 0.41233126 0.41909079 0.42585032 0.43260985 0.43936938
 0.44612891 0.45288844 0.45964796 0.46640749 0.47316702 0.47992655
 0.48668608 0.49344561 0.50020514 0.50696467 0.5137242  0.52048372
 0.52724325 0.53400278 0.54076231 0.54752184 0.55428137 0.5610409
 0.56780043 0.57455996 0.58131948 0.58807901 0.59483854 0.60159807
 0.6083576  0.61511713 0.62187666 0.62863619 0.63539572 0.64215524
 0.64891477 0.6556743  0.66243383 0.66919336 0.67595289 0.68271242
 0.68947195 0.69623148 0.702991   0.70975053 0.71651006 0.72326959
 0.73002912 0.73678865 0.74354818 0.75030771 0.75706724 0.76382676
 0.77058629 0.77734582 0.78410535 0.79086488 0.79762441 0.80438394
 0.81114347 0.817903   0.82466252 0.83142205 0.83818158 0.84494111
 0.85170064 0.85846017 0.8652197  0.87197923 0.87873876 0.88549828
 0.89225781 0.89901734 0.90577687 0.9125364  0.91929593 0.92605546
 0.93281499 0.93957452 0.94633404 0.95309357 0.9598531  0.96661263
 0.97337216 0.98013169 0.98689122 0.99365075 1.         0.99999889
 0.99999777 0.99999666 0.99999554 0.99999443 0.99999331 0.9999922
 0.99999108 0.99998997 0.99998886 0.99998774 0.99998663 0.99998551
 0.9999844  0.99998328 0.99998217 0.99998105 0.99997994 0.99997883
 0.99997771 0.9999766  0.99997548 0.99997437 0.99997325 0.99997214
 0.99997103 0.99996991 0.9999688  0.99996768 0.99996657 0.99996545
 0.99996434 0.99996322 0.99996211 0.999961   0.99995988 0.99995877
 0.99995765 0.99995654 0.99995542 0.99995431 0.99995319 0.99995208
 0.99995097 0.99994985 0.99994874 0.99994762 0.99994651 0.99994539
 0.99994428 0.99994316 0.99994205 0.99994094 0.99993982 0.99993871
 0.99993759 0.99993648 0.99993536 0.99993425 0.99993313 0.99993202
 0.99993091 0.99992979 0.99992868 0.99992756 0.99992645 0.99992533
 0.99992422 0.9999231  0.99992199 0.99992088 0.99991976 0.99991865
 0.99991753 0.99991642 0.9999153  0.99991419 0.99991308 0.99991196
 0.99991085 0.99990973 0.99990862 0.9999075  0.99990639 0.99990527
 0.99990416 0.99990305 0.99990193 0.99990082 0.9998997  0.99989859
 0.99989747 0.99989636 0.99989524 0.99989413 0.99989302 0.9998919
 0.99989079 0.99988967 0.99988856 0.99988744 0.99988633 0.99988521
 0.9998841  0.99988299 0.99988187 0.99988076 0.99987964 0.99987853
 0.99987741 0.9998763  0.99987518 0.99987407 0.99987296 0.99987184
 0.99987073 0.99986961 0.9998685  0.99986738 0.99986627 0.99986515
 0.99986404 0.99986293 0.99986181 0.9998607  0.99985958 0.99985847
 0.99985735 0.99985624 0.99985513 0.99985401 0.9998529  0.99985178
 0.99985067 0.99984955 0.99984844 0.99984732 0.99984621 0.9998451
 0.99984398 0.99984287 0.99984175 0.99984064 0.99983952 0.99983841
 0.99983729 0.99983618 0.99983507 0.99983395 0.99983284 0.99983172]","[ 2.02109914e+00  2.02109914e+00  2.02109914e+00  2.02109914e+00
  2.02109914e+00  2.02109914e+00  2.02109914e+00  2.02109914e+00
  2.02109914e+00  2.02109914e+00  2.02109914e+00  2.02109914e+00
  2.02109914e+00  2.02109914e+00  2.02109914e+00  2.02109914e+00
  2.02109914e+00  2.02109914e+00  2.02109914e+00  2.02109914e+00
  2.02109914e+00  2.02109914e+00  2.02109914e+00  2.02109914e+00
  2.02109914e+00  2.02109914e+00  2.02109914e+00  2.02109914e+00
  2.02109914e+00  2.02109914e+00  2.02109914e+00  2.02109914e+00
  2.02109914e+00  2.02109914e+00  2.02109914e+00  2.02109914e+00
  2.02109914e+00  2.02109914e+00  2.02109914e+00  2.02109914e+00
  2.02109914e+00  2.02109914e+00  2.02109914e+00  2.02109914e+00
  2.02109914e+00  2.02109914e+00  2.02109914e+00  2.02109914e+00
  2.02109914e+00  2.02109914e+00  2.02109914e+00  2.02109914e+00
  2.02109914e+00  2.02109914e+00  2.02109914e+00  2.02109914e+00
  2.02109914e+00  2.02109914e+00  2.02109914e+00  2.02109914e+00
  2.02109914e+00  2.02109914e+00  2.02109914e+00  2.02109914e+00
  2.02109914e+00  2.02109914e+00  2.02109914e+00  2.02109914e+00
  2.02109914e+00  2.02109914e+00  2.02109914e+00  2.02109914e+00
  2.02109914e+00  2.02109914e+00  2.02109914e+00  2.02109914e+00
  2.02109914e+00  2.02109914e+00  2.02109914e+00  2.02109914e+00
  2.02109914e+00  2.02109914e+00  2.02109914e+00  2.02109914e+00
  2.02109914e+00  2.02109914e+00  2.02109914e+00  2.02109914e+00
  2.02109914e+00  2.02109914e+00  2.02109914e+00  2.02109914e+00
  2.02109914e+00  2.02109914e+00  2.02109914e+00  2.02109914e+00
  2.02109914e+00  2.02109914e+00  2.02109914e+00  2.02109914e+00
  2.02109914e+00  2.02109914e+00  2.02109914e+00  2.02109914e+00
  2.02109914e+00  2.02109914e+00  2.02109914e+00  2.02109914e+00
  2.02109914e+00  2.02109914e+00  2.02109914e+00  2.02109914e+00
  2.02109914e+00  2.02109914e+00  2.02109914e+00  2.02109914e+00
  2.02109914e+00  2.02109914e+00  2.02109914e+00  2.02109914e+00
  2.02109914e+00  2.02109914e+00  2.02109914e+00  2.02109914e+00
  2.02109914e+00  2.02109914e+00  2.02109914e+00  2.02109914e+00
  2.02109914e+00  2.02109914e+00  2.02109914e+00  2.02109914e+00
  2.02109914e+00  2.02109914e+00  2.02109914e+00  2.02109914e+00
  2.02109914e+00  2.02109914e+00  2.02109914e+00  2.02109914e+00
  2.02109914e+00  2.02109914e+00  2.02109914e+00  2.02109914e+00
  2.02109914e+00  2.02109914e+00  2.02109914e+00  1.89842689e+00
 -3.33212316e-04 -3.33212316e-04 -3.33212316e-04 -3.33212316e-04
 -3.33212316e-04 -3.33212316e-04 -3.33212316e-04 -3.33212316e-04
 -3.33212316e-04 -3.33212316e-04 -3.33212316e-04 -3.33212316e-04
 -3.33212316e-04 -3.33212316e-04 -3.33212316e-04 -3.33212316e-04
 -3.33212316e-04 -3.33212316e-04 -3.33212316e-04 -3.33212316e-04
 -3.33212316e-04 -3.33212316e-04 -3.33212316e-04 -3.33212316e-04
 -3.33212316e-04 -3.33212316e-04 -3.33212316e-04 -3.33212316e-04
 -3.33212316e-04 -3.33212316e-04 -3.33212316e-04 -3.33212316e-04
 -3.33212316e-04 -3.33212316e-04 -3.33212316e-04 -3.33212316e-04
 -3.33212316e-04 -3.33212316e-04 -3.33212316e-04 -3.33212316e-04
 -3.33212316e-04 -3.33212316e-04 -3.33212316e-04 -3.33212316e-04
 -3.33212316e-04 -3.33212316e-04 -3.33212316e-04 -3.33212316e-04
 -3.33212316e-04 -3.33212316e-04 -3.33212316e-04 -3.33212316e-04
 -3.33212316e-04 -3.33212316e-04 -3.33212316e-04 -3.33212316e-04
 -3.33212316e-04 -3.33212316e-04 -3.33212316e-04 -3.33212316e-04
 -3.33212316e-04 -3.33212316e-04 -3.33212316e-04 -3.33212316e-04
 -3.33212316e-04 -3.33212316e-04 -3.33212316e-04 -3.33212316e-04
 -3.33212316e-04 -3.33212316e-04 -3.33212316e-04 -3.33212316e-04
 -3.33212316e-04 -3.33212316e-04 -3.33212316e-04 -3.33212316e-04
 -3.33212316e-04 -3.33212316e-04 -3.33212316e-04 -3.33212316e-04
 -3.33212316e-04 -3.33212316e-04 -3.33212316e-04 -3.33212316e-04
 -3.33212316e-04 -3.33212316e-04 -3.33212316e-04 -3.33212316e-04
 -3.33212316e-04 -3.33212316e-04 -3.33212316e-04 -3.33212316e-04
 -3.33212316e-04 -3.33212316e-04 -3.33212316e-04 -3.33212316e-04
 -3.33212316e-04 -3.33212316e-04 -3.33212316e-04 -3.33212316e-04
 -3.33212316e-04 -3.33212316e-04 -3.33212316e-04 -3.33212316e-04
 -3.33212316e-04 -3.33212316e-04 -3.33212316e-04 -3.33212316e-04
 -3.33212316e-04 -3.33212316e-04 -3.33212316e-04 -3.33212316e-04
 -3.33212316e-04 -3.33212316e-04 -3.33212316e-04 -3.33212316e-04
 -3.33212316e-04 -3.33212316e-04 -3.33212316e-04 -3.33212316e-04
 -3.33212316e-04 -3.33212316e-04 -3.33212316e-04 -3.33212316e-04
 -3.33212316e-04 -3.33212316e-04 -3.33212316e-04 -3.33212316e-04
 -3.33212316e-04 -3.33212316e-04 -3.33212316e-04 -3.33212316e-04
 -3.33212316e-04 -3.33212316e-04 -3.33212316e-04 -3.33212316e-04
 -3.33212316e-04 -3.33212316e-04 -3.33212316e-04 -3.33212316e-04
 -3.33212316e-04 -3.33212316e-04 -3.33212316e-04 -3.33212316e-04
 -3.33212316e-04 -3.33212316e-04 -3.33212316e-04 -3.33212316e-04
 -3.33212316e-04 -3.33212316e-04 -3.33212316e-04]","[2.02109914e+00 2.02109914e+00 2.02109914e+00 2.02109914e+00
 2.02109914e+00 2.02109914e+00 2.02109914e+00 2.02109914e+00
 2.02109914e+00 2.02109914e+00 2.02109914e+00 2.02109914e+00
 2.02109914e+00 2.02109914e+00 2.02109914e+00 2.02109914e+00
 2.02109914e+00 2.02109914e+00 2.02109914e+00 2.02109914e+00
 2.02109914e+00 2.02109914e+00 2.02109914e+00 2.02109914e+00
 2.02109914e+00 2.02109914e+00 2.02109914e+00 2.02109914e+00
 2.02109914e+00 2.02109914e+00 2.02109914e+00 2.02109914e+00
 2.02109914e+00 2.02109914e+00 2.02109914e+00 2.02109914e+00
 2.02109914e+00 2.02109914e+00 2.02109914e+00 2.02109914e+00
 2.02109914e+00 2.02109914e+00 2.02109914e+00 2.02109914e+00
 2.02109914e+00 2.02109914e+00 2.02109914e+00 2.02109914e+00
 2.02109914e+00 2.02109914e+00 2.02109914e+00 2.02109914e+00
 2.02109914e+00 2.02109914e+00 2.02109914e+00 2.02109914e+00
 2.02109914e+00 2.02109914e+00 2.02109914e+00 2.02109914e+00
 2.02109914e+00 2.02109914e+00 2.02109914e+00 2.02109914e+00
 2.02109914e+00 2.02109914e+00 2.02109914e+00 2.02109914e+00
 2.02109914e+00 2.02109914e+00 2.02109914e+00 2.02109914e+00
 2.02109914e+00 2.02109914e+00 2.02109914e+00 2.02109914e+00
 2.02109914e+00 2.02109914e+00 2.02109914e+00 2.02109914e+00
 2.02109914e+00 2.02109914e+00 2.02109914e+00 2.02109914e+00
 2.02109914e+00 2.02109914e+00 2.02109914e+00 2.02109914e+00
 2.02109914e+00 2.02109914e+00 2.02109914e+00 2.02109914e+00
 2.02109914e+00 2.02109914e+00 2.02109914e+00 2.02109914e+00
 2.02109914e+00 2.02109914e+00 2.02109914e+00 2.02109914e+00
 2.02109914e+00 2.02109914e+00 2.02109914e+00 2.02109914e+00
 2.02109914e+00 2.02109914e+00 2.02109914e+00 2.02109914e+00
 2.02109914e+00 2.02109914e+00 2.02109914e+00 2.02109914e+00
 2.02109914e+00 2.02109914e+00 2.02109914e+00 2.02109914e+00
 2.02109914e+00 2.02109914e+00 2.02109914e+00 2.02109914e+00
 2.02109914e+00 2.02109914e+00 2.02109914e+00 2.02109914e+00
 2.02109914e+00 2.02109914e+00 2.02109914e+00 2.02109914e+00
 2.02109914e+00 2.02109914e+00 2.02109914e+00 2.02109914e+00
 2.02109914e+00 2.02109914e+00 2.02109914e+00 2.02109914e+00
 2.02109914e+00 2.02109914e+00 2.02109914e+00 2.02109914e+00
 2.02109914e+00 2.02109914e+00 2.02109914e+00 2.02109914e+00
 2.02109914e+00 2.02109914e+00 2.02109914e+00 1.89842689e+00
 3.33212316e-04 3.33212316e-04 3.33212316e-04 3.33212316e-04
 3.33212316e-04 3.33212316e-04 3.33212316e-04 3.33212316e-04
 3.33212316e-04 3.33212316e-04 3.33212316e-04 3.33212316e-04
 3.33212316e-04 3.33212316e-04 3.33212316e-04 3.33212316e-04
 3.33212316e-04 3.33212316e-04 3.33212316e-04 3.33212316e-04
 3.33212316e-04 3.33212316e-04 3.33212316e-04 3.33212316e-04
 3.33212316e-04 3.33212316e-04 3.33212316e-04 3.33212316e-04
 3.33212316e-04 3.33212316e-04 3.33212316e-04 3.33212316e-04
 3.33212316e-04 3.33212316e-04 3.33212316e-04 3.33212316e-04
 3.33212316e-04 3.33212316e-04 3.33212316e-04 3.33212316e-04
 3.33212316e-04 3.33212316e-04 3.33212316e-04 3.33212316e-04
 3.33212316e-04 3.33212316e-04 3.33212316e-04 3.33212316e-04
 3.33212316e-04 3.33212316e-04 3.33212316e-04 3.33212316e-04
 3.33212316e-04 3.33212316e-04 3.33212316e-04 3.33212316e-04
 3.33212316e-04 3.33212316e-04 3.33212316e-04 3.33212316e-04
 3.33212316e-04 3.33212316e-04 3.33212316e-04 3.33212316e-04
 3.33212316e-04 3.33212316e-04 3.33212316e-04 3.33212316e-04
 3.33212316e-04 3.33212316e-04 3.33212316e-04 3.33212316e-04
 3.33212316e-04 3.33212316e-04 3.33212316e-04 3.33212316e-04
 3.33212316e-04 3.33212316e-04 3.33212316e-04 3.33212316e-04
 3.33212316e-04 3.33212316e-04 3.33212316e-04 3.33212316e-04
 3.33212316e-04 3.33212316e-04 3.33212316e-04 3.33212316e-04
 3.33212316e-04 3.33212316e-04 3.33212316e-04 3.33212316e-04
 3.33212316e-04 3.33212316e-04 3.33212316e-04 3.33212316e-04
 3.33212316e-04 3.33212316e-04 3.33212316e-04 3.33212316e-04
 3.33212316e-04 3.33212316e-04 3.33212316e-04 3.33212316e-04
 3.33212316e-04 3.33212316e-04 3.33212316e-04 3.33212316e-04
 3.33212316e-04 3.33212316e-04 3.33212316e-04 3.33212316e-04
 3.33212316e-04 3.33212316e-04 3.33212316e-04 3.33212316e-04
 3.33212316e-04 3.33212316e-04 3.33212316e-04 3.33212316e-04
 3.33212316e-04 3.33212316e-04 3.33212316e-04 3.33212316e-04
 3.33212316e-04 3.33212316e-04 3.33212316e-04 3.33212316e-04
 3.33212316e-04 3.33212316e-04 3.33212316e-04 3.33212316e-04
 3.33212316e-04 3.33212316e-04 3.33212316e-04 3.33212316e-04
 3.33212316e-04 3.33212316e-04 3.33212316e-04 3.33212316e-04
 3.33212316e-04 3.33212316e-04 3.33212316e-04 3.33212316e-04
 3.33212316e-04 3.33212316e-04 3.33212316e-04 3.33212316e-04
 3.33212316e-04 3.33212316e-04 3.33212316e-04]","[0.00167224 0.00501672 0.0083612  0.01170569 0.01505017 0.01839465
 0.02173913 0.02508361 0.02842809 0.03177258 0.03511706 0.03846154
 0.04180602 0.0451505  0.04849498 0.05183946 0.05518395 0.05852843
 0.06187291 0.06521739 0.06856187 0.07190635 0.07525084 0.07859532
 0.0819398  0.08528428 0.08862876 0.09197324 0.09531773 0.09866221
 0.10200669 0.10535117 0.10869565 0.11204013 0.11538462 0.1187291
 0.12207358 0.12541806 0.12876254 0.13210702 0.13545151 0.13879599
 0.14214047 0.14548495 0.14882943 0.15217391 0.15551839 0.15886288
 0.16220736 0.16555184 0.16889632 0.1722408  0.17558528 0.17892977
 0.18227425 0.18561873 0.18896321 0.19230769 0.19565217 0.19899666
 0.20234114 0.20568562 0.2090301  0.21237458 0.21571906 0.21906355
 0.22240803 0.22575251 0.22909699 0.23244147 0.23578595 0.23913043
 0.24247492 0.2458194  0.24916388 0.25250836 0.25585284 0.25919732
 0.26254181 0.26588629 0.26923077 0.27257525 0.27591973 0.27926421
 0.2826087  0.28595318 0.28929766 0.29264214 0.29598662 0.2993311
 0.30267559 0.30602007 0.30936455 0.31270903 0.31605351 0.31939799
 0.32274247 0.32608696 0.32943144 0.33277592 0.3361204  0.33946488
 0.34280936 0.34615385 0.34949833 0.35284281 0.35618729 0.35953177
 0.36287625 0.36622074 0.36956522 0.3729097  0.37625418 0.37959866
 0.38294314 0.38628763 0.38963211 0.39297659 0.39632107 0.39966555
 0.40301003 0.40635452 0.409699   0.41304348 0.41638796 0.41973244
 0.42307692 0.4264214  0.42976589 0.43311037 0.43645485 0.43979933
 0.44314381 0.44648829 0.44983278 0.45317726 0.45652174 0.45986622
 0.4632107  0.46655518 0.46989967 0.47324415 0.47658863 0.47993311
 0.48327759 0.48662207 0.48996656 0.49331104 0.49665552 0.5
 0.50334448 0.50668896 0.51003344 0.51337793 0.51672241 0.52006689
 0.52341137 0.52675585 0.53010033 0.53344482 0.5367893  0.54013378
 0.54347826 0.54682274 0.55016722 0.55351171 0.55685619 0.56020067
 0.56354515 0.56688963 0.57023411 0.5735786  0.57692308 0.58026756
 0.58361204 0.58695652 0.590301   0.59364548 0.59698997 0.60033445
 0.60367893 0.60702341 0.61036789 0.61371237 0.61705686 0.62040134
 0.62374582 0.6270903  0.63043478 0.63377926 0.63712375 0.64046823
 0.64381271 0.64715719 0.65050167 0.65384615 0.65719064 0.66053512
 0.6638796  0.66722408 0.67056856 0.67391304 0.67725753 0.68060201
 0.68394649 0.68729097 0.69063545 0.69397993 0.69732441 0.7006689
 0.70401338 0.70735786 0.71070234 0.71404682 0.7173913  0.72073579
 0.72408027 0.72742475 0.73076923 0.73411371 0.73745819 0.74080268
 0.74414716 0.74749164 0.75083612 0.7541806  0.75752508 0.76086957
 0.76421405 0.76755853 0.77090301 0.77424749 0.77759197 0.78093645
 0.78428094 0.78762542 0.7909699  0.79431438 0.79765886 0.80100334
 0.80434783 0.80769231 0.81103679 0.81438127 0.81772575 0.82107023
 0.82441472 0.8277592  0.83110368 0.83444816 0.83779264 0.84113712
 0.84448161 0.84782609 0.85117057 0.85451505 0.85785953 0.86120401
 0.86454849 0.86789298 0.87123746 0.87458194 0.87792642 0.8812709
 0.88461538 0.88795987 0.89130435 0.89464883 0.89799331 0.90133779
 0.90468227 0.90802676 0.91137124 0.91471572 0.9180602  0.92140468
 0.92474916 0.92809365 0.93143813 0.93478261 0.93812709 0.94147157
 0.94481605 0.94816054 0.95150502 0.9548495  0.95819398 0.96153846
 0.96488294 0.96822742 0.97157191 0.97491639 0.97826087 0.98160535
 0.98494983 0.98829431 0.9916388  0.99498328 0.99832776]"
LPJ-GUESS,P,T,Symbolic regression,161.0593,0.1619,0.3827,0.6715,0.0,12149,861.2075,4.2011,861.2075,4.2011,4.2011,1.0,204.9943,300,1.0,0.9323,0.7337,1.6306,1.0,0.9323,1.6306,0.996,0.2284,0.3208,0.9375,0.2284,1.0,0.0,0.0,1,0,-0.7496,0.0,1.3364,0.9458,0.7713,0.7475,1.3364,0.7713,0.7077,0.5772,0.5593,0.5772,0.1755,0.5837,0.9062,0.964,0.3314,0.1908,0.0724,1.0,1.0,1.0,1.0,0,299,False,False,0.0,0.0,0.0,0.0,0.0,0.0,normalized,"[ 618.86770833  629.65463089  640.44155344  651.228476    662.01539855
  672.80232111  683.58924366  694.37616621  705.16308877  715.95001132
  726.73693388  737.52385643  748.31077899  759.09770154  769.88462409
  780.67154665  791.4584692   802.24539176  813.03231431  823.81923687
  834.60615942  845.39308197  856.18000453  866.96692708  877.75384964
  888.54077219  899.32769475  910.1146173   920.90153986  931.68846241
  942.47538496  953.26230752  964.04923007  974.83615263  985.62307518
  996.40999774 1007.19692029 1017.98384284 1028.7707654  1039.55768795
 1050.34461051 1061.13153306 1071.91845562 1082.70537817 1093.49230072
 1104.27922328 1115.06614583 1125.85306839 1136.63999094 1147.4269135
 1158.21383605 1169.00075861 1179.78768116 1190.57460371 1201.36152627
 1212.14844882 1222.93537138 1233.72229393 1244.50921649 1255.29613904
 1266.08306159 1276.86998415 1287.6569067  1298.44382926 1309.23075181
 1320.01767437 1330.80459692 1341.59151947 1352.37844203 1363.16536458
 1373.95228714 1384.73920969 1395.52613225 1406.3130548  1417.09997736
 1427.88689991 1438.67382246 1449.46074502 1460.24766757 1471.03459013
 1481.82151268 1492.60843524 1503.39535779 1514.18228034 1524.9692029
 1535.75612545 1546.54304801 1557.32997056 1568.11689312 1578.90381567
 1589.69073822 1600.47766078 1611.26458333 1622.05150589 1632.83842844
 1643.625351   1654.41227355 1665.19919611 1675.98611866 1686.77304121
 1697.55996377 1708.34688632 1719.13380888 1729.92073143 1740.70765399
 1751.49457654 1762.28149909 1773.06842165 1783.8553442  1794.64226676
 1805.42918931 1816.21611187 1827.00303442 1837.78995697 1848.57687953
 1859.36380208 1870.15072464 1880.93764719 1891.72456975 1902.5114923
 1913.29841486 1924.08533741 1934.87225996 1945.65918252 1956.44610507
 1967.23302763 1978.01995018 1988.80687274 1999.59379529 2010.38071784
 2021.1676404  2031.95456295 2042.74148551 2053.52840806 2064.31533062
 2075.10225317 2085.88917572 2096.67609828 2107.46302083 2118.24994339
 2129.03686594 2139.8237885  2150.61071105 2161.39763361 2172.18455616
 2182.97147871 2193.75840127 2204.54532382 2215.33224638 2226.11916893
 2236.90609149 2247.69301404 2258.47993659 2269.26685915 2280.0537817
 2290.84070426 2301.62762681 2312.41454937 2323.20147192 2333.98839447
 2344.77531703 2355.56223958 2366.34916214 2377.13608469 2387.92300725
 2398.7099298  2409.49685236 2420.28377491 2431.07069746 2441.85762002
 2452.64454257 2463.43146513 2474.21838768 2485.00531024 2495.79223279
 2506.57915534 2517.3660779  2528.15300045 2538.93992301 2549.72684556
 2560.51376812 2571.30069067 2582.08761322 2592.87453578 2603.66145833
 2614.44838089 2625.23530344 2636.022226   2646.80914855 2657.59607111
 2668.38299366 2679.16991621 2689.95683877 2700.74376132 2711.53068388
 2722.31760643 2733.10452899 2743.89145154 2754.67837409 2765.46529665
 2776.2522192  2787.03914176 2797.82606431 2808.61298687 2819.39990942
 2830.18683197 2840.97375453 2851.76067708 2862.54759964 2873.33452219
 2884.12144475 2894.9083673  2905.69528986 2916.48221241 2927.26913496
 2938.05605752 2948.84298007 2959.62990263 2970.41682518 2981.20374774
 2991.99067029 3002.77759284 3013.5645154  3024.35143795 3035.13836051
 3045.92528306 3056.71220562 3067.49912817 3078.28605072 3089.07297328
 3099.85989583 3110.64681839 3121.43374094 3132.2206635  3143.00758605
 3153.79450861 3164.58143116 3175.36835371 3186.15527627 3196.94219882
 3207.72912138 3218.51604393 3229.30296649 3240.08988904 3250.87681159
 3261.66373415 3272.4506567  3283.23757926 3294.02450181 3304.81142437
 3315.59834692 3326.38526947 3337.17219203 3347.95911458 3358.74603714
 3369.53295969 3380.31988225 3391.1068048  3401.89372736 3412.68064991
 3423.46757246 3434.25449502 3445.04141757 3455.82834013 3466.61526268
 3477.40218524 3488.18910779 3498.97603034 3509.7629529  3520.54987545
 3531.33679801 3542.12372056 3552.91064312 3563.69756567 3574.48448822
 3585.27141078 3596.05833333 3606.84525589 3617.63217844 3628.419101
 3639.20602355 3649.99294611 3660.77986866 3671.56679121 3682.35371377
 3693.14063632 3703.92755888 3714.71448143 3725.50140399 3736.28832654
 3747.07524909 3757.86217165 3768.6490942  3779.43601676 3790.22293931
 3801.00986187 3811.79678442 3822.58370697 3833.37062953 3844.15755208]","[ 475.61846006  480.31506868  484.97664929  489.60404269  494.198056
  498.75946447  503.28901329  507.78741917  512.25537188  516.69353564
  521.10255043  525.48303326  529.83557927  534.16076281  538.45913849
  542.7312421   546.97759148  551.19868741  555.39501433  559.56704112
  563.7152218   567.83999616  571.94179042  576.02101775  580.0780789
  584.11336268  588.12724646  592.12009663  596.09226908  600.04410959
  603.97595424  607.88812978  611.78095399  615.65473607  619.5097769
  623.34636937  627.1647987   630.96534272  634.74827209  638.51385062
  642.26233546  645.99397737  649.70902095  653.40770478  657.09026174
  660.75691909  664.40789873  668.04341736  671.66368663  675.26891332
  678.85929953  682.43504274  685.99633605  689.54336828  693.07632407
  696.59538407  700.10072502  703.59251988  707.07093794  710.53614492
  713.98830312  717.42757144  720.85410557  724.26805799  727.66957816
  731.0588125   734.43590456  737.80099506  741.15422198  744.49572061
  747.82562366  751.14406131  754.45116129  757.7470489   761.03184715
  764.30567676  767.56865622  770.82090189  774.06252802  777.29364681
  780.51436846  783.72480123  786.92505149  790.11522374  793.29542067
  796.46574324  799.62629065  802.77716044  805.91844851  809.05024917
  812.17265513  815.28575761  818.38964632  821.48440953  824.57013405
  827.64690533  830.71480745  833.77392315  836.82433389  839.86611983
  842.89935991  845.92413184  848.94051214  851.94857616  854.94839812
  857.94005111  860.92360715  863.89913717  866.86671105  869.82639765
  872.77826484  875.72237949  878.65880749  881.58761382  884.50886252
  887.42261671  890.32893863  893.22788966  896.1195303   899.00392024
  901.88111833  904.75118262  907.61417036  910.47013805  913.31914141
  916.1612354   918.99647429  921.82491159  924.64660012  927.46159203
  930.26993875  933.07169108  935.86689913  938.65561241  941.43787975
  944.2137494   946.98326899  949.74648554  952.50344548  955.2541947
  957.99877847  960.73724153  963.46962809  966.19598179  968.91634575
  971.63076257  974.33927435  977.04192268  979.73874864  982.42979286
  985.11509545  987.79469609  990.46863395  993.1369478   995.79967593
  998.45685618 1001.10852599 1003.75472235 1006.39548184 1009.03084062
 1011.66083445 1014.28549869 1016.90486831 1019.51897788 1022.1278616
 1024.7315533  1027.33008642 1029.92349405 1032.51180893 1035.09506343
 1037.67328959 1040.24651908 1042.81478326 1045.37811315 1047.93653944
 1050.4900925  1053.03880238 1055.58269882 1058.12181125 1060.65616879
 1063.18580028 1065.71073424 1068.23099891 1070.74662226 1073.25763194
 1075.76405536 1078.26591964 1080.76325162 1083.25607788 1085.74442474
 1088.22831825 1090.70778423 1093.18284822 1095.65353551 1098.11987118
 1100.58188002 1103.03958661 1105.49301529 1107.94219017 1110.38713512
 1112.8278738  1115.26442962 1117.6968258  1120.12508532 1122.54923096
 1124.96928528 1127.38527063 1129.79720917 1132.20512283 1134.60903336
 1137.0089623  1139.404931   1141.79696061 1144.18507211 1146.56928626
 1148.94962365 1151.3261047  1153.69874962 1156.06757846 1158.43261109
 1160.7938672  1163.15136632 1165.50512779 1167.8551708  1170.20151436
 1172.54417732 1174.88317838 1177.21853606 1179.55026873 1181.87839461
 1184.20293175 1186.52389807 1188.84131132 1191.15518911 1193.46554889
 1195.77240798 1198.07578355 1200.37569263 1202.67215209 1204.9651787
 1207.25478907 1209.54099965 1211.82382681 1214.10328673 1216.37939551
 1218.65216909 1220.92162328 1223.18777378 1225.45063616 1227.71022585
 1229.96655818 1232.21964835 1234.46951143 1236.71616238 1238.95961606
 1241.19988719 1243.43699037 1245.67094011 1247.9017508  1250.12943671
 1252.35401201 1254.57549076 1256.79388691 1259.0092143  1261.22148668
 1263.43071767 1265.63692082 1267.84010954 1270.04029718 1272.23749696
 1274.43172202 1276.62298539 1278.81130001 1280.99667871 1283.17913426
 1285.3586793  1287.53532639 1289.70908801 1291.87997653 1294.04800425
 1296.21318337 1298.37552599 1300.53504415 1302.69174978 1304.84565475
 1306.99677081 1309.14510966 1311.2906829  1313.43350205 1315.57357855
 1317.71092377 1319.84554897 1321.97746538 1324.1066841  1326.2332162
 1328.35707262 1330.47826429 1332.596802   1334.71269651 1336.82595849]","[0.         0.00334448 0.00668896 0.01003344 0.01337793 0.01672241
 0.02006689 0.02341137 0.02675585 0.03010033 0.03344482 0.0367893
 0.04013378 0.04347826 0.04682274 0.05016722 0.05351171 0.05685619
 0.06020067 0.06354515 0.06688963 0.07023411 0.0735786  0.07692308
 0.08026756 0.08361204 0.08695652 0.090301   0.09364548 0.09698997
 0.10033445 0.10367893 0.10702341 0.11036789 0.11371237 0.11705686
 0.12040134 0.12374582 0.1270903  0.13043478 0.13377926 0.13712375
 0.14046823 0.14381271 0.14715719 0.15050167 0.15384615 0.15719064
 0.16053512 0.1638796  0.16722408 0.17056856 0.17391304 0.17725753
 0.18060201 0.18394649 0.18729097 0.19063545 0.19397993 0.19732441
 0.2006689  0.20401338 0.20735786 0.21070234 0.21404682 0.2173913
 0.22073579 0.22408027 0.22742475 0.23076923 0.23411371 0.23745819
 0.24080268 0.24414716 0.24749164 0.25083612 0.2541806  0.25752508
 0.26086957 0.26421405 0.26755853 0.27090301 0.27424749 0.27759197
 0.28093645 0.28428094 0.28762542 0.2909699  0.29431438 0.29765886
 0.30100334 0.30434783 0.30769231 0.31103679 0.31438127 0.31772575
 0.32107023 0.32441472 0.3277592  0.33110368 0.33444816 0.33779264
 0.34113712 0.34448161 0.34782609 0.35117057 0.35451505 0.35785953
 0.36120401 0.36454849 0.36789298 0.37123746 0.37458194 0.37792642
 0.3812709  0.38461538 0.38795987 0.39130435 0.39464883 0.39799331
 0.40133779 0.40468227 0.40802676 0.41137124 0.41471572 0.4180602
 0.42140468 0.42474916 0.42809365 0.43143813 0.43478261 0.43812709
 0.44147157 0.44481605 0.44816054 0.45150502 0.4548495  0.45819398
 0.46153846 0.46488294 0.46822742 0.47157191 0.47491639 0.47826087
 0.48160535 0.48494983 0.48829431 0.4916388  0.49498328 0.49832776
 0.50167224 0.50501672 0.5083612  0.51170569 0.51505017 0.51839465
 0.52173913 0.52508361 0.52842809 0.53177258 0.53511706 0.53846154
 0.54180602 0.5451505  0.54849498 0.55183946 0.55518395 0.55852843
 0.56187291 0.56521739 0.56856187 0.57190635 0.57525084 0.57859532
 0.5819398  0.58528428 0.58862876 0.59197324 0.59531773 0.59866221
 0.60200669 0.60535117 0.60869565 0.61204013 0.61538462 0.6187291
 0.62207358 0.62541806 0.62876254 0.63210702 0.63545151 0.63879599
 0.64214047 0.64548495 0.64882943 0.65217391 0.65551839 0.65886288
 0.66220736 0.66555184 0.66889632 0.6722408  0.67558528 0.67892977
 0.68227425 0.68561873 0.68896321 0.69230769 0.69565217 0.69899666
 0.70234114 0.70568562 0.7090301  0.71237458 0.71571906 0.71906355
 0.72240803 0.72575251 0.72909699 0.73244147 0.73578595 0.73913043
 0.74247492 0.7458194  0.74916388 0.75250836 0.75585284 0.75919732
 0.76254181 0.76588629 0.76923077 0.77257525 0.77591973 0.77926421
 0.7826087  0.78595318 0.78929766 0.79264214 0.79598662 0.7993311
 0.80267559 0.80602007 0.80936455 0.81270903 0.81605351 0.81939799
 0.82274247 0.82608696 0.82943144 0.83277592 0.8361204  0.83946488
 0.84280936 0.84615385 0.84949833 0.85284281 0.85618729 0.85953177
 0.86287625 0.86622074 0.86956522 0.8729097  0.87625418 0.87959866
 0.88294314 0.88628763 0.88963211 0.89297659 0.89632107 0.89966555
 0.90301003 0.90635452 0.909699   0.91304348 0.91638796 0.91973244
 0.92307692 0.9264214  0.92976589 0.93311037 0.93645485 0.93979933
 0.94314381 0.94648829 0.94983278 0.95317726 0.95652174 0.95986622
 0.9632107  0.96655518 0.96989967 0.97324415 0.97658863 0.97993311
 0.98327759 0.98662207 0.98996656 0.99331104 0.99665552 1.        ]","[0.         0.00545352 0.01086636 0.0162395  0.02157389 0.02687042
 0.03212995 0.03735332 0.04254133 0.04769475 0.05281432 0.05790077
 0.06295477 0.067977   0.0729681  0.0779287  0.08285939 0.08776076
 0.09263337 0.09747776 0.10229447 0.10708399 0.11184683 0.11658347
 0.12129437 0.12597998 0.13064074 0.13527708 0.13988941 0.14447813
 0.14904363 0.1535863  0.15810649 0.16260457 0.16708089 0.17153579
 0.1759696  0.18038264 0.18477523 0.18914767 0.19350026 0.1978333
 0.20214706 0.20644182 0.21071786 0.21497544 0.21921481 0.22343623
 0.22763994 0.23182619 0.2359952  0.24014722 0.24428245 0.24840112
 0.25250345 0.25658964 0.26065991 0.26471444 0.26875344 0.2727771
 0.27678561 0.28077915 0.28475791 0.28872205 0.29267176 0.29660721
 0.30052855 0.30443596 0.3083296  0.31220961 0.31607617 0.3199294
 0.32376948 0.32759653 0.33141071 0.33521215 0.33900099 0.34277737
 0.34654142 0.35029327 0.35403304 0.35776087 0.36147687 0.36518117
 0.36887389 0.37255514 0.37622505 0.37988371 0.38353125 0.38716777
 0.39079339 0.3944082  0.39801231 0.40160583 0.40518885 0.40876147
 0.4123238  0.41587592 0.41941794 0.42294994 0.42647202 0.42998426
 0.43348676 0.43697961 0.44046288 0.44393667 0.44740106 0.45085613
 0.45430196 0.45773863 0.46116622 0.46458481 0.46799447 0.47139528
 0.47478732 0.47817066 0.48154536 0.48491151 0.48826917 0.49161841
 0.4949593  0.4982919  0.50161629 0.50493253 0.50824068 0.5115408
 0.51483297 0.51811724 0.52139367 0.52466233 0.52792327 0.53117655
 0.53442224 0.53766038 0.54089104 0.54411427 0.54733013 0.55053866
 0.55373994 0.556934   0.5601209  0.56330069 0.56647343 0.56963917
 0.57279795 0.57594982 0.57909484 0.58223304 0.58536449 0.58848922
 0.59160729 0.59471874 0.59782361 0.60092195 0.6040138  0.60709921
 0.61017823 0.61325089 0.61631723 0.61937731 0.62243115 0.62547881
 0.62852032 0.63155572 0.63458505 0.63760835 0.64062566 0.64363703
 0.64664248 0.64964205 0.65263578 0.65562371 0.65860588 0.66158232
 0.66455306 0.66751815 0.67047761 0.67343148 0.67637979 0.67932259
 0.6822599  0.68519175 0.68811818 0.69103922 0.69395491 0.69686527
 0.69977033 0.70267014 0.70556471 0.70845408 0.71133828 0.71421733
 0.71709128 0.71996015 0.72282396 0.72568274 0.72853653 0.73138536
 0.73422924 0.73706822 0.73990231 0.74273154 0.74555594 0.74837554
 0.75119036 0.75400043 0.75680578 0.75960643 0.7624024  0.76519372
 0.76798043 0.77076253 0.77354006 0.77631304 0.7790815  0.78184545
 0.78460492 0.78735995 0.79011054 0.79285672 0.79559852 0.79833595
 0.80106904 0.80379782 0.8065223  0.80924251 0.81195846 0.81467019
 0.81737771 0.82008103 0.82278019 0.82547521 0.8281661  0.83085288
 0.83353558 0.83621421 0.8388888  0.84155936 0.84422592 0.84688849
 0.8495471  0.85220175 0.85485248 0.8574993  0.86014223 0.86278128
 0.86541648 0.86804785 0.87067539 0.87329914 0.8759191  0.8785353
 0.88114775 0.88375647 0.88636148 0.8889628  0.89156043 0.89415441
 0.89674474 0.89933144 0.90191453 0.90449402 0.90706993 0.90964228
 0.91221109 0.91477636 0.91733811 0.91989637 0.92245114 0.92500244
 0.92755029 0.93009469 0.93263568 0.93517325 0.93770743 0.94023824
 0.94276567 0.94528976 0.94781051 0.95032794 0.95284206 0.95535288
 0.95786043 0.96036471 0.96286574 0.96536353 0.9678581  0.97034945
 0.97283761 0.97532258 0.97780438 0.98028302 0.98275852 0.98523088
 0.98770013 0.99016627 0.99262931 0.99508927 0.99754616 1.        ]","[1.63060119 1.61843993 1.60657058 1.59498144 1.58366147 1.57260021
 1.56178779 1.55121485 1.54087251 1.53075238 1.52084645 1.51114715
 1.50164726 1.49233992 1.4832186  1.47427707 1.4655094  1.45690992
 1.44847323 1.44019418 1.43206781 1.42408941 1.41625447 1.40855867
 1.40099785 1.39356804 1.38626545 1.37908642 1.37202743 1.36508513
 1.35825627 1.35153775 1.34492656 1.33841984 1.33201482 1.32570881
 1.31949926 1.31338369 1.3073597  1.301425   1.29557736 1.28981463
 1.28413474 1.2785357  1.27301556 1.26757247 1.2622046  1.25691023
 1.25168764 1.24653521 1.24145136 1.23643454 1.23148328 1.22659613
 1.22177169 1.21700861 1.21230559 1.20766134 1.20307463 1.19854426
 1.19406906 1.18964791 1.18527971 1.18096339 1.17669792 1.17248227
 1.16831549 1.16419661 1.1601247  1.15609887 1.15211823 1.14818194
 1.14428915 1.14043907 1.1366309  1.13286387 1.12913724 1.12545027
 1.12180226 1.11819251 1.11462035 1.11108511 1.10758615 1.10412286
 1.1006946  1.0973008  1.09394086 1.09061421 1.0873203  1.08405859
 1.08082854 1.07762964 1.07446138 1.07132327 1.06821482 1.06513556
 1.06208503 1.05906278 1.05606837 1.05310136 1.05016132 1.04724786
 1.04436056 1.04149902 1.03866286 1.0358517  1.03306517 1.03030291
 1.02756455 1.02484975 1.02215817 1.01948947 1.01684332 1.01421941
 1.01161741 1.00903703 1.00647795 1.00393988 1.00142253 0.99892561
 0.99644885 0.99399197 0.9915547  0.98913677 0.98673793 0.98435793
 0.9819965  0.97965342 0.97732844 0.97502132 0.97273183 0.97045974
 0.96820484 0.9659669  0.9637457  0.96154104 0.95935271 0.9571805
 0.95502421 0.95288365 0.95075863 0.94864894 0.94655441 0.94447485
 0.94241008 0.94035993 0.93832421 0.93630277 0.93429542 0.932302
 0.93032236 0.92835632 0.92640373 0.92446444 0.92253829 0.92062514
 0.91872483 0.91683722 0.91496216 0.91309952 0.91124916 0.90941093
 0.90758471 0.90577037 0.90396776 0.90217677 0.90039727 0.89862913
 0.89687224 0.89512646 0.89339169 0.89166779 0.88995467 0.88825221
 0.88656028 0.8848788  0.88320763 0.88154669 0.87989585 0.87825503
 0.87662411 0.87500299 0.87339158 0.87178978 0.87019749 0.86861461
 0.86704106 0.86547673 0.86392154 0.8623754  0.86083822 0.8593099
 0.85779037 0.85627954 0.85477733 0.85328364 0.85179841 0.85032154
 0.84885297 0.8473926  0.84594037 0.8444962  0.84306    0.84163172
 0.84021127 0.83879857 0.83739357 0.83599619 0.83460635 0.833224
 0.83184905 0.83048145 0.82912113 0.82776803 0.82642207 0.82508319
 0.82375134 0.82242645 0.82110845 0.8197973  0.81849292 0.81719525
 0.81590425 0.81461985 0.813342   0.81207063 0.8108057  0.80954714
 0.80829491 0.80704895 0.80580921 0.80457563 0.80334816 0.80212675
 0.80091136 0.79970193 0.7984984  0.79730075 0.7961089  0.79492283
 0.79374247 0.79256778 0.79139873 0.79023525 0.78907731 0.78792487
 0.78677787 0.78563627 0.78450004 0.78336913 0.78224349 0.78112309
 0.78000788 0.77889783 0.77779289 0.77669302 0.77559819 0.77450835
 0.77342347 0.7723435  0.77126842 0.77019818 0.76913275 0.76807209
 0.76701616 0.76596493 0.76491836 0.76387642 0.76283908 0.76180629
 0.76077803 0.75975427 0.75873496 0.75772007 0.75670958 0.75570345
 0.75470165 0.75370415 0.75271092 0.75172192 0.75073713 0.74975651
 0.74878004 0.74780768 0.74683941 0.7458752  0.74491502 0.74395883
 0.74300662 0.74205835 0.741114   0.74017354 0.73923694 0.73830418
 0.73737522 0.73645005 0.73552864 0.73461095 0.73369697]","[1.63060119 1.61843993 1.60657058 1.59498144 1.58366147 1.57260021
 1.56178779 1.55121485 1.54087251 1.53075238 1.52084645 1.51114715
 1.50164726 1.49233992 1.4832186  1.47427707 1.4655094  1.45690992
 1.44847323 1.44019418 1.43206781 1.42408941 1.41625447 1.40855867
 1.40099785 1.39356804 1.38626545 1.37908642 1.37202743 1.36508513
 1.35825627 1.35153775 1.34492656 1.33841984 1.33201482 1.32570881
 1.31949926 1.31338369 1.3073597  1.301425   1.29557736 1.28981463
 1.28413474 1.2785357  1.27301556 1.26757247 1.2622046  1.25691023
 1.25168764 1.24653521 1.24145136 1.23643454 1.23148328 1.22659613
 1.22177169 1.21700861 1.21230559 1.20766134 1.20307463 1.19854426
 1.19406906 1.18964791 1.18527971 1.18096339 1.17669792 1.17248227
 1.16831549 1.16419661 1.1601247  1.15609887 1.15211823 1.14818194
 1.14428915 1.14043907 1.1366309  1.13286387 1.12913724 1.12545027
 1.12180226 1.11819251 1.11462035 1.11108511 1.10758615 1.10412286
 1.1006946  1.0973008  1.09394086 1.09061421 1.0873203  1.08405859
 1.08082854 1.07762964 1.07446138 1.07132327 1.06821482 1.06513556
 1.06208503 1.05906278 1.05606837 1.05310136 1.05016132 1.04724786
 1.04436056 1.04149902 1.03866286 1.0358517  1.03306517 1.03030291
 1.02756455 1.02484975 1.02215817 1.01948947 1.01684332 1.01421941
 1.01161741 1.00903703 1.00647795 1.00393988 1.00142253 0.99892561
 0.99644885 0.99399197 0.9915547  0.98913677 0.98673793 0.98435793
 0.9819965  0.97965342 0.97732844 0.97502132 0.97273183 0.97045974
 0.96820484 0.9659669  0.9637457  0.96154104 0.95935271 0.9571805
 0.95502421 0.95288365 0.95075863 0.94864894 0.94655441 0.94447485
 0.94241008 0.94035993 0.93832421 0.93630277 0.93429542 0.932302
 0.93032236 0.92835632 0.92640373 0.92446444 0.92253829 0.92062514
 0.91872483 0.91683722 0.91496216 0.91309952 0.91124916 0.90941093
 0.90758471 0.90577037 0.90396776 0.90217677 0.90039727 0.89862913
 0.89687224 0.89512646 0.89339169 0.89166779 0.88995467 0.88825221
 0.88656028 0.8848788  0.88320763 0.88154669 0.87989585 0.87825503
 0.87662411 0.87500299 0.87339158 0.87178978 0.87019749 0.86861461
 0.86704106 0.86547673 0.86392154 0.8623754  0.86083822 0.8593099
 0.85779037 0.85627954 0.85477733 0.85328364 0.85179841 0.85032154
 0.84885297 0.8473926  0.84594037 0.8444962  0.84306    0.84163172
 0.84021127 0.83879857 0.83739357 0.83599619 0.83460635 0.833224
 0.83184905 0.83048145 0.82912113 0.82776803 0.82642207 0.82508319
 0.82375134 0.82242645 0.82110845 0.8197973  0.81849292 0.81719525
 0.81590425 0.81461985 0.813342   0.81207063 0.8108057  0.80954714
 0.80829491 0.80704895 0.80580921 0.80457563 0.80334816 0.80212675
 0.80091136 0.79970193 0.7984984  0.79730075 0.7961089  0.79492283
 0.79374247 0.79256778 0.79139873 0.79023525 0.78907731 0.78792487
 0.78677787 0.78563627 0.78450004 0.78336913 0.78224349 0.78112309
 0.78000788 0.77889783 0.77779289 0.77669302 0.77559819 0.77450835
 0.77342347 0.7723435  0.77126842 0.77019818 0.76913275 0.76807209
 0.76701616 0.76596493 0.76491836 0.76387642 0.76283908 0.76180629
 0.76077803 0.75975427 0.75873496 0.75772007 0.75670958 0.75570345
 0.75470165 0.75370415 0.75271092 0.75172192 0.75073713 0.74975651
 0.74878004 0.74780768 0.74683941 0.7458752  0.74491502 0.74395883
 0.74300662 0.74205835 0.741114   0.74017354 0.73923694 0.73830418
 0.73737522 0.73645005 0.73552864 0.73461095 0.73369697]","[0.00167224 0.00501672 0.0083612  0.01170569 0.01505017 0.01839465
 0.02173913 0.02508361 0.02842809 0.03177258 0.03511706 0.03846154
 0.04180602 0.0451505  0.04849498 0.05183946 0.05518395 0.05852843
 0.06187291 0.06521739 0.06856187 0.07190635 0.07525084 0.07859532
 0.0819398  0.08528428 0.08862876 0.09197324 0.09531773 0.09866221
 0.10200669 0.10535117 0.10869565 0.11204013 0.11538462 0.1187291
 0.12207358 0.12541806 0.12876254 0.13210702 0.13545151 0.13879599
 0.14214047 0.14548495 0.14882943 0.15217391 0.15551839 0.15886288
 0.16220736 0.16555184 0.16889632 0.1722408  0.17558528 0.17892977
 0.18227425 0.18561873 0.18896321 0.19230769 0.19565217 0.19899666
 0.20234114 0.20568562 0.2090301  0.21237458 0.21571906 0.21906355
 0.22240803 0.22575251 0.22909699 0.23244147 0.23578595 0.23913043
 0.24247492 0.2458194  0.24916388 0.25250836 0.25585284 0.25919732
 0.26254181 0.26588629 0.26923077 0.27257525 0.27591973 0.27926421
 0.2826087  0.28595318 0.28929766 0.29264214 0.29598662 0.2993311
 0.30267559 0.30602007 0.30936455 0.31270903 0.31605351 0.31939799
 0.32274247 0.32608696 0.32943144 0.33277592 0.3361204  0.33946488
 0.34280936 0.34615385 0.34949833 0.35284281 0.35618729 0.35953177
 0.36287625 0.36622074 0.36956522 0.3729097  0.37625418 0.37959866
 0.38294314 0.38628763 0.38963211 0.39297659 0.39632107 0.39966555
 0.40301003 0.40635452 0.409699   0.41304348 0.41638796 0.41973244
 0.42307692 0.4264214  0.42976589 0.43311037 0.43645485 0.43979933
 0.44314381 0.44648829 0.44983278 0.45317726 0.45652174 0.45986622
 0.4632107  0.46655518 0.46989967 0.47324415 0.47658863 0.47993311
 0.48327759 0.48662207 0.48996656 0.49331104 0.49665552 0.5
 0.50334448 0.50668896 0.51003344 0.51337793 0.51672241 0.52006689
 0.52341137 0.52675585 0.53010033 0.53344482 0.5367893  0.54013378
 0.54347826 0.54682274 0.55016722 0.55351171 0.55685619 0.56020067
 0.56354515 0.56688963 0.57023411 0.5735786  0.57692308 0.58026756
 0.58361204 0.58695652 0.590301   0.59364548 0.59698997 0.60033445
 0.60367893 0.60702341 0.61036789 0.61371237 0.61705686 0.62040134
 0.62374582 0.6270903  0.63043478 0.63377926 0.63712375 0.64046823
 0.64381271 0.64715719 0.65050167 0.65384615 0.65719064 0.66053512
 0.6638796  0.66722408 0.67056856 0.67391304 0.67725753 0.68060201
 0.68394649 0.68729097 0.69063545 0.69397993 0.69732441 0.7006689
 0.70401338 0.70735786 0.71070234 0.71404682 0.7173913  0.72073579
 0.72408027 0.72742475 0.73076923 0.73411371 0.73745819 0.74080268
 0.74414716 0.74749164 0.75083612 0.7541806  0.75752508 0.76086957
 0.76421405 0.76755853 0.77090301 0.77424749 0.77759197 0.78093645
 0.78428094 0.78762542 0.7909699  0.79431438 0.79765886 0.80100334
 0.80434783 0.80769231 0.81103679 0.81438127 0.81772575 0.82107023
 0.82441472 0.8277592  0.83110368 0.83444816 0.83779264 0.84113712
 0.84448161 0.84782609 0.85117057 0.85451505 0.85785953 0.86120401
 0.86454849 0.86789298 0.87123746 0.87458194 0.87792642 0.8812709
 0.88461538 0.88795987 0.89130435 0.89464883 0.89799331 0.90133779
 0.90468227 0.90802676 0.91137124 0.91471572 0.9180602  0.92140468
 0.92474916 0.92809365 0.93143813 0.93478261 0.93812709 0.94147157
 0.94481605 0.94816054 0.95150502 0.9548495  0.95819398 0.96153846
 0.96488294 0.96822742 0.97157191 0.97491639 0.97826087 0.98160535
 0.98494983 0.98829431 0.9916388  0.99498328 0.99832776]"
CLASSIC,LAI,T,Equal-width bins,82.2711,0.1347,0.5619,0.7739,0.0,11438,315.582,2.4059,314.1889,2.3953,2.3953,0.9956,131.1687,10,0.9818,0.9364,-0.0618,2.3348,0.9956,0.9364,2.3348,0.8842,0.6325,0.5835,0.5269,0.6442,0.8889,0.1111,0.0,1,1,-1.6305,0.015,1.8325,0.9646,0.1744,-0.0618,1.8325,0.1744,0.5264,0.0952,-0.0337,0.0952,0.2074,0.6416,0.9807,0.9978,0.3839,0.0536,0.0044,0.9956,0.9956,1.0044,1.0089,0,8,False,True,0.0,0.0,0.0,1.0,0.0044,0.0044,normalized,"[1.06653505 1.60670835 2.186542   2.8049266  3.46308765 4.0802635
 4.67956115 5.290872   5.9822667  6.36019035]","[173.64427  248.829305 294.80936  329.33154  357.335975 385.704455
 432.052005 472.30225  489.226275 487.83319 ]","[0.         0.10204165 0.21157535 0.32839153 0.45272169 0.56930954
 0.68252009 0.798      0.92860819 1.        ]","[0.         0.23824247 0.3839417  0.4933338  0.58207281 0.67196539
 0.81882912 0.94637202 1.         0.99558566]","[ 2.33475718  1.3301772   0.93644651  0.71373676  0.77102875  1.29726181
  1.10445964  0.41060198 -0.06183252]","[2.33475718 1.3301772  0.93644651 0.71373676 0.77102875 1.29726181
 1.10445964 0.41060198 0.06183252]","[0.05102082 0.1568085  0.26998344 0.39055661 0.51101562 0.62591481
 0.74026005 0.8633041  0.96430409]"
CLASSIC,LAI,T,Equal-count bins,82.2586,0.1347,0.5386,0.7602,0.0,10843,301.1254,2.2957,280.1553,2.1358,2.1358,0.9304,131.1687,10,0.8958,0.9728,-0.8243,1.9593,1.079,0.9728,1.9593,0.9232,0.7224,0.3842,-1.0889,0.8064,0.8889,0.1111,0.0,1,1,-1.5287,0.072,1.5702,0.9942,0.3151,-0.8243,1.5702,0.3151,0.6332,0.2007,-0.525,0.2007,0.1966,0.6254,0.9429,0.9652,0.357,0.1017,0.0696,0.9304,0.9304,1.0696,1.1497,0,8,False,True,0.0,0.0,0.0,1.0,0.0696,0.0696,normalized,"[1.2647322 1.8561368 2.3790972 3.0293114 3.7422113 4.3170652 4.8085556
 5.2997993 5.8200269 6.240359 ]","[201.27328 271.40067 308.7819  341.06485 365.1608  404.08887 448.08
 471.77153 502.39865 481.4286 ]","[0.         0.11886032 0.22396475 0.3546446  0.49792302 0.61345698
 0.71223658 0.81096659 0.91552178 1.        ]","[0.         0.23288436 0.35702279 0.46423046 0.54425012 0.67352542
 0.8196145  0.89829113 1.         0.93036107]","[ 1.95931124  1.1810961   0.82038406  0.55849071  1.11893753  1.47893991
  0.79688668  0.97277684 -0.82434187]","[1.95931124 1.1810961  0.82038406 0.55849071 1.11893753 1.47893991
 0.79688668 0.97277684 0.82434187]","[0.05943016 0.17141253 0.28930468 0.42628381 0.55569    0.66284678
 0.76160158 0.86324418 0.95776089]"
CLASSIC,LAI,T,LOWESS,81.6588,0.132,0.6124,0.7946,0.0,12047,463.9449,3.537,463.9449,3.537,3.537,1.0,131.1687,12040,0.8846,0.8697,-0.7185,2.0103,0.9258,0.8697,2.0103,1.0274,0.5003,0.505,-0.335,0.5655,0.9439,0.0517,0.0043,1,140,-0.8146,0.0,1.3681,0.8202,0.6002,1.5786,1.3681,0.6002,0.5995,0.4387,1.1538,0.4387,0.2531,0.5721,0.8232,0.8733,0.3729,0.2287,0.1719,1.0,1.0,1.0269,1.0269,0,12039,False,False,0.0,0.0,0.0,0.0,0.0,0.0,normalized,[0.6513311 0.6526384 0.6546599 ... 6.851227  6.860204  6.860609 ],"[120.67037606 120.85771847 121.14736939 ... 583.20781702 584.55441726
 584.61525032]","[0.00000000e+00 2.10539780e-04 5.36100985e-04 ... 9.98489035e-01
 9.99934775e-01 1.00000000e+00]","[0.00000000e+00 4.03803172e-04 1.02812502e-03 ... 9.96966378e-01
 9.99868879e-01 1.00000000e+00]",[1.91794241 1.91767888 1.91625584 ... 2.00345417 2.00762307 2.01029313],[1.91794241 1.91767888 1.91625584 ... 2.00345417 2.00762307 2.01029313],"[1.05269890e-04 3.73320382e-04 1.79715181e-03 ... 9.98058550e-01
 9.99211905e-01 9.99967388e-01]"
CLASSIC,LAI,T,Polynomial degree 3,82.0422,0.1326,0.6088,0.7946,0.0,12047,419.6097,3.199,419.6097,3.199,3.199,1.0,131.1687,300,1.0,0.8974,0.7744,1.6717,1.0,0.8974,1.6717,0.9956,0.249,0.3269,1.1619,0.249,1.0,0.0,0.0,1,0,-0.6979,0.0,1.3836,0.877,0.8607,0.9213,1.3836,0.8607,0.6339,0.6221,0.6659,0.6221,0.1826,0.5799,0.8894,0.9544,0.3433,0.2133,0.0895,1.0,1.0,1.0,1.0,0,299,False,False,0.0,0.0,0.0,0.0,0.0,0.0,normalized,"[0.6513311  0.67209792 0.69286473 0.71363155 0.73439836 0.75516518
 0.77593199 0.79669881 0.81746563 0.83823244 0.85899926 0.87976607
 0.90053289 0.9212997  0.94206652 0.96283334 0.98360015 1.00436697
 1.02513378 1.0459006  1.06666741 1.08743423 1.10820105 1.12896786
 1.14973468 1.17050149 1.19126831 1.21203512 1.23280194 1.25356876
 1.27433557 1.29510239 1.3158692  1.33663602 1.35740283 1.37816965
 1.39893647 1.41970328 1.4404701  1.46123691 1.48200373 1.50277054
 1.52353736 1.54430418 1.56507099 1.58583781 1.60660462 1.62737144
 1.64813825 1.66890507 1.68967189 1.7104387  1.73120552 1.75197233
 1.77273915 1.79350596 1.81427278 1.8350396  1.85580641 1.87657323
 1.89734004 1.91810686 1.93887367 1.95964049 1.98040731 2.00117412
 2.02194094 2.04270775 2.06347457 2.08424138 2.1050082  2.12577502
 2.14654183 2.16730865 2.18807546 2.20884228 2.22960909 2.25037591
 2.27114273 2.29190954 2.31267636 2.33344317 2.35420999 2.3749768
 2.39574362 2.41651044 2.43727725 2.45804407 2.47881088 2.4995777
 2.52034451 2.54111133 2.56187815 2.58264496 2.60341178 2.62417859
 2.64494541 2.66571222 2.68647904 2.70724586 2.72801267 2.74877949
 2.7695463  2.79031312 2.81107993 2.83184675 2.85261357 2.87338038
 2.8941472  2.91491401 2.93568083 2.95644764 2.97721446 2.99798128
 3.01874809 3.03951491 3.06028172 3.08104854 3.10181535 3.12258217
 3.14334899 3.1641158  3.18488262 3.20564943 3.22641625 3.24718306
 3.26794988 3.2887167  3.30948351 3.33025033 3.35101714 3.37178396
 3.39255077 3.41331759 3.43408441 3.45485122 3.47561804 3.49638485
 3.51715167 3.53791848 3.5586853  3.57945212 3.60021893 3.62098575
 3.64175256 3.66251938 3.68328619 3.70405301 3.72481983 3.74558664
 3.76635346 3.78712027 3.80788709 3.82865391 3.84942072 3.87018754
 3.89095435 3.91172117 3.93248798 3.9532548  3.97402162 3.99478843
 4.01555525 4.03632206 4.05708888 4.07785569 4.09862251 4.11938933
 4.14015614 4.16092296 4.18168977 4.20245659 4.2232234  4.24399022
 4.26475704 4.28552385 4.30629067 4.32705748 4.3478243  4.36859111
 4.38935793 4.41012475 4.43089156 4.45165838 4.47242519 4.49319201
 4.51395882 4.53472564 4.55549246 4.57625927 4.59702609 4.6177929
 4.63855972 4.65932653 4.68009335 4.70086017 4.72162698 4.7423938
 4.76316061 4.78392743 4.80469424 4.82546106 4.84622788 4.86699469
 4.88776151 4.90852832 4.92929514 4.95006195 4.97082877 4.99159559
 5.0123624  5.03312922 5.05389603 5.07466285 5.09542966 5.11619648
 5.1369633  5.15773011 5.17849693 5.19926374 5.22003056 5.24079737
 5.26156419 5.28233101 5.30309782 5.32386464 5.34463145 5.36539827
 5.38616508 5.4069319  5.42769872 5.44846553 5.46923235 5.48999916
 5.51076598 5.53153279 5.55229961 5.57306643 5.59383324 5.61460006
 5.63536687 5.65613369 5.6769005  5.69766732 5.71843414 5.73920095
 5.75996777 5.78073458 5.8015014  5.82226821 5.84303503 5.86380185
 5.88456866 5.90533548 5.92610229 5.94686911 5.96763592 5.98840274
 6.00916956 6.02993637 6.05070319 6.07147    6.09223682 6.11300363
 6.13377045 6.15453727 6.17530408 6.1960709  6.21683771 6.23760453
 6.25837134 6.27913816 6.29990498 6.32067179 6.34143861 6.36220542
 6.38297224 6.40373905 6.42450587 6.44527269 6.4660395  6.48680632
 6.50757313 6.52833995 6.54910676 6.56987358 6.5906404  6.61140721
 6.63217403 6.65294084 6.67370766 6.69447447 6.71524129 6.73600811
 6.75677492 6.77754174 6.79830855 6.81907537 6.83984218 6.860609  ]","[143.83574511 146.18175928 148.51534577 150.83656621 153.14548223
 155.44215546 157.72664753 159.99902007 162.2593347  164.50765305
 166.74403676 168.96854745 171.18124675 173.38219629 175.5714577
 177.7490926  179.91516263 182.06972942 184.21285459 186.34459977
 188.46502659 190.57419669 192.67217168 194.7590132  196.83478287
 198.89954234 200.95335321 202.99627713 205.02837572 207.04971061
 209.06034343 211.06033581 213.04974938 215.02864576 216.99708659
 218.95513349 220.9028481  222.84029203 224.76752693 226.68461441
 228.59161611 230.48859366 232.37560869 234.25272282 236.11999768
 237.9774949  239.82527612 241.66340295 243.49193704 245.31094
 247.12047346 248.92059907 250.71137843 252.49287319 254.26514497
 256.0282554  257.78226611 259.52723873 261.26323488 262.9903162
 264.70854431 266.41798085 268.11868744 269.81072571 271.49415729
 273.16904381 274.8354469  276.49342818 278.14304929 279.78437185
 281.41745749 283.04236785 284.65916455 286.26790921 287.86866347
 289.46148897 291.04644731 292.62360014 294.19300909 295.75473577
 297.30884183 298.85538889 300.39443858 301.92605252 303.45029235
 304.9672197  306.47689619 307.97938345 309.47474311 310.96303681
 312.44432616 313.9186728  315.38613836 316.84678447 318.30067275
 319.74786483 321.18842235 322.62240692 324.04988019 325.47090378
 326.88553931 328.29384842 329.69589274 331.09173389 332.4814335
 333.8650532  335.24265463 336.6142994  337.98004915 339.33996551
 340.69411011 342.04254457 343.38533053 344.7225296  346.05420343
 347.38041364 348.70122186 350.01668971 351.32687883 352.63185085
 353.93166739 355.22639008 356.51608056 357.80080045 359.08061137
 360.35557497 361.62575286 362.89120668 364.15199805 365.40818861
 366.65983998 367.90701379 369.14977167 370.38817525 371.62228616
 372.85216603 374.07787648 375.29947914 376.51703565 377.73060763
 378.94025671 380.14604452 381.34803269 382.54628285 383.74085662
 384.93181564 386.11922153 387.30313593 388.48362045 389.66073674
 390.83454642 392.00511111 393.17249245 394.33675207 395.49795159
 396.65615264 397.81141686 398.96380586 400.11338129 401.26020477
 402.40433792 403.54584238 404.68477977 405.82121173 406.95519988
 408.08680586 409.21609128 410.34311778 411.46794699 412.59064054
 413.71126005 414.82986716 415.94652349 417.06129068 418.17423034
 419.28540412 420.39487363 421.50270051 422.60894639 423.71367289
 424.81694165 425.91881429 427.01935244 428.11861774 429.2166718
 430.31357626 431.40939274 432.50418289 433.59800831 434.69093066
 435.78301154 436.87431259 437.96489545 439.05482173 440.14415307
 441.2329511  442.32127745 443.40919373 444.49676159 445.58404266
 446.67109855 447.7579909  448.84478134 449.9315315  451.018303
 452.10515748 453.19215657 454.27936188 455.36683506 456.45463773
 457.54283151 458.63147804 459.72063895 460.81037587 461.90075042
 462.99182423 464.08365894 465.17631616 466.26985754 467.36434469
 468.45983925 469.55640285 470.65409711 471.75298367 472.85312415
 473.95458018 475.05741339 476.16168541 477.26745787 478.37479239
 479.48375061 480.59439415 481.70678465 482.82098373 483.93705302
 485.05505415 486.17504875 487.29709845 488.42126487 489.54760965
 490.67619441 491.80708078 492.9403304  494.07600488 495.21416587
 496.35487498 497.49819385 498.64418411 499.79290738 500.94442529
 502.09879948 503.25609157 504.41636318 505.57967596 506.74609152
 507.9156715  509.08847753 510.26457123 511.44401423 512.62686816
 513.81319465 515.00305534 516.19651184 517.39362579 518.59445881
 519.79907254 521.0075286  522.21988862 523.43621424 524.65656708
 525.88100876 527.10960092 528.34240519 529.57948319 530.82089656
 532.06670692 533.3169759  534.57176514 535.83113625 537.09515087
 538.36387063 539.63735715 540.91567207 542.19887701 543.48703361
 544.78020348 546.07844827 547.3818296  548.69040909 550.00424838
 551.32340909 552.64795286 553.97794131 555.31343608 556.65449878
 558.00119105 559.35357453 560.71171083 562.07566158 563.44548842]","[0.         0.00334448 0.00668896 0.01003344 0.01337793 0.01672241
 0.02006689 0.02341137 0.02675585 0.03010033 0.03344482 0.0367893
 0.04013378 0.04347826 0.04682274 0.05016722 0.05351171 0.05685619
 0.06020067 0.06354515 0.06688963 0.07023411 0.0735786  0.07692308
 0.08026756 0.08361204 0.08695652 0.090301   0.09364548 0.09698997
 0.10033445 0.10367893 0.10702341 0.11036789 0.11371237 0.11705686
 0.12040134 0.12374582 0.1270903  0.13043478 0.13377926 0.13712375
 0.14046823 0.14381271 0.14715719 0.15050167 0.15384615 0.15719064
 0.16053512 0.1638796  0.16722408 0.17056856 0.17391304 0.17725753
 0.18060201 0.18394649 0.18729097 0.19063545 0.19397993 0.19732441
 0.2006689  0.20401338 0.20735786 0.21070234 0.21404682 0.2173913
 0.22073579 0.22408027 0.22742475 0.23076923 0.23411371 0.23745819
 0.24080268 0.24414716 0.24749164 0.25083612 0.2541806  0.25752508
 0.26086957 0.26421405 0.26755853 0.27090301 0.27424749 0.27759197
 0.28093645 0.28428094 0.28762542 0.2909699  0.29431438 0.29765886
 0.30100334 0.30434783 0.30769231 0.31103679 0.31438127 0.31772575
 0.32107023 0.32441472 0.3277592  0.33110368 0.33444816 0.33779264
 0.34113712 0.34448161 0.34782609 0.35117057 0.35451505 0.35785953
 0.36120401 0.36454849 0.36789298 0.37123746 0.37458194 0.37792642
 0.3812709  0.38461538 0.38795987 0.39130435 0.39464883 0.39799331
 0.40133779 0.40468227 0.40802676 0.41137124 0.41471572 0.4180602
 0.42140468 0.42474916 0.42809365 0.43143813 0.43478261 0.43812709
 0.44147157 0.44481605 0.44816054 0.45150502 0.4548495  0.45819398
 0.46153846 0.46488294 0.46822742 0.47157191 0.47491639 0.47826087
 0.48160535 0.48494983 0.48829431 0.4916388  0.49498328 0.49832776
 0.50167224 0.50501672 0.5083612  0.51170569 0.51505017 0.51839465
 0.52173913 0.52508361 0.52842809 0.53177258 0.53511706 0.53846154
 0.54180602 0.5451505  0.54849498 0.55183946 0.55518395 0.55852843
 0.56187291 0.56521739 0.56856187 0.57190635 0.57525084 0.57859532
 0.5819398  0.58528428 0.58862876 0.59197324 0.59531773 0.59866221
 0.60200669 0.60535117 0.60869565 0.61204013 0.61538462 0.6187291
 0.62207358 0.62541806 0.62876254 0.63210702 0.63545151 0.63879599
 0.64214047 0.64548495 0.64882943 0.65217391 0.65551839 0.65886288
 0.66220736 0.66555184 0.66889632 0.6722408  0.67558528 0.67892977
 0.68227425 0.68561873 0.68896321 0.69230769 0.69565217 0.69899666
 0.70234114 0.70568562 0.7090301  0.71237458 0.71571906 0.71906355
 0.72240803 0.72575251 0.72909699 0.73244147 0.73578595 0.73913043
 0.74247492 0.7458194  0.74916388 0.75250836 0.75585284 0.75919732
 0.76254181 0.76588629 0.76923077 0.77257525 0.77591973 0.77926421
 0.7826087  0.78595318 0.78929766 0.79264214 0.79598662 0.7993311
 0.80267559 0.80602007 0.80936455 0.81270903 0.81605351 0.81939799
 0.82274247 0.82608696 0.82943144 0.83277592 0.8361204  0.83946488
 0.84280936 0.84615385 0.84949833 0.85284281 0.85618729 0.85953177
 0.86287625 0.86622074 0.86956522 0.8729097  0.87625418 0.87959866
 0.88294314 0.88628763 0.88963211 0.89297659 0.89632107 0.89966555
 0.90301003 0.90635452 0.909699   0.91304348 0.91638796 0.91973244
 0.92307692 0.9264214  0.92976589 0.93311037 0.93645485 0.93979933
 0.94314381 0.94648829 0.94983278 0.95317726 0.95652174 0.95986622
 0.9632107  0.96655518 0.96989967 0.97324415 0.97658863 0.97993311
 0.98327759 0.98662207 0.98996656 0.99331104 0.99665552 1.        ]","[0.         0.00559094 0.01115227 0.01668412 0.02218666 0.02766001
 0.03310434 0.03851978 0.04390649 0.0492646  0.05459428 0.05989566
 0.06516889 0.07041412 0.0756315  0.08082116 0.08598327 0.09111796
 0.09622539 0.10130569 0.10635902 0.11138553 0.11638535 0.12135864
 0.12630555 0.13122621 0.13612079 0.14098941 0.14583224 0.15064942
 0.1554411  0.16020741 0.16494852 0.16966456 0.17435568 0.17902203
 0.18366376 0.18828101 0.19287393 0.19744267 0.20198738 0.20650819
 0.21100526 0.21547874 0.21992876 0.22435549 0.22875906 0.23313962
 0.23749733 0.24183231 0.24614473 0.25043473 0.25470246 0.25894806
 0.26317168 0.26737346 0.27155356 0.27571212 0.27984929 0.28396522
 0.28806004 0.29213391 0.29618698 0.30021939 0.30423129 0.30822282
 0.31219414 0.31614538 0.32007671 0.32398825 0.32788017 0.3317526
 0.33560569 0.3394396  0.34325447 0.34705043 0.35082765 0.35458627
 0.35832644 0.36204829 0.36575199 0.36943767 0.37310548 0.37675557
 0.38038809 0.38400318 0.38760099 0.39118167 0.39474536 0.39829221
 0.40182237 0.40533598 0.4088332  0.41231416 0.41577902 0.41922792
 0.42266101 0.42607843 0.42948034 0.43286688 0.43623819 0.43959442
 0.44293573 0.44626225 0.44957414 0.45287153 0.45615459 0.45942345
 0.46267826 0.46591916 0.46914632 0.47235986 0.47555994 0.47874671
 0.48192031 0.48508089 0.4882286  0.49136358 0.49448598 0.49759594
 0.50069362 0.50377916 0.50685271 0.50991441 0.51296441 0.51600287
 0.51902991 0.5220457  0.52505037 0.52804409 0.53102698 0.5339992
 0.5369609  0.53991223 0.54285332 0.54578433 0.5487054  0.55161668
 0.55451832 0.55741047 0.56029326 0.56316685 0.56603139 0.56888702
 0.57173389 0.57457215 0.57740193 0.5802234  0.58303669 0.58584195
 0.58863934 0.59142899 0.59421105 0.59698568 0.59975301 0.6025132
 0.60526638 0.60801272 0.61075235 0.61348542 0.61621208 0.61893248
 0.62164675 0.62435506 0.62705754 0.62975435 0.63244562 0.63513152
 0.63781217 0.64048774 0.64315836 0.64582419 0.64848537 0.65114204
 0.65379436 0.65644248 0.65908653 0.66172666 0.66436303 0.66699578
 0.66962505 0.672251   0.67487377 0.6774935  0.68011034 0.68272445
 0.68533596 0.68794503 0.6905518  0.69315642 0.69575903 0.69835978
 0.70095882 0.7035563  0.70615235 0.70874714 0.7113408  0.71393349
 0.71652535 0.71911652 0.72170715 0.7242974  0.7268874  0.72947731
 0.73206727 0.73465742 0.73724792 0.73983891 0.74243054 0.74502296
 0.74761631 0.75021073 0.75280638 0.75540341 0.75800195 0.76060216
 0.76320419 0.76580817 0.76841426 0.77102261 0.77363336 0.77624665
 0.77886264 0.78148147 0.78410329 0.78672824 0.78935648 0.79198814
 0.79462338 0.79726234 0.79990518 0.80255202 0.80520304 0.80785836
 0.81051814 0.81318252 0.81585166 0.81852569 0.82120476 0.82388903
 0.82657864 0.82927373 0.83197445 0.83468095 0.83739338 0.84011188
 0.8428366  0.84556768 0.84830528 0.85104954 0.85380061 0.85655863
 0.85932375 0.86209612 0.86487588 0.86766319 0.87045818 0.873261
 0.87607181 0.87889075 0.88171797 0.8845536  0.88739781 0.89025073
 0.89311252 0.89598331 0.89886326 0.90175252 0.90465123 0.90755953
 0.91047758 0.91340552 0.9163435  0.91929166 0.92225016 0.92521913
 0.92819873 0.9311891  0.93419039 0.93720275 0.94022632 0.94326125
 0.94630769 0.94936578 0.95243567 0.95551751 0.95861145 0.96171762
 0.96483619 0.96796728 0.97111106 0.97426767 0.97743726 0.98061996
 0.98381594 0.98702533 0.99024829 0.99348495 0.99673547 1.        ]","[1.67169197 1.66283641 1.65402478 1.64525706 1.63653325 1.62785336
 1.61921738 1.61062531 1.60207717 1.59357293 1.58511261 1.57669621
 1.56832372 1.55999514 1.55171048 1.54346973 1.5352729  1.52711999
 1.51901098 1.5109459  1.50292472 1.49494747 1.48701412 1.47912469
 1.47127918 1.46347758 1.4557199  1.44800613 1.44033627 1.43271033
 1.4251283  1.41759019 1.41009599 1.40264571 1.39523935 1.38787689
 1.38055835 1.37328373 1.36605302 1.35886623 1.35172335 1.34462438
 1.33756933 1.3305582  1.32359098 1.31666767 1.30978828 1.3029528
 1.29616124 1.28941359 1.28270986 1.27605004 1.26943414 1.26286215
 1.25633407 1.24984992 1.24340967 1.23701334 1.23066092 1.22435242
 1.21808784 1.21186717 1.20569041 1.19955757 1.19346864 1.18742363
 1.18142253 1.17546534 1.16955207 1.16368272 1.15785728 1.15207576
 1.14633815 1.14064445 1.13499467 1.1293888  1.12382685 1.11830881
 1.11283469 1.10740448 1.10201819 1.09667581 1.09137735 1.0861228
 1.08091217 1.07574545 1.07062264 1.06554375 1.06050877 1.05551771
 1.05057057 1.04566734 1.04080802 1.03599262 1.03122113 1.02649356
 1.0218099  1.01717015 1.01257432 1.00802241 1.00351441 0.99905032
 0.99463015 0.9902539  0.98592156 0.98163313 0.97738862 0.97318802
 0.96903134 0.96491857 0.96084972 0.95682478 0.95284376 0.94890665
 0.94501345 0.94116417 0.93735881 0.93359736 0.92987982 0.9262062
 0.92257649 0.9189907  0.91544882 0.91195086 0.90849681 0.90508668
 0.90172046 0.89839816 0.89511977 0.89188529 0.88869473 0.88554809
 0.88244536 0.87938654 0.87637164 0.87340066 0.87047358 0.86759043
 0.86475118 0.86195586 0.85920444 0.85649694 0.85383336 0.85121369
 0.84863794 0.8461061  0.84361817 0.84117416 0.83877406 0.83641788
 0.83410562 0.83183726 0.82961283 0.8274323  0.8252957  0.823203
 0.82115422 0.81914936 0.81718841 0.81527138 0.81339826 0.81156905
 0.80978376 0.80804238 0.80634492 0.80469138 0.80308174 0.80151603
 0.79999422 0.79851634 0.79708236 0.7956923  0.79434616 0.79304393
 0.79178562 0.79057122 0.78940073 0.78827416 0.7871915  0.78615276
 0.78515793 0.78420702 0.78330002 0.78243694 0.78161777 0.78084252
 0.78011118 0.77942376 0.77878025 0.77818065 0.77762497 0.77711321
 0.77664536 0.77622142 0.7758414  0.77550529 0.7752131  0.77496482
 0.77476046 0.77460001 0.77448348 0.77441086 0.77438216 0.77439737
 0.77445649 0.77455953 0.77470648 0.77489735 0.77513214 0.77541084
 0.77573345 0.77609998 0.77651042 0.77696478 0.77746305 0.77800523
 0.77859134 0.77922135 0.77989528 0.78061313 0.78137489 0.78218056
 0.78303015 0.78392365 0.78486107 0.78584241 0.78686765 0.78793682
 0.78904989 0.79020688 0.79140779 0.79265261 0.79394135 0.795274
 0.79665056 0.79807104 0.79953544 0.80104375 0.80259597 0.80419211
 0.80583216 0.80751613 0.80924401 0.81101581 0.81283152 0.81469114
 0.81659469 0.81854214 0.82053351 0.8225688  0.824648   0.82677111
 0.82893814 0.83114908 0.83340394 0.83570271 0.8380454  0.840432
 0.84286252 0.84533695 0.8478553  0.85041756 0.85302373 0.85567383
 0.85836783 0.86110575 0.86388758 0.86671333 0.869583   0.87249657
 0.87545407 0.87845547 0.8815008  0.88459003 0.88772319 0.89090025
 0.89412123 0.89738613 0.90069494 0.90404766 0.9074443  0.91088486
 0.91436932 0.91789771 0.92147001 0.92508622 0.92874635 0.93245039
 0.93619835 0.93999022 0.943826   0.9477057  0.95162932 0.95559685
 0.95960829 0.96366365 0.96776293 0.97190612 0.97609322]","[1.67169197 1.66283641 1.65402478 1.64525706 1.63653325 1.62785336
 1.61921738 1.61062531 1.60207717 1.59357293 1.58511261 1.57669621
 1.56832372 1.55999514 1.55171048 1.54346973 1.5352729  1.52711999
 1.51901098 1.5109459  1.50292472 1.49494747 1.48701412 1.47912469
 1.47127918 1.46347758 1.4557199  1.44800613 1.44033627 1.43271033
 1.4251283  1.41759019 1.41009599 1.40264571 1.39523935 1.38787689
 1.38055835 1.37328373 1.36605302 1.35886623 1.35172335 1.34462438
 1.33756933 1.3305582  1.32359098 1.31666767 1.30978828 1.3029528
 1.29616124 1.28941359 1.28270986 1.27605004 1.26943414 1.26286215
 1.25633407 1.24984992 1.24340967 1.23701334 1.23066092 1.22435242
 1.21808784 1.21186717 1.20569041 1.19955757 1.19346864 1.18742363
 1.18142253 1.17546534 1.16955207 1.16368272 1.15785728 1.15207576
 1.14633815 1.14064445 1.13499467 1.1293888  1.12382685 1.11830881
 1.11283469 1.10740448 1.10201819 1.09667581 1.09137735 1.0861228
 1.08091217 1.07574545 1.07062264 1.06554375 1.06050877 1.05551771
 1.05057057 1.04566734 1.04080802 1.03599262 1.03122113 1.02649356
 1.0218099  1.01717015 1.01257432 1.00802241 1.00351441 0.99905032
 0.99463015 0.9902539  0.98592156 0.98163313 0.97738862 0.97318802
 0.96903134 0.96491857 0.96084972 0.95682478 0.95284376 0.94890665
 0.94501345 0.94116417 0.93735881 0.93359736 0.92987982 0.9262062
 0.92257649 0.9189907  0.91544882 0.91195086 0.90849681 0.90508668
 0.90172046 0.89839816 0.89511977 0.89188529 0.88869473 0.88554809
 0.88244536 0.87938654 0.87637164 0.87340066 0.87047358 0.86759043
 0.86475118 0.86195586 0.85920444 0.85649694 0.85383336 0.85121369
 0.84863794 0.8461061  0.84361817 0.84117416 0.83877406 0.83641788
 0.83410562 0.83183726 0.82961283 0.8274323  0.8252957  0.823203
 0.82115422 0.81914936 0.81718841 0.81527138 0.81339826 0.81156905
 0.80978376 0.80804238 0.80634492 0.80469138 0.80308174 0.80151603
 0.79999422 0.79851634 0.79708236 0.7956923  0.79434616 0.79304393
 0.79178562 0.79057122 0.78940073 0.78827416 0.7871915  0.78615276
 0.78515793 0.78420702 0.78330002 0.78243694 0.78161777 0.78084252
 0.78011118 0.77942376 0.77878025 0.77818065 0.77762497 0.77711321
 0.77664536 0.77622142 0.7758414  0.77550529 0.7752131  0.77496482
 0.77476046 0.77460001 0.77448348 0.77441086 0.77438216 0.77439737
 0.77445649 0.77455953 0.77470648 0.77489735 0.77513214 0.77541084
 0.77573345 0.77609998 0.77651042 0.77696478 0.77746305 0.77800523
 0.77859134 0.77922135 0.77989528 0.78061313 0.78137489 0.78218056
 0.78303015 0.78392365 0.78486107 0.78584241 0.78686765 0.78793682
 0.78904989 0.79020688 0.79140779 0.79265261 0.79394135 0.795274
 0.79665056 0.79807104 0.79953544 0.80104375 0.80259597 0.80419211
 0.80583216 0.80751613 0.80924401 0.81101581 0.81283152 0.81469114
 0.81659469 0.81854214 0.82053351 0.8225688  0.824648   0.82677111
 0.82893814 0.83114908 0.83340394 0.83570271 0.8380454  0.840432
 0.84286252 0.84533695 0.8478553  0.85041756 0.85302373 0.85567383
 0.85836783 0.86110575 0.86388758 0.86671333 0.869583   0.87249657
 0.87545407 0.87845547 0.8815008  0.88459003 0.88772319 0.89090025
 0.89412123 0.89738613 0.90069494 0.90404766 0.9074443  0.91088486
 0.91436932 0.91789771 0.92147001 0.92508622 0.92874635 0.93245039
 0.93619835 0.93999022 0.943826   0.9477057  0.95162932 0.95559685
 0.95960829 0.96366365 0.96776293 0.97190612 0.97609322]","[0.00167224 0.00501672 0.0083612  0.01170569 0.01505017 0.01839465
 0.02173913 0.02508361 0.02842809 0.03177258 0.03511706 0.03846154
 0.04180602 0.0451505  0.04849498 0.05183946 0.05518395 0.05852843
 0.06187291 0.06521739 0.06856187 0.07190635 0.07525084 0.07859532
 0.0819398  0.08528428 0.08862876 0.09197324 0.09531773 0.09866221
 0.10200669 0.10535117 0.10869565 0.11204013 0.11538462 0.1187291
 0.12207358 0.12541806 0.12876254 0.13210702 0.13545151 0.13879599
 0.14214047 0.14548495 0.14882943 0.15217391 0.15551839 0.15886288
 0.16220736 0.16555184 0.16889632 0.1722408  0.17558528 0.17892977
 0.18227425 0.18561873 0.18896321 0.19230769 0.19565217 0.19899666
 0.20234114 0.20568562 0.2090301  0.21237458 0.21571906 0.21906355
 0.22240803 0.22575251 0.22909699 0.23244147 0.23578595 0.23913043
 0.24247492 0.2458194  0.24916388 0.25250836 0.25585284 0.25919732
 0.26254181 0.26588629 0.26923077 0.27257525 0.27591973 0.27926421
 0.2826087  0.28595318 0.28929766 0.29264214 0.29598662 0.2993311
 0.30267559 0.30602007 0.30936455 0.31270903 0.31605351 0.31939799
 0.32274247 0.32608696 0.32943144 0.33277592 0.3361204  0.33946488
 0.34280936 0.34615385 0.34949833 0.35284281 0.35618729 0.35953177
 0.36287625 0.36622074 0.36956522 0.3729097  0.37625418 0.37959866
 0.38294314 0.38628763 0.38963211 0.39297659 0.39632107 0.39966555
 0.40301003 0.40635452 0.409699   0.41304348 0.41638796 0.41973244
 0.42307692 0.4264214  0.42976589 0.43311037 0.43645485 0.43979933
 0.44314381 0.44648829 0.44983278 0.45317726 0.45652174 0.45986622
 0.4632107  0.46655518 0.46989967 0.47324415 0.47658863 0.47993311
 0.48327759 0.48662207 0.48996656 0.49331104 0.49665552 0.5
 0.50334448 0.50668896 0.51003344 0.51337793 0.51672241 0.52006689
 0.52341137 0.52675585 0.53010033 0.53344482 0.5367893  0.54013378
 0.54347826 0.54682274 0.55016722 0.55351171 0.55685619 0.56020067
 0.56354515 0.56688963 0.57023411 0.5735786  0.57692308 0.58026756
 0.58361204 0.58695652 0.590301   0.59364548 0.59698997 0.60033445
 0.60367893 0.60702341 0.61036789 0.61371237 0.61705686 0.62040134
 0.62374582 0.6270903  0.63043478 0.63377926 0.63712375 0.64046823
 0.64381271 0.64715719 0.65050167 0.65384615 0.65719064 0.66053512
 0.6638796  0.66722408 0.67056856 0.67391304 0.67725753 0.68060201
 0.68394649 0.68729097 0.69063545 0.69397993 0.69732441 0.7006689
 0.70401338 0.70735786 0.71070234 0.71404682 0.7173913  0.72073579
 0.72408027 0.72742475 0.73076923 0.73411371 0.73745819 0.74080268
 0.74414716 0.74749164 0.75083612 0.7541806  0.75752508 0.76086957
 0.76421405 0.76755853 0.77090301 0.77424749 0.77759197 0.78093645
 0.78428094 0.78762542 0.7909699  0.79431438 0.79765886 0.80100334
 0.80434783 0.80769231 0.81103679 0.81438127 0.81772575 0.82107023
 0.82441472 0.8277592  0.83110368 0.83444816 0.83779264 0.84113712
 0.84448161 0.84782609 0.85117057 0.85451505 0.85785953 0.86120401
 0.86454849 0.86789298 0.87123746 0.87458194 0.87792642 0.8812709
 0.88461538 0.88795987 0.89130435 0.89464883 0.89799331 0.90133779
 0.90468227 0.90802676 0.91137124 0.91471572 0.9180602  0.92140468
 0.92474916 0.92809365 0.93143813 0.93478261 0.93812709 0.94147157
 0.94481605 0.94816054 0.95150502 0.9548495  0.95819398 0.96153846
 0.96488294 0.96822742 0.97157191 0.97491639 0.97826087 0.98160535
 0.98494983 0.98829431 0.9916388  0.99498328 0.99832776]"
CLASSIC,LAI,T,GAM,81.6001,0.1319,0.613,0.7946,0.0,12047,497.1005,3.7898,497.1005,3.7898,3.7898,1.0,131.1687,300,1.0,0.8877,0.1538,2.7695,1.0,0.8877,2.7695,0.9916,0.5658,0.4288,1.1381,0.5658,1.0,0.0,0.0,1,0,-0.4709,0.0,1.4676,0.78,0.9694,1.8543,1.4676,0.9694,0.5315,0.6605,1.2635,0.6605,0.2178,0.5556,0.8275,0.8946,0.3651,0.2412,0.1828,1.0,1.0,1.0,1.0,0,299,False,False,0.0,0.0,0.0,0.0,0.0,0.0,normalized,"[0.6513311  0.67209792 0.69286473 0.71363155 0.73439836 0.75516518
 0.77593199 0.79669881 0.81746563 0.83823244 0.85899926 0.87976607
 0.90053289 0.9212997  0.94206652 0.96283334 0.98360015 1.00436697
 1.02513378 1.0459006  1.06666741 1.08743423 1.10820105 1.12896786
 1.14973468 1.17050149 1.19126831 1.21203512 1.23280194 1.25356876
 1.27433557 1.29510239 1.3158692  1.33663602 1.35740283 1.37816965
 1.39893647 1.41970328 1.4404701  1.46123691 1.48200373 1.50277054
 1.52353736 1.54430418 1.56507099 1.58583781 1.60660462 1.62737144
 1.64813825 1.66890507 1.68967189 1.7104387  1.73120552 1.75197233
 1.77273915 1.79350596 1.81427278 1.8350396  1.85580641 1.87657323
 1.89734004 1.91810686 1.93887367 1.95964049 1.98040731 2.00117412
 2.02194094 2.04270775 2.06347457 2.08424138 2.1050082  2.12577502
 2.14654183 2.16730865 2.18807546 2.20884228 2.22960909 2.25037591
 2.27114273 2.29190954 2.31267636 2.33344317 2.35420999 2.3749768
 2.39574362 2.41651044 2.43727725 2.45804407 2.47881088 2.4995777
 2.52034451 2.54111133 2.56187815 2.58264496 2.60341178 2.62417859
 2.64494541 2.66571222 2.68647904 2.70724586 2.72801267 2.74877949
 2.7695463  2.79031312 2.81107993 2.83184675 2.85261357 2.87338038
 2.8941472  2.91491401 2.93568083 2.95644764 2.97721446 2.99798128
 3.01874809 3.03951491 3.06028172 3.08104854 3.10181535 3.12258217
 3.14334899 3.1641158  3.18488262 3.20564943 3.22641625 3.24718306
 3.26794988 3.2887167  3.30948351 3.33025033 3.35101714 3.37178396
 3.39255077 3.41331759 3.43408441 3.45485122 3.47561804 3.49638485
 3.51715167 3.53791848 3.5586853  3.57945212 3.60021893 3.62098575
 3.64175256 3.66251938 3.68328619 3.70405301 3.72481983 3.74558664
 3.76635346 3.78712027 3.80788709 3.82865391 3.84942072 3.87018754
 3.89095435 3.91172117 3.93248798 3.9532548  3.97402162 3.99478843
 4.01555525 4.03632206 4.05708888 4.07785569 4.09862251 4.11938933
 4.14015614 4.16092296 4.18168977 4.20245659 4.2232234  4.24399022
 4.26475704 4.28552385 4.30629067 4.32705748 4.3478243  4.36859111
 4.38935793 4.41012475 4.43089156 4.45165838 4.47242519 4.49319201
 4.51395882 4.53472564 4.55549246 4.57625927 4.59702609 4.6177929
 4.63855972 4.65932653 4.68009335 4.70086017 4.72162698 4.7423938
 4.76316061 4.78392743 4.80469424 4.82546106 4.84622788 4.86699469
 4.88776151 4.90852832 4.92929514 4.95006195 4.97082877 4.99159559
 5.0123624  5.03312922 5.05389603 5.07466285 5.09542966 5.11619648
 5.1369633  5.15773011 5.17849693 5.19926374 5.22003056 5.24079737
 5.26156419 5.28233101 5.30309782 5.32386464 5.34463145 5.36539827
 5.38616508 5.4069319  5.42769872 5.44846553 5.46923235 5.48999916
 5.51076598 5.53153279 5.55229961 5.57306643 5.59383324 5.61460006
 5.63536687 5.65613369 5.6769005  5.69766732 5.71843414 5.73920095
 5.75996777 5.78073458 5.8015014  5.82226821 5.84303503 5.86380185
 5.88456866 5.90533548 5.92610229 5.94686911 5.96763592 5.98840274
 6.00916956 6.02993637 6.05070319 6.07147    6.09223682 6.11300363
 6.13377045 6.15453727 6.17530408 6.1960709  6.21683771 6.23760453
 6.25837134 6.27913816 6.29990498 6.32067179 6.34143861 6.36220542
 6.38297224 6.40373905 6.42450587 6.44527269 6.4660395  6.48680632
 6.50757313 6.52833995 6.54910676 6.56987358 6.5906404  6.61140721
 6.63217403 6.65294084 6.67370766 6.69447447 6.71524129 6.73600811
 6.75677492 6.77754174 6.79830855 6.81907537 6.83984218 6.860609  ]","[109.80654445 113.53098111 117.25234906 120.96855526 124.6775067
 128.37711035 132.0652732  135.73990221 139.39890436 143.04018663
 146.661656   150.26121944 153.83678394 157.38625646 160.90754398
 164.39855348 167.85719194 171.28136633 174.66898364 178.01795082
 181.32617488 184.59156277 187.81202148 190.98545798 194.10977925
 197.18289227 200.20270401 203.16712145 206.07405157 208.92140134
 211.70707774 214.42898775 217.08503834 219.67313649 222.19153669
 224.64125329 227.02461671 229.34396551 231.60163822 233.79997338
 235.94130955 238.02798527 240.06233906 242.04670949 243.98343509
 245.8748544  247.72330597 249.53112835 251.30066006 253.03423966
 254.73420568 256.40289668 258.04265119 259.65580776 261.24470493
 262.81168124 264.35907524 265.88922546 267.40447045 268.90714876
 270.39959892 271.88415948 273.36316898 274.83896597 276.31388898
 277.79027656 279.27046726 280.75670628 282.24956334 283.74815891
 285.25156566 286.75885628 288.26910344 289.78137982 291.2947581
 292.80831096 294.32111107 295.83223112 297.34074378 298.84572173
 300.34623765 301.84136421 303.33017411 304.81174    306.28513458
 307.74943052 309.20370049 310.64701719 312.07845328 313.49708144
 314.90197436 316.2922047  317.66684516 319.0249684  320.36564711
 321.68795396 322.99096164 324.27374281 325.53537016 326.77491637
 327.99146627 329.18483356 330.35596175 331.50589151 332.63566352
 333.74631847 334.83889702 335.91443987 336.97398768 338.01858114
 339.04926093 340.06706773 341.07304221 342.06822506 343.05365696
 344.03037858 344.9994306  345.9618537  346.91868857 347.87097588
 348.81975631 349.76607054 350.71095925 351.65546311 352.60062282
 353.54747904 354.49707246 355.45044375 356.4086336  357.37268268
 358.34363168 359.32252127 360.31039213 361.30828472 362.31702072
 363.33679247 364.36767983 365.40976268 366.46312088 367.52783432
 368.60398286 369.69164636 370.79090471 371.90183778 373.02452542
 374.15904753 375.30548395 376.46391458 377.63441927 378.81707791
 380.01197035 381.21917648 382.43877615 383.67084925 384.91547565
 386.17273521 387.4427078  388.72547331 390.02111159 391.32970252
 392.65132597 393.98606181 395.33398992 396.69519016 398.0697424
 399.45772652 400.85922238 402.27423974 403.70239601 405.14317217
 406.59604909 408.06050764 409.53602866 411.02209304 412.51818163
 414.02377529 415.53835488 417.06140126 418.59239531 420.13081788
 421.67614982 423.22787202 424.78546532 426.34841059 427.91618869
 429.48828049 431.06416684 432.64332861 434.22524666 435.80940185
 437.39527505 438.98234711 440.57009891 442.15801129 443.74556513
 445.33224129 446.91752062 448.500884   450.08181227 451.65978632
 453.23423563 454.80399278 456.36750518 457.92321384 459.46955976
 461.00498394 462.52792739 464.0368311  465.53013609 467.00628336
 468.4637139  469.90086873 471.31618884 472.70811523 474.07508892
 475.41555091 476.72794219 478.01070378 479.26227667 480.48110186
 481.66562037 482.81427319 483.92550133 484.99774579 486.02944758
 487.01904769 487.96498713 488.8657069  489.71964801 490.52525146
 491.28095825 491.98520939 492.63644588 493.23319801 493.77670387
 494.27133207 494.72162561 495.13212748 495.50738068 495.85192819
 496.17031301 496.46707813 496.74676655 497.01392125 497.27308524
 497.5288015  497.78561303 498.04806282 498.32069387 498.60804915
 498.91467168 499.24510445 499.60389043 499.99557264 500.42469406
 500.89579768 501.4134265  501.98212351 502.6064317  503.29089407
 504.04005361 504.85845332 505.75063617 506.72114518 507.77452333
 508.91531361 510.14805147 511.47604568 512.9000327  514.42042511
 516.03763547 517.75207635 519.56416033 521.47429996 523.48290782
 525.59039648 527.7971785  530.10366645 532.51027291 535.01741043
 537.62549159 540.33492895 543.14613509 546.05952257 549.07550397
 552.19449184 555.41689876 558.7431373  562.17362002 565.70875949
 569.34896828 573.09465897 576.94624411 580.90413628 584.96874804
 589.14049197 593.41978062 597.80702658 602.30264241 606.90704067]","[0.         0.00334448 0.00668896 0.01003344 0.01337793 0.01672241
 0.02006689 0.02341137 0.02675585 0.03010033 0.03344482 0.0367893
 0.04013378 0.04347826 0.04682274 0.05016722 0.05351171 0.05685619
 0.06020067 0.06354515 0.06688963 0.07023411 0.0735786  0.07692308
 0.08026756 0.08361204 0.08695652 0.090301   0.09364548 0.09698997
 0.10033445 0.10367893 0.10702341 0.11036789 0.11371237 0.11705686
 0.12040134 0.12374582 0.1270903  0.13043478 0.13377926 0.13712375
 0.14046823 0.14381271 0.14715719 0.15050167 0.15384615 0.15719064
 0.16053512 0.1638796  0.16722408 0.17056856 0.17391304 0.17725753
 0.18060201 0.18394649 0.18729097 0.19063545 0.19397993 0.19732441
 0.2006689  0.20401338 0.20735786 0.21070234 0.21404682 0.2173913
 0.22073579 0.22408027 0.22742475 0.23076923 0.23411371 0.23745819
 0.24080268 0.24414716 0.24749164 0.25083612 0.2541806  0.25752508
 0.26086957 0.26421405 0.26755853 0.27090301 0.27424749 0.27759197
 0.28093645 0.28428094 0.28762542 0.2909699  0.29431438 0.29765886
 0.30100334 0.30434783 0.30769231 0.31103679 0.31438127 0.31772575
 0.32107023 0.32441472 0.3277592  0.33110368 0.33444816 0.33779264
 0.34113712 0.34448161 0.34782609 0.35117057 0.35451505 0.35785953
 0.36120401 0.36454849 0.36789298 0.37123746 0.37458194 0.37792642
 0.3812709  0.38461538 0.38795987 0.39130435 0.39464883 0.39799331
 0.40133779 0.40468227 0.40802676 0.41137124 0.41471572 0.4180602
 0.42140468 0.42474916 0.42809365 0.43143813 0.43478261 0.43812709
 0.44147157 0.44481605 0.44816054 0.45150502 0.4548495  0.45819398
 0.46153846 0.46488294 0.46822742 0.47157191 0.47491639 0.47826087
 0.48160535 0.48494983 0.48829431 0.4916388  0.49498328 0.49832776
 0.50167224 0.50501672 0.5083612  0.51170569 0.51505017 0.51839465
 0.52173913 0.52508361 0.52842809 0.53177258 0.53511706 0.53846154
 0.54180602 0.5451505  0.54849498 0.55183946 0.55518395 0.55852843
 0.56187291 0.56521739 0.56856187 0.57190635 0.57525084 0.57859532
 0.5819398  0.58528428 0.58862876 0.59197324 0.59531773 0.59866221
 0.60200669 0.60535117 0.60869565 0.61204013 0.61538462 0.6187291
 0.62207358 0.62541806 0.62876254 0.63210702 0.63545151 0.63879599
 0.64214047 0.64548495 0.64882943 0.65217391 0.65551839 0.65886288
 0.66220736 0.66555184 0.66889632 0.6722408  0.67558528 0.67892977
 0.68227425 0.68561873 0.68896321 0.69230769 0.69565217 0.69899666
 0.70234114 0.70568562 0.7090301  0.71237458 0.71571906 0.71906355
 0.72240803 0.72575251 0.72909699 0.73244147 0.73578595 0.73913043
 0.74247492 0.7458194  0.74916388 0.75250836 0.75585284 0.75919732
 0.76254181 0.76588629 0.76923077 0.77257525 0.77591973 0.77926421
 0.7826087  0.78595318 0.78929766 0.79264214 0.79598662 0.7993311
 0.80267559 0.80602007 0.80936455 0.81270903 0.81605351 0.81939799
 0.82274247 0.82608696 0.82943144 0.83277592 0.8361204  0.83946488
 0.84280936 0.84615385 0.84949833 0.85284281 0.85618729 0.85953177
 0.86287625 0.86622074 0.86956522 0.8729097  0.87625418 0.87959866
 0.88294314 0.88628763 0.88963211 0.89297659 0.89632107 0.89966555
 0.90301003 0.90635452 0.909699   0.91304348 0.91638796 0.91973244
 0.92307692 0.9264214  0.92976589 0.93311037 0.93645485 0.93979933
 0.94314381 0.94648829 0.94983278 0.95317726 0.95652174 0.95986622
 0.9632107  0.96655518 0.96989967 0.97324415 0.97658863 0.97993311
 0.98327759 0.98662207 0.98996656 0.99331104 0.99665552 1.        ]","[0.         0.00749232 0.01497847 0.02245423 0.0299154  0.03735777
 0.04477712 0.05216925 0.05952993 0.06685498 0.07414016 0.08138128
 0.08857412 0.09571447 0.10279813 0.10982087 0.11677849 0.12366679
 0.13048154 0.13721854 0.14387358 0.15044245 0.15692094 0.16330483
 0.16958992 0.175772   0.18184685 0.18781027 0.19365804 0.19938595
 0.2049898  0.21046538 0.21580846 0.22101485 0.22608103 0.23100904
 0.23580357 0.24046933 0.24501101 0.24943332 0.25374098 0.25793867
 0.26203111 0.266023   0.26991904 0.27372395 0.27744241 0.28107915
 0.28463885 0.28812624 0.291546   0.29490285 0.29820149 0.30144662
 0.30464295 0.30779518 0.31090802 0.31398617 0.31703434 0.32005722
 0.32305953 0.32604597 0.32902125 0.33199006 0.33495711 0.33792711
 0.34090475 0.34389457 0.3468977  0.34991237 0.35293673 0.35596889
 0.359007   0.3620492  0.36509361 0.36813837 0.37118162 0.37422149
 0.37725611 0.38028362 0.38330216 0.38630985 0.38930484 0.39228526
 0.39524923 0.39819491 0.40112041 0.40402388 0.40690345 0.40975726
 0.41258343 0.41538011 0.41814543 0.42087752 0.42357452 0.42623456
 0.42885577 0.4314363  0.43397427 0.43646782 0.43891512 0.44131577
 0.44367169 0.44598496 0.44825769 0.45049195 0.45268986 0.45485349
 0.45698495 0.45908632 0.4611597  0.46320719 0.46523087 0.46723285
 0.46921521 0.47118004 0.47312945 0.47506553 0.47699036 0.47890604
 0.48081467 0.48271834 0.48461914 0.48651917 0.48842051 0.49032527
 0.49223553 0.4941534  0.49608096 0.4980203  0.49997352 0.50194272
 0.50392999 0.50593742 0.50796666 0.51001809 0.5120919  0.51418822
 0.51630722 0.51844907 0.52061392 0.52280194 0.52501328 0.5272481
 0.52950657 0.53178885 0.5340951  0.53642548 0.53878014 0.54115925
 0.54356298 0.54599147 0.5484449  0.55092342 0.55342719 0.55595638
 0.55851114 0.56109163 0.56369802 0.56633047 0.56898914 0.57167418
 0.57438576 0.57712404 0.57988918 0.58268134 0.58550068 0.58834722
 0.59122019 0.59411855 0.59704126 0.59998726 0.60295551 0.60594498
 0.60895461 0.61198336 0.61503019 0.61809405 0.62117389 0.62426869
 0.62737738 0.63049892 0.63363228 0.6367764  0.63993025 0.64309277
 0.64626293 0.64943967 0.65262196 0.65580875 0.658999   0.66219166
 0.66538569 0.66858003 0.67177366 0.67496552 0.67815458 0.68133977
 0.68452007 0.68769443 0.69086169 0.69401952 0.69716479 0.70029435
 0.70340508 0.70649384 0.7095575  0.7125929  0.71559694 0.71856645
 0.72149831 0.72438939 0.72723654 0.73003663 0.73278652 0.73548308
 0.73812318 0.74070366 0.74322141 0.74567328 0.74805614 0.75036684
 0.75260226 0.75475926 0.7568347  0.75882544 0.76072835 0.7625403
 0.76425815 0.76587875 0.76739898 0.7688157  0.77012577 0.77132623
 0.77241959 0.77341461 0.77432045 0.77514625 0.77590113 0.77659424
 0.77723473 0.77783172 0.77839436 0.77893178 0.77945314 0.77996755
 0.78048417 0.78101213 0.78156057 0.78213864 0.78275546 0.78342018
 0.78414194 0.78492987 0.78579312 0.78674082 0.78778212 0.78892615
 0.79018205 0.79155896 0.79306601 0.79471236 0.79650713 0.79845947
 0.80057852 0.80287341 0.80535326 0.80802474 0.81088933 0.81394785
 0.81720114 0.82065002 0.82429533 0.82813789 0.83217854 0.8364181
 0.84085741 0.84549729 0.85033858 0.8553821  0.86062869 0.86607917
 0.87173438 0.87759514 0.88366228 0.88993664 0.89641905 0.90311033
 0.91001131 0.91712283 0.92444572 0.93198079 0.93972889 0.94769085
 0.95586749 0.96425964 0.97286814 0.98169381 0.99073749 1.        ]","[2.24020408 2.23835829 2.23525356 2.23088991 2.22526733 2.21838582
 2.21024538 2.20084601 2.19018771 2.17827049 2.16509434 2.15065926
 2.13496525 2.11801231 2.09980044 2.08032965 2.05959992 2.03761127
 2.01436369 1.98985718 1.96409174 1.93706738 1.90878408 1.87924186
 1.84844071 1.81638063 1.78306162 1.74848368 1.71264682 1.67555102
 1.6371963  1.59758265 1.55671007 1.51478759 1.47347522 1.43356458
 1.39506055 1.35796312 1.3222723  1.28798808 1.25511047 1.22363947
 1.19357507 1.16491727 1.13766608 1.1118215  1.08738352 1.06435215
 1.04272738 1.02250922 1.00369767 0.98629272 0.97029437 0.95570263
 0.9425175  0.93073897 0.92036705 0.91140173 0.90384302 0.89769091
 0.89294541 0.88960652 0.88767423 0.88714854 0.88802946 0.89031699
 0.89395498 0.89793566 0.9013873  0.90428117 0.90661727 0.9083956
 0.90961615 0.91027893 0.91038393 0.90993117 0.90892063 0.90735231
 0.90522623 0.90254237 0.89930074 0.89550133 0.89114416 0.88622921
 0.88075648 0.87472599 0.86813772 0.86099168 0.85328786 0.84502628
 0.83620692 0.82682978 0.81689488 0.8064022  0.79535175 0.78374352
 0.77157753 0.75885376 0.74557221 0.7317402  0.71779615 0.70441959
 0.69166899 0.67954435 0.66804566 0.65717293 0.64692615 0.63730533
 0.62831047 0.61994156 0.61219861 0.60508161 0.59859058 0.59272549
 0.58748637 0.5828732  0.57888598 0.57552472 0.57278942 0.57068007
 0.56919668 0.56833925 0.56810777 0.56850225 0.56952269 0.57116908
 0.57344142 0.57633973 0.57986399 0.5840142  0.58879037 0.5941925
 0.60022045 0.60674263 0.6133805  0.62006641 0.62680036 0.63358236
 0.64041239 0.64729047 0.65421658 0.66119074 0.66821294 0.67528319
 0.68240147 0.68956779 0.69678216 0.70404457 0.71135502 0.71871351
 0.72612004 0.73357461 0.74107723 0.74862788 0.75622658 0.76387332
 0.7715681  0.77931092 0.78710179 0.79494069 0.80282764 0.81076263
 0.81874565 0.82677673 0.83485584 0.84298299 0.85111601 0.8590189
 0.86660962 0.87388808 0.88085429 0.88750824 0.89384994 0.89987938
 0.90559657 0.9110015  0.91609418 0.9208746  0.92534276 0.92949868
 0.93334233 0.93687373 0.94009288 0.94299977 0.9455944  0.94787678
 0.94984691 0.95150478 0.95285039 0.95388375 0.95460486 0.9550137
 0.9551103  0.95489464 0.95436672 0.95352655 0.95237412 0.95090944
 0.9491325  0.94701242 0.94419014 0.940434   0.93574014 0.93010857
 0.92353927 0.91603226 0.90758753 0.89820508 0.88788492 0.87662703
 0.86443143 0.85129811 0.83722707 0.82221832 0.80627184 0.78938765
 0.77156574 0.75280612 0.73310877 0.71247371 0.69090093 0.66839043
 0.64494221 0.62055628 0.59523262 0.56897125 0.54177217 0.51363536
 0.48456084 0.45454859 0.42359863 0.39171096 0.35893926 0.32691227
 0.29751295 0.27084618 0.24691196 0.22571031 0.2072412  0.19150466
 0.17850067 0.16822924 0.16069036 0.15588404 0.15381027 0.15446906
 0.15786041 0.16398431 0.17284077 0.18442978 0.19875135 0.21580548
 0.23559216 0.2581114  0.28336319 0.31134754 0.34206445 0.37551391
 0.41169593 0.4506105  0.49225763 0.53663731 0.58374955 0.63359435
 0.6861717  0.74147707 0.79877262 0.85651115 0.91449784 0.97273268
 1.03121568 1.08994683 1.14892613 1.20815359 1.26762921 1.32735298
 1.3873249  1.44754498 1.50801322 1.56872961 1.62969415 1.69090685
 1.75236771 1.81407672 1.87603388 1.9382392  2.00069268 2.06339431
 2.12634409 2.18954203 2.25298812 2.31668237 2.38062478 2.44481534
 2.50925405 2.57394092 2.63887594 2.70405912 2.76949046]","[2.24020408 2.23835829 2.23525356 2.23088991 2.22526733 2.21838582
 2.21024538 2.20084601 2.19018771 2.17827049 2.16509434 2.15065926
 2.13496525 2.11801231 2.09980044 2.08032965 2.05959992 2.03761127
 2.01436369 1.98985718 1.96409174 1.93706738 1.90878408 1.87924186
 1.84844071 1.81638063 1.78306162 1.74848368 1.71264682 1.67555102
 1.6371963  1.59758265 1.55671007 1.51478759 1.47347522 1.43356458
 1.39506055 1.35796312 1.3222723  1.28798808 1.25511047 1.22363947
 1.19357507 1.16491727 1.13766608 1.1118215  1.08738352 1.06435215
 1.04272738 1.02250922 1.00369767 0.98629272 0.97029437 0.95570263
 0.9425175  0.93073897 0.92036705 0.91140173 0.90384302 0.89769091
 0.89294541 0.88960652 0.88767423 0.88714854 0.88802946 0.89031699
 0.89395498 0.89793566 0.9013873  0.90428117 0.90661727 0.9083956
 0.90961615 0.91027893 0.91038393 0.90993117 0.90892063 0.90735231
 0.90522623 0.90254237 0.89930074 0.89550133 0.89114416 0.88622921
 0.88075648 0.87472599 0.86813772 0.86099168 0.85328786 0.84502628
 0.83620692 0.82682978 0.81689488 0.8064022  0.79535175 0.78374352
 0.77157753 0.75885376 0.74557221 0.7317402  0.71779615 0.70441959
 0.69166899 0.67954435 0.66804566 0.65717293 0.64692615 0.63730533
 0.62831047 0.61994156 0.61219861 0.60508161 0.59859058 0.59272549
 0.58748637 0.5828732  0.57888598 0.57552472 0.57278942 0.57068007
 0.56919668 0.56833925 0.56810777 0.56850225 0.56952269 0.57116908
 0.57344142 0.57633973 0.57986399 0.5840142  0.58879037 0.5941925
 0.60022045 0.60674263 0.6133805  0.62006641 0.62680036 0.63358236
 0.64041239 0.64729047 0.65421658 0.66119074 0.66821294 0.67528319
 0.68240147 0.68956779 0.69678216 0.70404457 0.71135502 0.71871351
 0.72612004 0.73357461 0.74107723 0.74862788 0.75622658 0.76387332
 0.7715681  0.77931092 0.78710179 0.79494069 0.80282764 0.81076263
 0.81874565 0.82677673 0.83485584 0.84298299 0.85111601 0.8590189
 0.86660962 0.87388808 0.88085429 0.88750824 0.89384994 0.89987938
 0.90559657 0.9110015  0.91609418 0.9208746  0.92534276 0.92949868
 0.93334233 0.93687373 0.94009288 0.94299977 0.9455944  0.94787678
 0.94984691 0.95150478 0.95285039 0.95388375 0.95460486 0.9550137
 0.9551103  0.95489464 0.95436672 0.95352655 0.95237412 0.95090944
 0.9491325  0.94701242 0.94419014 0.940434   0.93574014 0.93010857
 0.92353927 0.91603226 0.90758753 0.89820508 0.88788492 0.87662703
 0.86443143 0.85129811 0.83722707 0.82221832 0.80627184 0.78938765
 0.77156574 0.75280612 0.73310877 0.71247371 0.69090093 0.66839043
 0.64494221 0.62055628 0.59523262 0.56897125 0.54177217 0.51363536
 0.48456084 0.45454859 0.42359863 0.39171096 0.35893926 0.32691227
 0.29751295 0.27084618 0.24691196 0.22571031 0.2072412  0.19150466
 0.17850067 0.16822924 0.16069036 0.15588404 0.15381027 0.15446906
 0.15786041 0.16398431 0.17284077 0.18442978 0.19875135 0.21580548
 0.23559216 0.2581114  0.28336319 0.31134754 0.34206445 0.37551391
 0.41169593 0.4506105  0.49225763 0.53663731 0.58374955 0.63359435
 0.6861717  0.74147707 0.79877262 0.85651115 0.91449784 0.97273268
 1.03121568 1.08994683 1.14892613 1.20815359 1.26762921 1.32735298
 1.3873249  1.44754498 1.50801322 1.56872961 1.62969415 1.69090685
 1.75236771 1.81407672 1.87603388 1.9382392  2.00069268 2.06339431
 2.12634409 2.18954203 2.25298812 2.31668237 2.38062478 2.44481534
 2.50925405 2.57394092 2.63887594 2.70405912 2.76949046]","[0.00167224 0.00501672 0.0083612  0.01170569 0.01505017 0.01839465
 0.02173913 0.02508361 0.02842809 0.03177258 0.03511706 0.03846154
 0.04180602 0.0451505  0.04849498 0.05183946 0.05518395 0.05852843
 0.06187291 0.06521739 0.06856187 0.07190635 0.07525084 0.07859532
 0.0819398  0.08528428 0.08862876 0.09197324 0.09531773 0.09866221
 0.10200669 0.10535117 0.10869565 0.11204013 0.11538462 0.1187291
 0.12207358 0.12541806 0.12876254 0.13210702 0.13545151 0.13879599
 0.14214047 0.14548495 0.14882943 0.15217391 0.15551839 0.15886288
 0.16220736 0.16555184 0.16889632 0.1722408  0.17558528 0.17892977
 0.18227425 0.18561873 0.18896321 0.19230769 0.19565217 0.19899666
 0.20234114 0.20568562 0.2090301  0.21237458 0.21571906 0.21906355
 0.22240803 0.22575251 0.22909699 0.23244147 0.23578595 0.23913043
 0.24247492 0.2458194  0.24916388 0.25250836 0.25585284 0.25919732
 0.26254181 0.26588629 0.26923077 0.27257525 0.27591973 0.27926421
 0.2826087  0.28595318 0.28929766 0.29264214 0.29598662 0.2993311
 0.30267559 0.30602007 0.30936455 0.31270903 0.31605351 0.31939799
 0.32274247 0.32608696 0.32943144 0.33277592 0.3361204  0.33946488
 0.34280936 0.34615385 0.34949833 0.35284281 0.35618729 0.35953177
 0.36287625 0.36622074 0.36956522 0.3729097  0.37625418 0.37959866
 0.38294314 0.38628763 0.38963211 0.39297659 0.39632107 0.39966555
 0.40301003 0.40635452 0.409699   0.41304348 0.41638796 0.41973244
 0.42307692 0.4264214  0.42976589 0.43311037 0.43645485 0.43979933
 0.44314381 0.44648829 0.44983278 0.45317726 0.45652174 0.45986622
 0.4632107  0.46655518 0.46989967 0.47324415 0.47658863 0.47993311
 0.48327759 0.48662207 0.48996656 0.49331104 0.49665552 0.5
 0.50334448 0.50668896 0.51003344 0.51337793 0.51672241 0.52006689
 0.52341137 0.52675585 0.53010033 0.53344482 0.5367893  0.54013378
 0.54347826 0.54682274 0.55016722 0.55351171 0.55685619 0.56020067
 0.56354515 0.56688963 0.57023411 0.5735786  0.57692308 0.58026756
 0.58361204 0.58695652 0.590301   0.59364548 0.59698997 0.60033445
 0.60367893 0.60702341 0.61036789 0.61371237 0.61705686 0.62040134
 0.62374582 0.6270903  0.63043478 0.63377926 0.63712375 0.64046823
 0.64381271 0.64715719 0.65050167 0.65384615 0.65719064 0.66053512
 0.6638796  0.66722408 0.67056856 0.67391304 0.67725753 0.68060201
 0.68394649 0.68729097 0.69063545 0.69397993 0.69732441 0.7006689
 0.70401338 0.70735786 0.71070234 0.71404682 0.7173913  0.72073579
 0.72408027 0.72742475 0.73076923 0.73411371 0.73745819 0.74080268
 0.74414716 0.74749164 0.75083612 0.7541806  0.75752508 0.76086957
 0.76421405 0.76755853 0.77090301 0.77424749 0.77759197 0.78093645
 0.78428094 0.78762542 0.7909699  0.79431438 0.79765886 0.80100334
 0.80434783 0.80769231 0.81103679 0.81438127 0.81772575 0.82107023
 0.82441472 0.8277592  0.83110368 0.83444816 0.83779264 0.84113712
 0.84448161 0.84782609 0.85117057 0.85451505 0.85785953 0.86120401
 0.86454849 0.86789298 0.87123746 0.87458194 0.87792642 0.8812709
 0.88461538 0.88795987 0.89130435 0.89464883 0.89799331 0.90133779
 0.90468227 0.90802676 0.91137124 0.91471572 0.9180602  0.92140468
 0.92474916 0.92809365 0.93143813 0.93478261 0.93812709 0.94147157
 0.94481605 0.94816054 0.95150502 0.9548495  0.95819398 0.96153846
 0.96488294 0.96822742 0.97157191 0.97491639 0.97826087 0.98160535
 0.98494983 0.98829431 0.9916388  0.99498328 0.99832776]"
CLASSIC,LAI,T,Piecewise linear,82.3357,0.1331,0.6059,0.7946,0.0,12047,381.4545,2.9081,381.4545,2.9081,2.9081,1.0,131.1687,300,1.0,1.1262,0.8452,1.1262,1.0,1.1262,1.1262,0.9967,0.1396,0.2811,-0.2058,0.1396,1.0,0.0,0.0,1,0,-0.4172,0.0,1.1262,1.0144,0.8452,0.8452,1.1262,0.8452,0.9007,0.7504,0.7504,0.7504,0.1394,0.5519,0.8954,0.959,0.2787,0.2092,0.082,1.0,1.0,1.0,1.0,0,299,False,False,0.0,0.0,0.0,0.0,0.0,0.0,normalized,"[0.6513311  0.67209792 0.69286473 0.71363155 0.73439836 0.75516518
 0.77593199 0.79669881 0.81746563 0.83823244 0.85899926 0.87976607
 0.90053289 0.9212997  0.94206652 0.96283334 0.98360015 1.00436697
 1.02513378 1.0459006  1.06666741 1.08743423 1.10820105 1.12896786
 1.14973468 1.17050149 1.19126831 1.21203512 1.23280194 1.25356876
 1.27433557 1.29510239 1.3158692  1.33663602 1.35740283 1.37816965
 1.39893647 1.41970328 1.4404701  1.46123691 1.48200373 1.50277054
 1.52353736 1.54430418 1.56507099 1.58583781 1.60660462 1.62737144
 1.64813825 1.66890507 1.68967189 1.7104387  1.73120552 1.75197233
 1.77273915 1.79350596 1.81427278 1.8350396  1.85580641 1.87657323
 1.89734004 1.91810686 1.93887367 1.95964049 1.98040731 2.00117412
 2.02194094 2.04270775 2.06347457 2.08424138 2.1050082  2.12577502
 2.14654183 2.16730865 2.18807546 2.20884228 2.22960909 2.25037591
 2.27114273 2.29190954 2.31267636 2.33344317 2.35420999 2.3749768
 2.39574362 2.41651044 2.43727725 2.45804407 2.47881088 2.4995777
 2.52034451 2.54111133 2.56187815 2.58264496 2.60341178 2.62417859
 2.64494541 2.66571222 2.68647904 2.70724586 2.72801267 2.74877949
 2.7695463  2.79031312 2.81107993 2.83184675 2.85261357 2.87338038
 2.8941472  2.91491401 2.93568083 2.95644764 2.97721446 2.99798128
 3.01874809 3.03951491 3.06028172 3.08104854 3.10181535 3.12258217
 3.14334899 3.1641158  3.18488262 3.20564943 3.22641625 3.24718306
 3.26794988 3.2887167  3.30948351 3.33025033 3.35101714 3.37178396
 3.39255077 3.41331759 3.43408441 3.45485122 3.47561804 3.49638485
 3.51715167 3.53791848 3.5586853  3.57945212 3.60021893 3.62098575
 3.64175256 3.66251938 3.68328619 3.70405301 3.72481983 3.74558664
 3.76635346 3.78712027 3.80788709 3.82865391 3.84942072 3.87018754
 3.89095435 3.91172117 3.93248798 3.9532548  3.97402162 3.99478843
 4.01555525 4.03632206 4.05708888 4.07785569 4.09862251 4.11938933
 4.14015614 4.16092296 4.18168977 4.20245659 4.2232234  4.24399022
 4.26475704 4.28552385 4.30629067 4.32705748 4.3478243  4.36859111
 4.38935793 4.41012475 4.43089156 4.45165838 4.47242519 4.49319201
 4.51395882 4.53472564 4.55549246 4.57625927 4.59702609 4.6177929
 4.63855972 4.65932653 4.68009335 4.70086017 4.72162698 4.7423938
 4.76316061 4.78392743 4.80469424 4.82546106 4.84622788 4.86699469
 4.88776151 4.90852832 4.92929514 4.95006195 4.97082877 4.99159559
 5.0123624  5.03312922 5.05389603 5.07466285 5.09542966 5.11619648
 5.1369633  5.15773011 5.17849693 5.19926374 5.22003056 5.24079737
 5.26156419 5.28233101 5.30309782 5.32386464 5.34463145 5.36539827
 5.38616508 5.4069319  5.42769872 5.44846553 5.46923235 5.48999916
 5.51076598 5.53153279 5.55229961 5.57306643 5.59383324 5.61460006
 5.63536687 5.65613369 5.6769005  5.69766732 5.71843414 5.73920095
 5.75996777 5.78073458 5.8015014  5.82226821 5.84303503 5.86380185
 5.88456866 5.90533548 5.92610229 5.94686911 5.96763592 5.98840274
 6.00916956 6.02993637 6.05070319 6.07147    6.09223682 6.11300363
 6.13377045 6.15453727 6.17530408 6.1960709  6.21683771 6.23760453
 6.25837134 6.27913816 6.29990498 6.32067179 6.34143861 6.36220542
 6.38297224 6.40373905 6.42450587 6.44527269 6.4660395  6.48680632
 6.50757313 6.52833995 6.54910676 6.56987358 6.5906404  6.61140721
 6.63217403 6.65294084 6.67370766 6.69447447 6.71524129 6.73600811
 6.75677492 6.77754174 6.79830855 6.81907537 6.83984218 6.860609  ]","[174.69325758 176.13006113 177.56686468 179.00366824 180.44047179
 181.87727534 183.31407889 184.75088244 186.18768599 187.62448955
 189.0612931  190.49809665 191.9349002  193.37170375 194.80850731
 196.24531086 197.68211441 199.11891796 200.55572151 201.99252506
 203.42932862 204.86613217 206.30293572 207.73973927 209.17654282
 210.61334637 212.05014993 213.48695348 214.92375703 216.36056058
 217.79736413 219.23416769 220.67097124 222.10777479 223.54457834
 224.98138189 226.41818544 227.854989   229.29179255 230.7285961
 232.16539965 233.6022032  235.03900676 236.47581031 237.91261386
 239.34941741 240.78622096 242.22302451 243.65982807 245.09663162
 246.53343517 247.97023872 249.40704227 250.84384582 252.28064938
 253.71745293 255.15425648 256.59106003 258.02786358 259.46466714
 260.90147069 262.33827424 263.77507779 265.21188134 266.64868489
 268.08548845 269.522292   270.95909555 272.3958991  273.83270265
 275.26950621 276.70630976 278.14311331 279.57991686 281.01672041
 282.45352396 283.89032752 285.32713107 286.76393462 288.20073817
 289.63754172 291.07434527 292.51114883 293.94795238 295.38475593
 296.82155948 298.25836303 299.69516659 301.13197014 302.56877369
 304.00557724 305.44238079 306.87918434 308.3159879  309.75279145
 311.189595   312.62639855 314.0632021  315.50000566 316.93680921
 318.37361276 319.81041631 321.24721986 322.68402341 324.12082697
 325.55763052 326.99443407 328.43123762 329.86804117 331.30484472
 332.74164828 334.17845183 335.61525538 337.05205893 338.48886248
 339.92566604 341.36246959 342.79927314 344.23607669 345.67288024
 347.10968379 348.54648735 349.9832909  351.42009445 352.856898
 354.29370155 355.73050511 357.16730866 358.60411221 360.04091576
 361.47771931 362.91452286 364.35132642 365.78812997 367.22493352
 368.66173707 370.09854062 371.53534417 372.97214773 374.40895128
 375.84575483 377.28255838 378.71936193 380.15616549 381.59296904
 383.02977259 384.46657614 385.90337969 387.34018324 388.7769868
 390.21379035 391.6505939  393.08739745 394.524201   395.96100456
 397.39780811 398.83461166 400.27141521 401.70821876 403.14502231
 404.58182587 406.01862942 407.45543297 408.89223652 410.32904007
 411.66324885 412.7414911  413.81973335 414.8979756  415.97621785
 417.0544601  418.13270234 419.21094459 420.28918684 421.36742909
 422.44567134 423.52391359 424.60215583 425.68039808 426.75864033
 427.83688258 428.91512483 429.99336708 431.07160932 432.14985157
 433.22809382 434.30633607 435.38457832 436.46282057 437.54106281
 438.61930506 439.69754731 440.77578956 441.85403181 442.93227406
 444.0105163  445.08875855 446.1670008  447.24524305 448.3234853
 449.40172755 450.47996979 451.55821204 452.63645429 453.71469654
 454.79293879 455.87118104 456.94942328 458.02766553 459.10590778
 460.18415003 461.26239228 462.34063453 463.41887677 464.49711902
 465.57536127 466.65360352 467.73184577 468.81008802 469.88833026
 470.96657251 472.04481476 473.12305701 474.20129926 475.27954151
 476.35778375 477.436026   478.51426825 479.5925105  480.67075275
 481.748995   482.82723724 483.90547949 484.98372174 486.06196399
 487.14020624 488.21844849 489.29669073 490.37493298 491.45317523
 492.53141748 493.60965973 494.68790198 495.76614422 496.84438647
 497.92262872 499.00087097 500.07911322 501.15735547 502.23559771
 503.31383996 504.39208221 505.47032446 506.54856671 507.62680896
 508.7050512  509.78329345 510.8615357  511.93977795 513.0180202
 514.09626244 515.17450469 516.25274694 517.33098919 518.40923144
 519.48747369 520.56571593 521.64395818 522.72220043 523.80044268
 524.87868493 525.95692718 527.03516942 528.11341167 529.19165392
 530.26989617 531.34813842 532.42638067 533.50462291 534.58286516
 535.66110741 536.73934966 537.81759191 538.89583416 539.9740764
 541.05231865 542.1305609  543.20880315 544.2870454  545.36528765
 546.44352989 547.52177214 548.60001439 549.67825664 550.75649889
 551.83474114 552.91298338 553.99122563 555.06946788 556.14771013]","[0.         0.00334448 0.00668896 0.01003344 0.01337793 0.01672241
 0.02006689 0.02341137 0.02675585 0.03010033 0.03344482 0.0367893
 0.04013378 0.04347826 0.04682274 0.05016722 0.05351171 0.05685619
 0.06020067 0.06354515 0.06688963 0.07023411 0.0735786  0.07692308
 0.08026756 0.08361204 0.08695652 0.090301   0.09364548 0.09698997
 0.10033445 0.10367893 0.10702341 0.11036789 0.11371237 0.11705686
 0.12040134 0.12374582 0.1270903  0.13043478 0.13377926 0.13712375
 0.14046823 0.14381271 0.14715719 0.15050167 0.15384615 0.15719064
 0.16053512 0.1638796  0.16722408 0.17056856 0.17391304 0.17725753
 0.18060201 0.18394649 0.18729097 0.19063545 0.19397993 0.19732441
 0.2006689  0.20401338 0.20735786 0.21070234 0.21404682 0.2173913
 0.22073579 0.22408027 0.22742475 0.23076923 0.23411371 0.23745819
 0.24080268 0.24414716 0.24749164 0.25083612 0.2541806  0.25752508
 0.26086957 0.26421405 0.26755853 0.27090301 0.27424749 0.27759197
 0.28093645 0.28428094 0.28762542 0.2909699  0.29431438 0.29765886
 0.30100334 0.30434783 0.30769231 0.31103679 0.31438127 0.31772575
 0.32107023 0.32441472 0.3277592  0.33110368 0.33444816 0.33779264
 0.34113712 0.34448161 0.34782609 0.35117057 0.35451505 0.35785953
 0.36120401 0.36454849 0.36789298 0.37123746 0.37458194 0.37792642
 0.3812709  0.38461538 0.38795987 0.39130435 0.39464883 0.39799331
 0.40133779 0.40468227 0.40802676 0.41137124 0.41471572 0.4180602
 0.42140468 0.42474916 0.42809365 0.43143813 0.43478261 0.43812709
 0.44147157 0.44481605 0.44816054 0.45150502 0.4548495  0.45819398
 0.46153846 0.46488294 0.46822742 0.47157191 0.47491639 0.47826087
 0.48160535 0.48494983 0.48829431 0.4916388  0.49498328 0.49832776
 0.50167224 0.50501672 0.5083612  0.51170569 0.51505017 0.51839465
 0.52173913 0.52508361 0.52842809 0.53177258 0.53511706 0.53846154
 0.54180602 0.5451505  0.54849498 0.55183946 0.55518395 0.55852843
 0.56187291 0.56521739 0.56856187 0.57190635 0.57525084 0.57859532
 0.5819398  0.58528428 0.58862876 0.59197324 0.59531773 0.59866221
 0.60200669 0.60535117 0.60869565 0.61204013 0.61538462 0.6187291
 0.62207358 0.62541806 0.62876254 0.63210702 0.63545151 0.63879599
 0.64214047 0.64548495 0.64882943 0.65217391 0.65551839 0.65886288
 0.66220736 0.66555184 0.66889632 0.6722408  0.67558528 0.67892977
 0.68227425 0.68561873 0.68896321 0.69230769 0.69565217 0.69899666
 0.70234114 0.70568562 0.7090301  0.71237458 0.71571906 0.71906355
 0.72240803 0.72575251 0.72909699 0.73244147 0.73578595 0.73913043
 0.74247492 0.7458194  0.74916388 0.75250836 0.75585284 0.75919732
 0.76254181 0.76588629 0.76923077 0.77257525 0.77591973 0.77926421
 0.7826087  0.78595318 0.78929766 0.79264214 0.79598662 0.7993311
 0.80267559 0.80602007 0.80936455 0.81270903 0.81605351 0.81939799
 0.82274247 0.82608696 0.82943144 0.83277592 0.8361204  0.83946488
 0.84280936 0.84615385 0.84949833 0.85284281 0.85618729 0.85953177
 0.86287625 0.86622074 0.86956522 0.8729097  0.87625418 0.87959866
 0.88294314 0.88628763 0.88963211 0.89297659 0.89632107 0.89966555
 0.90301003 0.90635452 0.909699   0.91304348 0.91638796 0.91973244
 0.92307692 0.9264214  0.92976589 0.93311037 0.93645485 0.93979933
 0.94314381 0.94648829 0.94983278 0.95317726 0.95652174 0.95986622
 0.9632107  0.96655518 0.96989967 0.97324415 0.97658863 0.97993311
 0.98327759 0.98662207 0.98996656 0.99331104 0.99665552 1.        ]","[0.         0.00376665 0.00753329 0.01129994 0.01506658 0.01883323
 0.02259987 0.02636652 0.03013316 0.03389981 0.03766645 0.0414331
 0.04519974 0.04896639 0.05273303 0.05649968 0.06026632 0.06403297
 0.06779961 0.07156626 0.0753329  0.07909955 0.08286619 0.08663284
 0.09039948 0.09416613 0.09793277 0.10169942 0.10546606 0.10923271
 0.11299935 0.116766   0.12053264 0.12429929 0.12806593 0.13183258
 0.13559922 0.13936587 0.14313251 0.14689916 0.1506658  0.15443245
 0.15819909 0.16196574 0.16573239 0.16949903 0.17326568 0.17703232
 0.18079897 0.18456561 0.18833226 0.1920989  0.19586555 0.19963219
 0.20339884 0.20716548 0.21093213 0.21469877 0.21846542 0.22223206
 0.22599871 0.22976535 0.233532   0.23729864 0.24106529 0.24483193
 0.24859858 0.25236522 0.25613187 0.25989851 0.26366516 0.2674318
 0.27119845 0.27496509 0.27873174 0.28249838 0.28626503 0.29003167
 0.29379832 0.29756496 0.30133161 0.30509825 0.3088649  0.31263154
 0.31639819 0.32016484 0.32393148 0.32769813 0.33146477 0.33523142
 0.33899806 0.34276471 0.34653135 0.350298   0.35406464 0.35783129
 0.36159793 0.36536458 0.36913122 0.37289787 0.37666451 0.38043116
 0.3841978  0.38796445 0.39173109 0.39549774 0.39926438 0.40303103
 0.40679767 0.41056432 0.41433096 0.41809761 0.42186425 0.4256309
 0.42939754 0.43316419 0.43693083 0.44069748 0.44446412 0.44823077
 0.45199741 0.45576406 0.4595307  0.46329735 0.46706399 0.47083064
 0.47459728 0.47836393 0.48213058 0.48589722 0.48966387 0.49343051
 0.49719716 0.5009638  0.50473045 0.50849709 0.51226374 0.51603038
 0.51979703 0.52356367 0.52733032 0.53109696 0.53486361 0.53863025
 0.5423969  0.54616354 0.54993019 0.55369683 0.55746348 0.56123012
 0.56499677 0.56876341 0.57253006 0.5762967  0.58006335 0.58382999
 0.58759664 0.59136328 0.59512993 0.59889657 0.60266322 0.60642986
 0.61019651 0.61396315 0.6177298  0.62122749 0.62405415 0.62688081
 0.62970747 0.63253413 0.63536079 0.63818745 0.64101411 0.64384077
 0.64666743 0.64949409 0.65232075 0.65514741 0.65797407 0.66080074
 0.6636274  0.66645406 0.66928072 0.67210738 0.67493404 0.6777607
 0.68058736 0.68341402 0.68624068 0.68906734 0.691894   0.69472066
 0.69754732 0.70037398 0.70320064 0.7060273  0.70885396 0.71168063
 0.71450729 0.71733395 0.72016061 0.72298727 0.72581393 0.72864059
 0.73146725 0.73429391 0.73712057 0.73994723 0.74277389 0.74560055
 0.74842721 0.75125387 0.75408053 0.75690719 0.75973385 0.76256051
 0.76538718 0.76821384 0.7710405  0.77386716 0.77669382 0.77952048
 0.78234714 0.7851738  0.78800046 0.79082712 0.79365378 0.79648044
 0.7993071  0.80213376 0.80496042 0.80778708 0.81061374 0.8134404
 0.81626706 0.81909373 0.82192039 0.82474705 0.82757371 0.83040037
 0.83322703 0.83605369 0.83888035 0.84170701 0.84453367 0.84736033
 0.85018699 0.85301365 0.85584031 0.85866697 0.86149363 0.86432029
 0.86714695 0.86997362 0.87280028 0.87562694 0.8784536  0.88128026
 0.88410692 0.88693358 0.88976024 0.8925869  0.89541356 0.89824022
 0.90106688 0.90389354 0.9067202  0.90954686 0.91237352 0.91520018
 0.91802684 0.9208535  0.92368017 0.92650683 0.92933349 0.93216015
 0.93498681 0.93781347 0.94064013 0.94346679 0.94629345 0.94912011
 0.95194677 0.95477343 0.95760009 0.96042675 0.96325341 0.96608007
 0.96890673 0.97173339 0.97456006 0.97738672 0.98021338 0.98304004
 0.9858667  0.98869336 0.99152002 0.99434668 0.99717334 1.        ]","[1.12622689 1.12622689 1.12622689 1.12622689 1.12622689 1.12622689
 1.12622689 1.12622689 1.12622689 1.12622689 1.12622689 1.12622689
 1.12622689 1.12622689 1.12622689 1.12622689 1.12622689 1.12622689
 1.12622689 1.12622689 1.12622689 1.12622689 1.12622689 1.12622689
 1.12622689 1.12622689 1.12622689 1.12622689 1.12622689 1.12622689
 1.12622689 1.12622689 1.12622689 1.12622689 1.12622689 1.12622689
 1.12622689 1.12622689 1.12622689 1.12622689 1.12622689 1.12622689
 1.12622689 1.12622689 1.12622689 1.12622689 1.12622689 1.12622689
 1.12622689 1.12622689 1.12622689 1.12622689 1.12622689 1.12622689
 1.12622689 1.12622689 1.12622689 1.12622689 1.12622689 1.12622689
 1.12622689 1.12622689 1.12622689 1.12622689 1.12622689 1.12622689
 1.12622689 1.12622689 1.12622689 1.12622689 1.12622689 1.12622689
 1.12622689 1.12622689 1.12622689 1.12622689 1.12622689 1.12622689
 1.12622689 1.12622689 1.12622689 1.12622689 1.12622689 1.12622689
 1.12622689 1.12622689 1.12622689 1.12622689 1.12622689 1.12622689
 1.12622689 1.12622689 1.12622689 1.12622689 1.12622689 1.12622689
 1.12622689 1.12622689 1.12622689 1.12622689 1.12622689 1.12622689
 1.12622689 1.12622689 1.12622689 1.12622689 1.12622689 1.12622689
 1.12622689 1.12622689 1.12622689 1.12622689 1.12622689 1.12622689
 1.12622689 1.12622689 1.12622689 1.12622689 1.12622689 1.12622689
 1.12622689 1.12622689 1.12622689 1.12622689 1.12622689 1.12622689
 1.12622689 1.12622689 1.12622689 1.12622689 1.12622689 1.12622689
 1.12622689 1.12622689 1.12622689 1.12622689 1.12622689 1.12622689
 1.12622689 1.12622689 1.12622689 1.12622689 1.12622689 1.12622689
 1.12622689 1.12622689 1.12622689 1.12622689 1.12622689 1.12622689
 1.12622689 1.12622689 1.12622689 1.12622689 1.12622689 1.12622689
 1.12622689 1.12622689 1.12622689 1.12622689 1.12622689 1.12622689
 1.12622689 1.12622689 1.04580881 0.8451715  0.8451715  0.8451715
 0.8451715  0.8451715  0.8451715  0.8451715  0.8451715  0.8451715
 0.8451715  0.8451715  0.8451715  0.8451715  0.8451715  0.8451715
 0.8451715  0.8451715  0.8451715  0.8451715  0.8451715  0.8451715
 0.8451715  0.8451715  0.8451715  0.8451715  0.8451715  0.8451715
 0.8451715  0.8451715  0.8451715  0.8451715  0.8451715  0.8451715
 0.8451715  0.8451715  0.8451715  0.8451715  0.8451715  0.8451715
 0.8451715  0.8451715  0.8451715  0.8451715  0.8451715  0.8451715
 0.8451715  0.8451715  0.8451715  0.8451715  0.8451715  0.8451715
 0.8451715  0.8451715  0.8451715  0.8451715  0.8451715  0.8451715
 0.8451715  0.8451715  0.8451715  0.8451715  0.8451715  0.8451715
 0.8451715  0.8451715  0.8451715  0.8451715  0.8451715  0.8451715
 0.8451715  0.8451715  0.8451715  0.8451715  0.8451715  0.8451715
 0.8451715  0.8451715  0.8451715  0.8451715  0.8451715  0.8451715
 0.8451715  0.8451715  0.8451715  0.8451715  0.8451715  0.8451715
 0.8451715  0.8451715  0.8451715  0.8451715  0.8451715  0.8451715
 0.8451715  0.8451715  0.8451715  0.8451715  0.8451715  0.8451715
 0.8451715  0.8451715  0.8451715  0.8451715  0.8451715  0.8451715
 0.8451715  0.8451715  0.8451715  0.8451715  0.8451715  0.8451715
 0.8451715  0.8451715  0.8451715  0.8451715  0.8451715  0.8451715
 0.8451715  0.8451715  0.8451715  0.8451715  0.8451715  0.8451715
 0.8451715  0.8451715  0.8451715  0.8451715  0.8451715  0.8451715
 0.8451715  0.8451715  0.8451715  0.8451715  0.8451715 ]","[1.12622689 1.12622689 1.12622689 1.12622689 1.12622689 1.12622689
 1.12622689 1.12622689 1.12622689 1.12622689 1.12622689 1.12622689
 1.12622689 1.12622689 1.12622689 1.12622689 1.12622689 1.12622689
 1.12622689 1.12622689 1.12622689 1.12622689 1.12622689 1.12622689
 1.12622689 1.12622689 1.12622689 1.12622689 1.12622689 1.12622689
 1.12622689 1.12622689 1.12622689 1.12622689 1.12622689 1.12622689
 1.12622689 1.12622689 1.12622689 1.12622689 1.12622689 1.12622689
 1.12622689 1.12622689 1.12622689 1.12622689 1.12622689 1.12622689
 1.12622689 1.12622689 1.12622689 1.12622689 1.12622689 1.12622689
 1.12622689 1.12622689 1.12622689 1.12622689 1.12622689 1.12622689
 1.12622689 1.12622689 1.12622689 1.12622689 1.12622689 1.12622689
 1.12622689 1.12622689 1.12622689 1.12622689 1.12622689 1.12622689
 1.12622689 1.12622689 1.12622689 1.12622689 1.12622689 1.12622689
 1.12622689 1.12622689 1.12622689 1.12622689 1.12622689 1.12622689
 1.12622689 1.12622689 1.12622689 1.12622689 1.12622689 1.12622689
 1.12622689 1.12622689 1.12622689 1.12622689 1.12622689 1.12622689
 1.12622689 1.12622689 1.12622689 1.12622689 1.12622689 1.12622689
 1.12622689 1.12622689 1.12622689 1.12622689 1.12622689 1.12622689
 1.12622689 1.12622689 1.12622689 1.12622689 1.12622689 1.12622689
 1.12622689 1.12622689 1.12622689 1.12622689 1.12622689 1.12622689
 1.12622689 1.12622689 1.12622689 1.12622689 1.12622689 1.12622689
 1.12622689 1.12622689 1.12622689 1.12622689 1.12622689 1.12622689
 1.12622689 1.12622689 1.12622689 1.12622689 1.12622689 1.12622689
 1.12622689 1.12622689 1.12622689 1.12622689 1.12622689 1.12622689
 1.12622689 1.12622689 1.12622689 1.12622689 1.12622689 1.12622689
 1.12622689 1.12622689 1.12622689 1.12622689 1.12622689 1.12622689
 1.12622689 1.12622689 1.12622689 1.12622689 1.12622689 1.12622689
 1.12622689 1.12622689 1.04580881 0.8451715  0.8451715  0.8451715
 0.8451715  0.8451715  0.8451715  0.8451715  0.8451715  0.8451715
 0.8451715  0.8451715  0.8451715  0.8451715  0.8451715  0.8451715
 0.8451715  0.8451715  0.8451715  0.8451715  0.8451715  0.8451715
 0.8451715  0.8451715  0.8451715  0.8451715  0.8451715  0.8451715
 0.8451715  0.8451715  0.8451715  0.8451715  0.8451715  0.8451715
 0.8451715  0.8451715  0.8451715  0.8451715  0.8451715  0.8451715
 0.8451715  0.8451715  0.8451715  0.8451715  0.8451715  0.8451715
 0.8451715  0.8451715  0.8451715  0.8451715  0.8451715  0.8451715
 0.8451715  0.8451715  0.8451715  0.8451715  0.8451715  0.8451715
 0.8451715  0.8451715  0.8451715  0.8451715  0.8451715  0.8451715
 0.8451715  0.8451715  0.8451715  0.8451715  0.8451715  0.8451715
 0.8451715  0.8451715  0.8451715  0.8451715  0.8451715  0.8451715
 0.8451715  0.8451715  0.8451715  0.8451715  0.8451715  0.8451715
 0.8451715  0.8451715  0.8451715  0.8451715  0.8451715  0.8451715
 0.8451715  0.8451715  0.8451715  0.8451715  0.8451715  0.8451715
 0.8451715  0.8451715  0.8451715  0.8451715  0.8451715  0.8451715
 0.8451715  0.8451715  0.8451715  0.8451715  0.8451715  0.8451715
 0.8451715  0.8451715  0.8451715  0.8451715  0.8451715  0.8451715
 0.8451715  0.8451715  0.8451715  0.8451715  0.8451715  0.8451715
 0.8451715  0.8451715  0.8451715  0.8451715  0.8451715  0.8451715
 0.8451715  0.8451715  0.8451715  0.8451715  0.8451715  0.8451715
 0.8451715  0.8451715  0.8451715  0.8451715  0.8451715 ]","[0.00167224 0.00501672 0.0083612  0.01170569 0.01505017 0.01839465
 0.02173913 0.02508361 0.02842809 0.03177258 0.03511706 0.03846154
 0.04180602 0.0451505  0.04849498 0.05183946 0.05518395 0.05852843
 0.06187291 0.06521739 0.06856187 0.07190635 0.07525084 0.07859532
 0.0819398  0.08528428 0.08862876 0.09197324 0.09531773 0.09866221
 0.10200669 0.10535117 0.10869565 0.11204013 0.11538462 0.1187291
 0.12207358 0.12541806 0.12876254 0.13210702 0.13545151 0.13879599
 0.14214047 0.14548495 0.14882943 0.15217391 0.15551839 0.15886288
 0.16220736 0.16555184 0.16889632 0.1722408  0.17558528 0.17892977
 0.18227425 0.18561873 0.18896321 0.19230769 0.19565217 0.19899666
 0.20234114 0.20568562 0.2090301  0.21237458 0.21571906 0.21906355
 0.22240803 0.22575251 0.22909699 0.23244147 0.23578595 0.23913043
 0.24247492 0.2458194  0.24916388 0.25250836 0.25585284 0.25919732
 0.26254181 0.26588629 0.26923077 0.27257525 0.27591973 0.27926421
 0.2826087  0.28595318 0.28929766 0.29264214 0.29598662 0.2993311
 0.30267559 0.30602007 0.30936455 0.31270903 0.31605351 0.31939799
 0.32274247 0.32608696 0.32943144 0.33277592 0.3361204  0.33946488
 0.34280936 0.34615385 0.34949833 0.35284281 0.35618729 0.35953177
 0.36287625 0.36622074 0.36956522 0.3729097  0.37625418 0.37959866
 0.38294314 0.38628763 0.38963211 0.39297659 0.39632107 0.39966555
 0.40301003 0.40635452 0.409699   0.41304348 0.41638796 0.41973244
 0.42307692 0.4264214  0.42976589 0.43311037 0.43645485 0.43979933
 0.44314381 0.44648829 0.44983278 0.45317726 0.45652174 0.45986622
 0.4632107  0.46655518 0.46989967 0.47324415 0.47658863 0.47993311
 0.48327759 0.48662207 0.48996656 0.49331104 0.49665552 0.5
 0.50334448 0.50668896 0.51003344 0.51337793 0.51672241 0.52006689
 0.52341137 0.52675585 0.53010033 0.53344482 0.5367893  0.54013378
 0.54347826 0.54682274 0.55016722 0.55351171 0.55685619 0.56020067
 0.56354515 0.56688963 0.57023411 0.5735786  0.57692308 0.58026756
 0.58361204 0.58695652 0.590301   0.59364548 0.59698997 0.60033445
 0.60367893 0.60702341 0.61036789 0.61371237 0.61705686 0.62040134
 0.62374582 0.6270903  0.63043478 0.63377926 0.63712375 0.64046823
 0.64381271 0.64715719 0.65050167 0.65384615 0.65719064 0.66053512
 0.6638796  0.66722408 0.67056856 0.67391304 0.67725753 0.68060201
 0.68394649 0.68729097 0.69063545 0.69397993 0.69732441 0.7006689
 0.70401338 0.70735786 0.71070234 0.71404682 0.7173913  0.72073579
 0.72408027 0.72742475 0.73076923 0.73411371 0.73745819 0.74080268
 0.74414716 0.74749164 0.75083612 0.7541806  0.75752508 0.76086957
 0.76421405 0.76755853 0.77090301 0.77424749 0.77759197 0.78093645
 0.78428094 0.78762542 0.7909699  0.79431438 0.79765886 0.80100334
 0.80434783 0.80769231 0.81103679 0.81438127 0.81772575 0.82107023
 0.82441472 0.8277592  0.83110368 0.83444816 0.83779264 0.84113712
 0.84448161 0.84782609 0.85117057 0.85451505 0.85785953 0.86120401
 0.86454849 0.86789298 0.87123746 0.87458194 0.87792642 0.8812709
 0.88461538 0.88795987 0.89130435 0.89464883 0.89799331 0.90133779
 0.90468227 0.90802676 0.91137124 0.91471572 0.9180602  0.92140468
 0.92474916 0.92809365 0.93143813 0.93478261 0.93812709 0.94147157
 0.94481605 0.94816054 0.95150502 0.9548495  0.95819398 0.96153846
 0.96488294 0.96822742 0.97157191 0.97491639 0.97826087 0.98160535
 0.98494983 0.98829431 0.9916388  0.99498328 0.99832776]"
CLASSIC,LAI,T,Symbolic regression,84.7997,0.1371,0.582,0.7946,0.0,12047,786.2177,5.9939,786.2177,5.9939,5.9939,1.0,131.1687,300,1.0,0.5448,-1.6528,31.1075,1.0131,0.5469,31.1075,0.9598,2.6939,0.2935,7.8108,2.6939,0.9933,0.0067,0.0,1,2,-2.5015,0.0,2.41,0.4518,0.6791,0.7146,2.41,0.6791,0.1875,0.2818,0.2965,0.2818,0.5134,0.7021,0.9135,0.965,0.6036,0.1683,0.0694,1.0,1.0,1.0131,1.0131,0,299,False,False,0.0,0.0,0.0,0.0,0.0,0.0,normalized,"[0.6513311  0.67209792 0.69286473 0.71363155 0.73439836 0.75516518
 0.77593199 0.79669881 0.81746563 0.83823244 0.85899926 0.87976607
 0.90053289 0.9212997  0.94206652 0.96283334 0.98360015 1.00436697
 1.02513378 1.0459006  1.06666741 1.08743423 1.10820105 1.12896786
 1.14973468 1.17050149 1.19126831 1.21203512 1.23280194 1.25356876
 1.27433557 1.29510239 1.3158692  1.33663602 1.35740283 1.37816965
 1.39893647 1.41970328 1.4404701  1.46123691 1.48200373 1.50277054
 1.52353736 1.54430418 1.56507099 1.58583781 1.60660462 1.62737144
 1.64813825 1.66890507 1.68967189 1.7104387  1.73120552 1.75197233
 1.77273915 1.79350596 1.81427278 1.8350396  1.85580641 1.87657323
 1.89734004 1.91810686 1.93887367 1.95964049 1.98040731 2.00117412
 2.02194094 2.04270775 2.06347457 2.08424138 2.1050082  2.12577502
 2.14654183 2.16730865 2.18807546 2.20884228 2.22960909 2.25037591
 2.27114273 2.29190954 2.31267636 2.33344317 2.35420999 2.3749768
 2.39574362 2.41651044 2.43727725 2.45804407 2.47881088 2.4995777
 2.52034451 2.54111133 2.56187815 2.58264496 2.60341178 2.62417859
 2.64494541 2.66571222 2.68647904 2.70724586 2.72801267 2.74877949
 2.7695463  2.79031312 2.81107993 2.83184675 2.85261357 2.87338038
 2.8941472  2.91491401 2.93568083 2.95644764 2.97721446 2.99798128
 3.01874809 3.03951491 3.06028172 3.08104854 3.10181535 3.12258217
 3.14334899 3.1641158  3.18488262 3.20564943 3.22641625 3.24718306
 3.26794988 3.2887167  3.30948351 3.33025033 3.35101714 3.37178396
 3.39255077 3.41331759 3.43408441 3.45485122 3.47561804 3.49638485
 3.51715167 3.53791848 3.5586853  3.57945212 3.60021893 3.62098575
 3.64175256 3.66251938 3.68328619 3.70405301 3.72481983 3.74558664
 3.76635346 3.78712027 3.80788709 3.82865391 3.84942072 3.87018754
 3.89095435 3.91172117 3.93248798 3.9532548  3.97402162 3.99478843
 4.01555525 4.03632206 4.05708888 4.07785569 4.09862251 4.11938933
 4.14015614 4.16092296 4.18168977 4.20245659 4.2232234  4.24399022
 4.26475704 4.28552385 4.30629067 4.32705748 4.3478243  4.36859111
 4.38935793 4.41012475 4.43089156 4.45165838 4.47242519 4.49319201
 4.51395882 4.53472564 4.55549246 4.57625927 4.59702609 4.6177929
 4.63855972 4.65932653 4.68009335 4.70086017 4.72162698 4.7423938
 4.76316061 4.78392743 4.80469424 4.82546106 4.84622788 4.86699469
 4.88776151 4.90852832 4.92929514 4.95006195 4.97082877 4.99159559
 5.0123624  5.03312922 5.05389603 5.07466285 5.09542966 5.11619648
 5.1369633  5.15773011 5.17849693 5.19926374 5.22003056 5.24079737
 5.26156419 5.28233101 5.30309782 5.32386464 5.34463145 5.36539827
 5.38616508 5.4069319  5.42769872 5.44846553 5.46923235 5.48999916
 5.51076598 5.53153279 5.55229961 5.57306643 5.59383324 5.61460006
 5.63536687 5.65613369 5.6769005  5.69766732 5.71843414 5.73920095
 5.75996777 5.78073458 5.8015014  5.82226821 5.84303503 5.86380185
 5.88456866 5.90533548 5.92610229 5.94686911 5.96763592 5.98840274
 6.00916956 6.02993637 6.05070319 6.07147    6.09223682 6.11300363
 6.13377045 6.15453727 6.17530408 6.1960709  6.21683771 6.23760453
 6.25837134 6.27913816 6.29990498 6.32067179 6.34143861 6.36220542
 6.38297224 6.40373905 6.42450587 6.44527269 6.4660395  6.48680632
 6.50757313 6.52833995 6.54910676 6.56987358 6.5906404  6.61140721
 6.63217403 6.65294084 6.67370766 6.69447447 6.71524129 6.73600811
 6.75677492 6.77754174 6.79830855 6.81907537 6.83984218 6.860609  ]","[-189.50817874 -107.71134286  -48.01653049   -2.73017378   32.61914245
   60.81108614   83.66546156  102.42266618  117.95467416  130.887886
  141.67680814  150.64781873  158.02156398  163.91370548  168.29719802
  170.84353543  170.04717229  165.70119738  182.44213128  191.52858334
  198.68852495  204.79329851  210.1691511   214.9832644   219.33802482
  223.30379418  226.93286659  230.26628662  233.33753598  236.17469273
  238.80178143  241.23966552  243.50666581  245.61900702  247.59115202
  249.43605959  251.16538866  252.78966368  254.31841103  255.76027343
  257.12310714  258.41406535  259.63967052  260.80587753  261.91812918
  262.98140526  264.00026606  264.97889121  265.92111429  266.830454
  267.71014204  268.56314836  269.39220379  270.19982064  270.98831126
  271.75980491  272.51626303  273.25949317  273.99116165  274.71280504
  275.4258407   276.13157635  276.83121882  277.52588203  278.21659433
  278.90430519  279.58989131  280.27416228  280.9578657   281.64169192
  282.32627843  283.01221376  283.70004127  284.39026244  285.08334
  285.77970084  286.47973861  287.18381615  287.89226777  288.60540131
  289.32350004  290.04682446  290.77561392  291.51008813  292.25044858
  292.99687981  293.74955064  294.50861526  295.27421428  296.04647567
  296.82551566  297.61143957  298.40434254  299.20431029  300.01141975
  300.82573966  301.6473312   302.47624845  303.31253892  304.156244
  305.00739941  305.86603556  306.73217796  307.60584752  308.48706094
  309.37583093  310.27216656  311.17607346  312.08755414  313.00660814
  313.93323228  314.86742085  315.80916582  316.75845698  317.71528211
  318.67962712  319.65147624  320.63081209  321.61761583  322.6118673
  323.61354507  324.62262658  325.63908825  326.66290552  327.69405296
  328.73250435  329.77823274  330.83121051  331.89140948  332.9588009
  334.03335553  335.11504375  336.20383549  337.29970039  338.40260778
  339.51252672  340.62942606  341.75327446  342.88404042  344.02169233
  345.16619845  346.31752699  347.4756461   348.64052393  349.81212857
  350.99042818  352.17539092  353.366985    354.5651787   355.76994037
  356.98123846  358.19904152  359.42331821  360.65403733  361.89116779
  363.13467867  364.38453918  365.64071872  366.90318682  368.17191321
  369.44686779  370.72802065  372.01534205  373.30880248  374.60837258
  375.91402324  377.22572552  378.5434507   379.86717027  381.19685593
  382.53247959  383.87401339  385.22142966  386.57470097  387.93380009
  389.29870004  390.66937404  392.04579551  393.42793812  394.81577576
  396.20928252  397.60843273  399.01320092  400.42356184  401.83949049
  403.26096204  404.68795192  406.12043573  407.55838934  409.00178877
  410.45061031  411.90483043  413.36442581  414.82937334  416.29965013
  417.77523348  419.2561009   420.7422301   422.233599    423.7301857
  425.23196852  426.73892597  428.25103674  429.76827972  431.290634
  432.81807886  434.35059375  435.88815832  437.4307524   438.97835601
  440.53094933  442.08851274  443.6510268   445.21847222  446.7908299
  448.36808092  449.95020652  451.53718811  453.12900725  454.72564571
  456.32708537  457.93330831  459.54429675  461.16003307  462.78049983
  464.4056797   466.03555556  467.67011038  469.30932733  470.9531897
  472.60168094  474.25478464  475.91248454  477.5747645   479.24160856
  480.91300085  482.58892568  484.26936748  485.9543108   487.64374035
  489.33764095  491.03599755  492.73879525  494.44601925  496.1576549
  497.87368766  499.5941031   501.31888695  503.04802502  504.78150326
  506.51930774  508.26142463  510.00784023  511.75854095  513.5135133
  515.27274392  517.03621955  518.80392703  520.57585333  522.35198551
  524.13231073  525.91681627  527.70548951  529.49831791  531.29528906
  533.09639064  534.90161041  536.71093624  538.52435612  540.34185809
  542.16343032  543.98906106  545.81873864  547.6524515   549.49018816
  551.33193724  553.17768743  555.02742751  556.88114637  558.73883296
  560.60047632  562.46606558  564.33558994  566.2090387   568.08640121
  569.96766694  571.85282541  573.74186623  575.63477908  577.53155373
  579.43218     581.33664781  583.24494714  585.15706805  587.07300067
  588.99273521  590.91626194  592.84357119  594.77465339  596.70949901]","[0.         0.00334448 0.00668896 0.01003344 0.01337793 0.01672241
 0.02006689 0.02341137 0.02675585 0.03010033 0.03344482 0.0367893
 0.04013378 0.04347826 0.04682274 0.05016722 0.05351171 0.05685619
 0.06020067 0.06354515 0.06688963 0.07023411 0.0735786  0.07692308
 0.08026756 0.08361204 0.08695652 0.090301   0.09364548 0.09698997
 0.10033445 0.10367893 0.10702341 0.11036789 0.11371237 0.11705686
 0.12040134 0.12374582 0.1270903  0.13043478 0.13377926 0.13712375
 0.14046823 0.14381271 0.14715719 0.15050167 0.15384615 0.15719064
 0.16053512 0.1638796  0.16722408 0.17056856 0.17391304 0.17725753
 0.18060201 0.18394649 0.18729097 0.19063545 0.19397993 0.19732441
 0.2006689  0.20401338 0.20735786 0.21070234 0.21404682 0.2173913
 0.22073579 0.22408027 0.22742475 0.23076923 0.23411371 0.23745819
 0.24080268 0.24414716 0.24749164 0.25083612 0.2541806  0.25752508
 0.26086957 0.26421405 0.26755853 0.27090301 0.27424749 0.27759197
 0.28093645 0.28428094 0.28762542 0.2909699  0.29431438 0.29765886
 0.30100334 0.30434783 0.30769231 0.31103679 0.31438127 0.31772575
 0.32107023 0.32441472 0.3277592  0.33110368 0.33444816 0.33779264
 0.34113712 0.34448161 0.34782609 0.35117057 0.35451505 0.35785953
 0.36120401 0.36454849 0.36789298 0.37123746 0.37458194 0.37792642
 0.3812709  0.38461538 0.38795987 0.39130435 0.39464883 0.39799331
 0.40133779 0.40468227 0.40802676 0.41137124 0.41471572 0.4180602
 0.42140468 0.42474916 0.42809365 0.43143813 0.43478261 0.43812709
 0.44147157 0.44481605 0.44816054 0.45150502 0.4548495  0.45819398
 0.46153846 0.46488294 0.46822742 0.47157191 0.47491639 0.47826087
 0.48160535 0.48494983 0.48829431 0.4916388  0.49498328 0.49832776
 0.50167224 0.50501672 0.5083612  0.51170569 0.51505017 0.51839465
 0.52173913 0.52508361 0.52842809 0.53177258 0.53511706 0.53846154
 0.54180602 0.5451505  0.54849498 0.55183946 0.55518395 0.55852843
 0.56187291 0.56521739 0.56856187 0.57190635 0.57525084 0.57859532
 0.5819398  0.58528428 0.58862876 0.59197324 0.59531773 0.59866221
 0.60200669 0.60535117 0.60869565 0.61204013 0.61538462 0.6187291
 0.62207358 0.62541806 0.62876254 0.63210702 0.63545151 0.63879599
 0.64214047 0.64548495 0.64882943 0.65217391 0.65551839 0.65886288
 0.66220736 0.66555184 0.66889632 0.6722408  0.67558528 0.67892977
 0.68227425 0.68561873 0.68896321 0.69230769 0.69565217 0.69899666
 0.70234114 0.70568562 0.7090301  0.71237458 0.71571906 0.71906355
 0.72240803 0.72575251 0.72909699 0.73244147 0.73578595 0.73913043
 0.74247492 0.7458194  0.74916388 0.75250836 0.75585284 0.75919732
 0.76254181 0.76588629 0.76923077 0.77257525 0.77591973 0.77926421
 0.7826087  0.78595318 0.78929766 0.79264214 0.79598662 0.7993311
 0.80267559 0.80602007 0.80936455 0.81270903 0.81605351 0.81939799
 0.82274247 0.82608696 0.82943144 0.83277592 0.8361204  0.83946488
 0.84280936 0.84615385 0.84949833 0.85284281 0.85618729 0.85953177
 0.86287625 0.86622074 0.86956522 0.8729097  0.87625418 0.87959866
 0.88294314 0.88628763 0.88963211 0.89297659 0.89632107 0.89966555
 0.90301003 0.90635452 0.909699   0.91304348 0.91638796 0.91973244
 0.92307692 0.9264214  0.92976589 0.93311037 0.93645485 0.93979933
 0.94314381 0.94648829 0.94983278 0.95317726 0.95652174 0.95986622
 0.9632107  0.96655518 0.96989967 0.97324415 0.97658863 0.97993311
 0.98327759 0.98662207 0.98996656 0.99331104 0.99665552 1.        ]","[0.         0.10403841 0.17996498 0.23756526 0.28252649 0.31838417
 0.34745294 0.37131046 0.39106581 0.40751572 0.42123829 0.43264863
 0.44202738 0.44952167 0.45509709 0.45833581 0.4573229  0.4517952
 0.47308821 0.48464538 0.49375219 0.50151693 0.50835454 0.51447768
 0.52001655 0.52506066 0.52967652 0.53391634 0.5378227  0.54143132
 0.54477274 0.54787352 0.55075694 0.55344366 0.55595205 0.55829861
 0.56049817 0.5625641  0.56450854 0.56634246 0.56807586 0.56971785
 0.57127671 0.57276002 0.57417471 0.57552711 0.57682301 0.57806773
 0.57926616 0.58042276 0.58154164 0.58262659 0.58368108 0.5847083
 0.58571119 0.58669246 0.58765461 0.58859993 0.58953055 0.59044842
 0.59135534 0.59225297 0.59314285 0.59402641 0.59490493 0.59577964
 0.59665164 0.59752198 0.59839159 0.59926135 0.60013209 0.60100454
 0.60187939 0.6027573  0.60363883 0.60452454 0.60541493 0.60631045
 0.60721154 0.60811858 0.60903194 0.60995195 0.6108789  0.61181309
 0.61275476 0.61370416 0.61466149 0.61562695 0.61660073 0.61758298
 0.61857385 0.61957347 0.62058198 0.62159947 0.62262604 0.62366178
 0.62470678 0.62576109 0.62682477 0.62789789 0.62898049 0.6300726
 0.63117425 0.63228549 0.63340631 0.63453675 0.63567681 0.6368265
 0.63798582 0.63915478 0.64033336 0.64152157 0.64271939 0.6439268
 0.6451438  0.64637036 0.64760647 0.6488521  0.65010723 0.65137183
 0.65264587 0.65392934 0.65522219 0.65652439 0.65783592 0.65915674
 0.66048682 0.66182611 0.66317459 0.66453222 0.66589896 0.66727477
 0.66865962 0.67005346 0.67145627 0.67286799 0.67428858 0.67571802
 0.67715626 0.67860325 0.68005896 0.68152335 0.68299638 0.684478
 0.68596818 0.68746687 0.68897404 0.69048964 0.69201364 0.69354599
 0.69508666 0.6966356  0.69819277 0.69975814 0.70133166 0.70291329
 0.70450301 0.70610076 0.70770651 0.70932021 0.71094185 0.71257136
 0.71420872 0.71585389 0.71750683 0.7191675  0.72083587 0.7225119
 0.72419556 0.7258868  0.7275856  0.72929191 0.73100571 0.73272695
 0.7344556  0.73619164 0.73793501 0.7396857  0.74144367 0.74320887
 0.74498129 0.74676089 0.74854763 0.75034149 0.75214242 0.75395041
 0.75576542 0.75758741 0.75941636 0.76125224 0.76309501 0.76494465
 0.76680113 0.76866442 0.77053448 0.77241129 0.77429483 0.77618505
 0.77808194 0.77998547 0.78189561 0.78381232 0.7857356  0.7876654
 0.7896017  0.79154447 0.7934937  0.79544935 0.79741139 0.79937981
 0.80135457 0.80333565 0.80532303 0.80731669 0.80931659 0.81132271
 0.81333504 0.81535354 0.81737819 0.81940898 0.82144587 0.82348884
 0.82553788 0.82759296 0.82965405 0.83172113 0.83379419 0.8358732
 0.83795814 0.84004899 0.84214573 0.84424833 0.84635678 0.84847106
 0.85059114 0.852717   0.85484863 0.856986   0.8591291  0.86127791
 0.8634324  0.86559256 0.86775837 0.86992981 0.87210686 0.87428951
 0.87647773 0.8786715  0.88087081 0.88307564 0.88528598 0.8875018
 0.88972309 0.89194982 0.894182   0.89641958 0.89866257 0.90091094
 0.90316467 0.90542376 0.90768818 0.90995791 0.91223295 0.91451327
 0.91679886 0.9190897  0.92138578 0.92368709 0.9259936  0.9283053
 0.93062218 0.93294422 0.93527141 0.93760373 0.93994117 0.94228372
 0.94463135 0.94698406 0.94934183 0.95170464 0.95407249 0.95644535
 0.95882322 0.96120609 0.96359393 0.96598673 0.96838449 0.97078718
 0.9731948  0.97560733 0.97802476 0.98044708 0.98287427 0.98530632
 0.98774322 0.99018495 0.99263151 0.99508288 0.99753905 1.        ]","[31.10748412 22.70204474 17.22248308 13.44340868 10.721447    8.69156017
  7.13339873  5.90685063  4.91852377  4.10304653  3.4116915   2.80424861
  2.24079203  1.66705011  0.96837671 -0.30285834 -1.65278209  6.36660734
  3.45559409  2.7229387   2.32165639  2.04444643  1.83081596  1.65612324
  1.50818924  1.38014278  1.26770564  1.16800167  1.07897582  0.99908657
  0.92713172  0.8621443   0.80332717  0.7500103   0.70162167  0.65766697
  0.61771472  0.58138537  0.54834287  0.51828812  0.49095373  0.46609985
  0.44351063  0.42299131  0.40436581  0.3874746   0.37217291  0.35832914
  0.34582353  0.33454695  0.32439984  0.31529128  0.30713814  0.29986441
  0.29340042  0.28768239  0.28265176  0.27825484  0.27444228  0.27116875
  0.26839254  0.26607529  0.26418167  0.26267913  0.26153768  0.26072964
  0.26022948  0.26001364  0.26006035  0.26034948  0.26086245  0.26158204
  0.26249235  0.26357865  0.26482728  0.26622562  0.26776196  0.26942543
  0.27120597  0.27309424  0.27508158  0.27715994  0.27932187  0.28156041
  0.28386914  0.28624207  0.28867364  0.29115869  0.2936924   0.29627031
  0.29888828  0.30154243  0.30422918  0.30694518  0.30968733  0.31245274
  0.31523872  0.31804277  0.32086256  0.32369594  0.32654088  0.32939551
  0.33225811  0.33512705  0.33800083  0.34087805  0.34375743  0.34663774
  0.34951789  0.35239683  0.3552736   0.35814731  0.36101714  0.36388232
  0.36674215  0.36959597  0.37244319  0.37528324  0.37811562  0.38093986
  0.38375552  0.3865622   0.38935955  0.39214723  0.39492493  0.39769239
  0.40044935  0.40319558  0.40593088  0.40865507  0.41136798  0.41406946
  0.4167594   0.41943767  0.42210417  0.42475883  0.42740157  0.43003233
  0.43265107  0.43525774  0.43785232  0.44043479  0.44300514  0.44556336
  0.44810947  0.45064346  0.45316538  0.45567522  0.45817304  0.46065885
  0.4631327   0.46559463  0.4680447   0.47048294  0.47290943  0.47532421
  0.47772734  0.48011889  0.48249893  0.48486753  0.48722474  0.48957065
  0.49190533  0.49422885  0.4965413   0.49884274  0.50113326  0.50341294
  0.50568185  0.50794009  0.51018772  0.51242484  0.51465152  0.51686785
  0.51907391  0.52126979  0.52345557  0.52563133  0.52779716  0.52995313
  0.53209934  0.53423587  0.5363628   0.53848022  0.54058819  0.54268682
  0.54477618  0.54685635  0.54892741  0.55098944  0.55304253  0.55508675
  0.55712219  0.55914891  0.56116701  0.56317655  0.56517761  0.56717028
  0.56915462  0.57113071  0.57309863  0.57505845  0.57701024  0.57895408
  0.58089003  0.58281818  0.58473858  0.58665131  0.58855644  0.59045404
  0.59234417  0.59422691  0.59610232  0.59797046  0.59983141  0.60168522
  0.60353196  0.60537169  0.60720448  0.60903039  0.61084948  0.61266181
  0.61446744  0.61626643  0.61805884  0.61984472  0.62162415  0.62339716
  0.62516382  0.62692419  0.62867832  0.63042626  0.63216807  0.6339038
  0.6356335   0.63735723  0.63907504  0.64078698  0.6424931   0.64419345
  0.64588808  0.64757703  0.64926037  0.65093812  0.65261035  0.6542771
  0.65593841  0.65759433  0.6592449   0.66089018  0.66253019  0.664165
  0.66579464  0.66741915  0.66903858  0.67065296  0.67226234  0.67386677
  0.67546627  0.67706089  0.67865067  0.68023566  0.68181587  0.68339137
  0.68496217  0.68652833  0.68808988  0.68964685  0.69119928  0.6927472
  0.69429066  0.69582968  0.69736431  0.69889457  0.70042049  0.70194212
  0.70345949  0.70497262  0.70648156  0.70798633  0.70948696  0.71098348
  0.71247594  0.71396435  0.71544875  0.71692916  0.71840563  0.71987817
  0.72134682  0.7228116   0.72427254  0.72572968  0.72718303  0.72863263
  0.73007851  0.73152068  0.73295918  0.73439404  0.73582528]","[31.10748412 22.70204474 17.22248308 13.44340868 10.721447    8.69156017
  7.13339873  5.90685063  4.91852377  4.10304653  3.4116915   2.80424861
  2.24079203  1.66705011  0.96837671  0.30285834  1.65278209  6.36660734
  3.45559409  2.7229387   2.32165639  2.04444643  1.83081596  1.65612324
  1.50818924  1.38014278  1.26770564  1.16800167  1.07897582  0.99908657
  0.92713172  0.8621443   0.80332717  0.7500103   0.70162167  0.65766697
  0.61771472  0.58138537  0.54834287  0.51828812  0.49095373  0.46609985
  0.44351063  0.42299131  0.40436581  0.3874746   0.37217291  0.35832914
  0.34582353  0.33454695  0.32439984  0.31529128  0.30713814  0.29986441
  0.29340042  0.28768239  0.28265176  0.27825484  0.27444228  0.27116875
  0.26839254  0.26607529  0.26418167  0.26267913  0.26153768  0.26072964
  0.26022948  0.26001364  0.26006035  0.26034948  0.26086245  0.26158204
  0.26249235  0.26357865  0.26482728  0.26622562  0.26776196  0.26942543
  0.27120597  0.27309424  0.27508158  0.27715994  0.27932187  0.28156041
  0.28386914  0.28624207  0.28867364  0.29115869  0.2936924   0.29627031
  0.29888828  0.30154243  0.30422918  0.30694518  0.30968733  0.31245274
  0.31523872  0.31804277  0.32086256  0.32369594  0.32654088  0.32939551
  0.33225811  0.33512705  0.33800083  0.34087805  0.34375743  0.34663774
  0.34951789  0.35239683  0.3552736   0.35814731  0.36101714  0.36388232
  0.36674215  0.36959597  0.37244319  0.37528324  0.37811562  0.38093986
  0.38375552  0.3865622   0.38935955  0.39214723  0.39492493  0.39769239
  0.40044935  0.40319558  0.40593088  0.40865507  0.41136798  0.41406946
  0.4167594   0.41943767  0.42210417  0.42475883  0.42740157  0.43003233
  0.43265107  0.43525774  0.43785232  0.44043479  0.44300514  0.44556336
  0.44810947  0.45064346  0.45316538  0.45567522  0.45817304  0.46065885
  0.4631327   0.46559463  0.4680447   0.47048294  0.47290943  0.47532421
  0.47772734  0.48011889  0.48249893  0.48486753  0.48722474  0.48957065
  0.49190533  0.49422885  0.4965413   0.49884274  0.50113326  0.50341294
  0.50568185  0.50794009  0.51018772  0.51242484  0.51465152  0.51686785
  0.51907391  0.52126979  0.52345557  0.52563133  0.52779716  0.52995313
  0.53209934  0.53423587  0.5363628   0.53848022  0.54058819  0.54268682
  0.54477618  0.54685635  0.54892741  0.55098944  0.55304253  0.55508675
  0.55712219  0.55914891  0.56116701  0.56317655  0.56517761  0.56717028
  0.56915462  0.57113071  0.57309863  0.57505845  0.57701024  0.57895408
  0.58089003  0.58281818  0.58473858  0.58665131  0.58855644  0.59045404
  0.59234417  0.59422691  0.59610232  0.59797046  0.59983141  0.60168522
  0.60353196  0.60537169  0.60720448  0.60903039  0.61084948  0.61266181
  0.61446744  0.61626643  0.61805884  0.61984472  0.62162415  0.62339716
  0.62516382  0.62692419  0.62867832  0.63042626  0.63216807  0.6339038
  0.6356335   0.63735723  0.63907504  0.64078698  0.6424931   0.64419345
  0.64588808  0.64757703  0.64926037  0.65093812  0.65261035  0.6542771
  0.65593841  0.65759433  0.6592449   0.66089018  0.66253019  0.664165
  0.66579464  0.66741915  0.66903858  0.67065296  0.67226234  0.67386677
  0.67546627  0.67706089  0.67865067  0.68023566  0.68181587  0.68339137
  0.68496217  0.68652833  0.68808988  0.68964685  0.69119928  0.6927472
  0.69429066  0.69582968  0.69736431  0.69889457  0.70042049  0.70194212
  0.70345949  0.70497262  0.70648156  0.70798633  0.70948696  0.71098348
  0.71247594  0.71396435  0.71544875  0.71692916  0.71840563  0.71987817
  0.72134682  0.7228116   0.72427254  0.72572968  0.72718303  0.72863263
  0.73007851  0.73152068  0.73295918  0.73439404  0.73582528]","[0.00167224 0.00501672 0.0083612  0.01170569 0.01505017 0.01839465
 0.02173913 0.02508361 0.02842809 0.03177258 0.03511706 0.03846154
 0.04180602 0.0451505  0.04849498 0.05183946 0.05518395 0.05852843
 0.06187291 0.06521739 0.06856187 0.07190635 0.07525084 0.07859532
 0.0819398  0.08528428 0.08862876 0.09197324 0.09531773 0.09866221
 0.10200669 0.10535117 0.10869565 0.11204013 0.11538462 0.1187291
 0.12207358 0.12541806 0.12876254 0.13210702 0.13545151 0.13879599
 0.14214047 0.14548495 0.14882943 0.15217391 0.15551839 0.15886288
 0.16220736 0.16555184 0.16889632 0.1722408  0.17558528 0.17892977
 0.18227425 0.18561873 0.18896321 0.19230769 0.19565217 0.19899666
 0.20234114 0.20568562 0.2090301  0.21237458 0.21571906 0.21906355
 0.22240803 0.22575251 0.22909699 0.23244147 0.23578595 0.23913043
 0.24247492 0.2458194  0.24916388 0.25250836 0.25585284 0.25919732
 0.26254181 0.26588629 0.26923077 0.27257525 0.27591973 0.27926421
 0.2826087  0.28595318 0.28929766 0.29264214 0.29598662 0.2993311
 0.30267559 0.30602007 0.30936455 0.31270903 0.31605351 0.31939799
 0.32274247 0.32608696 0.32943144 0.33277592 0.3361204  0.33946488
 0.34280936 0.34615385 0.34949833 0.35284281 0.35618729 0.35953177
 0.36287625 0.36622074 0.36956522 0.3729097  0.37625418 0.37959866
 0.38294314 0.38628763 0.38963211 0.39297659 0.39632107 0.39966555
 0.40301003 0.40635452 0.409699   0.41304348 0.41638796 0.41973244
 0.42307692 0.4264214  0.42976589 0.43311037 0.43645485 0.43979933
 0.44314381 0.44648829 0.44983278 0.45317726 0.45652174 0.45986622
 0.4632107  0.46655518 0.46989967 0.47324415 0.47658863 0.47993311
 0.48327759 0.48662207 0.48996656 0.49331104 0.49665552 0.5
 0.50334448 0.50668896 0.51003344 0.51337793 0.51672241 0.52006689
 0.52341137 0.52675585 0.53010033 0.53344482 0.5367893  0.54013378
 0.54347826 0.54682274 0.55016722 0.55351171 0.55685619 0.56020067
 0.56354515 0.56688963 0.57023411 0.5735786  0.57692308 0.58026756
 0.58361204 0.58695652 0.590301   0.59364548 0.59698997 0.60033445
 0.60367893 0.60702341 0.61036789 0.61371237 0.61705686 0.62040134
 0.62374582 0.6270903  0.63043478 0.63377926 0.63712375 0.64046823
 0.64381271 0.64715719 0.65050167 0.65384615 0.65719064 0.66053512
 0.6638796  0.66722408 0.67056856 0.67391304 0.67725753 0.68060201
 0.68394649 0.68729097 0.69063545 0.69397993 0.69732441 0.7006689
 0.70401338 0.70735786 0.71070234 0.71404682 0.7173913  0.72073579
 0.72408027 0.72742475 0.73076923 0.73411371 0.73745819 0.74080268
 0.74414716 0.74749164 0.75083612 0.7541806  0.75752508 0.76086957
 0.76421405 0.76755853 0.77090301 0.77424749 0.77759197 0.78093645
 0.78428094 0.78762542 0.7909699  0.79431438 0.79765886 0.80100334
 0.80434783 0.80769231 0.81103679 0.81438127 0.81772575 0.82107023
 0.82441472 0.8277592  0.83110368 0.83444816 0.83779264 0.84113712
 0.84448161 0.84782609 0.85117057 0.85451505 0.85785953 0.86120401
 0.86454849 0.86789298 0.87123746 0.87458194 0.87792642 0.8812709
 0.88461538 0.88795987 0.89130435 0.89464883 0.89799331 0.90133779
 0.90468227 0.90802676 0.91137124 0.91471572 0.9180602  0.92140468
 0.92474916 0.92809365 0.93143813 0.93478261 0.93812709 0.94147157
 0.94481605 0.94816054 0.95150502 0.9548495  0.95819398 0.96153846
 0.96488294 0.96822742 0.97157191 0.97491639 0.97826087 0.98160535
 0.98494983 0.98829431 0.9916388  0.99498328 0.99832776]"
LPJ-GUESS,LAI,T,Equal-width bins,89.3742,0.0899,0.7902,0.8922,0.0,11701,724.8631,3.536,724.8631,3.536,3.536,1.0,204.9943,10,1.0154,1.001,0.4877,1.6294,1.0154,1.001,1.6294,0.8756,0.3063,0.3035,0.3661,0.3017,1.0,0.0,0.0,1,0,-0.6398,0.0824,1.3962,0.906,0.908,0.8029,1.3962,0.908,0.6489,0.6503,0.5751,0.6503,0.1584,0.5673,0.9059,1.0,0.3034,0.1932,0.0,1.0,1.0,1.0,1.0,0,9,False,False,0.0,0.0,0.0,0.0,0.0,0.0,normalized,"[1.3863697  1.9721456  2.6012573  3.15820935 3.8363327  4.533668
 5.1490271  5.7554137  6.32719575 6.943109  ]","[ 443.7263    568.231     663.68227   758.015875  834.05385   878.41648
  949.33325  1028.51195  1104.07705  1168.5894  ]","[0.         0.1054172  0.21863318 0.3188632  0.4408994  0.56639301
 0.67713405 0.78626039 0.88915923 1.        ]","[0.         0.17176305 0.30344484 0.43358473 0.53848451 0.5996859
 0.69752061 0.80675323 0.91100064 1.        ]","[1.6293646  1.16310247 1.2984124  0.85957915 0.4876853  0.88345483
 1.00097401 1.01310574 0.80294786]","[1.6293646  1.16310247 1.2984124  0.85957915 0.4876853  0.88345483
 1.00097401 1.01310574 0.80294786]","[0.0527086  0.16202519 0.26874819 0.3798813  0.5036462  0.62176353
 0.73169722 0.83770981 0.94457962]"
LPJ-GUESS,LAI,T,Equal-count bins,89.8733,0.0918,0.753,0.8737,0.0,10935,623.8072,3.043,623.8072,3.043,3.043,1.0,204.9943,10,1.0468,1.0394,0.4277,1.6882,1.0468,1.0394,1.6882,0.8361,0.3174,0.1834,0.0892,0.3032,1.0,0.0,0.0,1,0,-0.6383,0.1154,1.2942,0.8933,0.9829,0.9942,1.2942,0.9829,0.6902,0.7595,0.7682,0.7595,0.166,0.5569,0.9275,1.0,0.2938,0.145,0.0,1.0,1.0,1.0,1.0,0,9,False,False,0.0,0.0,0.0,0.0,0.0,0.0,normalized,"[1.5576707 2.125386  2.528814  2.8713136 3.1755257 3.6465523 4.420701
 5.0270905 5.5633345 6.2475437]","[ 472.926    600.40454  656.1813   708.8028   759.6059   826.1473
  870.1845   936.9482  1006.2553  1096.7332 ]","[0.         0.12105132 0.20707241 0.28010202 0.34496776 0.44540259
 0.61047075 0.73976839 0.85410923 1.        ]","[0.         0.20435567 0.29376913 0.37812452 0.45956491 0.56623473
 0.63682898 0.74385515 0.85495855 1.        ]","[1.6881739  1.03943646 1.15508476 1.25552229 1.06207992 0.42766726
 0.82775045 0.97168608 0.99417835]","[1.6881739  1.03943646 1.15508476 1.25552229 1.06207992 0.42766726
 0.82775045 0.97168608 0.99417835]","[0.06052566 0.16406186 0.24358721 0.31253489 0.39518518 0.52793667
 0.67511957 0.79693881 0.92705461]"
LPJ-GUESS,LAI,T,LOWESS,88.395,0.0889,0.814,0.9026,0.0,12149,849.1271,4.1422,849.1271,4.1422,4.1422,1.0,204.9943,12146,1.0483,1.0108,0.3479,1.5274,1.0483,1.0108,1.5274,0.9986,0.2885,0.3399,-0.4014,0.2752,1.0,0.0,0.0,1,0,-0.7791,0.0,1.3584,0.9472,0.885,0.7997,1.3584,0.885,0.6973,0.6515,0.5887,0.6515,0.2283,0.5542,0.8585,0.9488,0.3515,0.2111,0.0794,1.0,1.0,1.0,1.0,0,12145,False,False,0.0,0.0,0.0,0.0,0.0,0.0,normalized,[0.9757608 0.9819611 0.9845635 ... 7.3572264 7.368941  7.380135 ],"[ 362.94675304  364.20239267  364.72933676 ... 1209.7017417  1210.91523744
 1212.0738045 ]","[0.00000000e+00 9.68135185e-04 1.37448246e-03 ... 9.96422976e-01
 9.98252132e-01 1.00000000e+00]",[0.         0.00147874 0.00209931 ... 0.99720647 0.99863558 1.        ],[1.52741248 1.52719505 1.52710056 ... 0.78185283 0.78129459 0.7806204 ],[1.52741248 1.52719505 1.52710056 ... 0.78185283 0.78129459 0.7806204 ],"[4.84067592e-04 1.17130882e-03 1.46785146e-03 ... 9.95873711e-01
 9.97337554e-01 9.99126066e-01]"
LPJ-GUESS,LAI,T,Polynomial degree 3,89.0176,0.0895,0.8114,0.9026,0.0,12149,903.5221,4.4075,903.5221,4.4075,4.4075,1.0,204.9943,300,1.0,0.9111,0.7048,1.801,1.0,0.9111,1.801,0.9948,0.2874,0.4113,1.0139,0.2874,1.0,0.0,0.0,1,0,-0.514,0.0,1.398,0.7932,1.0129,1.1645,1.398,1.0129,0.5674,0.7245,0.833,0.7245,0.1887,0.5589,0.8644,0.9415,0.3471,0.2514,0.1133,1.0,1.0,1.0,1.0,0,299,False,False,0.0,0.0,0.0,0.0,0.0,0.0,normalized,"[0.9757608  0.99718011 1.01859942 1.04001874 1.06143805 1.08285736
 1.10427667 1.12569598 1.14711529 1.16853461 1.18995392 1.21137323
 1.23279254 1.25421185 1.27563116 1.29705048 1.31846979 1.3398891
 1.36130841 1.38272772 1.40414703 1.42556635 1.44698566 1.46840497
 1.48982428 1.51124359 1.5326629  1.55408222 1.57550153 1.59692084
 1.61834015 1.63975946 1.66117877 1.68259809 1.7040174  1.72543671
 1.74685602 1.76827533 1.78969464 1.81111396 1.83253327 1.85395258
 1.87537189 1.8967912  1.91821052 1.93962983 1.96104914 1.98246845
 2.00388776 2.02530707 2.04672639 2.0681457  2.08956501 2.11098432
 2.13240363 2.15382294 2.17524226 2.19666157 2.21808088 2.23950019
 2.2609195  2.28233881 2.30375813 2.32517744 2.34659675 2.36801606
 2.38943537 2.41085468 2.432274   2.45369331 2.47511262 2.49653193
 2.51795124 2.53937055 2.56078987 2.58220918 2.60362849 2.6250478
 2.64646711 2.66788642 2.68930574 2.71072505 2.73214436 2.75356367
 2.77498298 2.79640229 2.81782161 2.83924092 2.86066023 2.88207954
 2.90349885 2.92491817 2.94633748 2.96775679 2.9891761  3.01059541
 3.03201472 3.05343404 3.07485335 3.09627266 3.11769197 3.13911128
 3.16053059 3.18194991 3.20336922 3.22478853 3.24620784 3.26762715
 3.28904646 3.31046578 3.33188509 3.3533044  3.37472371 3.39614302
 3.41756233 3.43898165 3.46040096 3.48182027 3.50323958 3.52465889
 3.5460782  3.56749752 3.58891683 3.61033614 3.63175545 3.65317476
 3.67459407 3.69601339 3.7174327  3.73885201 3.76027132 3.78169063
 3.80310995 3.82452926 3.84594857 3.86736788 3.88878719 3.9102065
 3.93162582 3.95304513 3.97446444 3.99588375 4.01730306 4.03872237
 4.06014169 4.081561   4.10298031 4.12439962 4.14581893 4.16723824
 4.18865756 4.21007687 4.23149618 4.25291549 4.2743348  4.29575411
 4.31717343 4.33859274 4.36001205 4.38143136 4.40285067 4.42426998
 4.4456893  4.46710861 4.48852792 4.50994723 4.53136654 4.55278585
 4.57420517 4.59562448 4.61704379 4.6384631  4.65988241 4.68130173
 4.70272104 4.72414035 4.74555966 4.76697897 4.78839828 4.8098176
 4.83123691 4.85265622 4.87407553 4.89549484 4.91691415 4.93833347
 4.95975278 4.98117209 5.0025914  5.02401071 5.04543002 5.06684934
 5.08826865 5.10968796 5.13110727 5.15252658 5.17394589 5.19536521
 5.21678452 5.23820383 5.25962314 5.28104245 5.30246176 5.32388108
 5.34530039 5.3667197  5.38813901 5.40955832 5.43097763 5.45239695
 5.47381626 5.49523557 5.51665488 5.53807419 5.55949351 5.58091282
 5.60233213 5.62375144 5.64517075 5.66659006 5.68800938 5.70942869
 5.730848   5.75226731 5.77368662 5.79510593 5.81652525 5.83794456
 5.85936387 5.88078318 5.90220249 5.9236218  5.94504112 5.96646043
 5.98787974 6.00929905 6.03071836 6.05213767 6.07355699 6.0949763
 6.11639561 6.13781492 6.15923423 6.18065354 6.20207286 6.22349217
 6.24491148 6.26633079 6.2877501  6.30916941 6.33058873 6.35200804
 6.37342735 6.39484666 6.41626597 6.43768528 6.4591046  6.48052391
 6.50194322 6.52336253 6.54478184 6.56620116 6.58762047 6.60903978
 6.63045909 6.6518784  6.67329771 6.69471703 6.71613634 6.73755565
 6.75897496 6.78039427 6.80181358 6.8232329  6.84465221 6.86607152
 6.88749083 6.90891014 6.93032945 6.95174877 6.97316808 6.99458739
 7.0160067  7.03742601 7.05884532 7.08026464 7.10168395 7.12310326
 7.14452257 7.16594188 7.18736119 7.20878051 7.23019982 7.25161913
 7.27303844 7.29445775 7.31587706 7.33729638 7.35871569 7.380135  ]","[ 344.74135852  350.1834968   355.58729373  360.95297251  366.28075636
  371.57086847  376.82353207  382.03897035  387.21740653  392.3590638
  397.46416539  402.53293449  407.56559432  412.56236808  417.52347898
  422.44915023  427.33960504  432.1950666   437.01575814  441.80190286
  446.55372396  451.27144465  455.95528815  460.60547766  465.22223638
  469.80578753  474.3563543   478.87415992  483.35942759  487.81238051
  492.23324189  496.62223495  500.97958288  505.30550889  509.6002362
  513.86398801  518.09698753  522.29945797  526.47162253  530.61370442
  534.72592685  538.80851303  542.86168616  546.88566945  550.88068612
  554.84695936  558.78471238  562.6941684   566.57555062  570.42908225
  574.25498649  578.05348656  581.82480566  585.56916699  589.28679378
  592.97790921  596.64273651  600.28149888  603.89441953  607.48172166
  611.04362848  614.5803632   618.09214903  621.57920918  625.04176685
  628.48004525  631.89426759  635.28465707  638.65143691  641.99483031
  645.31506048  648.61235062  651.88692395  655.13900367  658.36881299
  661.57657512  664.76251326  667.92685063  671.06981042  674.19161586
  677.29249014  680.37265647  683.43233806  686.47175813  689.49113986
  692.49070649  695.4706812   698.43128721  701.37274773  704.29528597
  707.19912513  710.08448841  712.95159904  715.80068021  718.63195513
  721.44564701  724.24197906  727.02117449  729.7834565   732.5290483
  735.2581731   737.97105411  740.66791453  743.34897757  746.01446645
  748.66460435  751.29961451  753.91972012  756.52514438  759.11611052
  761.69284173  764.25556122  766.8044922   769.33985789  771.86188147
  774.37078618  776.8667952   779.35013175  781.82101904  784.27968027
  786.72633866  789.16121741  791.58453972  793.99652881  796.39740788
  798.78740014  801.1667288   803.53561706  805.89428814  808.24296524
  810.58187156  812.91123033  815.23126473  817.54219799  819.84425331
  822.1376539   824.42262296  826.6993837   828.96815933  831.22917306
  833.48264809  835.72880764  837.96787491  840.20007311  842.42562544
  844.64475512  846.85768534  849.06463933  851.26584028  853.46151141
  855.65187592  857.83715702  860.01757791  862.19336181  864.36473192
  866.53191146  868.69512362  870.85459161  873.01053865  875.16318794
  877.31276269  879.45948611  881.60358139  883.74527176  885.88478042
  888.02233058  890.15814544  892.29244821  894.4254621   896.55741032
  898.68851608  900.81900257  902.94909302  905.07901063  907.2089786
  909.33922014  911.46995847  913.60141678  915.73381829  917.86738621
  920.00234373  922.13891408  924.27732045  926.41778606  928.56053411
  930.70578781  932.85377036  935.00470499  937.15881488  939.31632326
  941.47745332  943.64242828  945.81147134  947.98480572  950.16265461
  952.34524123  954.53278879  956.72552049  958.92365953  961.12742913
  963.3370525   965.55275284  967.77475336  970.00327727  972.23854778
  974.48078808  976.7302214   978.98707094  981.2515599   983.5239115
  985.80434894  988.09309543  990.39037417  992.69640838  995.01142126
  997.33563602  999.66927587 1002.01256401 1004.36572366 1006.72897801
 1009.10255029 1011.48666369 1013.88154142 1016.28740669 1018.70448272
 1021.1329927  1023.57315984 1026.02520736 1028.48935845 1030.96583633
 1033.45486421 1035.95666529 1038.47146278 1040.99947988 1043.54093982
 1046.09606578 1048.66508099 1051.24820864 1053.84567195 1056.45769412
 1059.08449837 1061.72630789 1064.3833459  1067.05583561 1069.74400021
 1072.44806293 1075.16824696 1077.90477552 1080.65787181 1083.42775904
 1086.21466042 1089.01879916 1091.84039845 1094.67968152 1097.53687157
 1100.4121918  1103.30586543 1106.21811566 1109.1491657  1112.09923875
 1115.06855803 1118.05734674 1121.06582809 1124.09422529 1127.14276155
 1130.21166006 1133.30114405 1136.41143672 1139.54276127 1142.69534091
 1145.86939886 1149.06515831 1152.28284248 1155.52267458 1158.7848778
 1162.06967537 1165.37729048 1168.70794635 1172.06186618 1175.43927318
 1178.84039056 1182.26544152 1185.71464928 1189.18823704 1192.686428
 1196.20944538 1199.75751239 1203.33085223 1206.9296881  1210.55424322
 1214.2047408  1217.88140404 1221.58445615 1225.31412033 1229.0706198
 1232.85417777 1236.66501743 1240.503362   1244.36943469 1248.2634587 ]","[0.         0.00334448 0.00668896 0.01003344 0.01337793 0.01672241
 0.02006689 0.02341137 0.02675585 0.03010033 0.03344482 0.0367893
 0.04013378 0.04347826 0.04682274 0.05016722 0.05351171 0.05685619
 0.06020067 0.06354515 0.06688963 0.07023411 0.0735786  0.07692308
 0.08026756 0.08361204 0.08695652 0.090301   0.09364548 0.09698997
 0.10033445 0.10367893 0.10702341 0.11036789 0.11371237 0.11705686
 0.12040134 0.12374582 0.1270903  0.13043478 0.13377926 0.13712375
 0.14046823 0.14381271 0.14715719 0.15050167 0.15384615 0.15719064
 0.16053512 0.1638796  0.16722408 0.17056856 0.17391304 0.17725753
 0.18060201 0.18394649 0.18729097 0.19063545 0.19397993 0.19732441
 0.2006689  0.20401338 0.20735786 0.21070234 0.21404682 0.2173913
 0.22073579 0.22408027 0.22742475 0.23076923 0.23411371 0.23745819
 0.24080268 0.24414716 0.24749164 0.25083612 0.2541806  0.25752508
 0.26086957 0.26421405 0.26755853 0.27090301 0.27424749 0.27759197
 0.28093645 0.28428094 0.28762542 0.2909699  0.29431438 0.29765886
 0.30100334 0.30434783 0.30769231 0.31103679 0.31438127 0.31772575
 0.32107023 0.32441472 0.3277592  0.33110368 0.33444816 0.33779264
 0.34113712 0.34448161 0.34782609 0.35117057 0.35451505 0.35785953
 0.36120401 0.36454849 0.36789298 0.37123746 0.37458194 0.37792642
 0.3812709  0.38461538 0.38795987 0.39130435 0.39464883 0.39799331
 0.40133779 0.40468227 0.40802676 0.41137124 0.41471572 0.4180602
 0.42140468 0.42474916 0.42809365 0.43143813 0.43478261 0.43812709
 0.44147157 0.44481605 0.44816054 0.45150502 0.4548495  0.45819398
 0.46153846 0.46488294 0.46822742 0.47157191 0.47491639 0.47826087
 0.48160535 0.48494983 0.48829431 0.4916388  0.49498328 0.49832776
 0.50167224 0.50501672 0.5083612  0.51170569 0.51505017 0.51839465
 0.52173913 0.52508361 0.52842809 0.53177258 0.53511706 0.53846154
 0.54180602 0.5451505  0.54849498 0.55183946 0.55518395 0.55852843
 0.56187291 0.56521739 0.56856187 0.57190635 0.57525084 0.57859532
 0.5819398  0.58528428 0.58862876 0.59197324 0.59531773 0.59866221
 0.60200669 0.60535117 0.60869565 0.61204013 0.61538462 0.6187291
 0.62207358 0.62541806 0.62876254 0.63210702 0.63545151 0.63879599
 0.64214047 0.64548495 0.64882943 0.65217391 0.65551839 0.65886288
 0.66220736 0.66555184 0.66889632 0.6722408  0.67558528 0.67892977
 0.68227425 0.68561873 0.68896321 0.69230769 0.69565217 0.69899666
 0.70234114 0.70568562 0.7090301  0.71237458 0.71571906 0.71906355
 0.72240803 0.72575251 0.72909699 0.73244147 0.73578595 0.73913043
 0.74247492 0.7458194  0.74916388 0.75250836 0.75585284 0.75919732
 0.76254181 0.76588629 0.76923077 0.77257525 0.77591973 0.77926421
 0.7826087  0.78595318 0.78929766 0.79264214 0.79598662 0.7993311
 0.80267559 0.80602007 0.80936455 0.81270903 0.81605351 0.81939799
 0.82274247 0.82608696 0.82943144 0.83277592 0.8361204  0.83946488
 0.84280936 0.84615385 0.84949833 0.85284281 0.85618729 0.85953177
 0.86287625 0.86622074 0.86956522 0.8729097  0.87625418 0.87959866
 0.88294314 0.88628763 0.88963211 0.89297659 0.89632107 0.89966555
 0.90301003 0.90635452 0.909699   0.91304348 0.91638796 0.91973244
 0.92307692 0.9264214  0.92976589 0.93311037 0.93645485 0.93979933
 0.94314381 0.94648829 0.94983278 0.95317726 0.95652174 0.95986622
 0.9632107  0.96655518 0.96989967 0.97324415 0.97658863 0.97993311
 0.98327759 0.98662207 0.98996656 0.99331104 0.99665552 1.        ]","[0.         0.00602325 0.01200406 0.01794269 0.02383937 0.02969436
 0.0355079  0.04128024 0.04701163 0.05270231 0.05835254 0.06396255
 0.06953259 0.07506292 0.08055378 0.08600541 0.09141807 0.096792
 0.10212744 0.10742465 0.11268387 0.11790535 0.12308933 0.12823607
 0.1333458  0.13841878 0.14345526 0.14845547 0.15341968 0.15834812
 0.16324104 0.16809868 0.17292131 0.17770916 0.18246247 0.18718151
 0.19186651 0.19651772 0.20113538 0.20571976 0.21027108 0.2147896
 0.21927557 0.22372924 0.22815084 0.23254063 0.23689886 0.24122577
 0.2455216  0.24978661 0.25402104 0.25822515 0.26239917 0.26654335
 0.27065795 0.2747432  0.27879935 0.28282666 0.28682537 0.29079572
 0.29473797 0.29865236 0.30253913 0.30639854 0.31023083 0.31403624
 0.31781504 0.32156745 0.32529373 0.32899413 0.3326689  0.33631827
 0.3399425  0.34354184 0.34711653 0.35066681 0.35419295 0.35769517
 0.36117374 0.36462889 0.36806087 0.37146994 0.37485633 0.3782203
 0.38156209 0.38488195 0.38818013 0.39145686 0.39471241 0.39794702
 0.40116093 0.40435439 0.40752765 0.41068096 0.41381456 0.41692869
 0.42002362 0.42309957 0.42615681 0.42919558 0.43221612 0.43521868
 0.43820351 0.44117086 0.44412097 0.44705409 0.44997046 0.45287034
 0.45575397 0.4586216  0.46147347 0.46430984 0.46713095 0.46993704
 0.47272836 0.47550517 0.4782677  0.48101621 0.48375093 0.48647213
 0.48918004 0.49187492 0.494557   0.49722654 0.49988379 0.50252898
 0.50516238 0.50778421 0.51039474 0.51299421 0.51558287 0.51816095
 0.52072872 0.52328641 0.52583428 0.52837257 0.53090153 0.5334214
 0.53593244 0.53843488 0.54092898 0.54341499 0.54589314 0.54836369
 0.55082689 0.55328298 0.5557322  0.55817481 0.56061106 0.56304118
 0.56546543 0.56788406 0.57029731 0.57270542 0.57510865 0.57750724
 0.57990144 0.58229149 0.58467765 0.58706016 0.58943927 0.59181522
 0.59418826 0.59655864 0.5989266  0.6012924  0.60365628 0.60601848
 0.60837926 0.61073885 0.61309752 0.6154555  0.61781304 0.62017039
 0.62252779 0.6248855  0.62724376 0.62960282 0.63196291 0.6343243
 0.63668723 0.63905195 0.64141869 0.64378771 0.64615926 0.64853359
 0.65091093 0.65329154 0.65567567 0.65806355 0.66045545 0.6628516
 0.66525225 0.66765766 0.67006805 0.6724837  0.67490483 0.6773317
 0.67976456 0.68220365 0.68464921 0.6871015  0.68956077 0.69202725
 0.69450121 0.69698287 0.6994725  0.70197034 0.70447663 0.70699162
 0.70951556 0.7120487  0.71459128 0.71714355 0.71970576 0.72227816
 0.72486098 0.72745449 0.73005892 0.73267452 0.73530154 0.73794023
 0.74059083 0.74325359 0.74592876 0.74861659 0.75131732 0.75403119
 0.75675847 0.75949938 0.76225419 0.76502313 0.76780646 0.77060442
 0.77341725 0.77624522 0.77908855 0.7819475  0.78482232 0.78771326
 0.79062055 0.79354445 0.79648521 0.79944307 0.80241827 0.80541107
 0.80842172 0.81145045 0.81449752 0.81756318 0.82064767 0.82375123
 0.82687412 0.83001658 0.83317886 0.83636121 0.83956387 0.84278709
 0.84603111 0.84929619 0.85258258 0.85589051 0.85922023 0.862572
 0.86594606 0.86934266 0.87276203 0.87620444 0.87967013 0.88315934
 0.88667232 0.89020933 0.89377059 0.89735637 0.90096692 0.90460246
 0.90826326 0.91194957 0.91566162 0.91939966 0.92316395 0.92695473
 0.93077224 0.93461674 0.93848847 0.94238767 0.9463146  0.9502695
 0.95425262 0.9582642  0.9623045  0.96637376 0.97047222 0.97460014
 0.97875775 0.98294532 0.98716308 0.99141128 0.99569017 1.        ]","[1.80095135 1.78826315 1.77564883 1.76310836 1.75064176 1.73824903
 1.72593016 1.71368516 1.70151403 1.68941675 1.67739335 1.66544381
 1.65356814 1.64176633 1.63003838 1.61838431 1.60680409 1.59529775
 1.58386526 1.57250665 1.5612219  1.55001101 1.53887399 1.52781084
 1.51682155 1.50590613 1.49506457 1.48429688 1.47360305 1.46298309
 1.45243699 1.44196476 1.4315664  1.4212419  1.41099127 1.4008145
 1.39071159 1.38068256 1.37072738 1.36084608 1.35103864 1.34130506
 1.33164535 1.32205951 1.31254753 1.30310941 1.29374517 1.28445478
 1.27523827 1.26609561 1.25702683 1.24803191 1.23911085 1.23026366
 1.22149034 1.21279088 1.20416529 1.19561356 1.1871357  1.1787317
 1.17040157 1.1621453  1.1539629  1.14585437 1.1378197  1.12985889
 1.12197195 1.11415888 1.10641967 1.09875433 1.09116285 1.08364524
 1.0762015  1.06883162 1.0615356  1.05431345 1.04716517 1.04009075
 1.0330902  1.02616351 1.01931069 1.01253173 1.00582664 0.99919541
 0.99263805 0.98615456 0.97974493 0.97340917 0.96714727 0.96095924
 0.95484507 0.94880477 0.94283833 0.93694576 0.93112706 0.92538222
 0.91971124 0.91411413 0.90859089 0.90314151 0.897766   0.89246435
 0.88723657 0.88208265 0.8770026  0.87199642 0.8670641  0.86220565
 0.85742106 0.85271033 0.84807348 0.84351048 0.83902136 0.8346061
 0.8302647  0.82599717 0.82180351 0.81768371 0.81363777 0.8096657
 0.8057675  0.80194316 0.79819269 0.79451609 0.79091334 0.78738447
 0.78392946 0.78054831 0.77724104 0.77400762 0.77084807 0.76776239
 0.76475057 0.76181262 0.75894854 0.75615832 0.75344196 0.75079947
 0.74823085 0.74573609 0.74331519 0.74096817 0.738695   0.73649571
 0.73437027 0.73231871 0.73034101 0.72843717 0.7266072  0.7248511
 0.72316886 0.72156049 0.72002598 0.71856534 0.71717856 0.71586565
 0.7146266  0.71346142 0.71237011 0.71135266 0.71040908 0.70953936
 0.70874351 0.70802152 0.7073734  0.70679914 0.70629875 0.70587222
 0.70551956 0.70524077 0.70503584 0.70490478 0.70484758 0.70486425
 0.70495478 0.70511918 0.70535744 0.70566957 0.70605556 0.70651542
 0.70704915 0.70765674 0.7083382  0.70909352 0.70992271 0.71082576
 0.71180268 0.71285346 0.71397811 0.71517663 0.71644901 0.71779525
 0.71921537 0.72070934 0.72227719 0.72391889 0.72563447 0.72742391
 0.72928721 0.73122438 0.73323541 0.73532032 0.73747908 0.73971171
 0.74201821 0.74439857 0.7468528  0.74938089 0.75198285 0.75465868
 0.75740837 0.76023192 0.76312934 0.76610063 0.76914578 0.7722648
 0.77545768 0.77872443 0.78206505 0.78547952 0.78896787 0.79253008
 0.79616616 0.7998761  0.8036599  0.80751758 0.81144911 0.81545452
 0.81953379 0.82368692 0.82791392 0.83221478 0.83658951 0.84103811
 0.84556057 0.8501569  0.85482709 0.85957115 0.86438907 0.86928086
 0.87424652 0.87928604 0.88439942 0.88958667 0.89484779 0.90018277
 0.90559162 0.91107433 0.91663091 0.92226135 0.92796566 0.93374383
 0.93959587 0.94552178 0.95152155 0.95759519 0.96374269 0.96996406
 0.97625929 0.98262839 0.98907135 0.99558818 1.00217888 1.00884344
 1.01558186 1.02239415 1.02928031 1.03624033 1.04327422 1.05038197
 1.05756359 1.06481908 1.07214842 1.07955164 1.08702872 1.09457967
 1.10220448 1.10990315 1.1176757  1.1255221  1.13344238 1.14143652
 1.14950452 1.15764639 1.16586213 1.17415173 1.18251519 1.19095253
 1.19946372 1.20804879 1.21670771 1.22544051 1.23424717 1.24312769
 1.25208208 1.26111034 1.27021246 1.27938844 1.2886383 ]","[1.80095135 1.78826315 1.77564883 1.76310836 1.75064176 1.73824903
 1.72593016 1.71368516 1.70151403 1.68941675 1.67739335 1.66544381
 1.65356814 1.64176633 1.63003838 1.61838431 1.60680409 1.59529775
 1.58386526 1.57250665 1.5612219  1.55001101 1.53887399 1.52781084
 1.51682155 1.50590613 1.49506457 1.48429688 1.47360305 1.46298309
 1.45243699 1.44196476 1.4315664  1.4212419  1.41099127 1.4008145
 1.39071159 1.38068256 1.37072738 1.36084608 1.35103864 1.34130506
 1.33164535 1.32205951 1.31254753 1.30310941 1.29374517 1.28445478
 1.27523827 1.26609561 1.25702683 1.24803191 1.23911085 1.23026366
 1.22149034 1.21279088 1.20416529 1.19561356 1.1871357  1.1787317
 1.17040157 1.1621453  1.1539629  1.14585437 1.1378197  1.12985889
 1.12197195 1.11415888 1.10641967 1.09875433 1.09116285 1.08364524
 1.0762015  1.06883162 1.0615356  1.05431345 1.04716517 1.04009075
 1.0330902  1.02616351 1.01931069 1.01253173 1.00582664 0.99919541
 0.99263805 0.98615456 0.97974493 0.97340917 0.96714727 0.96095924
 0.95484507 0.94880477 0.94283833 0.93694576 0.93112706 0.92538222
 0.91971124 0.91411413 0.90859089 0.90314151 0.897766   0.89246435
 0.88723657 0.88208265 0.8770026  0.87199642 0.8670641  0.86220565
 0.85742106 0.85271033 0.84807348 0.84351048 0.83902136 0.8346061
 0.8302647  0.82599717 0.82180351 0.81768371 0.81363777 0.8096657
 0.8057675  0.80194316 0.79819269 0.79451609 0.79091334 0.78738447
 0.78392946 0.78054831 0.77724104 0.77400762 0.77084807 0.76776239
 0.76475057 0.76181262 0.75894854 0.75615832 0.75344196 0.75079947
 0.74823085 0.74573609 0.74331519 0.74096817 0.738695   0.73649571
 0.73437027 0.73231871 0.73034101 0.72843717 0.7266072  0.7248511
 0.72316886 0.72156049 0.72002598 0.71856534 0.71717856 0.71586565
 0.7146266  0.71346142 0.71237011 0.71135266 0.71040908 0.70953936
 0.70874351 0.70802152 0.7073734  0.70679914 0.70629875 0.70587222
 0.70551956 0.70524077 0.70503584 0.70490478 0.70484758 0.70486425
 0.70495478 0.70511918 0.70535744 0.70566957 0.70605556 0.70651542
 0.70704915 0.70765674 0.7083382  0.70909352 0.70992271 0.71082576
 0.71180268 0.71285346 0.71397811 0.71517663 0.71644901 0.71779525
 0.71921537 0.72070934 0.72227719 0.72391889 0.72563447 0.72742391
 0.72928721 0.73122438 0.73323541 0.73532032 0.73747908 0.73971171
 0.74201821 0.74439857 0.7468528  0.74938089 0.75198285 0.75465868
 0.75740837 0.76023192 0.76312934 0.76610063 0.76914578 0.7722648
 0.77545768 0.77872443 0.78206505 0.78547952 0.78896787 0.79253008
 0.79616616 0.7998761  0.8036599  0.80751758 0.81144911 0.81545452
 0.81953379 0.82368692 0.82791392 0.83221478 0.83658951 0.84103811
 0.84556057 0.8501569  0.85482709 0.85957115 0.86438907 0.86928086
 0.87424652 0.87928604 0.88439942 0.88958667 0.89484779 0.90018277
 0.90559162 0.91107433 0.91663091 0.92226135 0.92796566 0.93374383
 0.93959587 0.94552178 0.95152155 0.95759519 0.96374269 0.96996406
 0.97625929 0.98262839 0.98907135 0.99558818 1.00217888 1.00884344
 1.01558186 1.02239415 1.02928031 1.03624033 1.04327422 1.05038197
 1.05756359 1.06481908 1.07214842 1.07955164 1.08702872 1.09457967
 1.10220448 1.10990315 1.1176757  1.1255221  1.13344238 1.14143652
 1.14950452 1.15764639 1.16586213 1.17415173 1.18251519 1.19095253
 1.19946372 1.20804879 1.21670771 1.22544051 1.23424717 1.24312769
 1.25208208 1.26111034 1.27021246 1.27938844 1.2886383 ]","[0.00167224 0.00501672 0.0083612  0.01170569 0.01505017 0.01839465
 0.02173913 0.02508361 0.02842809 0.03177258 0.03511706 0.03846154
 0.04180602 0.0451505  0.04849498 0.05183946 0.05518395 0.05852843
 0.06187291 0.06521739 0.06856187 0.07190635 0.07525084 0.07859532
 0.0819398  0.08528428 0.08862876 0.09197324 0.09531773 0.09866221
 0.10200669 0.10535117 0.10869565 0.11204013 0.11538462 0.1187291
 0.12207358 0.12541806 0.12876254 0.13210702 0.13545151 0.13879599
 0.14214047 0.14548495 0.14882943 0.15217391 0.15551839 0.15886288
 0.16220736 0.16555184 0.16889632 0.1722408  0.17558528 0.17892977
 0.18227425 0.18561873 0.18896321 0.19230769 0.19565217 0.19899666
 0.20234114 0.20568562 0.2090301  0.21237458 0.21571906 0.21906355
 0.22240803 0.22575251 0.22909699 0.23244147 0.23578595 0.23913043
 0.24247492 0.2458194  0.24916388 0.25250836 0.25585284 0.25919732
 0.26254181 0.26588629 0.26923077 0.27257525 0.27591973 0.27926421
 0.2826087  0.28595318 0.28929766 0.29264214 0.29598662 0.2993311
 0.30267559 0.30602007 0.30936455 0.31270903 0.31605351 0.31939799
 0.32274247 0.32608696 0.32943144 0.33277592 0.3361204  0.33946488
 0.34280936 0.34615385 0.34949833 0.35284281 0.35618729 0.35953177
 0.36287625 0.36622074 0.36956522 0.3729097  0.37625418 0.37959866
 0.38294314 0.38628763 0.38963211 0.39297659 0.39632107 0.39966555
 0.40301003 0.40635452 0.409699   0.41304348 0.41638796 0.41973244
 0.42307692 0.4264214  0.42976589 0.43311037 0.43645485 0.43979933
 0.44314381 0.44648829 0.44983278 0.45317726 0.45652174 0.45986622
 0.4632107  0.46655518 0.46989967 0.47324415 0.47658863 0.47993311
 0.48327759 0.48662207 0.48996656 0.49331104 0.49665552 0.5
 0.50334448 0.50668896 0.51003344 0.51337793 0.51672241 0.52006689
 0.52341137 0.52675585 0.53010033 0.53344482 0.5367893  0.54013378
 0.54347826 0.54682274 0.55016722 0.55351171 0.55685619 0.56020067
 0.56354515 0.56688963 0.57023411 0.5735786  0.57692308 0.58026756
 0.58361204 0.58695652 0.590301   0.59364548 0.59698997 0.60033445
 0.60367893 0.60702341 0.61036789 0.61371237 0.61705686 0.62040134
 0.62374582 0.6270903  0.63043478 0.63377926 0.63712375 0.64046823
 0.64381271 0.64715719 0.65050167 0.65384615 0.65719064 0.66053512
 0.6638796  0.66722408 0.67056856 0.67391304 0.67725753 0.68060201
 0.68394649 0.68729097 0.69063545 0.69397993 0.69732441 0.7006689
 0.70401338 0.70735786 0.71070234 0.71404682 0.7173913  0.72073579
 0.72408027 0.72742475 0.73076923 0.73411371 0.73745819 0.74080268
 0.74414716 0.74749164 0.75083612 0.7541806  0.75752508 0.76086957
 0.76421405 0.76755853 0.77090301 0.77424749 0.77759197 0.78093645
 0.78428094 0.78762542 0.7909699  0.79431438 0.79765886 0.80100334
 0.80434783 0.80769231 0.81103679 0.81438127 0.81772575 0.82107023
 0.82441472 0.8277592  0.83110368 0.83444816 0.83779264 0.84113712
 0.84448161 0.84782609 0.85117057 0.85451505 0.85785953 0.86120401
 0.86454849 0.86789298 0.87123746 0.87458194 0.87792642 0.8812709
 0.88461538 0.88795987 0.89130435 0.89464883 0.89799331 0.90133779
 0.90468227 0.90802676 0.91137124 0.91471572 0.9180602  0.92140468
 0.92474916 0.92809365 0.93143813 0.93478261 0.93812709 0.94147157
 0.94481605 0.94816054 0.95150502 0.9548495  0.95819398 0.96153846
 0.96488294 0.96822742 0.97157191 0.97491639 0.97826087 0.98160535
 0.98494983 0.98829431 0.9916388  0.99498328 0.99832776]"
LPJ-GUESS,LAI,T,GAM,88.2463,0.0887,0.8147,0.9026,0.0,12149,805.5009,3.9294,805.5009,3.9294,3.9294,1.0,204.9943,300,1.0,1.0509,0.1122,1.6943,1.0,1.0509,1.6943,0.997,0.4076,0.5646,-0.3535,0.4076,1.0,0.0,0.0,1,0,-1.0421,0.0,1.484,0.9284,0.6583,0.3487,1.484,0.6583,0.6256,0.4436,0.235,0.4436,0.1928,0.6075,0.9384,0.9873,0.3679,0.1619,0.033,1.0,1.0,1.0,1.0,0,299,False,False,0.0,0.0,0.0,0.0,0.0,0.0,normalized,"[0.9757608  0.99718011 1.01859942 1.04001874 1.06143805 1.08285736
 1.10427667 1.12569598 1.14711529 1.16853461 1.18995392 1.21137323
 1.23279254 1.25421185 1.27563116 1.29705048 1.31846979 1.3398891
 1.36130841 1.38272772 1.40414703 1.42556635 1.44698566 1.46840497
 1.48982428 1.51124359 1.5326629  1.55408222 1.57550153 1.59692084
 1.61834015 1.63975946 1.66117877 1.68259809 1.7040174  1.72543671
 1.74685602 1.76827533 1.78969464 1.81111396 1.83253327 1.85395258
 1.87537189 1.8967912  1.91821052 1.93962983 1.96104914 1.98246845
 2.00388776 2.02530707 2.04672639 2.0681457  2.08956501 2.11098432
 2.13240363 2.15382294 2.17524226 2.19666157 2.21808088 2.23950019
 2.2609195  2.28233881 2.30375813 2.32517744 2.34659675 2.36801606
 2.38943537 2.41085468 2.432274   2.45369331 2.47511262 2.49653193
 2.51795124 2.53937055 2.56078987 2.58220918 2.60362849 2.6250478
 2.64646711 2.66788642 2.68930574 2.71072505 2.73214436 2.75356367
 2.77498298 2.79640229 2.81782161 2.83924092 2.86066023 2.88207954
 2.90349885 2.92491817 2.94633748 2.96775679 2.9891761  3.01059541
 3.03201472 3.05343404 3.07485335 3.09627266 3.11769197 3.13911128
 3.16053059 3.18194991 3.20336922 3.22478853 3.24620784 3.26762715
 3.28904646 3.31046578 3.33188509 3.3533044  3.37472371 3.39614302
 3.41756233 3.43898165 3.46040096 3.48182027 3.50323958 3.52465889
 3.5460782  3.56749752 3.58891683 3.61033614 3.63175545 3.65317476
 3.67459407 3.69601339 3.7174327  3.73885201 3.76027132 3.78169063
 3.80310995 3.82452926 3.84594857 3.86736788 3.88878719 3.9102065
 3.93162582 3.95304513 3.97446444 3.99588375 4.01730306 4.03872237
 4.06014169 4.081561   4.10298031 4.12439962 4.14581893 4.16723824
 4.18865756 4.21007687 4.23149618 4.25291549 4.2743348  4.29575411
 4.31717343 4.33859274 4.36001205 4.38143136 4.40285067 4.42426998
 4.4456893  4.46710861 4.48852792 4.50994723 4.53136654 4.55278585
 4.57420517 4.59562448 4.61704379 4.6384631  4.65988241 4.68130173
 4.70272104 4.72414035 4.74555966 4.76697897 4.78839828 4.8098176
 4.83123691 4.85265622 4.87407553 4.89549484 4.91691415 4.93833347
 4.95975278 4.98117209 5.0025914  5.02401071 5.04543002 5.06684934
 5.08826865 5.10968796 5.13110727 5.15252658 5.17394589 5.19536521
 5.21678452 5.23820383 5.25962314 5.28104245 5.30246176 5.32388108
 5.34530039 5.3667197  5.38813901 5.40955832 5.43097763 5.45239695
 5.47381626 5.49523557 5.51665488 5.53807419 5.55949351 5.58091282
 5.60233213 5.62375144 5.64517075 5.66659006 5.68800938 5.70942869
 5.730848   5.75226731 5.77368662 5.79510593 5.81652525 5.83794456
 5.85936387 5.88078318 5.90220249 5.9236218  5.94504112 5.96646043
 5.98787974 6.00929905 6.03071836 6.05213767 6.07355699 6.0949763
 6.11639561 6.13781492 6.15923423 6.18065354 6.20207286 6.22349217
 6.24491148 6.26633079 6.2877501  6.30916941 6.33058873 6.35200804
 6.37342735 6.39484666 6.41626597 6.43768528 6.4591046  6.48052391
 6.50194322 6.52336253 6.54478184 6.56620116 6.58762047 6.60903978
 6.63045909 6.6518784  6.67329771 6.69471703 6.71613634 6.73755565
 6.75897496 6.78039427 6.80181358 6.8232329  6.84465221 6.86607152
 6.88749083 6.90891014 6.93032945 6.95174877 6.97316808 6.99458739
 7.0160067  7.03742601 7.05884532 7.08026464 7.10168395 7.12310326
 7.14452257 7.16594188 7.18736119 7.20878051 7.23019982 7.25161913
 7.27303844 7.29445775 7.31587706 7.33729638 7.35871569 7.380135  ]","[ 359.33105317  363.89559374  368.44788372  372.98773106  377.51494371
  382.02932962  386.53069672  391.01885298  395.49360633  399.95476471
  404.40213609  408.83552839  413.25474958  417.65960759  422.04991038
  426.42546588  430.78608205  435.13156682  439.46172816  443.776374
  448.07531229  452.35835097  456.625298    460.87596132  465.11014887
  469.32766861  473.52832847  477.71193641  481.87830037  486.0272283
  490.15852814  494.27200785  498.36747536  502.44473862  506.50363432
  510.54422741  514.56669169  518.57120162  522.55793166  526.52705629
  530.47874998  534.41318718  538.33054237  542.23099001  546.11470458
  549.98186053  553.83263234  557.66719446  561.48572138  565.28838755
  569.07536745  572.84683553  576.60296628  580.34393414  584.0699136
  587.78107911  591.47760515  595.15966618  598.82743667  602.48109109
  606.12080389  609.74674956  613.35910256  616.95803735  620.5437284
  624.11635017  627.67607715  631.22308465  634.75756367  638.2797187
  641.78975469  645.2878766   648.77428938  652.24919796  655.71280732
  659.16532238  662.60694811  666.03788946  669.45835137  672.8685388
  676.26865669  679.65891     683.03950367  686.41064266  689.77253191
  693.12537638  696.46938101  699.80475076  703.13169057  706.45040541
  709.7611002   713.06397992  716.35924949  719.64711389  722.92777805
  726.20144693  729.46832547  732.72861863  735.98253136  739.23026861
  742.47201695  745.70686124  748.93217856  752.14519914  755.34315317
  758.52327086  761.68278243  764.81891807  767.92890799  771.00998241
  774.05937152  777.07430553  780.05201466  782.9897291   785.88467906
  788.73409476  791.53520639  794.28524417  796.9814383   799.62101899
  802.20121644  804.71926087  807.17238247  809.55781146  811.87277803
  814.11451241  816.2802448   818.36720539  820.3726244   822.29373204
  824.12775852  825.87193403  827.52348879  829.0796551   830.53976136
  831.90916534  833.1943023   834.40160752  835.53751626  836.6084638
  837.62088541  838.58121636  839.49589191  840.37134734  841.21401792
  842.03033892  842.82674561  843.60967325  844.38555713  845.16083251
  845.94193466  846.73529885  847.54736035  848.38455444  849.25331637
  850.16008143  851.11128489  852.11336201  853.17274806  854.29587831
  855.48918805  856.75911252  858.11208702  859.5545468   861.09292713
  862.7336633   864.48319056  866.34666132  868.32204947  870.4048333
  872.59048863  874.87449124  877.25231695  879.71944155  882.27134085
  884.90349064  887.61136672  890.39044491  893.23620099  896.14411077
  899.10965005  902.12829463  905.19552032  908.30680291  911.4576182
  914.643442    917.85975011  921.10201832  924.36572244  927.64633827
  930.93934162  934.24020827  937.54441404  940.84743472  944.14474612
  947.43182403  950.70414426  953.95718261  957.18641488  960.38731686
  963.55563793  966.69030761  969.79230711  972.86265188  975.90235734
  978.91243892  981.89391204  984.84779213  987.77509462  990.67683494
  993.55402851  996.40769077  999.23883714 1002.04848304 1004.83764391
 1007.60733517 1010.35857225 1013.09237058 1015.80974559 1018.51171269
 1021.19928733 1023.87348493 1026.53532091 1029.18581071 1031.82596974
 1034.45681345 1037.07935725 1039.69461657 1042.30360684 1044.9073435
 1047.50684196 1050.10311765 1052.697186   1055.2900266  1057.88153195
 1060.47033779 1063.05500984 1065.63411382 1068.20621547 1070.76988051
 1073.32367465 1075.86616364 1078.39591319 1080.91148904 1083.4114569
 1085.8943825  1088.35883156 1090.80336982 1093.226563   1095.62697682
 1098.00317701 1100.3537293  1102.67719941 1104.97215306 1107.23715599
 1109.47077391 1111.67157255 1113.83811765 1115.96897491 1118.06271008
 1120.11788887 1122.13307702 1124.10684024 1126.03774426 1127.92435481
 1129.76523761 1131.55896137 1133.3045771  1135.00214729 1136.65186177
 1138.2539104  1139.80848299 1141.31576941 1142.77595948 1144.18924304
 1145.55580993 1146.87585    1148.14955308 1149.37710901 1150.55870764
 1151.69453879 1152.78479231 1153.82965804 1154.82932581 1155.78398548
 1156.69382687 1157.55903982 1158.37981418 1159.15633979 1159.88880648
 1160.57740409 1161.22232247 1161.82375144 1162.38188086 1162.89690056
 1163.36900038 1163.79837015 1164.18519973 1164.52967894 1164.83199763]","[0.         0.00334448 0.00668896 0.01003344 0.01337793 0.01672241
 0.02006689 0.02341137 0.02675585 0.03010033 0.03344482 0.0367893
 0.04013378 0.04347826 0.04682274 0.05016722 0.05351171 0.05685619
 0.06020067 0.06354515 0.06688963 0.07023411 0.0735786  0.07692308
 0.08026756 0.08361204 0.08695652 0.090301   0.09364548 0.09698997
 0.10033445 0.10367893 0.10702341 0.11036789 0.11371237 0.11705686
 0.12040134 0.12374582 0.1270903  0.13043478 0.13377926 0.13712375
 0.14046823 0.14381271 0.14715719 0.15050167 0.15384615 0.15719064
 0.16053512 0.1638796  0.16722408 0.17056856 0.17391304 0.17725753
 0.18060201 0.18394649 0.18729097 0.19063545 0.19397993 0.19732441
 0.2006689  0.20401338 0.20735786 0.21070234 0.21404682 0.2173913
 0.22073579 0.22408027 0.22742475 0.23076923 0.23411371 0.23745819
 0.24080268 0.24414716 0.24749164 0.25083612 0.2541806  0.25752508
 0.26086957 0.26421405 0.26755853 0.27090301 0.27424749 0.27759197
 0.28093645 0.28428094 0.28762542 0.2909699  0.29431438 0.29765886
 0.30100334 0.30434783 0.30769231 0.31103679 0.31438127 0.31772575
 0.32107023 0.32441472 0.3277592  0.33110368 0.33444816 0.33779264
 0.34113712 0.34448161 0.34782609 0.35117057 0.35451505 0.35785953
 0.36120401 0.36454849 0.36789298 0.37123746 0.37458194 0.37792642
 0.3812709  0.38461538 0.38795987 0.39130435 0.39464883 0.39799331
 0.40133779 0.40468227 0.40802676 0.41137124 0.41471572 0.4180602
 0.42140468 0.42474916 0.42809365 0.43143813 0.43478261 0.43812709
 0.44147157 0.44481605 0.44816054 0.45150502 0.4548495  0.45819398
 0.46153846 0.46488294 0.46822742 0.47157191 0.47491639 0.47826087
 0.48160535 0.48494983 0.48829431 0.4916388  0.49498328 0.49832776
 0.50167224 0.50501672 0.5083612  0.51170569 0.51505017 0.51839465
 0.52173913 0.52508361 0.52842809 0.53177258 0.53511706 0.53846154
 0.54180602 0.5451505  0.54849498 0.55183946 0.55518395 0.55852843
 0.56187291 0.56521739 0.56856187 0.57190635 0.57525084 0.57859532
 0.5819398  0.58528428 0.58862876 0.59197324 0.59531773 0.59866221
 0.60200669 0.60535117 0.60869565 0.61204013 0.61538462 0.6187291
 0.62207358 0.62541806 0.62876254 0.63210702 0.63545151 0.63879599
 0.64214047 0.64548495 0.64882943 0.65217391 0.65551839 0.65886288
 0.66220736 0.66555184 0.66889632 0.6722408  0.67558528 0.67892977
 0.68227425 0.68561873 0.68896321 0.69230769 0.69565217 0.69899666
 0.70234114 0.70568562 0.7090301  0.71237458 0.71571906 0.71906355
 0.72240803 0.72575251 0.72909699 0.73244147 0.73578595 0.73913043
 0.74247492 0.7458194  0.74916388 0.75250836 0.75585284 0.75919732
 0.76254181 0.76588629 0.76923077 0.77257525 0.77591973 0.77926421
 0.7826087  0.78595318 0.78929766 0.79264214 0.79598662 0.7993311
 0.80267559 0.80602007 0.80936455 0.81270903 0.81605351 0.81939799
 0.82274247 0.82608696 0.82943144 0.83277592 0.8361204  0.83946488
 0.84280936 0.84615385 0.84949833 0.85284281 0.85618729 0.85953177
 0.86287625 0.86622074 0.86956522 0.8729097  0.87625418 0.87959866
 0.88294314 0.88628763 0.88963211 0.89297659 0.89632107 0.89966555
 0.90301003 0.90635452 0.909699   0.91304348 0.91638796 0.91973244
 0.92307692 0.9264214  0.92976589 0.93311037 0.93645485 0.93979933
 0.94314381 0.94648829 0.94983278 0.95317726 0.95652174 0.95986622
 0.9632107  0.96655518 0.96989967 0.97324415 0.97658863 0.97993311
 0.98327759 0.98662207 0.98996656 0.99331104 0.99665552 1.        ]","[0.         0.00566671 0.01131821 0.01695427 0.02257464 0.02817908
 0.03376736 0.03933925 0.04489449 0.05043285 0.0559541  0.061458
 0.0669443  0.07241277 0.07786317 0.08329526 0.08870881 0.09410357
 0.09947931 0.10483578 0.11017276 0.11548999 0.12078725 0.12606429
 0.13132088 0.13655678 0.14177175 0.14696554 0.15213793 0.15728867
 0.16241753 0.16752427 0.17260864 0.17767041 0.18270938 0.18772563
 0.19271937 0.19769083 0.20264021 0.20756773 0.21247361 0.21735807
 0.22222133 0.22706359 0.23188508 0.23668601 0.24146661 0.24622707
 0.25096764 0.25568851 0.2603899  0.26507204 0.26973514 0.27437942
 0.27900509 0.28361236 0.28820146 0.29277261 0.29732601 0.30186189
 0.30638046 0.31088194 0.31536654 0.31983449 0.32428599 0.32872127
 0.33314055 0.33754403 0.34193195 0.34630458 0.35066216 0.35500495
 0.35933321 0.36364718 0.36794712 0.37223329 0.37650595 0.38076533
 0.38501171 0.38924534 0.39346646 0.39767533 0.40187222 0.40605736
 0.41023103 0.41439346 0.41854492 0.42268566 0.42681593 0.430936
 0.4350461  0.43914651 0.44323746 0.44731923 0.45139205 0.45545619
 0.4595119  0.46355944 0.46759905 0.471631   0.47565551 0.47967145
 0.48367557 0.48766441 0.49163456 0.49558256 0.49950498 0.50339837
 0.50725931 0.51108435 0.51487006 0.51861299 0.52230971 0.52595677
 0.52955075 0.53308819 0.53656567 0.53997974 0.54332697 0.54660391
 0.54980713 0.55293319 0.55597865 0.55894007 0.56181402 0.56459705
 0.56728573 0.56987662 0.57236627 0.57475126 0.57702813 0.57919346
 0.58124381 0.58317573 0.5849884  0.58668846 0.58828391 0.58978274
 0.59119293 0.59252247 0.59377936 0.59497157 0.59610711 0.59719395
 0.5982401  0.59925353 0.60024224 0.60121422 0.60217745 0.60313993
 0.60410963 0.60509457 0.60610271 0.60714206 0.60822059 0.60934631
 0.61052719 0.61177124 0.61308643 0.61448075 0.6159622  0.61753877
 0.61921843 0.6210092  0.62291904 0.62495595 0.62712793 0.62944136
 0.63189373 0.63447943 0.63719284 0.64002835 0.64298033 0.64604318
 0.64921127 0.65247898 0.65584071 0.65929084 0.66282374 0.6664338
 0.67011541 0.67386295 0.6776708  0.68153334 0.68544496 0.68940005
 0.69339298 0.69741813 0.7014699  0.70554267 0.70963081 0.71372872
 0.71783077 0.72193135 0.72602484 0.73010563 0.73416809 0.73820662
 0.74221559 0.7461894  0.75012275 0.75401433 0.75786535 0.76167707
 0.76545075 0.76918766 0.77288905 0.77655618 0.78019032 0.78379273
 0.78736466 0.79090738 0.79442214 0.79791021 0.80137285 0.80481132
 0.80822688 0.8116208  0.81499432 0.81834871 0.82168524 0.82500516
 0.82830973 0.83160021 0.83487787 0.83814397 0.84139976 0.84464651
 0.84788548 0.85111792 0.8543451  0.85756829 0.86078873 0.86400764
 0.8672249  0.87043881 0.87364759 0.87684945 0.88004262 0.88322532
 0.88639576 0.88955217 0.89269276 0.89581575 0.89891937 0.90200183
 0.90506136 0.90809616 0.91110447 0.91408449 0.91703446 0.91995259
 0.92283709 0.92568619 0.92849811 0.93127106 0.93400327 0.93669296
 0.93933834 0.94193764 0.94448907 0.94699085 0.9494412  0.95183835
 0.95418051 0.9564659  0.95869274 0.96085986 0.96296733 0.96501539
 0.96700428 0.96893422 0.97080546 0.97261823 0.97437277 0.97606932
 0.9777081  0.97928935 0.98081332 0.98228023 0.98369032 0.98504383
 0.986341   0.98758205 0.98876722 0.98989676 0.99097089 0.99198985
 0.99295388 0.99386321 0.99471808 0.99551872 0.99626537 0.99695827
 0.99759765 0.99818374 0.99871679 0.99919702 0.99962468 1.        ]","[1.6943464  1.68979902 1.68518034 1.68049037 1.67572912 1.67089657
 1.66599273 1.66101761 1.65597119 1.65085348 1.64566449 1.6404042
 1.63507263 1.62966976 1.62419561 1.61865016 1.61303343 1.6073454
 1.60158609 1.59575548 1.58985359 1.5838804  1.57783593 1.57172017
 1.56553311 1.55927477 1.55294514 1.54654421 1.540072   1.5335285
 1.5269137  1.52022762 1.51347025 1.50665226 1.49985837 1.493129
 1.48646439 1.47986454 1.47332945 1.46685913 1.46045356 1.45411276
 1.44783672 1.44162544 1.43547892 1.42939717 1.42338018 1.41742794
 1.41154047 1.40571777 1.39995982 1.39426664 1.38863821 1.38307455
 1.37757565 1.37214151 1.36677214 1.36146752 1.35622767 1.35105258
 1.34594225 1.34089668 1.33591588 1.33099983 1.32614855 1.32136203
 1.3166406  1.31199005 1.30741542 1.30291686 1.29849438 1.29414798
 1.28987765 1.2856834  1.28156523 1.27752314 1.27355712 1.26966718
 1.26585331 1.26211553 1.25845382 1.25486818 1.25135863 1.24792515
 1.24456775 1.24128642 1.23808117 1.234952   1.23189891 1.22892189
 1.22602095 1.22319609 1.2204473  1.21777459 1.21517796 1.2126574
 1.21021293 1.20784452 1.2055522  1.20332914 1.20076636 1.19722998
 1.19266546 1.18707279 1.18045199 1.17280304 1.16412596 1.15442073
 1.14368736 1.13192585 1.11913621 1.10531842 1.09047249 1.07459842
 1.05769621 1.03976586 1.02080736 1.00082073 0.97980596 0.95776305
 0.93469199 0.9105928  0.88546546 0.85930999 0.83212637 0.80391462
 0.77467472 0.74440668 0.7131105  0.68078619 0.64743373 0.61305313
 0.57764517 0.54198791 0.50831944 0.47703973 0.44814877 0.42164658
 0.39753313 0.37580845 0.35647252 0.33952535 0.32496694 0.31279728
 0.30301638 0.29562423 0.29062085 0.28800622 0.28778034 0.28994323
 0.29449487 0.30143526 0.31076442 0.32248233 0.33658899 0.35308442
 0.3719686  0.39324154 0.41690323 0.44295368 0.47139289 0.50222086
 0.53543758 0.57104306 0.60903729 0.64942028 0.69171584 0.7332593
 0.77312432 0.81130996 0.84781624 0.88264314 0.91579068 0.94725884
 0.97704763 1.00515705 1.03158709 1.05633777 1.07940907 1.100801
 1.12051356 1.13854675 1.15490056 1.16957501 1.18257008 1.19388578
 1.20352211 1.21147907 1.21775665 1.22235487 1.22527371 1.22651318
 1.22607328 1.22395401 1.22015536 1.21467735 1.20751996 1.1986832
 1.18816707 1.17607311 1.16358179 1.15145471 1.13970454 1.12833131
 1.11733499 1.1067156  1.09647314 1.0866076  1.07711898 1.06800729
 1.05927252 1.05091468 1.04293376 1.03532976 1.02810269 1.02125254
 1.01477932 1.00868302 1.00296365 0.9976212  0.99265567 0.98806707
 0.98385539 0.98002064 0.97656281 0.97348191 0.97077793 0.96845087
 0.96650074 0.96492753 0.96373125 0.96291189 0.96245615 0.96196051
 0.96095846 0.95942401 0.95735715 0.9547579  0.95162625 0.9479622
 0.94376576 0.93903691 0.93377566 0.92798202 0.92165597 0.91479753
 0.90740668 0.89948344 0.8910278  0.88203976 0.87251932 0.86246648
 0.85188124 0.8407636  0.82911356 0.81693113 0.80421629 0.79096906
 0.77718942 0.76287739 0.74803296 0.73265613 0.7167469  0.70030527
 0.68333124 0.66582591 0.64796833 0.63013394 0.61237002 0.59467657
 0.57705358 0.55950107 0.54201902 0.52460744 0.50726632 0.48999568
 0.4727955  0.45566579 0.43860655 0.42161777 0.40469947 0.38785163
 0.37107426 0.35436736 0.33773092 0.32116495 0.30466946 0.28824442
 0.27188986 0.25560577 0.23939214 0.22324898 0.20717629 0.19117406
 0.17524231 0.15938102 0.1435902  0.12786985 0.11221997]","[1.6943464  1.68979902 1.68518034 1.68049037 1.67572912 1.67089657
 1.66599273 1.66101761 1.65597119 1.65085348 1.64566449 1.6404042
 1.63507263 1.62966976 1.62419561 1.61865016 1.61303343 1.6073454
 1.60158609 1.59575548 1.58985359 1.5838804  1.57783593 1.57172017
 1.56553311 1.55927477 1.55294514 1.54654421 1.540072   1.5335285
 1.5269137  1.52022762 1.51347025 1.50665226 1.49985837 1.493129
 1.48646439 1.47986454 1.47332945 1.46685913 1.46045356 1.45411276
 1.44783672 1.44162544 1.43547892 1.42939717 1.42338018 1.41742794
 1.41154047 1.40571777 1.39995982 1.39426664 1.38863821 1.38307455
 1.37757565 1.37214151 1.36677214 1.36146752 1.35622767 1.35105258
 1.34594225 1.34089668 1.33591588 1.33099983 1.32614855 1.32136203
 1.3166406  1.31199005 1.30741542 1.30291686 1.29849438 1.29414798
 1.28987765 1.2856834  1.28156523 1.27752314 1.27355712 1.26966718
 1.26585331 1.26211553 1.25845382 1.25486818 1.25135863 1.24792515
 1.24456775 1.24128642 1.23808117 1.234952   1.23189891 1.22892189
 1.22602095 1.22319609 1.2204473  1.21777459 1.21517796 1.2126574
 1.21021293 1.20784452 1.2055522  1.20332914 1.20076636 1.19722998
 1.19266546 1.18707279 1.18045199 1.17280304 1.16412596 1.15442073
 1.14368736 1.13192585 1.11913621 1.10531842 1.09047249 1.07459842
 1.05769621 1.03976586 1.02080736 1.00082073 0.97980596 0.95776305
 0.93469199 0.9105928  0.88546546 0.85930999 0.83212637 0.80391462
 0.77467472 0.74440668 0.7131105  0.68078619 0.64743373 0.61305313
 0.57764517 0.54198791 0.50831944 0.47703973 0.44814877 0.42164658
 0.39753313 0.37580845 0.35647252 0.33952535 0.32496694 0.31279728
 0.30301638 0.29562423 0.29062085 0.28800622 0.28778034 0.28994323
 0.29449487 0.30143526 0.31076442 0.32248233 0.33658899 0.35308442
 0.3719686  0.39324154 0.41690323 0.44295368 0.47139289 0.50222086
 0.53543758 0.57104306 0.60903729 0.64942028 0.69171584 0.7332593
 0.77312432 0.81130996 0.84781624 0.88264314 0.91579068 0.94725884
 0.97704763 1.00515705 1.03158709 1.05633777 1.07940907 1.100801
 1.12051356 1.13854675 1.15490056 1.16957501 1.18257008 1.19388578
 1.20352211 1.21147907 1.21775665 1.22235487 1.22527371 1.22651318
 1.22607328 1.22395401 1.22015536 1.21467735 1.20751996 1.1986832
 1.18816707 1.17607311 1.16358179 1.15145471 1.13970454 1.12833131
 1.11733499 1.1067156  1.09647314 1.0866076  1.07711898 1.06800729
 1.05927252 1.05091468 1.04293376 1.03532976 1.02810269 1.02125254
 1.01477932 1.00868302 1.00296365 0.9976212  0.99265567 0.98806707
 0.98385539 0.98002064 0.97656281 0.97348191 0.97077793 0.96845087
 0.96650074 0.96492753 0.96373125 0.96291189 0.96245615 0.96196051
 0.96095846 0.95942401 0.95735715 0.9547579  0.95162625 0.9479622
 0.94376576 0.93903691 0.93377566 0.92798202 0.92165597 0.91479753
 0.90740668 0.89948344 0.8910278  0.88203976 0.87251932 0.86246648
 0.85188124 0.8407636  0.82911356 0.81693113 0.80421629 0.79096906
 0.77718942 0.76287739 0.74803296 0.73265613 0.7167469  0.70030527
 0.68333124 0.66582591 0.64796833 0.63013394 0.61237002 0.59467657
 0.57705358 0.55950107 0.54201902 0.52460744 0.50726632 0.48999568
 0.4727955  0.45566579 0.43860655 0.42161777 0.40469947 0.38785163
 0.37107426 0.35436736 0.33773092 0.32116495 0.30466946 0.28824442
 0.27188986 0.25560577 0.23939214 0.22324898 0.20717629 0.19117406
 0.17524231 0.15938102 0.1435902  0.12786985 0.11221997]","[0.00167224 0.00501672 0.0083612  0.01170569 0.01505017 0.01839465
 0.02173913 0.02508361 0.02842809 0.03177258 0.03511706 0.03846154
 0.04180602 0.0451505  0.04849498 0.05183946 0.05518395 0.05852843
 0.06187291 0.06521739 0.06856187 0.07190635 0.07525084 0.07859532
 0.0819398  0.08528428 0.08862876 0.09197324 0.09531773 0.09866221
 0.10200669 0.10535117 0.10869565 0.11204013 0.11538462 0.1187291
 0.12207358 0.12541806 0.12876254 0.13210702 0.13545151 0.13879599
 0.14214047 0.14548495 0.14882943 0.15217391 0.15551839 0.15886288
 0.16220736 0.16555184 0.16889632 0.1722408  0.17558528 0.17892977
 0.18227425 0.18561873 0.18896321 0.19230769 0.19565217 0.19899666
 0.20234114 0.20568562 0.2090301  0.21237458 0.21571906 0.21906355
 0.22240803 0.22575251 0.22909699 0.23244147 0.23578595 0.23913043
 0.24247492 0.2458194  0.24916388 0.25250836 0.25585284 0.25919732
 0.26254181 0.26588629 0.26923077 0.27257525 0.27591973 0.27926421
 0.2826087  0.28595318 0.28929766 0.29264214 0.29598662 0.2993311
 0.30267559 0.30602007 0.30936455 0.31270903 0.31605351 0.31939799
 0.32274247 0.32608696 0.32943144 0.33277592 0.3361204  0.33946488
 0.34280936 0.34615385 0.34949833 0.35284281 0.35618729 0.35953177
 0.36287625 0.36622074 0.36956522 0.3729097  0.37625418 0.37959866
 0.38294314 0.38628763 0.38963211 0.39297659 0.39632107 0.39966555
 0.40301003 0.40635452 0.409699   0.41304348 0.41638796 0.41973244
 0.42307692 0.4264214  0.42976589 0.43311037 0.43645485 0.43979933
 0.44314381 0.44648829 0.44983278 0.45317726 0.45652174 0.45986622
 0.4632107  0.46655518 0.46989967 0.47324415 0.47658863 0.47993311
 0.48327759 0.48662207 0.48996656 0.49331104 0.49665552 0.5
 0.50334448 0.50668896 0.51003344 0.51337793 0.51672241 0.52006689
 0.52341137 0.52675585 0.53010033 0.53344482 0.5367893  0.54013378
 0.54347826 0.54682274 0.55016722 0.55351171 0.55685619 0.56020067
 0.56354515 0.56688963 0.57023411 0.5735786  0.57692308 0.58026756
 0.58361204 0.58695652 0.590301   0.59364548 0.59698997 0.60033445
 0.60367893 0.60702341 0.61036789 0.61371237 0.61705686 0.62040134
 0.62374582 0.6270903  0.63043478 0.63377926 0.63712375 0.64046823
 0.64381271 0.64715719 0.65050167 0.65384615 0.65719064 0.66053512
 0.6638796  0.66722408 0.67056856 0.67391304 0.67725753 0.68060201
 0.68394649 0.68729097 0.69063545 0.69397993 0.69732441 0.7006689
 0.70401338 0.70735786 0.71070234 0.71404682 0.7173913  0.72073579
 0.72408027 0.72742475 0.73076923 0.73411371 0.73745819 0.74080268
 0.74414716 0.74749164 0.75083612 0.7541806  0.75752508 0.76086957
 0.76421405 0.76755853 0.77090301 0.77424749 0.77759197 0.78093645
 0.78428094 0.78762542 0.7909699  0.79431438 0.79765886 0.80100334
 0.80434783 0.80769231 0.81103679 0.81438127 0.81772575 0.82107023
 0.82441472 0.8277592  0.83110368 0.83444816 0.83779264 0.84113712
 0.84448161 0.84782609 0.85117057 0.85451505 0.85785953 0.86120401
 0.86454849 0.86789298 0.87123746 0.87458194 0.87792642 0.8812709
 0.88461538 0.88795987 0.89130435 0.89464883 0.89799331 0.90133779
 0.90468227 0.90802676 0.91137124 0.91471572 0.9180602  0.92140468
 0.92474916 0.92809365 0.93143813 0.93478261 0.93812709 0.94147157
 0.94481605 0.94816054 0.95150502 0.9548495  0.95819398 0.96153846
 0.96488294 0.96822742 0.97157191 0.97491639 0.97826087 0.98160535
 0.98494983 0.98829431 0.9916388  0.99498328 0.99832776]"
LPJ-GUESS,LAI,T,Piecewise linear,88.9529,0.0894,0.8117,0.9026,0.0,12149,819.6613,3.9985,819.6613,3.9985,3.9985,1.0,204.9943,300,1.0,0.8357,0.8357,1.383,1.0,0.8357,1.383,0.9963,0.2505,0.5473,0.8704,0.2505,1.0,0.0,0.0,1,0,-0.6898,0.0,1.383,0.8899,0.8357,0.8357,1.383,0.8357,0.6434,0.6043,0.6043,0.6043,0.1711,0.5807,0.8966,0.9595,0.3423,0.2068,0.0811,1.0,1.0,1.0,1.0,0,299,False,False,0.0,0.0,0.0,0.0,0.0,0.0,normalized,"[0.9757608  0.99718011 1.01859942 1.04001874 1.06143805 1.08285736
 1.10427667 1.12569598 1.14711529 1.16853461 1.18995392 1.21137323
 1.23279254 1.25421185 1.27563116 1.29705048 1.31846979 1.3398891
 1.36130841 1.38272772 1.40414703 1.42556635 1.44698566 1.46840497
 1.48982428 1.51124359 1.5326629  1.55408222 1.57550153 1.59692084
 1.61834015 1.63975946 1.66117877 1.68259809 1.7040174  1.72543671
 1.74685602 1.76827533 1.78969464 1.81111396 1.83253327 1.85395258
 1.87537189 1.8967912  1.91821052 1.93962983 1.96104914 1.98246845
 2.00388776 2.02530707 2.04672639 2.0681457  2.08956501 2.11098432
 2.13240363 2.15382294 2.17524226 2.19666157 2.21808088 2.23950019
 2.2609195  2.28233881 2.30375813 2.32517744 2.34659675 2.36801606
 2.38943537 2.41085468 2.432274   2.45369331 2.47511262 2.49653193
 2.51795124 2.53937055 2.56078987 2.58220918 2.60362849 2.6250478
 2.64646711 2.66788642 2.68930574 2.71072505 2.73214436 2.75356367
 2.77498298 2.79640229 2.81782161 2.83924092 2.86066023 2.88207954
 2.90349885 2.92491817 2.94633748 2.96775679 2.9891761  3.01059541
 3.03201472 3.05343404 3.07485335 3.09627266 3.11769197 3.13911128
 3.16053059 3.18194991 3.20336922 3.22478853 3.24620784 3.26762715
 3.28904646 3.31046578 3.33188509 3.3533044  3.37472371 3.39614302
 3.41756233 3.43898165 3.46040096 3.48182027 3.50323958 3.52465889
 3.5460782  3.56749752 3.58891683 3.61033614 3.63175545 3.65317476
 3.67459407 3.69601339 3.7174327  3.73885201 3.76027132 3.78169063
 3.80310995 3.82452926 3.84594857 3.86736788 3.88878719 3.9102065
 3.93162582 3.95304513 3.97446444 3.99588375 4.01730306 4.03872237
 4.06014169 4.081561   4.10298031 4.12439962 4.14581893 4.16723824
 4.18865756 4.21007687 4.23149618 4.25291549 4.2743348  4.29575411
 4.31717343 4.33859274 4.36001205 4.38143136 4.40285067 4.42426998
 4.4456893  4.46710861 4.48852792 4.50994723 4.53136654 4.55278585
 4.57420517 4.59562448 4.61704379 4.6384631  4.65988241 4.68130173
 4.70272104 4.72414035 4.74555966 4.76697897 4.78839828 4.8098176
 4.83123691 4.85265622 4.87407553 4.89549484 4.91691415 4.93833347
 4.95975278 4.98117209 5.0025914  5.02401071 5.04543002 5.06684934
 5.08826865 5.10968796 5.13110727 5.15252658 5.17394589 5.19536521
 5.21678452 5.23820383 5.25962314 5.28104245 5.30246176 5.32388108
 5.34530039 5.3667197  5.38813901 5.40955832 5.43097763 5.45239695
 5.47381626 5.49523557 5.51665488 5.53807419 5.55949351 5.58091282
 5.60233213 5.62375144 5.64517075 5.66659006 5.68800938 5.70942869
 5.730848   5.75226731 5.77368662 5.79510593 5.81652525 5.83794456
 5.85936387 5.88078318 5.90220249 5.9236218  5.94504112 5.96646043
 5.98787974 6.00929905 6.03071836 6.05213767 6.07355699 6.0949763
 6.11639561 6.13781492 6.15923423 6.18065354 6.20207286 6.22349217
 6.24491148 6.26633079 6.2877501  6.30916941 6.33058873 6.35200804
 6.37342735 6.39484666 6.41626597 6.43768528 6.4591046  6.48052391
 6.50194322 6.52336253 6.54478184 6.56620116 6.58762047 6.60903978
 6.63045909 6.6518784  6.67329771 6.69471703 6.71613634 6.73755565
 6.75897496 6.78039427 6.80181358 6.8232329  6.84465221 6.86607152
 6.88749083 6.90891014 6.93032945 6.95174877 6.97316808 6.99458739
 7.0160067  7.03742601 7.05884532 7.08026464 7.10168395 7.12310326
 7.14452257 7.16594188 7.18736119 7.20878051 7.23019982 7.25161913
 7.27303844 7.29445775 7.31587706 7.33729638 7.35871569 7.380135  ]","[ 375.52866804  379.31998335  383.11129866  386.90261397  390.69392928
  394.48524459  398.2765599   402.06787521  405.85919052  409.65050583
  413.44182114  417.23313645  421.02445176  424.81576707  428.60708238
  432.39839769  436.189713    439.98102832  443.77234363  447.56365894
  451.35497425  455.14628956  458.93760487  462.72892018  466.52023549
  470.3115508   474.10286611  477.89418142  481.68549673  485.47681204
  489.26812735  493.05944266  496.85075797  500.64207328  504.43338859
  508.22470391  512.01601922  515.80733453  519.59864984  523.38996515
  527.18128046  530.97259577  534.76391108  538.55522639  542.3465417
  546.13785701  549.92917232  553.72048763  557.51180294  561.30311825
  565.09443356  568.88574887  572.67706418  576.46837949  580.25969481
  584.05101012  587.84232543  591.63364074  595.42495605  599.21627136
  603.00758667  606.79890198  610.59021729  614.3815326   618.17284791
  621.96416322  625.75547853  629.54679384  633.33810915  637.12942446
  640.92073977  644.71205508  648.50337039  652.29468571  656.08600102
  659.87731633  663.66863164  667.45994695  671.25126226  675.04257757
  678.83389288  682.62520819  686.4165235   690.20783881  693.99915412
  697.79046943  701.58178474  705.37310005  709.16441536  712.95573067
  716.36701951  718.65803838  720.94905725  723.24007612  725.53109499
  727.82211386  730.11313273  732.4041516   734.69517047  736.98618934
  739.2772082   741.56822707  743.85924594  746.15026481  748.44128368
  750.73230255  753.02332142  755.31434029  757.60535916  759.89637803
  762.1873969   764.47841577  766.76943464  769.0604535   771.35147237
  773.64249124  775.93351011  778.22452898  780.51554785  782.80656672
  785.09758559  787.38860446  789.67962333  791.9706422   794.26166107
  796.55267993  798.8436988   801.13471767  803.42573654  805.71675541
  808.00777428  810.29879315  812.58981202  814.88083089  817.17184976
  819.46286863  821.7538875   824.04490637  826.33592523  828.6269441
  830.91796297  833.20898184  835.50000071  837.79101958  840.08203845
  842.37305732  844.66407619  846.95509506  849.24611393  851.5371328
  853.82815167  856.11917053  858.4101894   860.70120827  862.99222714
  865.28324601  867.57426488  869.86528375  872.15630262  874.44732149
  876.73834036  879.02935923  881.3203781   883.61139696  885.90241583
  888.1934347   890.48445357  892.77547244  895.06649131  897.35751018
  899.64852905  901.93954792  904.23056679  906.52158566  908.81260453
  911.1036234   913.39464226  915.68566113  917.97668     920.26769887
  922.55871774  924.84973661  927.14075548  929.43177435  931.72279322
  934.01381209  936.30483096  938.59584983  940.8868687   943.17788756
  945.46890643  947.7599253   950.05094417  952.34196304  954.63298191
  956.92400078  959.21501965  961.50603852  963.79705739  966.08807626
  968.37909513  970.67011399  972.96113286  975.25215173  977.5431706
  979.83418947  982.12520834  984.41622721  986.70724608  988.99826495
  991.28928382  993.58030269  995.87132156  998.16234043 1000.45335929
 1002.74437816 1005.03539703 1007.3264159  1009.61743477 1011.90845364
 1014.19947251 1016.49049138 1018.78151025 1021.07252912 1023.36354799
 1025.65456686 1027.94558573 1030.23660459 1032.52762346 1034.81864233
 1037.1096612  1039.40068007 1041.69169894 1043.98271781 1046.27373668
 1048.56475555 1050.85577442 1053.14679329 1055.43781216 1057.72883102
 1060.01984989 1062.31086876 1064.60188763 1066.8929065  1069.18392537
 1071.47494424 1073.76596311 1076.05698198 1078.34800085 1080.63901972
 1082.93003859 1085.22105746 1087.51207632 1089.80309519 1092.09411406
 1094.38513293 1096.6761518  1098.96717067 1101.25818954 1103.54920841
 1105.84022728 1108.13124615 1110.42226502 1112.71328389 1115.00430276
 1117.29532162 1119.58634049 1121.87735936 1124.16837823 1126.4593971
 1128.75041597 1131.04143484 1133.33245371 1135.62347258 1137.91449145
 1140.20551032 1142.49652919 1144.78754805 1147.07856692 1149.36958579
 1151.66060466 1153.95162353 1156.2426424  1158.53366127 1160.82468014
 1163.11569901 1165.40671788 1167.69773675 1169.98875562 1172.27977449
 1174.57079335 1176.86181222 1179.15283109 1181.44384996 1183.73486883
 1186.0258877  1188.31690657 1190.60792544 1192.89894431 1195.18996318]","[0.         0.00334448 0.00668896 0.01003344 0.01337793 0.01672241
 0.02006689 0.02341137 0.02675585 0.03010033 0.03344482 0.0367893
 0.04013378 0.04347826 0.04682274 0.05016722 0.05351171 0.05685619
 0.06020067 0.06354515 0.06688963 0.07023411 0.0735786  0.07692308
 0.08026756 0.08361204 0.08695652 0.090301   0.09364548 0.09698997
 0.10033445 0.10367893 0.10702341 0.11036789 0.11371237 0.11705686
 0.12040134 0.12374582 0.1270903  0.13043478 0.13377926 0.13712375
 0.14046823 0.14381271 0.14715719 0.15050167 0.15384615 0.15719064
 0.16053512 0.1638796  0.16722408 0.17056856 0.17391304 0.17725753
 0.18060201 0.18394649 0.18729097 0.19063545 0.19397993 0.19732441
 0.2006689  0.20401338 0.20735786 0.21070234 0.21404682 0.2173913
 0.22073579 0.22408027 0.22742475 0.23076923 0.23411371 0.23745819
 0.24080268 0.24414716 0.24749164 0.25083612 0.2541806  0.25752508
 0.26086957 0.26421405 0.26755853 0.27090301 0.27424749 0.27759197
 0.28093645 0.28428094 0.28762542 0.2909699  0.29431438 0.29765886
 0.30100334 0.30434783 0.30769231 0.31103679 0.31438127 0.31772575
 0.32107023 0.32441472 0.3277592  0.33110368 0.33444816 0.33779264
 0.34113712 0.34448161 0.34782609 0.35117057 0.35451505 0.35785953
 0.36120401 0.36454849 0.36789298 0.37123746 0.37458194 0.37792642
 0.3812709  0.38461538 0.38795987 0.39130435 0.39464883 0.39799331
 0.40133779 0.40468227 0.40802676 0.41137124 0.41471572 0.4180602
 0.42140468 0.42474916 0.42809365 0.43143813 0.43478261 0.43812709
 0.44147157 0.44481605 0.44816054 0.45150502 0.4548495  0.45819398
 0.46153846 0.46488294 0.46822742 0.47157191 0.47491639 0.47826087
 0.48160535 0.48494983 0.48829431 0.4916388  0.49498328 0.49832776
 0.50167224 0.50501672 0.5083612  0.51170569 0.51505017 0.51839465
 0.52173913 0.52508361 0.52842809 0.53177258 0.53511706 0.53846154
 0.54180602 0.5451505  0.54849498 0.55183946 0.55518395 0.55852843
 0.56187291 0.56521739 0.56856187 0.57190635 0.57525084 0.57859532
 0.5819398  0.58528428 0.58862876 0.59197324 0.59531773 0.59866221
 0.60200669 0.60535117 0.60869565 0.61204013 0.61538462 0.6187291
 0.62207358 0.62541806 0.62876254 0.63210702 0.63545151 0.63879599
 0.64214047 0.64548495 0.64882943 0.65217391 0.65551839 0.65886288
 0.66220736 0.66555184 0.66889632 0.6722408  0.67558528 0.67892977
 0.68227425 0.68561873 0.68896321 0.69230769 0.69565217 0.69899666
 0.70234114 0.70568562 0.7090301  0.71237458 0.71571906 0.71906355
 0.72240803 0.72575251 0.72909699 0.73244147 0.73578595 0.73913043
 0.74247492 0.7458194  0.74916388 0.75250836 0.75585284 0.75919732
 0.76254181 0.76588629 0.76923077 0.77257525 0.77591973 0.77926421
 0.7826087  0.78595318 0.78929766 0.79264214 0.79598662 0.7993311
 0.80267559 0.80602007 0.80936455 0.81270903 0.81605351 0.81939799
 0.82274247 0.82608696 0.82943144 0.83277592 0.8361204  0.83946488
 0.84280936 0.84615385 0.84949833 0.85284281 0.85618729 0.85953177
 0.86287625 0.86622074 0.86956522 0.8729097  0.87625418 0.87959866
 0.88294314 0.88628763 0.88963211 0.89297659 0.89632107 0.89966555
 0.90301003 0.90635452 0.909699   0.91304348 0.91638796 0.91973244
 0.92307692 0.9264214  0.92976589 0.93311037 0.93645485 0.93979933
 0.94314381 0.94648829 0.94983278 0.95317726 0.95652174 0.95986622
 0.9632107  0.96655518 0.96989967 0.97324415 0.97658863 0.97993311
 0.98327759 0.98662207 0.98996656 0.99331104 0.99665552 1.        ]","[0.         0.00462547 0.00925093 0.0138764  0.01850186 0.02312733
 0.02775279 0.03237826 0.03700373 0.04162919 0.04625466 0.05088012
 0.05550559 0.06013106 0.06475652 0.06938199 0.07400745 0.07863292
 0.08325838 0.08788385 0.09250932 0.09713478 0.10176025 0.10638571
 0.11101118 0.11563665 0.12026211 0.12488758 0.12951304 0.13413851
 0.13876397 0.14338944 0.14801491 0.15264037 0.15726584 0.1618913
 0.16651677 0.17114224 0.1757677  0.18039317 0.18501863 0.1896441
 0.19426956 0.19889503 0.2035205  0.20814596 0.21277143 0.21739689
 0.22202236 0.22664783 0.23127329 0.23589876 0.24052422 0.24514969
 0.24977515 0.25440062 0.25902609 0.26365155 0.26827702 0.27290248
 0.27752795 0.28215342 0.28677888 0.29140435 0.29602981 0.30065528
 0.30528074 0.30990621 0.31453168 0.31915714 0.32378261 0.32840807
 0.33303354 0.33765901 0.34228447 0.34690994 0.3515354  0.35616087
 0.36078633 0.3654118  0.37003727 0.37466273 0.3792882  0.38391366
 0.38853913 0.3931646  0.39779006 0.40241553 0.40704099 0.41166646
 0.41582829 0.41862337 0.42141845 0.42421353 0.42700861 0.42980369
 0.43259877 0.43539385 0.43818893 0.44098401 0.44377909 0.44657417
 0.44936925 0.45216433 0.45495941 0.45775449 0.46054957 0.46334465
 0.46613973 0.46893481 0.47172989 0.47452497 0.47732005 0.48011513
 0.48291021 0.48570529 0.48850037 0.49129545 0.49409053 0.49688561
 0.49968069 0.50247577 0.50527085 0.50806593 0.51086101 0.51365609
 0.51645116 0.51924624 0.52204132 0.5248364  0.52763148 0.53042656
 0.53322164 0.53601672 0.5388118  0.54160688 0.54440196 0.54719704
 0.54999212 0.5527872  0.55558228 0.55837736 0.56117244 0.56396752
 0.5667626  0.56955768 0.57235276 0.57514784 0.57794292 0.580738
 0.58353308 0.58632816 0.58912324 0.59191832 0.5947134  0.59750848
 0.60030356 0.60309864 0.60589372 0.6086888  0.61148388 0.61427896
 0.61707404 0.61986912 0.6226642  0.62545928 0.62825436 0.63104944
 0.63384452 0.6366396  0.63943468 0.64222976 0.64502484 0.64781992
 0.650615   0.65341008 0.65620516 0.65900024 0.66179532 0.6645904
 0.66738548 0.67018056 0.67297564 0.67577072 0.6785658  0.68136088
 0.68415596 0.68695104 0.68974612 0.6925412  0.69533628 0.69813136
 0.70092644 0.70372152 0.7065166  0.70931168 0.71210676 0.71490184
 0.71769692 0.720492   0.72328708 0.72608216 0.72887724 0.73167232
 0.7344674  0.73726248 0.74005756 0.74285264 0.74564772 0.7484428
 0.75123788 0.75403296 0.75682804 0.75962312 0.7624182  0.76521328
 0.76800836 0.77080344 0.77359852 0.7763936  0.77918868 0.78198376
 0.78477884 0.78757392 0.790369   0.79316408 0.79595916 0.79875424
 0.80154932 0.8043444  0.80713948 0.80993456 0.81272964 0.81552472
 0.8183198  0.82111488 0.82390996 0.82670504 0.82950012 0.8322952
 0.83509028 0.83788536 0.84068044 0.84347552 0.8462706  0.84906568
 0.85186076 0.85465584 0.85745092 0.860246   0.86304108 0.86583616
 0.86863124 0.87142632 0.8742214  0.87701648 0.87981156 0.88260664
 0.88540172 0.8881968  0.89099188 0.89378696 0.89658204 0.89937712
 0.9021722  0.90496728 0.90776236 0.91055744 0.91335252 0.9161476
 0.91894268 0.92173776 0.92453284 0.92732792 0.930123   0.93291808
 0.93571316 0.93850824 0.94130332 0.9440984  0.94689348 0.94968856
 0.95248364 0.95527872 0.9580738  0.96086888 0.96366396 0.96645904
 0.96925412 0.9720492  0.97484428 0.97763936 0.98043444 0.98322952
 0.9860246  0.98881968 0.99161476 0.99440984 0.99720492 1.        ]","[1.38301428 1.38301428 1.38301428 1.38301428 1.38301428 1.38301428
 1.38301428 1.38301428 1.38301428 1.38301428 1.38301428 1.38301428
 1.38301428 1.38301428 1.38301428 1.38301428 1.38301428 1.38301428
 1.38301428 1.38301428 1.38301428 1.38301428 1.38301428 1.38301428
 1.38301428 1.38301428 1.38301428 1.38301428 1.38301428 1.38301428
 1.38301428 1.38301428 1.38301428 1.38301428 1.38301428 1.38301428
 1.38301428 1.38301428 1.38301428 1.38301428 1.38301428 1.38301428
 1.38301428 1.38301428 1.38301428 1.38301428 1.38301428 1.38301428
 1.38301428 1.38301428 1.38301428 1.38301428 1.38301428 1.38301428
 1.38301428 1.38301428 1.38301428 1.38301428 1.38301428 1.38301428
 1.38301428 1.38301428 1.38301428 1.38301428 1.38301428 1.38301428
 1.38301428 1.38301428 1.38301428 1.38301428 1.38301428 1.38301428
 1.38301428 1.38301428 1.38301428 1.38301428 1.38301428 1.38301428
 1.38301428 1.38301428 1.38301428 1.38301428 1.38301428 1.38301428
 1.38301428 1.38301428 1.38301428 1.38301428 1.38301428 1.24438639
 0.83572891 0.83572891 0.83572891 0.83572891 0.83572891 0.83572891
 0.83572891 0.83572891 0.83572891 0.83572891 0.83572891 0.83572891
 0.83572891 0.83572891 0.83572891 0.83572891 0.83572891 0.83572891
 0.83572891 0.83572891 0.83572891 0.83572891 0.83572891 0.83572891
 0.83572891 0.83572891 0.83572891 0.83572891 0.83572891 0.83572891
 0.83572891 0.83572891 0.83572891 0.83572891 0.83572891 0.83572891
 0.83572891 0.83572891 0.83572891 0.83572891 0.83572891 0.83572891
 0.83572891 0.83572891 0.83572891 0.83572891 0.83572891 0.83572891
 0.83572891 0.83572891 0.83572891 0.83572891 0.83572891 0.83572891
 0.83572891 0.83572891 0.83572891 0.83572891 0.83572891 0.83572891
 0.83572891 0.83572891 0.83572891 0.83572891 0.83572891 0.83572891
 0.83572891 0.83572891 0.83572891 0.83572891 0.83572891 0.83572891
 0.83572891 0.83572891 0.83572891 0.83572891 0.83572891 0.83572891
 0.83572891 0.83572891 0.83572891 0.83572891 0.83572891 0.83572891
 0.83572891 0.83572891 0.83572891 0.83572891 0.83572891 0.83572891
 0.83572891 0.83572891 0.83572891 0.83572891 0.83572891 0.83572891
 0.83572891 0.83572891 0.83572891 0.83572891 0.83572891 0.83572891
 0.83572891 0.83572891 0.83572891 0.83572891 0.83572891 0.83572891
 0.83572891 0.83572891 0.83572891 0.83572891 0.83572891 0.83572891
 0.83572891 0.83572891 0.83572891 0.83572891 0.83572891 0.83572891
 0.83572891 0.83572891 0.83572891 0.83572891 0.83572891 0.83572891
 0.83572891 0.83572891 0.83572891 0.83572891 0.83572891 0.83572891
 0.83572891 0.83572891 0.83572891 0.83572891 0.83572891 0.83572891
 0.83572891 0.83572891 0.83572891 0.83572891 0.83572891 0.83572891
 0.83572891 0.83572891 0.83572891 0.83572891 0.83572891 0.83572891
 0.83572891 0.83572891 0.83572891 0.83572891 0.83572891 0.83572891
 0.83572891 0.83572891 0.83572891 0.83572891 0.83572891 0.83572891
 0.83572891 0.83572891 0.83572891 0.83572891 0.83572891 0.83572891
 0.83572891 0.83572891 0.83572891 0.83572891 0.83572891 0.83572891
 0.83572891 0.83572891 0.83572891 0.83572891 0.83572891 0.83572891
 0.83572891 0.83572891 0.83572891 0.83572891 0.83572891 0.83572891
 0.83572891 0.83572891 0.83572891 0.83572891 0.83572891 0.83572891
 0.83572891 0.83572891 0.83572891 0.83572891 0.83572891 0.83572891
 0.83572891 0.83572891 0.83572891 0.83572891 0.83572891 0.83572891
 0.83572891 0.83572891 0.83572891 0.83572891 0.83572891]","[1.38301428 1.38301428 1.38301428 1.38301428 1.38301428 1.38301428
 1.38301428 1.38301428 1.38301428 1.38301428 1.38301428 1.38301428
 1.38301428 1.38301428 1.38301428 1.38301428 1.38301428 1.38301428
 1.38301428 1.38301428 1.38301428 1.38301428 1.38301428 1.38301428
 1.38301428 1.38301428 1.38301428 1.38301428 1.38301428 1.38301428
 1.38301428 1.38301428 1.38301428 1.38301428 1.38301428 1.38301428
 1.38301428 1.38301428 1.38301428 1.38301428 1.38301428 1.38301428
 1.38301428 1.38301428 1.38301428 1.38301428 1.38301428 1.38301428
 1.38301428 1.38301428 1.38301428 1.38301428 1.38301428 1.38301428
 1.38301428 1.38301428 1.38301428 1.38301428 1.38301428 1.38301428
 1.38301428 1.38301428 1.38301428 1.38301428 1.38301428 1.38301428
 1.38301428 1.38301428 1.38301428 1.38301428 1.38301428 1.38301428
 1.38301428 1.38301428 1.38301428 1.38301428 1.38301428 1.38301428
 1.38301428 1.38301428 1.38301428 1.38301428 1.38301428 1.38301428
 1.38301428 1.38301428 1.38301428 1.38301428 1.38301428 1.24438639
 0.83572891 0.83572891 0.83572891 0.83572891 0.83572891 0.83572891
 0.83572891 0.83572891 0.83572891 0.83572891 0.83572891 0.83572891
 0.83572891 0.83572891 0.83572891 0.83572891 0.83572891 0.83572891
 0.83572891 0.83572891 0.83572891 0.83572891 0.83572891 0.83572891
 0.83572891 0.83572891 0.83572891 0.83572891 0.83572891 0.83572891
 0.83572891 0.83572891 0.83572891 0.83572891 0.83572891 0.83572891
 0.83572891 0.83572891 0.83572891 0.83572891 0.83572891 0.83572891
 0.83572891 0.83572891 0.83572891 0.83572891 0.83572891 0.83572891
 0.83572891 0.83572891 0.83572891 0.83572891 0.83572891 0.83572891
 0.83572891 0.83572891 0.83572891 0.83572891 0.83572891 0.83572891
 0.83572891 0.83572891 0.83572891 0.83572891 0.83572891 0.83572891
 0.83572891 0.83572891 0.83572891 0.83572891 0.83572891 0.83572891
 0.83572891 0.83572891 0.83572891 0.83572891 0.83572891 0.83572891
 0.83572891 0.83572891 0.83572891 0.83572891 0.83572891 0.83572891
 0.83572891 0.83572891 0.83572891 0.83572891 0.83572891 0.83572891
 0.83572891 0.83572891 0.83572891 0.83572891 0.83572891 0.83572891
 0.83572891 0.83572891 0.83572891 0.83572891 0.83572891 0.83572891
 0.83572891 0.83572891 0.83572891 0.83572891 0.83572891 0.83572891
 0.83572891 0.83572891 0.83572891 0.83572891 0.83572891 0.83572891
 0.83572891 0.83572891 0.83572891 0.83572891 0.83572891 0.83572891
 0.83572891 0.83572891 0.83572891 0.83572891 0.83572891 0.83572891
 0.83572891 0.83572891 0.83572891 0.83572891 0.83572891 0.83572891
 0.83572891 0.83572891 0.83572891 0.83572891 0.83572891 0.83572891
 0.83572891 0.83572891 0.83572891 0.83572891 0.83572891 0.83572891
 0.83572891 0.83572891 0.83572891 0.83572891 0.83572891 0.83572891
 0.83572891 0.83572891 0.83572891 0.83572891 0.83572891 0.83572891
 0.83572891 0.83572891 0.83572891 0.83572891 0.83572891 0.83572891
 0.83572891 0.83572891 0.83572891 0.83572891 0.83572891 0.83572891
 0.83572891 0.83572891 0.83572891 0.83572891 0.83572891 0.83572891
 0.83572891 0.83572891 0.83572891 0.83572891 0.83572891 0.83572891
 0.83572891 0.83572891 0.83572891 0.83572891 0.83572891 0.83572891
 0.83572891 0.83572891 0.83572891 0.83572891 0.83572891 0.83572891
 0.83572891 0.83572891 0.83572891 0.83572891 0.83572891 0.83572891
 0.83572891 0.83572891 0.83572891 0.83572891 0.83572891 0.83572891
 0.83572891 0.83572891 0.83572891 0.83572891 0.83572891]","[0.00167224 0.00501672 0.0083612  0.01170569 0.01505017 0.01839465
 0.02173913 0.02508361 0.02842809 0.03177258 0.03511706 0.03846154
 0.04180602 0.0451505  0.04849498 0.05183946 0.05518395 0.05852843
 0.06187291 0.06521739 0.06856187 0.07190635 0.07525084 0.07859532
 0.0819398  0.08528428 0.08862876 0.09197324 0.09531773 0.09866221
 0.10200669 0.10535117 0.10869565 0.11204013 0.11538462 0.1187291
 0.12207358 0.12541806 0.12876254 0.13210702 0.13545151 0.13879599
 0.14214047 0.14548495 0.14882943 0.15217391 0.15551839 0.15886288
 0.16220736 0.16555184 0.16889632 0.1722408  0.17558528 0.17892977
 0.18227425 0.18561873 0.18896321 0.19230769 0.19565217 0.19899666
 0.20234114 0.20568562 0.2090301  0.21237458 0.21571906 0.21906355
 0.22240803 0.22575251 0.22909699 0.23244147 0.23578595 0.23913043
 0.24247492 0.2458194  0.24916388 0.25250836 0.25585284 0.25919732
 0.26254181 0.26588629 0.26923077 0.27257525 0.27591973 0.27926421
 0.2826087  0.28595318 0.28929766 0.29264214 0.29598662 0.2993311
 0.30267559 0.30602007 0.30936455 0.31270903 0.31605351 0.31939799
 0.32274247 0.32608696 0.32943144 0.33277592 0.3361204  0.33946488
 0.34280936 0.34615385 0.34949833 0.35284281 0.35618729 0.35953177
 0.36287625 0.36622074 0.36956522 0.3729097  0.37625418 0.37959866
 0.38294314 0.38628763 0.38963211 0.39297659 0.39632107 0.39966555
 0.40301003 0.40635452 0.409699   0.41304348 0.41638796 0.41973244
 0.42307692 0.4264214  0.42976589 0.43311037 0.43645485 0.43979933
 0.44314381 0.44648829 0.44983278 0.45317726 0.45652174 0.45986622
 0.4632107  0.46655518 0.46989967 0.47324415 0.47658863 0.47993311
 0.48327759 0.48662207 0.48996656 0.49331104 0.49665552 0.5
 0.50334448 0.50668896 0.51003344 0.51337793 0.51672241 0.52006689
 0.52341137 0.52675585 0.53010033 0.53344482 0.5367893  0.54013378
 0.54347826 0.54682274 0.55016722 0.55351171 0.55685619 0.56020067
 0.56354515 0.56688963 0.57023411 0.5735786  0.57692308 0.58026756
 0.58361204 0.58695652 0.590301   0.59364548 0.59698997 0.60033445
 0.60367893 0.60702341 0.61036789 0.61371237 0.61705686 0.62040134
 0.62374582 0.6270903  0.63043478 0.63377926 0.63712375 0.64046823
 0.64381271 0.64715719 0.65050167 0.65384615 0.65719064 0.66053512
 0.6638796  0.66722408 0.67056856 0.67391304 0.67725753 0.68060201
 0.68394649 0.68729097 0.69063545 0.69397993 0.69732441 0.7006689
 0.70401338 0.70735786 0.71070234 0.71404682 0.7173913  0.72073579
 0.72408027 0.72742475 0.73076923 0.73411371 0.73745819 0.74080268
 0.74414716 0.74749164 0.75083612 0.7541806  0.75752508 0.76086957
 0.76421405 0.76755853 0.77090301 0.77424749 0.77759197 0.78093645
 0.78428094 0.78762542 0.7909699  0.79431438 0.79765886 0.80100334
 0.80434783 0.80769231 0.81103679 0.81438127 0.81772575 0.82107023
 0.82441472 0.8277592  0.83110368 0.83444816 0.83779264 0.84113712
 0.84448161 0.84782609 0.85117057 0.85451505 0.85785953 0.86120401
 0.86454849 0.86789298 0.87123746 0.87458194 0.87792642 0.8812709
 0.88461538 0.88795987 0.89130435 0.89464883 0.89799331 0.90133779
 0.90468227 0.90802676 0.91137124 0.91471572 0.9180602  0.92140468
 0.92474916 0.92809365 0.93143813 0.93478261 0.93812709 0.94147157
 0.94481605 0.94816054 0.95150502 0.9548495  0.95819398 0.96153846
 0.96488294 0.96822742 0.97157191 0.97491639 0.97826087 0.98160535
 0.98494983 0.98829431 0.9916388  0.99498328 0.99832776]"
LPJ-GUESS,LAI,T,Symbolic regression,89.6381,0.0901,0.8088,0.9026,0.0,12149,809.2033,3.9474,809.2033,3.9474,3.9474,1.0,204.9943,300,1.0,0.9054,0.749,2.0045,1.0,0.9054,2.0045,0.9954,0.2646,0.285,1.6233,0.2646,1.0,0.0,0.0,1,0,-0.8025,0.0,1.3816,0.92,0.7773,0.7593,1.3816,0.7773,0.6659,0.5626,0.5495,0.5626,0.1876,0.5869,0.9051,0.9634,0.3429,0.1923,0.0736,1.0,1.0,1.0,1.0,0,299,False,False,0.0,0.0,0.0,0.0,0.0,0.0,normalized,"[0.9757608  0.99718011 1.01859942 1.04001874 1.06143805 1.08285736
 1.10427667 1.12569598 1.14711529 1.16853461 1.18995392 1.21137323
 1.23279254 1.25421185 1.27563116 1.29705048 1.31846979 1.3398891
 1.36130841 1.38272772 1.40414703 1.42556635 1.44698566 1.46840497
 1.48982428 1.51124359 1.5326629  1.55408222 1.57550153 1.59692084
 1.61834015 1.63975946 1.66117877 1.68259809 1.7040174  1.72543671
 1.74685602 1.76827533 1.78969464 1.81111396 1.83253327 1.85395258
 1.87537189 1.8967912  1.91821052 1.93962983 1.96104914 1.98246845
 2.00388776 2.02530707 2.04672639 2.0681457  2.08956501 2.11098432
 2.13240363 2.15382294 2.17524226 2.19666157 2.21808088 2.23950019
 2.2609195  2.28233881 2.30375813 2.32517744 2.34659675 2.36801606
 2.38943537 2.41085468 2.432274   2.45369331 2.47511262 2.49653193
 2.51795124 2.53937055 2.56078987 2.58220918 2.60362849 2.6250478
 2.64646711 2.66788642 2.68930574 2.71072505 2.73214436 2.75356367
 2.77498298 2.79640229 2.81782161 2.83924092 2.86066023 2.88207954
 2.90349885 2.92491817 2.94633748 2.96775679 2.9891761  3.01059541
 3.03201472 3.05343404 3.07485335 3.09627266 3.11769197 3.13911128
 3.16053059 3.18194991 3.20336922 3.22478853 3.24620784 3.26762715
 3.28904646 3.31046578 3.33188509 3.3533044  3.37472371 3.39614302
 3.41756233 3.43898165 3.46040096 3.48182027 3.50323958 3.52465889
 3.5460782  3.56749752 3.58891683 3.61033614 3.63175545 3.65317476
 3.67459407 3.69601339 3.7174327  3.73885201 3.76027132 3.78169063
 3.80310995 3.82452926 3.84594857 3.86736788 3.88878719 3.9102065
 3.93162582 3.95304513 3.97446444 3.99588375 4.01730306 4.03872237
 4.06014169 4.081561   4.10298031 4.12439962 4.14581893 4.16723824
 4.18865756 4.21007687 4.23149618 4.25291549 4.2743348  4.29575411
 4.31717343 4.33859274 4.36001205 4.38143136 4.40285067 4.42426998
 4.4456893  4.46710861 4.48852792 4.50994723 4.53136654 4.55278585
 4.57420517 4.59562448 4.61704379 4.6384631  4.65988241 4.68130173
 4.70272104 4.72414035 4.74555966 4.76697897 4.78839828 4.8098176
 4.83123691 4.85265622 4.87407553 4.89549484 4.91691415 4.93833347
 4.95975278 4.98117209 5.0025914  5.02401071 5.04543002 5.06684934
 5.08826865 5.10968796 5.13110727 5.15252658 5.17394589 5.19536521
 5.21678452 5.23820383 5.25962314 5.28104245 5.30246176 5.32388108
 5.34530039 5.3667197  5.38813901 5.40955832 5.43097763 5.45239695
 5.47381626 5.49523557 5.51665488 5.53807419 5.55949351 5.58091282
 5.60233213 5.62375144 5.64517075 5.66659006 5.68800938 5.70942869
 5.730848   5.75226731 5.77368662 5.79510593 5.81652525 5.83794456
 5.85936387 5.88078318 5.90220249 5.9236218  5.94504112 5.96646043
 5.98787974 6.00929905 6.03071836 6.05213767 6.07355699 6.0949763
 6.11639561 6.13781492 6.15923423 6.18065354 6.20207286 6.22349217
 6.24491148 6.26633079 6.2877501  6.30916941 6.33058873 6.35200804
 6.37342735 6.39484666 6.41626597 6.43768528 6.4591046  6.48052391
 6.50194322 6.52336253 6.54478184 6.56620116 6.58762047 6.60903978
 6.63045909 6.6518784  6.67329771 6.69471703 6.71613634 6.73755565
 6.75897496 6.78039427 6.80181358 6.8232329  6.84465221 6.86607152
 6.88749083 6.90891014 6.93032945 6.95174877 6.97316808 6.99458739
 7.0160067  7.03742601 7.05884532 7.08026464 7.10168395 7.12310326
 7.14452257 7.16594188 7.18736119 7.20878051 7.23019982 7.25161913
 7.27303844 7.29445775 7.31587706 7.33729638 7.35871569 7.380135  ]","[ 377.92850484  383.35344435  388.66865714  393.88114934  398.9972722
  404.02279998  408.96299685  413.82267431  418.60624099  423.31774574
  427.96091528  432.53918703  437.05573795  441.5135099   445.91523205
  450.2634407   454.56049684  458.80860185  463.00981144  467.16604815
  471.27911255  475.35069329  479.38237614  483.3756522   487.33192524
  491.2525184   495.13868025  498.9915903   502.81236402  506.6020574
  510.36167112  514.09215442  517.7944085   521.46928984  525.11761304
  528.74015362  532.33765044  535.91080806  539.46029881  542.98676481
  546.49081973  549.97305052  553.43401893  556.87426298  560.29429831
  563.69461941  567.07570084  570.43799822  573.78194934  577.10797506
  580.41648019  583.70785435  586.98247272  590.24069675  593.48287489
  596.70934318  599.92042589  603.11643604  606.29767598  609.46443786
  612.61700408  615.75564779  618.88063327  621.99221631  625.09064463
  628.17615819  631.24898956  634.30936418  637.35750073  640.39361136
  643.41790197  646.43057248  649.43181705  652.42182432  655.40077764
  658.36885524  661.32623048  664.27307198  667.20954385  670.13580581
  673.05201339  675.95831808  678.85486746  681.74180534  684.61927191
  687.48740388  690.34633454  693.19619396  696.03710904  698.86920364
  701.69259869  704.50741227  707.3137597   710.11175368  712.90150429
  715.68311915  718.45670348  721.22236012  723.9801897   726.73029062
  729.47275919  732.20768963  734.93517418  737.65530314  740.36816493
  743.07384613  745.77243158  748.46400437  751.14864594  753.82643609
  756.49745305  759.16177352  761.81947272  764.47062438  767.11530087
  769.75357315  772.38551087  775.01118237  777.63065472  780.24399376
  782.85126415  785.45252935  788.04785171  790.63729245  793.22091172
  795.79876861  798.37092119  800.93742652  803.49834069  806.05371882
  808.60361511  811.14808286  813.68717446  816.22094146  818.74943456
  821.27270361  823.79079767  826.30376503  828.81165318  831.31450887
  833.81237813  836.30530623  838.79333779  841.27651669  843.75488619
  846.22848885  848.69736661  851.16156077  853.62111201  856.07606043
  858.52644552  860.97230619  863.41368081  865.85060715  868.28312249
  870.71126354  873.13506652  875.5545671   877.96980049  880.38080139
  882.78760403  885.19024215  887.58874906  889.98315759  892.37350014
  894.75980868  897.14211472  899.52044941  901.89484343  904.2653271
  906.63193032  908.99468262  911.35361313  913.70875062  916.06012349
  918.40775979  920.75168719  923.09193303  925.42852432  927.76148771
  930.09084954  932.41663582  934.73887225  937.0575842   939.37279675
  941.68453468  943.99282245  946.29768426  948.59914401  950.89722532
  953.19195152  955.48334569  957.77143063  960.05622889  962.33776274
  964.61605421  966.89112507  969.16299687  971.43169088  973.69722816
  975.95962952  978.21891555  980.47510661  982.72822282  984.97828411
  987.22531018  989.46932049  991.71033434  993.94837079  996.1834487
  998.41558674 1000.64480337 1002.87111687 1005.09454531 1007.31510659
 1009.53281842 1011.74769831 1013.95976361 1016.16903148 1018.37551892
 1020.57924274 1022.78021959 1024.97846594 1027.17399812 1029.36683227
 1031.55698439 1033.7444703  1035.92930569 1038.11150607 1040.29108682
 1042.46806316 1044.64245017 1046.81426276 1048.98351573 1051.15022373
 1053.31440125 1055.47606266 1057.63522219 1059.79189395 1061.94609188
 1064.09782983 1066.24712151 1068.39398049 1070.53842022 1072.68045404
 1074.82009515 1076.95735665 1079.09225148 1081.22479252 1083.35499249
 1085.48286402 1087.6084196  1089.73167165 1091.85263244 1093.97131416
 1096.08772887 1098.20188854 1100.31380503 1102.42349009 1104.53095539
 1106.63621246 1108.73927278 1110.84014769 1112.93884846 1115.03538625
 1117.12977212 1119.22201705 1121.31213192 1123.40012753 1125.48601458
 1127.56980367 1129.65150533 1131.73113    1133.80868802 1135.88418967
 1137.95764512 1140.02906446 1142.09845773 1144.16583485 1146.23120567
 1148.29457997 1150.35596745 1152.41537772 1154.47282033 1156.52830475
 1158.58184037 1160.6334365  1162.68310238 1164.7308472  1166.77668005
 1168.82060996 1170.8626459  1172.90279674 1174.94107131 1176.97747837
 1179.0120266  1181.04472462 1183.07558099 1185.1046042  1187.13180268]","[0.         0.00334448 0.00668896 0.01003344 0.01337793 0.01672241
 0.02006689 0.02341137 0.02675585 0.03010033 0.03344482 0.0367893
 0.04013378 0.04347826 0.04682274 0.05016722 0.05351171 0.05685619
 0.06020067 0.06354515 0.06688963 0.07023411 0.0735786  0.07692308
 0.08026756 0.08361204 0.08695652 0.090301   0.09364548 0.09698997
 0.10033445 0.10367893 0.10702341 0.11036789 0.11371237 0.11705686
 0.12040134 0.12374582 0.1270903  0.13043478 0.13377926 0.13712375
 0.14046823 0.14381271 0.14715719 0.15050167 0.15384615 0.15719064
 0.16053512 0.1638796  0.16722408 0.17056856 0.17391304 0.17725753
 0.18060201 0.18394649 0.18729097 0.19063545 0.19397993 0.19732441
 0.2006689  0.20401338 0.20735786 0.21070234 0.21404682 0.2173913
 0.22073579 0.22408027 0.22742475 0.23076923 0.23411371 0.23745819
 0.24080268 0.24414716 0.24749164 0.25083612 0.2541806  0.25752508
 0.26086957 0.26421405 0.26755853 0.27090301 0.27424749 0.27759197
 0.28093645 0.28428094 0.28762542 0.2909699  0.29431438 0.29765886
 0.30100334 0.30434783 0.30769231 0.31103679 0.31438127 0.31772575
 0.32107023 0.32441472 0.3277592  0.33110368 0.33444816 0.33779264
 0.34113712 0.34448161 0.34782609 0.35117057 0.35451505 0.35785953
 0.36120401 0.36454849 0.36789298 0.37123746 0.37458194 0.37792642
 0.3812709  0.38461538 0.38795987 0.39130435 0.39464883 0.39799331
 0.40133779 0.40468227 0.40802676 0.41137124 0.41471572 0.4180602
 0.42140468 0.42474916 0.42809365 0.43143813 0.43478261 0.43812709
 0.44147157 0.44481605 0.44816054 0.45150502 0.4548495  0.45819398
 0.46153846 0.46488294 0.46822742 0.47157191 0.47491639 0.47826087
 0.48160535 0.48494983 0.48829431 0.4916388  0.49498328 0.49832776
 0.50167224 0.50501672 0.5083612  0.51170569 0.51505017 0.51839465
 0.52173913 0.52508361 0.52842809 0.53177258 0.53511706 0.53846154
 0.54180602 0.5451505  0.54849498 0.55183946 0.55518395 0.55852843
 0.56187291 0.56521739 0.56856187 0.57190635 0.57525084 0.57859532
 0.5819398  0.58528428 0.58862876 0.59197324 0.59531773 0.59866221
 0.60200669 0.60535117 0.60869565 0.61204013 0.61538462 0.6187291
 0.62207358 0.62541806 0.62876254 0.63210702 0.63545151 0.63879599
 0.64214047 0.64548495 0.64882943 0.65217391 0.65551839 0.65886288
 0.66220736 0.66555184 0.66889632 0.6722408  0.67558528 0.67892977
 0.68227425 0.68561873 0.68896321 0.69230769 0.69565217 0.69899666
 0.70234114 0.70568562 0.7090301  0.71237458 0.71571906 0.71906355
 0.72240803 0.72575251 0.72909699 0.73244147 0.73578595 0.73913043
 0.74247492 0.7458194  0.74916388 0.75250836 0.75585284 0.75919732
 0.76254181 0.76588629 0.76923077 0.77257525 0.77591973 0.77926421
 0.7826087  0.78595318 0.78929766 0.79264214 0.79598662 0.7993311
 0.80267559 0.80602007 0.80936455 0.81270903 0.81605351 0.81939799
 0.82274247 0.82608696 0.82943144 0.83277592 0.8361204  0.83946488
 0.84280936 0.84615385 0.84949833 0.85284281 0.85618729 0.85953177
 0.86287625 0.86622074 0.86956522 0.8729097  0.87625418 0.87959866
 0.88294314 0.88628763 0.88963211 0.89297659 0.89632107 0.89966555
 0.90301003 0.90635452 0.909699   0.91304348 0.91638796 0.91973244
 0.92307692 0.9264214  0.92976589 0.93311037 0.93645485 0.93979933
 0.94314381 0.94648829 0.94983278 0.95317726 0.95652174 0.95986622
 0.9632107  0.96655518 0.96989967 0.97324415 0.97658863 0.97993311
 0.98327759 0.98662207 0.98996656 0.99331104 0.99665552 1.        ]","[0.         0.00670405 0.0132725  0.01971401 0.02603643 0.0322469
 0.03835191 0.04435742 0.05026887 0.05609127 0.06182922 0.06748697
 0.07306845 0.07857729 0.08401687 0.08939031 0.09470054 0.09995028
 0.10514207 0.11027827 0.11536113 0.12039272 0.12537501 0.13030983
 0.13519893 0.14004393 0.14484639 0.14960775 0.1543294  0.15901264
 0.16365871 0.16826878 0.17284396 0.17738532 0.18189386 0.18637053
 0.19081626 0.19523191 0.19961831 0.20397626 0.20830651 0.21260979
 0.2168868  0.2211382  0.22536462 0.22956668 0.23374496 0.23790004
 0.24203243 0.24614268 0.25023128 0.2542987  0.25834542 0.26237188
 0.26637851 0.27036573 0.27433393 0.27828351 0.28221483 0.28612826
 0.29002415 0.29390283 0.29776464 0.30160988 0.30543887 0.3092519
 0.31304925 0.31683121 0.32059805 0.32435002 0.32808739 0.3318104
 0.33551929 0.33921429 0.34289563 0.34656353 0.3502182  0.35385986
 0.3574887  0.36110493 0.36470873 0.36830029 0.3718798  0.37544743
 0.37900336 0.38254775 0.38608077 0.38960258 0.39311333 0.39661319
 0.40010229 0.40358079 0.40704883 0.41050654 0.41395407 0.41739154
 0.42081909 0.42423685 0.42764493 0.43104346 0.43443255 0.43781233
 0.44118291 0.4445444  0.44789691 0.45124055 0.45457542 0.45790162
 0.46121925 0.46452842 0.46782922 0.47112174 0.47440608 0.47768233
 0.48095058 0.48421091 0.48746342 0.49070818 0.49394528 0.4971748
 0.50039682 0.50361142 0.50681868 0.51001867 0.51321146 0.51639713
 0.51957576 0.5227474  0.52591214 0.52907003 0.53222115 0.53536556
 0.53850333 0.54163452 0.54475919 0.5478774  0.55098922 0.5540947
 0.55719391 0.5602869  0.56337372 0.56645444 0.56952911 0.57259778
 0.57566051 0.57871734 0.58176834 0.58481355 0.58785303 0.59088681
 0.59391496 0.59693751 0.59995452 0.60296603 0.60597209 0.60897275
 0.61196805 0.61495803 0.61794273 0.62092221 0.62389649 0.62686563
 0.62982967 0.63278864 0.63574258 0.63869154 0.64163556 0.64457466
 0.6475089  0.65043831 0.65336291 0.65628277 0.65919789 0.66210833
 0.66501412 0.66791529 0.67081188 0.67370391 0.67659143 0.67947447
 0.68235306 0.68522723 0.68809701 0.69096243 0.69382353 0.69668034
 0.69953289 0.7023812  0.7052253  0.70806523 0.71090102 0.71373268
 0.71656026 0.71938378 0.72220326 0.72501873 0.72783023 0.73063777
 0.73344138 0.7362411  0.73903693 0.74182892 0.74461709 0.74740145
 0.75018204 0.75295888 0.75573199 0.75850139 0.76126712 0.76402919
 0.76678763 0.76954246 0.7722937  0.77504138 0.77778551 0.78052612
 0.78326324 0.78599687 0.78872705 0.79145379 0.79417711 0.79689704
 0.7996136  0.8023268  0.80503667 0.80774322 0.81044648 0.81314646
 0.81584319 0.81853668 0.82122695 0.82391402 0.82659791 0.82927864
 0.83195622 0.83463068 0.83730202 0.83997028 0.84263546 0.84529758
 0.84795666 0.85061272 0.85326577 0.85591583 0.85856292 0.86120706
 0.86384825 0.86648652 0.86912188 0.87175434 0.87438393 0.87701066
 0.87963454 0.88225558 0.88487382 0.88748925 0.89010189 0.89271176
 0.89531887 0.89792324 0.90052489 0.90312381 0.90572004 0.90831358
 0.91090445 0.91349265 0.91607821 0.91866114 0.92124145 0.92381916
 0.92639427 0.9289668  0.93153677 0.93410418 0.93666905 0.93923139
 0.94179122 0.94434854 0.94690337 0.94945572 0.95200561 0.95455303
 0.95709802 0.95964057 0.96218071 0.96471843 0.96725376 0.9697867
 0.97231727 0.97484548 0.97737133 0.97989485 0.98241603 0.9849349
 0.98745145 0.98996572 0.99247769 0.99498739 0.99749482 1.        ]","[2.004511   1.96396706 1.92601188 1.89040348 1.85692868 1.82539897
 1.79564711 1.76752423 1.74089741 1.7156476  1.69166791 1.66886211
 1.64714333 1.62643297 1.60665977 1.58775896 1.56967155 1.55234373
 1.53572629 1.51977415 1.50444597 1.48970373 1.47551245 1.46183986
 1.44865618 1.43593383 1.42364732 1.41177297 1.40028881 1.3891744
 1.37841073 1.36798006 1.35786584 1.34805264 1.33852597 1.32927233
 1.32027901 1.31153412 1.30302649 1.29474562 1.28668161 1.27882518
 1.27116755 1.26370044 1.25641605 1.249307   1.24236631 1.23558738
 1.22896396 1.22249012 1.21616024 1.20996898 1.20391129 1.19798234
 1.19217757 1.18649261 1.18092331 1.17546573 1.17011609 1.16487081
 1.15972645 1.15467974 1.14972756 1.1448669  1.1400949  1.13540884
 1.13080608 1.12628413 1.12184056 1.11747307 1.11317945 1.10895757
 1.1048054  1.10072097 1.09670241 1.09274789 1.08885568 1.08502411
 1.08125156 1.07753647 1.07387736 1.07027278 1.06672134 1.0632217
 1.05977257 1.0563727  1.05302088 1.04971595 1.04645679 1.04324231
 1.04007146 1.03694323 1.03385663 1.03081072 1.02780457 1.02483729
 1.02190802 1.01901592 1.01616019 1.01334004 1.01055471 1.00780346
 1.00508557 1.00240036 0.99974714 0.99712526 0.99453409 0.99197301
 0.98944141 0.98693873 0.98446438 0.98201782 0.97959851 0.97720594
 0.97483959 0.97249898 0.97018361 0.96789303 0.96562678 0.96338441
 0.9611655  0.95896963 0.95679637 0.95464535 0.95251615 0.95040841
 0.94832176 0.94625583 0.94421027 0.94218473 0.94017889 0.93819241
 0.93622497 0.93427626 0.93234598 0.93043383 0.92853952 0.92666275
 0.92480327 0.92296078 0.92113503 0.91932576 0.91753271 0.91575563
 0.91399429 0.91224844 0.91051786 0.90880231 0.90710156 0.90541542
 0.90374365 0.90208605 0.90044242 0.89881256 0.89719626 0.89559335
 0.89400362 0.89242689 0.89086299 0.88931173 0.88777295 0.88624647
 0.88473212 0.88322975 0.88173918 0.88026026 0.87879285 0.87733678
 0.8758919  0.87445808 0.87303517 0.87162302 0.8702215  0.86883048
 0.86744982 0.86607938 0.86471905 0.86336869 0.86202819 0.86069742
 0.85937625 0.85806458 0.85676229 0.85546927 0.8541854  0.85291057
 0.85164468 0.85038762 0.84913929 0.84789958 0.84666839 0.84544564
 0.84423121 0.84302501 0.84182696 0.84063695 0.83945489 0.8382807
 0.83711429 0.83595557 0.83480446 0.83366087 0.83252472 0.83139593
 0.83027441 0.8291601  0.8280529  0.82695276 0.82585958 0.8247733
 0.82369384 0.82262114 0.82155511 0.8204957  0.81944282 0.81839643
 0.81735644 0.81632279 0.81529542 0.81427427 0.81325926 0.81225035
 0.81124746 0.81025054 0.80925953 0.80827437 0.80729501 0.80632137
 0.80535342 0.80439109 0.80343434 0.80248309 0.80153732 0.80059695
 0.79966194 0.79873224 0.7978078  0.79688856 0.79597449 0.79506553
 0.79416163 0.79326275 0.79236884 0.79147986 0.79059575 0.78971649
 0.78884201 0.78797228 0.78710726 0.7862469  0.78539117 0.78454001
 0.78369339 0.78285127 0.78201362 0.78118038 0.78035153 0.77952702
 0.77870682 0.77789088 0.77707918 0.77627167 0.77546833 0.77466911
 0.77387398 0.7730829  0.77229585 0.77151278 0.77073367 0.76995848
 0.76918717 0.76841972 0.7676561  0.76689627 0.7661402  0.76538787
 0.76463923 0.76389426 0.76315294 0.76241523 0.7616811  0.76095052
 0.76022347 0.75949992 0.75877984 0.7580632  0.75734998 0.75664015
 0.75593367 0.75523054 0.75453072 0.75383418 0.7531409  0.75245085
 0.75176402 0.75108037 0.75039988 0.74972253 0.74904829]","[2.004511   1.96396706 1.92601188 1.89040348 1.85692868 1.82539897
 1.79564711 1.76752423 1.74089741 1.7156476  1.69166791 1.66886211
 1.64714333 1.62643297 1.60665977 1.58775896 1.56967155 1.55234373
 1.53572629 1.51977415 1.50444597 1.48970373 1.47551245 1.46183986
 1.44865618 1.43593383 1.42364732 1.41177297 1.40028881 1.3891744
 1.37841073 1.36798006 1.35786584 1.34805264 1.33852597 1.32927233
 1.32027901 1.31153412 1.30302649 1.29474562 1.28668161 1.27882518
 1.27116755 1.26370044 1.25641605 1.249307   1.24236631 1.23558738
 1.22896396 1.22249012 1.21616024 1.20996898 1.20391129 1.19798234
 1.19217757 1.18649261 1.18092331 1.17546573 1.17011609 1.16487081
 1.15972645 1.15467974 1.14972756 1.1448669  1.1400949  1.13540884
 1.13080608 1.12628413 1.12184056 1.11747307 1.11317945 1.10895757
 1.1048054  1.10072097 1.09670241 1.09274789 1.08885568 1.08502411
 1.08125156 1.07753647 1.07387736 1.07027278 1.06672134 1.0632217
 1.05977257 1.0563727  1.05302088 1.04971595 1.04645679 1.04324231
 1.04007146 1.03694323 1.03385663 1.03081072 1.02780457 1.02483729
 1.02190802 1.01901592 1.01616019 1.01334004 1.01055471 1.00780346
 1.00508557 1.00240036 0.99974714 0.99712526 0.99453409 0.99197301
 0.98944141 0.98693873 0.98446438 0.98201782 0.97959851 0.97720594
 0.97483959 0.97249898 0.97018361 0.96789303 0.96562678 0.96338441
 0.9611655  0.95896963 0.95679637 0.95464535 0.95251615 0.95040841
 0.94832176 0.94625583 0.94421027 0.94218473 0.94017889 0.93819241
 0.93622497 0.93427626 0.93234598 0.93043383 0.92853952 0.92666275
 0.92480327 0.92296078 0.92113503 0.91932576 0.91753271 0.91575563
 0.91399429 0.91224844 0.91051786 0.90880231 0.90710156 0.90541542
 0.90374365 0.90208605 0.90044242 0.89881256 0.89719626 0.89559335
 0.89400362 0.89242689 0.89086299 0.88931173 0.88777295 0.88624647
 0.88473212 0.88322975 0.88173918 0.88026026 0.87879285 0.87733678
 0.8758919  0.87445808 0.87303517 0.87162302 0.8702215  0.86883048
 0.86744982 0.86607938 0.86471905 0.86336869 0.86202819 0.86069742
 0.85937625 0.85806458 0.85676229 0.85546927 0.8541854  0.85291057
 0.85164468 0.85038762 0.84913929 0.84789958 0.84666839 0.84544564
 0.84423121 0.84302501 0.84182696 0.84063695 0.83945489 0.8382807
 0.83711429 0.83595557 0.83480446 0.83366087 0.83252472 0.83139593
 0.83027441 0.8291601  0.8280529  0.82695276 0.82585958 0.8247733
 0.82369384 0.82262114 0.82155511 0.8204957  0.81944282 0.81839643
 0.81735644 0.81632279 0.81529542 0.81427427 0.81325926 0.81225035
 0.81124746 0.81025054 0.80925953 0.80827437 0.80729501 0.80632137
 0.80535342 0.80439109 0.80343434 0.80248309 0.80153732 0.80059695
 0.79966194 0.79873224 0.7978078  0.79688856 0.79597449 0.79506553
 0.79416163 0.79326275 0.79236884 0.79147986 0.79059575 0.78971649
 0.78884201 0.78797228 0.78710726 0.7862469  0.78539117 0.78454001
 0.78369339 0.78285127 0.78201362 0.78118038 0.78035153 0.77952702
 0.77870682 0.77789088 0.77707918 0.77627167 0.77546833 0.77466911
 0.77387398 0.7730829  0.77229585 0.77151278 0.77073367 0.76995848
 0.76918717 0.76841972 0.7676561  0.76689627 0.7661402  0.76538787
 0.76463923 0.76389426 0.76315294 0.76241523 0.7616811  0.76095052
 0.76022347 0.75949992 0.75877984 0.7580632  0.75734998 0.75664015
 0.75593367 0.75523054 0.75453072 0.75383418 0.7531409  0.75245085
 0.75176402 0.75108037 0.75039988 0.74972253 0.74904829]","[0.00167224 0.00501672 0.0083612  0.01170569 0.01505017 0.01839465
 0.02173913 0.02508361 0.02842809 0.03177258 0.03511706 0.03846154
 0.04180602 0.0451505  0.04849498 0.05183946 0.05518395 0.05852843
 0.06187291 0.06521739 0.06856187 0.07190635 0.07525084 0.07859532
 0.0819398  0.08528428 0.08862876 0.09197324 0.09531773 0.09866221
 0.10200669 0.10535117 0.10869565 0.11204013 0.11538462 0.1187291
 0.12207358 0.12541806 0.12876254 0.13210702 0.13545151 0.13879599
 0.14214047 0.14548495 0.14882943 0.15217391 0.15551839 0.15886288
 0.16220736 0.16555184 0.16889632 0.1722408  0.17558528 0.17892977
 0.18227425 0.18561873 0.18896321 0.19230769 0.19565217 0.19899666
 0.20234114 0.20568562 0.2090301  0.21237458 0.21571906 0.21906355
 0.22240803 0.22575251 0.22909699 0.23244147 0.23578595 0.23913043
 0.24247492 0.2458194  0.24916388 0.25250836 0.25585284 0.25919732
 0.26254181 0.26588629 0.26923077 0.27257525 0.27591973 0.27926421
 0.2826087  0.28595318 0.28929766 0.29264214 0.29598662 0.2993311
 0.30267559 0.30602007 0.30936455 0.31270903 0.31605351 0.31939799
 0.32274247 0.32608696 0.32943144 0.33277592 0.3361204  0.33946488
 0.34280936 0.34615385 0.34949833 0.35284281 0.35618729 0.35953177
 0.36287625 0.36622074 0.36956522 0.3729097  0.37625418 0.37959866
 0.38294314 0.38628763 0.38963211 0.39297659 0.39632107 0.39966555
 0.40301003 0.40635452 0.409699   0.41304348 0.41638796 0.41973244
 0.42307692 0.4264214  0.42976589 0.43311037 0.43645485 0.43979933
 0.44314381 0.44648829 0.44983278 0.45317726 0.45652174 0.45986622
 0.4632107  0.46655518 0.46989967 0.47324415 0.47658863 0.47993311
 0.48327759 0.48662207 0.48996656 0.49331104 0.49665552 0.5
 0.50334448 0.50668896 0.51003344 0.51337793 0.51672241 0.52006689
 0.52341137 0.52675585 0.53010033 0.53344482 0.5367893  0.54013378
 0.54347826 0.54682274 0.55016722 0.55351171 0.55685619 0.56020067
 0.56354515 0.56688963 0.57023411 0.5735786  0.57692308 0.58026756
 0.58361204 0.58695652 0.590301   0.59364548 0.59698997 0.60033445
 0.60367893 0.60702341 0.61036789 0.61371237 0.61705686 0.62040134
 0.62374582 0.6270903  0.63043478 0.63377926 0.63712375 0.64046823
 0.64381271 0.64715719 0.65050167 0.65384615 0.65719064 0.66053512
 0.6638796  0.66722408 0.67056856 0.67391304 0.67725753 0.68060201
 0.68394649 0.68729097 0.69063545 0.69397993 0.69732441 0.7006689
 0.70401338 0.70735786 0.71070234 0.71404682 0.7173913  0.72073579
 0.72408027 0.72742475 0.73076923 0.73411371 0.73745819 0.74080268
 0.74414716 0.74749164 0.75083612 0.7541806  0.75752508 0.76086957
 0.76421405 0.76755853 0.77090301 0.77424749 0.77759197 0.78093645
 0.78428094 0.78762542 0.7909699  0.79431438 0.79765886 0.80100334
 0.80434783 0.80769231 0.81103679 0.81438127 0.81772575 0.82107023
 0.82441472 0.8277592  0.83110368 0.83444816 0.83779264 0.84113712
 0.84448161 0.84782609 0.85117057 0.85451505 0.85785953 0.86120401
 0.86454849 0.86789298 0.87123746 0.87458194 0.87792642 0.8812709
 0.88461538 0.88795987 0.89130435 0.89464883 0.89799331 0.90133779
 0.90468227 0.90802676 0.91137124 0.91471572 0.9180602  0.92140468
 0.92474916 0.92809365 0.93143813 0.93478261 0.93812709 0.94147157
 0.94481605 0.94816054 0.95150502 0.9548495  0.95819398 0.96153846
 0.96488294 0.96822742 0.97157191 0.97491639 0.97826087 0.98160535
 0.98494983 0.98829431 0.9916388  0.99498328 0.99832776]"
