model,year,climate_zone,input_var,output_var,pawn_median,pawn_max,n_samples,hsic
CLASSIC,1991,CD,lai,evapotrans,0.36541116482838354,0.7178171445990376,13122,0.0032642711805498503
CLASSIC,1991,CD,lai,evspsblsoi,0.34046051408730826,0.7165978182768307,13122,0.003493045404215677
CLASSIC,1991,CD,lai,evspsblveg,0.5402337026628153,0.8316637245659777,13122,0.010811724315297132
CLASSIC,1991,CD,lai,tran,0.4987545352991253,0.7710352073510611,13122,0.015466325379403336
CLASSIC,1991,CD,precipitation,evapotrans,0.2728596655153519,0.5981994904957868,13122,0.02432949386291403
CLASSIC,1991,CD,precipitation,evspsblsoi,0.24278081215311464,0.5983517320965881,13122,0.017545274214797808
CLASSIC,1991,CD,precipitation,evspsblveg,0.28271629352700256,0.567400614017898,13122,0.0007813745685999303
CLASSIC,1991,CD,precipitation,tran,0.26486707913099977,0.5834116750495351,13122,0.002227161481440287
CLASSIC,1991,CW,lai,evapotrans,0.31290796614414707,0.5688619065965812,22462,0.0009265909112784879
CLASSIC,1991,CW,lai,evspsblsoi,0.19425813991228963,0.4458649780351978,22462,0.000918261750564001
CLASSIC,1991,CW,lai,evspsblveg,0.5578723318051827,0.7788496039615063,22462,0.005580029517684079
CLASSIC,1991,CW,lai,tran,0.44450237238504636,0.7765220612712993,22462,0.0038714456721351
CLASSIC,1991,CW,precipitation,evapotrans,0.29940862261014345,0.537130601908609,22462,0.015463099584526208
CLASSIC,1991,CW,precipitation,evspsblsoi,0.1384724067012917,0.2441490379358811,22462,0.0005220577369758503
CLASSIC,1991,CW,precipitation,evspsblveg,0.3465264572545089,0.5751147851663199,22462,0.004526358592226661
CLASSIC,1991,CW,precipitation,tran,0.31769676676112,0.4904983175461999,22462,0.006001735207069476
CLASSIC,1991,HD,lai,evapotrans,0.4870280619709988,0.7067411086997891,11829,0.00039215671307291246
CLASSIC,1991,HD,lai,evspsblsoi,0.3807733719163907,0.6603318548830557,11829,0.000376930205034348
CLASSIC,1991,HD,lai,evspsblveg,0.6071542015278726,0.8348992157689167,11829,0.021720867364587382
CLASSIC,1991,HD,lai,tran,0.624485134639449,0.8077622319804181,11829,0.011466141658739765
CLASSIC,1991,HD,precipitation,evapotrans,0.5034718478451842,0.67115654200849,11829,0.05700329152126854
CLASSIC,1991,HD,precipitation,evspsblsoi,0.4310436285671686,0.673269563240105,11829,0.028846984191136314
CLASSIC,1991,HD,precipitation,evspsblveg,0.4912446554310873,0.6570321216529688,11829,0.0017734836705863137
CLASSIC,1991,HD,precipitation,tran,0.44878810462173335,0.6167953209253273,11829,0.009829863893939384
CLASSIC,1991,HW,lai,evapotrans,0.3767861734892205,0.5995007292201289,13251,0.0009653306907079553
CLASSIC,1991,HW,lai,evspsblsoi,0.35935953569897894,0.5873454050459701,13251,0.0022054789858312798
CLASSIC,1991,HW,lai,evspsblveg,0.44007432689309317,0.7737143376185046,13251,0.0021289658241224123
CLASSIC,1991,HW,lai,tran,0.42384270037291594,0.7528990384401963,13251,0.001505011603233996
CLASSIC,1991,HW,precipitation,evapotrans,0.2998676838012248,0.4853677909052198,13251,0.014275527751152895
CLASSIC,1991,HW,precipitation,evspsblsoi,0.1955637866738405,0.4014652934701973,13251,0.0013261743636599672
CLASSIC,1991,HW,precipitation,evspsblveg,0.336548145418638,0.5314934437130413,13251,0.009623673818191979
CLASSIC,1991,HW,precipitation,tran,0.2585697947096006,0.4646972771797979,13251,0.004902926083275714
CLASSIC,1992,CD,lai,evapotrans,0.3779268037239898,0.6860519736343663,13396,0.005634647418014209
CLASSIC,1992,CD,lai,evspsblsoi,0.3426529639054652,0.5172006758580528,13396,0.00518005910843418
CLASSIC,1992,CD,lai,evspsblveg,0.515460173007759,0.8393614935177799,13396,0.011349255404868924
CLASSIC,1992,CD,lai,tran,0.4762307082087324,0.792125071863733,13396,0.014208247705868175
CLASSIC,1992,CD,precipitation,evapotrans,0.32790283951412486,0.5228008829004054,13396,0.027489763292081967
CLASSIC,1992,CD,precipitation,evspsblsoi,0.3269802243401595,0.44933333353135807,13396,0.017113536227255685
CLASSIC,1992,CD,precipitation,evspsblveg,0.32204223809326976,0.5537203485663684,13396,0.0005439971156868476
CLASSIC,1992,CD,precipitation,tran,0.31297760057563473,0.5346225429056994,13396,0.00202388095565453
CLASSIC,1992,CW,lai,evapotrans,0.26113623945611697,0.5589927351781352,22431,0.0007295855389626022
CLASSIC,1992,CW,lai,evspsblsoi,0.17677314932124605,0.40660709089287606,22431,0.0007334517442187346
CLASSIC,1992,CW,lai,evspsblveg,0.5209741438613561,0.7707455567245197,22431,0.0046449115427454465
CLASSIC,1992,CW,lai,tran,0.3951179235863502,0.7900809064613359,22431,0.0032792807335748292
CLASSIC,1992,CW,precipitation,evapotrans,0.24253052845165804,0.5404477828703919,22431,0.016207173833850615
CLASSIC,1992,CW,precipitation,evspsblsoi,0.13646632815253598,0.3092377828093735,22431,0.0008451106104105895
CLASSIC,1992,CW,precipitation,evspsblveg,0.29819146410022473,0.5325114817356473,22431,0.0036141253178053555
CLASSIC,1992,CW,precipitation,tran,0.2470919619475332,0.43370912628793656,22431,0.004252398066126509
CLASSIC,1992,HD,lai,evapotrans,0.4766379525282096,0.6910967583639347,11822,0.0003980816754782206
CLASSIC,1992,HD,lai,evspsblsoi,0.3362015572496683,0.6781570390675213,11822,0.00037793616392779256
CLASSIC,1992,HD,lai,evspsblveg,0.5869477909922164,0.7961639495286021,11822,0.021199746986293237
CLASSIC,1992,HD,lai,tran,0.6263712639917376,0.8046250432414429,11822,0.011840346056086404
CLASSIC,1992,HD,precipitation,evapotrans,0.44931486537045134,0.7102180089540666,11822,0.03719249250015235
CLASSIC,1992,HD,precipitation,evspsblsoi,0.4308739534911681,0.7104663526400461,11822,0.02045650812047577
CLASSIC,1992,HD,precipitation,evspsblveg,0.4523296604742236,0.6405269040871717,11822,0.0014735352684424156
CLASSIC,1992,HD,precipitation,tran,0.3978921187851677,0.6168448268279794,11822,0.005614027956321378
CLASSIC,1992,HW,lai,evapotrans,0.37747659875539963,0.6743025199356816,13257,0.0009270072237654073
CLASSIC,1992,HW,lai,evspsblsoi,0.37176164996839467,0.5784984420422301,13257,0.0023410487959596156
CLASSIC,1992,HW,lai,evspsblveg,0.4226749165395521,0.7924944970590113,13257,0.002091990460460468
CLASSIC,1992,HW,lai,tran,0.43570717846308893,0.8028249056163277,13257,0.001501836258667821
CLASSIC,1992,HW,precipitation,evapotrans,0.30209908328956864,0.5648067084511316,13257,0.011267546132616093
CLASSIC,1992,HW,precipitation,evspsblsoi,0.20336767617250268,0.3943957550642588,13257,0.001080853234831986
CLASSIC,1992,HW,precipitation,evspsblveg,0.34878097864994073,0.5702331936308216,13257,0.006122120809227543
CLASSIC,1992,HW,precipitation,tran,0.25592946979950776,0.5613175588615866,13257,0.005001406001717487
CLASSIC,1993,CD,lai,evapotrans,0.38329083896518445,0.659201227818369,13313,0.004755147320390436
CLASSIC,1993,CD,lai,evspsblsoi,0.3520726169768025,0.5181695400458157,13313,0.0043664730318313605
CLASSIC,1993,CD,lai,evspsblveg,0.5117875665724565,0.8265067065112134,13313,0.0110541309777044
CLASSIC,1993,CD,lai,tran,0.48886882510855345,0.793313575725504,13313,0.014064069738161423
CLASSIC,1993,CD,precipitation,evapotrans,0.32994571415857576,0.47864835089728053,13313,0.023497481572566335
CLASSIC,1993,CD,precipitation,evspsblsoi,0.3173220604652636,0.45910556287371795,13313,0.01709521396934421
CLASSIC,1993,CD,precipitation,evspsblveg,0.3183674733621417,0.497365883423009,13313,0.0005070211171665972
CLASSIC,1993,CD,precipitation,tran,0.3004987689181323,0.4550731751721525,13313,0.001191875569131103
CLASSIC,1993,CW,lai,evapotrans,0.28533623861851687,0.5659636936663859,22453,0.0007868023639872929
CLASSIC,1993,CW,lai,evspsblsoi,0.18265167020007247,0.40450304046616586,22453,0.0008363081326237556
CLASSIC,1993,CW,lai,evspsblveg,0.535088420781366,0.7827173287158188,22453,0.004948406494393357
CLASSIC,1993,CW,lai,tran,0.4314696266797151,0.7872964993185132,22453,0.004084571547374041
CLASSIC,1993,CW,precipitation,evapotrans,0.33427049847924156,0.5309159831717767,22453,0.016368867678090673
CLASSIC,1993,CW,precipitation,evspsblsoi,0.11282826509207455,0.2611176234008399,22453,0.0013245733636942274
CLASSIC,1993,CW,precipitation,evspsblveg,0.31156528151345286,0.470211050140991,22453,0.003653898528143098
CLASSIC,1993,CW,precipitation,tran,0.2691074009054951,0.41267356101540287,22453,0.005041932426541128
CLASSIC,1993,HD,lai,evapotrans,0.46705988451032515,0.6930273198228856,11824,0.0003849997267988857
CLASSIC,1993,HD,lai,evspsblsoi,0.36423118101841945,0.6354119045507471,11824,0.0003790366015948439
CLASSIC,1993,HD,lai,evspsblveg,0.5848188833861097,0.822070559813872,11824,0.022449244243804626
CLASSIC,1993,HD,lai,tran,0.614674847566909,0.7982280548638413,11824,0.011101981358967856
CLASSIC,1993,HD,precipitation,evapotrans,0.5018464552866749,0.6727355752952885,11824,0.0442575266647047
CLASSIC,1993,HD,precipitation,evspsblsoi,0.4296927137408466,0.6713758403224832,11824,0.02441450598494205
CLASSIC,1993,HD,precipitation,evspsblveg,0.46945156142315153,0.6442178346156433,11824,0.0012154195155848469
CLASSIC,1993,HD,precipitation,tran,0.43225893190367926,0.640539197189216,11824,0.0063825548701377495
CLASSIC,1993,HW,lai,evapotrans,0.33816385344871935,0.6680760300724462,13246,0.000839000739775434
CLASSIC,1993,HW,lai,evspsblsoi,0.39169110034919574,0.6057358148704202,13246,0.002380549485630062
CLASSIC,1993,HW,lai,evspsblveg,0.36746941259641575,0.7972313749398181,13246,0.002042144530462975
CLASSIC,1993,HW,lai,tran,0.42673606055994645,0.8010793147949257,13246,0.001401222123802771
CLASSIC,1993,HW,precipitation,evapotrans,0.2762638204769542,0.43443987878915047,13246,0.008716904048922135
CLASSIC,1993,HW,precipitation,evspsblsoi,0.21717100783718263,0.39632002826057844,13246,0.0012189575790889843
CLASSIC,1993,HW,precipitation,evspsblveg,0.2800985416743823,0.5012054029421411,13246,0.005111389800687746
CLASSIC,1993,HW,precipitation,tran,0.26920223691595047,0.4157175537506516,13246,0.004796222031961086
CLASSIC,1994,CD,lai,evapotrans,0.4228274875353635,0.7261566729512204,13314,0.004941319094584627
CLASSIC,1994,CD,lai,evspsblsoi,0.4036618498776645,0.7254054992581902,13314,0.004384308565127942
CLASSIC,1994,CD,lai,evspsblveg,0.5397959836654207,0.8276396044534846,13314,0.011073219990251768
CLASSIC,1994,CD,lai,tran,0.5664442968976692,0.7651696311002305,13314,0.017894519300294655
CLASSIC,1994,CD,precipitation,evapotrans,0.27077240841931105,0.4435948270173228,13314,0.02638833717762297
CLASSIC,1994,CD,precipitation,evspsblsoi,0.2551971187621738,0.4401154327090928,13314,0.022073306713192718
CLASSIC,1994,CD,precipitation,evspsblveg,0.2791145749824661,0.4826389754505736,13314,0.0004818105930034689
CLASSIC,1994,CD,precipitation,tran,0.23144039890261148,0.4411025965109966,13314,0.0015339163051654226
CLASSIC,1994,CW,lai,evapotrans,0.28913805517405355,0.5937763714808995,22366,0.000750016491259135
CLASSIC,1994,CW,lai,evspsblsoi,0.15695234132880426,0.41871091134681365,22366,0.0007918037000584552
CLASSIC,1994,CW,lai,evspsblveg,0.5481969169062462,0.7729706279140167,22366,0.004770440994147701
CLASSIC,1994,CW,lai,tran,0.4153639396698754,0.7929495249330929,22366,0.003543504570462068
CLASSIC,1994,CW,precipitation,evapotrans,0.290269669809422,0.5485203269491006,22366,0.014595834724830541
CLASSIC,1994,CW,precipitation,evspsblsoi,0.1364776942176545,0.2814777371186252,22366,0.0007001360890915988
CLASSIC,1994,CW,precipitation,evspsblveg,0.30928972471666655,0.5643738254441462,22366,0.0038567657707578563
CLASSIC,1994,CW,precipitation,tran,0.28556336168823204,0.41007296781775426,22366,0.00419406453450943
CLASSIC,1994,HD,lai,evapotrans,0.46547003908225826,0.6905871913295991,11822,0.00039373424124746517
CLASSIC,1994,HD,lai,evspsblsoi,0.343128124949501,0.6779045624973399,11822,0.0003871231384916465
CLASSIC,1994,HD,lai,evspsblveg,0.5997254537913054,0.8151082419656005,11822,0.021872430049917457
CLASSIC,1994,HD,lai,tran,0.6205339724812582,0.803272206366828,11822,0.011851957378103684
CLASSIC,1994,HD,precipitation,evapotrans,0.46432292186095625,0.6553106724979082,11822,0.056206371291211595
CLASSIC,1994,HD,precipitation,evspsblsoi,0.397946755260164,0.6589222395716644,11822,0.027477447501334275
CLASSIC,1994,HD,precipitation,evspsblveg,0.4959488492858267,0.6496256799605885,11822,0.0023389366916937225
CLASSIC,1994,HD,precipitation,tran,0.47796162506885886,0.6164673050703311,11822,0.010778528641182795
CLASSIC,1994,HW,lai,evapotrans,0.3574458370528666,0.6028289504003441,13255,0.0008487499153376557
CLASSIC,1994,HW,lai,evspsblsoi,0.3419546776181405,0.5813985217451167,13255,0.0022452555739845294
CLASSIC,1994,HW,lai,evspsblveg,0.4573589009639779,0.7790540921124275,13255,0.0021595689570748835
CLASSIC,1994,HW,lai,tran,0.41526797831480045,0.7862804269199193,13255,0.0015016352814996895
CLASSIC,1994,HW,precipitation,evapotrans,0.3045301406721227,0.5191948398196873,13255,0.011188945964617437
CLASSIC,1994,HW,precipitation,evspsblsoi,0.1879182042414224,0.35691702325824853,13255,0.000692945263747293
CLASSIC,1994,HW,precipitation,evspsblveg,0.38781633396023985,0.5493137567826365,13255,0.007425265443932279
CLASSIC,1994,HW,precipitation,tran,0.24771986721058392,0.4664827809079701,13255,0.0030291093939603135
CLASSIC,1995,CD,lai,evapotrans,0.40431547619047614,0.7449404761904762,13440,0.005565397151479164
CLASSIC,1995,CD,lai,evspsblsoi,0.3691220238095238,0.7443452380952381,13440,0.004971012300418903
CLASSIC,1995,CD,lai,evspsblveg,0.5780505952380953,0.8450892857142857,13440,0.012714238424356933
CLASSIC,1995,CD,lai,tran,0.5431547619047619,0.7885416666666667,13440,0.01835801946772186
CLASSIC,1995,CD,precipitation,evapotrans,0.24987647032543664,0.4982142857142857,13440,0.021960404372051337
CLASSIC,1995,CD,precipitation,evspsblsoi,0.21880573442202159,0.41393154909496654,13440,0.015466918446646999
CLASSIC,1995,CD,precipitation,evspsblveg,0.27699087681752854,0.5652529761904762,13440,0.0008037836256757021
CLASSIC,1995,CD,precipitation,tran,0.24785295447292835,0.49642857142857144,13440,0.002373275084669282
CLASSIC,1995,CW,lai,evapotrans,0.2964285714285714,0.5925,22400,0.0007920334073397859
CLASSIC,1995,CW,lai,evspsblsoi,0.17569196428571426,0.37714285714285717,22400,0.0007427612995106074
CLASSIC,1995,CW,lai,evspsblveg,0.55140625,0.7345982142857143,22400,0.004986055599608033
CLASSIC,1995,CW,lai,tran,0.38921875,0.7879910714285714,22400,0.00325679632094497
CLASSIC,1995,CW,precipitation,evapotrans,0.23272937982087077,0.4939602142219103,22400,0.01122053702751824
CLASSIC,1995,CW,precipitation,evspsblsoi,0.1382670708538221,0.21224917054807635,22400,0.0006430626804180516
CLASSIC,1995,CW,precipitation,evspsblveg,0.2938116653120418,0.5760833519428317,22400,0.0032239385509984873
CLASSIC,1995,CW,precipitation,tran,0.23670497466054696,0.37876151431121313,22400,0.00471020580921471
CLASSIC,1995,HD,lai,evapotrans,0.47340921985759865,0.714645529499596,11831,0.00040334800304411557
CLASSIC,1995,HD,lai,evspsblsoi,0.36420051538742326,0.6321803863786919,11831,0.0003952327687226336
CLASSIC,1995,HD,lai,evspsblveg,0.5811825216973361,0.8294294406723943,11831,0.020684505341588767
CLASSIC,1995,HD,lai,tran,0.613048174298605,0.8039027089955876,11831,0.010912099814568667
CLASSIC,1995,HD,precipitation,evapotrans,0.4607579279743865,0.6604767493822101,11831,0.04053078085109638
CLASSIC,1995,HD,precipitation,evspsblsoi,0.42953744954031037,0.6553877088261654,11831,0.0211585423439737
CLASSIC,1995,HD,precipitation,evspsblveg,0.45334431035134093,0.6447413499486606,11831,0.0011979936974714001
CLASSIC,1995,HD,precipitation,tran,0.431022937648296,0.609692907890199,11831,0.005624738857534406
CLASSIC,1995,HW,lai,evapotrans,0.3819381598793364,0.6166666666666667,13260,0.0007760224763007067
CLASSIC,1995,HW,lai,evspsblsoi,0.3768099547511312,0.5823529411764705,13260,0.002195082150188199
CLASSIC,1995,HW,lai,evspsblveg,0.44634238310708896,0.7725490196078432,13260,0.0022044136808509547
CLASSIC,1995,HW,lai,tran,0.4233408748114631,0.7827300150829563,13260,0.001387536811831893
CLASSIC,1995,HW,precipitation,evapotrans,0.31816514414183666,0.5315987933634992,13260,0.013413236146951687
CLASSIC,1995,HW,precipitation,evspsblsoi,0.16124861265260823,0.39849170437405734,13260,0.0006026192332512251
CLASSIC,1995,HW,precipitation,evspsblveg,0.3866709354278721,0.5739819004524886,13260,0.007429586890271829
CLASSIC,1995,HW,precipitation,tran,0.26017957255471125,0.4251131221719457,13260,0.003514326437864384
CLASSIC,1996,CD,lai,evapotrans,0.37607397910856766,0.7007282483710234,13045,0.003591104299664553
CLASSIC,1996,CD,lai,evspsblsoi,0.3504911527882411,0.6952088922958988,13045,0.0035224529571456107
CLASSIC,1996,CD,lai,evspsblveg,0.5621425393091113,0.8451581542817451,13045,0.010220926150035427
CLASSIC,1996,CD,lai,tran,0.5181066423476648,0.7851527794298839,13045,0.013187667203663368
CLASSIC,1996,CD,precipitation,evapotrans,0.32972153759192624,0.6043694902261403,13045,0.023605961130334877
CLASSIC,1996,CD,precipitation,evspsblsoi,0.29954568853133545,0.6044461479494059,13045,0.015313495579510011
CLASSIC,1996,CD,precipitation,evspsblveg,0.355946402986012,0.5671904944423152,13045,0.0006815962168062187
CLASSIC,1996,CD,precipitation,tran,0.30132730558668097,0.5704867765427366,13045,0.0019045620894876816
CLASSIC,1996,CW,lai,evapotrans,0.2663286441896451,0.5740432164987239,22457,0.0007355623992098049
CLASSIC,1996,CW,lai,evspsblsoi,0.1803481557146105,0.39405534931287106,22457,0.0006036169039113035
CLASSIC,1996,CW,lai,evspsblveg,0.5215034647298799,0.7910275424556303,22457,0.004550584801162084
CLASSIC,1996,CW,lai,tran,0.406768142522986,0.7858181209554891,22457,0.00458083663465977
CLASSIC,1996,CW,precipitation,evapotrans,0.2543123033904714,0.5227524961030701,22457,0.014547016833398353
CLASSIC,1996,CW,precipitation,evspsblsoi,0.12330442129014706,0.21101473000087112,22457,0.0010764443887290524
CLASSIC,1996,CW,precipitation,evspsblveg,0.28242049812896164,0.5777490421885125,22457,0.00493513180787677
CLASSIC,1996,CW,precipitation,tran,0.2223490039819973,0.39899009447394684,22457,0.005001758928078034
CLASSIC,1996,HD,lai,evapotrans,0.4543727812080464,0.6842733298651809,11826,0.0003900539758492088
CLASSIC,1996,HD,lai,evspsblsoi,0.32151388140148235,0.6737905318867735,11826,0.00038565676119611326
CLASSIC,1996,HD,lai,evspsblveg,0.5855044667830056,0.7794884089229014,11826,0.02289814929412308
CLASSIC,1996,HD,lai,tran,0.6213508096191622,0.7806682383429836,11826,0.011540257432318705
CLASSIC,1996,HD,precipitation,evapotrans,0.4893361104284884,0.6503125557063913,11826,0.05096396098526348
CLASSIC,1996,HD,precipitation,evspsblsoi,0.3806735939102942,0.6459134648346978,11826,0.023093572671991712
CLASSIC,1996,HD,precipitation,evspsblveg,0.47559477169593084,0.680210759592565,11826,0.0017124127599307812
CLASSIC,1996,HD,precipitation,tran,0.42572557079055146,0.6479073360000651,11826,0.00921921714631238
CLASSIC,1996,HW,lai,evapotrans,0.3534725221081091,0.6367815326809714,13255,0.0007443637553206361
CLASSIC,1996,HW,lai,evspsblsoi,0.3605965453424938,0.5703035309820763,13255,0.0021537322564325278
CLASSIC,1996,HW,lai,evspsblveg,0.42354579762439176,0.7650862846371755,13255,0.002216065396623515
CLASSIC,1996,HW,lai,tran,0.4315695491555877,0.782658014022427,13255,0.001427657864333827
CLASSIC,1996,HW,precipitation,evapotrans,0.30732063511356505,0.4641281101129771,13255,0.011654510917202194
CLASSIC,1996,HW,precipitation,evspsblsoi,0.18722449139827713,0.3896477210853584,13255,0.0009853255548941263
CLASSIC,1996,HW,precipitation,evspsblveg,0.33050347243595046,0.5728255878853877,13255,0.006559355748825976
CLASSIC,1996,HW,precipitation,tran,0.25876732255505924,0.4488470442583208,13255,0.0044204770949424444
CLASSIC,1997,CD,lai,evapotrans,0.3842171336020844,0.7327444797061042,13399,0.004984670869701746
CLASSIC,1997,CD,lai,evspsblsoi,0.3617538845068634,0.731923884941291,13399,0.004033128632560199
CLASSIC,1997,CD,lai,evspsblveg,0.5407889093973375,0.8489460674833162,13399,0.011147943029092732
CLASSIC,1997,CD,lai,tran,0.5149754437009668,0.8023033574570613,13399,0.015740408238839806
CLASSIC,1997,CD,precipitation,evapotrans,0.24350277125274533,0.4461772041353052,13399,0.019280960981523685
CLASSIC,1997,CD,precipitation,evspsblsoi,0.23182156075621327,0.4257454239363671,13399,0.013373687788700045
CLASSIC,1997,CD,precipitation,evspsblveg,0.28328908025207483,0.5034137098669649,13399,0.0005380354941380053
CLASSIC,1997,CD,precipitation,tran,0.26817659260380483,0.46348797470962977,13399,0.0008288532811441597
CLASSIC,1997,CW,lai,evapotrans,0.26774698256593654,0.5553419758605276,22370,0.0006819848398584465
CLASSIC,1997,CW,lai,evspsblsoi,0.1736700938757264,0.41788109074653557,22370,0.0008079426968429857
CLASSIC,1997,CW,lai,evspsblveg,0.5398524810013411,0.7712114438980777,22370,0.004877138295307379
CLASSIC,1997,CW,lai,tran,0.4118238712561466,0.7779615556548949,22370,0.0032945714179025455
CLASSIC,1997,CW,precipitation,evapotrans,0.2739671849168117,0.5525243445932491,22370,0.013013185373044843
CLASSIC,1997,CW,precipitation,evspsblsoi,0.13101867005271273,0.23498752082195434,22370,0.0010744960756656915
CLASSIC,1997,CW,precipitation,evspsblveg,0.3146305181554302,0.5655835385207155,22370,0.004297301002451068
CLASSIC,1997,CW,precipitation,tran,0.29110127588866175,0.4391309382601235,22370,0.004910109941493381
CLASSIC,1997,HD,lai,evapotrans,0.4853123332264265,0.6961278462849715,11823,0.0004160116826739621
CLASSIC,1997,HD,lai,evspsblsoi,0.3391520270864971,0.6668452700589509,11823,0.0004187612649694544
CLASSIC,1997,HD,lai,evspsblveg,0.6077876255135499,0.826197257676968,11823,0.02244186764019935
CLASSIC,1997,HD,lai,tran,0.6055069465822231,0.7821203841939932,11823,0.012195141889641211
CLASSIC,1997,HD,precipitation,evapotrans,0.5055813226721919,0.6980456106434438,11823,0.04314657967482922
CLASSIC,1997,HD,precipitation,evspsblsoi,0.4146827600633876,0.6963063534520347,11823,0.01941974271233486
CLASSIC,1997,HD,precipitation,evspsblveg,0.5157768672232452,0.6658402273224722,11823,0.0010768105578914805
CLASSIC,1997,HD,precipitation,tran,0.47697407532233516,0.6389736312044556,11823,0.0076383815037401655
CLASSIC,1997,HW,lai,evapotrans,0.3479059057230198,0.5809455897877656,13273,0.0007064864497150885
CLASSIC,1997,HW,lai,evspsblsoi,0.37346146550518644,0.5919147848835257,13273,0.002273560450024988
CLASSIC,1997,HW,lai,evspsblveg,0.4238823493312829,0.7685035705240915,13273,0.0019464387863091836
CLASSIC,1997,HW,lai,tran,0.412205177561851,0.7671434627230387,13273,0.001393564804241832
CLASSIC,1997,HW,precipitation,evapotrans,0.2812652490182182,0.4256688662281159,13273,0.010959225024816024
CLASSIC,1997,HW,precipitation,evspsblsoi,0.20546342537953763,0.39495150041891364,13273,0.0013309705380818288
CLASSIC,1997,HW,precipitation,evspsblveg,0.3555303369424534,0.4775438111974758,13273,0.007224367938053567
CLASSIC,1997,HW,precipitation,tran,0.25541692004414696,0.44123624007065704,13273,0.004270539105001142
CLASSIC,1998,CD,lai,evapotrans,0.3813791225629603,0.7306524988383701,13384,0.004514728013938968
CLASSIC,1998,CD,lai,evspsblsoi,0.35633203691443366,0.7298305661497144,13384,0.003913466311764363
CLASSIC,1998,CD,lai,evspsblveg,0.5120901560616742,0.8380222369335584,13384,0.011188835751609423
CLASSIC,1998,CD,lai,tran,0.5107858076528922,0.783495904509838,13384,0.014736573968786209
CLASSIC,1998,CD,precipitation,evapotrans,0.2706129473057183,0.4892568992124178,13384,0.022014306347894003
CLASSIC,1998,CD,precipitation,evspsblsoi,0.2547821799171056,0.45042670976069266,13384,0.017289234354512385
CLASSIC,1998,CD,precipitation,evspsblveg,0.28034015644855503,0.5137101493785898,13384,0.0007339312257166333
CLASSIC,1998,CD,precipitation,tran,0.27412188989876324,0.4683095573638694,13384,0.0010926004176525861
CLASSIC,1998,CW,lai,evapotrans,0.27574615726052565,0.5689192182145704,22463,0.0006846150208782863
CLASSIC,1998,CW,lai,evspsblsoi,0.16138102768651197,0.418878230078039,22463,0.0007774713729755029
CLASSIC,1998,CW,lai,evspsblveg,0.5409730868797047,0.774938448453067,22463,0.004864769449705203
CLASSIC,1998,CW,lai,tran,0.39297133083080443,0.7745275269557153,22463,0.004084458859580001
CLASSIC,1998,CW,precipitation,evapotrans,0.3181161802649527,0.484399752975575,22463,0.014071712164908833
CLASSIC,1998,CW,precipitation,evspsblsoi,0.12556795520184044,0.2948032368354302,22463,0.0004734041284417377
CLASSIC,1998,CW,precipitation,evspsblveg,0.34778829007489,0.5756678722490414,22463,0.004058576166281494
CLASSIC,1998,CW,precipitation,tran,0.32553695902433244,0.383023491867485,22463,0.0047817077381063795
CLASSIC,1998,HD,lai,evapotrans,0.5018060383894251,0.6984780942971952,11823,0.00040295730694621797
CLASSIC,1998,HD,lai,evspsblsoi,0.3133572261868477,0.659742548610325,11823,0.000407788032792699
CLASSIC,1998,HD,lai,evspsblveg,0.5958621477280582,0.798377147741815,11823,0.02274034174758658
CLASSIC,1998,HD,lai,tran,0.617348702155439,0.7974427539941954,11823,0.01115097195154634
CLASSIC,1998,HD,precipitation,evapotrans,0.4844598693675882,0.6981134029868488,11823,0.04460566803716954
CLASSIC,1998,HD,precipitation,evspsblsoi,0.4286487061676524,0.7005589626038116,11823,0.022062922187154946
CLASSIC,1998,HD,precipitation,evspsblveg,0.46035377572150304,0.639553232667046,11823,0.001137017041298383
CLASSIC,1998,HD,precipitation,tran,0.4383553351013747,0.6156884466427361,11823,0.006230530602501673
CLASSIC,1998,HW,lai,evapotrans,0.3653911299017474,0.6707930585401907,13255,0.0008758699760762079
CLASSIC,1998,HW,lai,evspsblsoi,0.32957813700354266,0.5867575512925769,13255,0.0022766575168798905
CLASSIC,1998,HW,lai,evspsblveg,0.4505301508352521,0.785236169737024,13255,0.002284646081287918
CLASSIC,1998,HW,lai,tran,0.4120331715111605,0.7862083974117169,13255,0.0014871495226047532
CLASSIC,1998,HW,precipitation,evapotrans,0.30568979064219487,0.4660156132208853,13255,0.011592536129467975
CLASSIC,1998,HW,precipitation,evspsblsoi,0.20401779615576185,0.40203292761262005,13255,0.0009566075373167153
CLASSIC,1998,HW,precipitation,evspsblveg,0.3480601247259778,0.5118170496007939,13255,0.007087027661337392
CLASSIC,1998,HW,precipitation,tran,0.2707336597988294,0.473397386114008,13255,0.003933500106428418
CLASSIC,1999,CD,lai,evapotrans,0.38119358293833255,0.6919065667773261,12999,0.003478777808776674
CLASSIC,1999,CD,lai,evspsblsoi,0.3623471627995053,0.6900603004964879,12999,0.0037997358296928897
CLASSIC,1999,CD,lai,evspsblveg,0.5511219797972625,0.8285272239876441,12999,0.009318684158854404
CLASSIC,1999,CD,lai,tran,0.513743719931119,0.7950653600572825,12999,0.012673981504874315
CLASSIC,1999,CD,precipitation,evapotrans,0.30188643041825747,0.6233654068064407,12999,0.025533841064521584
CLASSIC,1999,CD,precipitation,evspsblsoi,0.2854872296980741,0.6215958919916917,12999,0.01750320003578269
CLASSIC,1999,CD,precipitation,evspsblveg,0.32759617145891656,0.5942089036434756,12999,0.0006585073563549277
CLASSIC,1999,CD,precipitation,tran,0.2992051085116336,0.5845971583612941,12999,0.0017601354945215818
CLASSIC,1999,CW,lai,evapotrans,0.27508882315186833,0.5983881948485756,22423,0.0007245840818801953
CLASSIC,1999,CW,lai,evspsblsoi,0.1758326035420732,0.417457502406462,22423,0.0006999969950896969
CLASSIC,1999,CW,lai,evspsblveg,0.5401077502499086,0.7717262716819431,22423,0.00465335405214605
CLASSIC,1999,CW,lai,tran,0.4361990939515359,0.7695801845395952,22423,0.004534045177283266
CLASSIC,1999,CW,precipitation,evapotrans,0.27352369349352623,0.5217210474826727,22423,0.0161329826124135
CLASSIC,1999,CW,precipitation,evspsblsoi,0.10605262104219756,0.2650409965931063,22423,0.0008067374992106719
CLASSIC,1999,CW,precipitation,evspsblveg,0.2902299331646465,0.5612787947955343,22423,0.004527570916064588
CLASSIC,1999,CW,precipitation,tran,0.2724852529048735,0.4178114158108905,22423,0.005363374693182421
CLASSIC,1999,HD,lai,evapotrans,0.46854054823316804,0.6961846481369808,11832,0.0003982474396437735
CLASSIC,1999,HD,lai,evspsblsoi,0.3400752425853846,0.6646751023335709,11832,0.0003755592680969766
CLASSIC,1999,HD,lai,evspsblveg,0.5816375723927604,0.8270117226760229,11832,0.02066197961473935
CLASSIC,1999,HD,lai,tran,0.6167971779611662,0.7897387752864425,11832,0.012068240438344717
CLASSIC,1999,HD,precipitation,evapotrans,0.46111437841816993,0.6301533708201744,11832,0.04492895197042027
CLASSIC,1999,HD,precipitation,evspsblsoi,0.42471635154776055,0.6301533708201744,11832,0.0209616663316417
CLASSIC,1999,HD,precipitation,evspsblveg,0.4481451578795158,0.6223754180143632,11832,0.0012027857137585334
CLASSIC,1999,HD,precipitation,tran,0.4266242612123405,0.5956036538566964,11832,0.006632080074601984
CLASSIC,1999,HW,lai,evapotrans,0.3971251046477855,0.6433614960762917,13252,0.0009312274065614933
CLASSIC,1999,HW,lai,evspsblsoi,0.398554522208111,0.5806444196476334,13252,0.002468818833554469
CLASSIC,1999,HW,lai,evspsblveg,0.4417490206867372,0.782024762817895,13252,0.002112965719034128
CLASSIC,1999,HW,lai,tran,0.42236976689883765,0.7894798542603091,13252,0.0014682451599332361
CLASSIC,1999,HW,precipitation,evapotrans,0.31173010151474057,0.49569899008385543,13252,0.010666368488931094
CLASSIC,1999,HW,precipitation,evspsblsoi,0.17323021614657363,0.3836117511389613,13252,0.0006258836166270561
CLASSIC,1999,HW,precipitation,evspsblveg,0.36461429382427546,0.5715906623161465,13252,0.006572526426747043
CLASSIC,1999,HW,precipitation,tran,0.23293161382701355,0.4377870420264442,13252,0.002658541734368805
CLASSIC,2000,CD,lai,evapotrans,0.347738763814334,0.6799620210551086,13548,0.005426828283186136
CLASSIC,2000,CD,lai,evspsblsoi,0.31772521468118625,0.5295602249565134,13548,0.006140472987193299
CLASSIC,2000,CD,lai,evspsblveg,0.518570225869108,0.8483187289800268,13548,0.0127535069306777
CLASSIC,2000,CD,lai,tran,0.4767140982516685,0.7910474388180551,13548,0.015542584397357156
CLASSIC,2000,CD,precipitation,evapotrans,0.29988401552829447,0.45240102976760505,13548,0.024251071254526954
CLASSIC,2000,CD,precipitation,evspsblsoi,0.2961648719474552,0.44364321145425806,13548,0.017073336743756284
CLASSIC,2000,CD,precipitation,evspsblveg,0.34756182906864896,0.504922919722163,13548,0.0006428373549610067
CLASSIC,2000,CD,precipitation,tran,0.32753609827345553,0.4605022723516234,13548,0.00136537615331342
CLASSIC,2000,CW,lai,evapotrans,0.2708292085594726,0.5585223466360416,22356,0.0006700118945862693
CLASSIC,2000,CW,lai,evspsblsoi,0.21657186794530914,0.42183390515038643,22356,0.0009413174678222528
CLASSIC,2000,CW,lai,evspsblveg,0.5281115352492787,0.801894518078093,22356,0.004488911055481273
CLASSIC,2000,CW,lai,tran,0.4342232114783876,0.7951419396200882,22356,0.003362323246915864
CLASSIC,2000,CW,precipitation,evapotrans,0.3040794335222793,0.5147961863499444,22356,0.014003501922317273
CLASSIC,2000,CW,precipitation,evspsblsoi,0.1324579499375484,0.21037042158264496,22356,0.0005180241761063241
CLASSIC,2000,CW,precipitation,evspsblveg,0.3182301263241617,0.5609068381509681,22356,0.005049270263800283
CLASSIC,2000,CW,precipitation,tran,0.30227452890841733,0.45215230552574176,22356,0.00581951562958688
CLASSIC,2000,HD,lai,evapotrans,0.47227387996618764,0.6717100195310197,11830,0.00040894927495321864
CLASSIC,2000,HD,lai,evspsblsoi,0.3142011834319527,0.6577686783009977,11830,0.00039499108177442173
CLASSIC,2000,HD,lai,evspsblveg,0.5983939137785291,0.7748943364327979,11830,0.02428340210026857
CLASSIC,2000,HD,lai,tran,0.6102282333051564,0.802028740490279,11830,0.01264709382462135
CLASSIC,2000,HD,precipitation,evapotrans,0.5162496620911303,0.6207051961444776,11830,0.051108325838738075
CLASSIC,2000,HD,precipitation,evspsblsoi,0.42383770076077765,0.6097513140737818,11830,0.022988898116483542
CLASSIC,2000,HD,precipitation,evspsblveg,0.4545403509675279,0.6125736426790702,11830,0.0013941430015024596
CLASSIC,2000,HD,precipitation,tran,0.418486153960578,0.586325453799097,11830,0.0077837263110191205
CLASSIC,2000,HW,lai,evapotrans,0.3570364119644381,0.6285547218778323,13229,0.0008560404690458927
CLASSIC,2000,HW,lai,evspsblsoi,0.3765753586439742,0.5798671086512732,13229,0.0024135831527423543
CLASSIC,2000,HW,lai,evspsblveg,0.4288368844484737,0.781316351470666,13229,0.0020217526338691923
CLASSIC,2000,HW,lai,tran,0.4189757071305185,0.794469558764452,13229,0.0013662850381982224
CLASSIC,2000,HW,precipitation,evapotrans,0.311978990704302,0.4984722002961153,13229,0.011547004376729737
CLASSIC,2000,HW,precipitation,evspsblsoi,0.17074617955798915,0.372830836671101,13229,0.0005126579748895192
CLASSIC,2000,HW,precipitation,evspsblveg,0.3320485063193183,0.5971848192834553,13229,0.006371052903646248
CLASSIC,2000,HW,precipitation,tran,0.2070970365788028,0.48820675486588905,13229,0.0037029458119133205
CLASSIC,2001,CD,lai,evapotrans,0.36794234134659665,0.7256141665684885,13167,0.004590410470596774
CLASSIC,2001,CD,lai,evspsblsoi,0.3514641697732403,0.7237938499178159,13167,0.004883096549265512
CLASSIC,2001,CD,lai,evspsblveg,0.5561453601767151,0.8464398035192904,13167,0.01041235236076525
CLASSIC,2001,CD,lai,tran,0.4999507149563141,0.7852344674068688,13167,0.014712834384727693
CLASSIC,2001,CD,precipitation,evapotrans,0.24825832815402094,0.4487706807572531,13167,0.02299131664316477
CLASSIC,2001,CD,precipitation,evspsblsoi,0.2336631147273916,0.39722391902271986,13167,0.016105505216165786
CLASSIC,2001,CD,precipitation,evspsblveg,0.3007886127703763,0.49798341370095356,13167,0.000683785358998961
CLASSIC,2001,CD,precipitation,tran,0.2795007671453752,0.46729165012344487,13167,0.0016142614157927332
CLASSIC,2001,CW,lai,evapotrans,0.2453115642948176,0.5349192098664054,22313,0.0005418268628259254
CLASSIC,2001,CW,lai,evspsblsoi,0.18952713084128875,0.39543705896895054,22313,0.0006891688727316753
CLASSIC,2001,CW,lai,evspsblveg,0.5002483211080495,0.7556689592370007,22313,0.004023358475786088
CLASSIC,2001,CW,lai,tran,0.454369201007073,0.7894159616033021,22313,0.0036575919517377407
CLASSIC,2001,CW,precipitation,evapotrans,0.2308702371721398,0.5563599711308338,22313,0.011201561222715919
CLASSIC,2001,CW,precipitation,evspsblsoi,0.11413411262951778,0.20678409744580484,22313,0.0003529975727339075
CLASSIC,2001,CW,precipitation,evspsblveg,0.2720701259742783,0.5535561826712074,22313,0.004392442506280181
CLASSIC,2001,CW,precipitation,tran,0.27400787389689885,0.41244903681364853,22313,0.00465963290978761
CLASSIC,2001,HD,lai,evapotrans,0.5090533190209617,0.7178543500583682,11827,0.0003812261615862047
CLASSIC,2001,HD,lai,evspsblsoi,0.38821046531565484,0.6610454994985827,11827,0.0003917021712825251
CLASSIC,2001,HD,lai,evspsblveg,0.6059662732195125,0.8210107237040395,11827,0.0219841619890299
CLASSIC,2001,HD,lai,tran,0.6361609566684507,0.8020671499608222,11827,0.01060395903606731
CLASSIC,2001,HD,precipitation,evapotrans,0.5145687512209227,0.6845616697162241,11827,0.05058445749403848
CLASSIC,2001,HD,precipitation,evspsblsoi,0.43906305601993845,0.6828044493455174,11827,0.019652737105678265
CLASSIC,2001,HD,precipitation,evspsblveg,0.5032199799093855,0.6477183096464624,11827,0.0013752226919025003
CLASSIC,2001,HD,precipitation,tran,0.4849860508142244,0.6167415397307818,11827,0.008800118645103022
CLASSIC,2001,HW,lai,evapotrans,0.33502813077609594,0.6174936433529492,13234,0.0007344227826461911
CLASSIC,2001,HW,lai,evspsblsoi,0.3440937421431387,0.5879775247040604,13234,0.00222550177423788
CLASSIC,2001,HW,lai,evspsblveg,0.37872575122565155,0.7794516276166807,13234,0.001996594389945348
CLASSIC,2001,HW,lai,tran,0.41566772797477264,0.7711311430276404,13234,0.0013357977414381653
CLASSIC,2001,HW,precipitation,evapotrans,0.2877700204391195,0.594012059024019,13234,0.013521097271125432
CLASSIC,2001,HW,precipitation,evspsblsoi,0.21111798414109512,0.42403846724563254,13234,0.0007856911659327284
CLASSIC,2001,HW,precipitation,evspsblveg,0.3566050066190398,0.6563869863717323,13234,0.009689851572342381
CLASSIC,2001,HW,precipitation,tran,0.24852486626272763,0.4573969958365046,13234,0.0038025343903982244
CLASSIC,2002,CD,lai,evapotrans,0.3720208883186551,0.6749974354004059,13613,0.0064368220862028305
CLASSIC,2002,CD,lai,evspsblsoi,0.3385129711070041,0.5548890906478532,13613,0.006990594639354673
CLASSIC,2002,CD,lai,evspsblveg,0.5092513245189138,0.8422213563889489,13613,0.01313081395676276
CLASSIC,2002,CD,lai,tran,0.4818740924537654,0.7928756555909403,13613,0.017636157487467736
CLASSIC,2002,CD,precipitation,evapotrans,0.2504456830770193,0.47770734774907486,13613,0.02291933216402035
CLASSIC,2002,CD,precipitation,evspsblsoi,0.24589373090896172,0.4634350029675068,13613,0.01936113181436932
CLASSIC,2002,CD,precipitation,evspsblveg,0.28189042751782617,0.512210180638387,13613,0.0006936117699602859
CLASSIC,2002,CD,precipitation,tran,0.24460764874644375,0.47251976832941783,13613,0.0013086406337617306
CLASSIC,2002,CW,lai,evapotrans,0.28643354689304057,0.5643762540474058,22365,0.000724406721195314
CLASSIC,2002,CW,lai,evspsblsoi,0.1306927800191679,0.3970101640988833,22365,0.0005998421656625569
CLASSIC,2002,CW,lai,evspsblveg,0.5600566794198859,0.7607598204335535,22365,0.005080653618776047
CLASSIC,2002,CW,lai,tran,0.3920427807862044,0.7841797919089564,22365,0.004762697877091213
CLASSIC,2002,CW,precipitation,evapotrans,0.21084667742202448,0.544745095498453,22365,0.012004663385546064
CLASSIC,2002,CW,precipitation,evspsblsoi,0.0936821289601581,0.25017521147557176,22365,0.0008330399838633535
CLASSIC,2002,CW,precipitation,evspsblveg,0.2968635235642734,0.5612776040060677,22365,0.004737368511918652
CLASSIC,2002,CW,precipitation,tran,0.21345842945086704,0.3920418952397143,22365,0.003616492098404832
CLASSIC,2002,HD,lai,evapotrans,0.46988417664625176,0.7479141252307621,11825,0.00038619675888187157
CLASSIC,2002,HD,lai,evspsblsoi,0.3877932443227613,0.652093023255814,11825,0.0003620648993780054
CLASSIC,2002,HD,lai,evspsblveg,0.5496151076115298,0.8309581652694354,11825,0.021564081151959354
CLASSIC,2002,HD,lai,tran,0.6257146788810474,0.8101608588191772,11825,0.011546365268218913
CLASSIC,2002,HD,precipitation,evapotrans,0.500215335004162,0.6852284992997386,11825,0.05761394311788947
CLASSIC,2002,HD,precipitation,evspsblsoi,0.44693122622801257,0.6820816941864926,11825,0.03220014678373431
CLASSIC,2002,HD,precipitation,evspsblveg,0.47766564280925494,0.6850090875135597,11825,0.002738010026346828
CLASSIC,2002,HD,precipitation,tran,0.4456005075715763,0.638504608093159,11825,0.011459728304668664
CLASSIC,2002,HW,lai,evapotrans,0.36211735827800634,0.6158921316779351,13266,0.0007330841337863247
CLASSIC,2002,HW,lai,evspsblsoi,0.33951008809472816,0.5745762521229572,13266,0.0022848712159155354
CLASSIC,2002,HW,lai,evspsblveg,0.42726585950837714,0.7942262154096726,13266,0.0022172348900989787
CLASSIC,2002,HW,lai,tran,0.42153825690561536,0.8019808813710443,13266,0.0014515274148186692
CLASSIC,2002,HW,precipitation,evapotrans,0.22293272876238407,0.4919166015961617,13266,0.0109813422172928
CLASSIC,2002,HW,precipitation,evspsblsoi,0.1838268618411633,0.38516802618862034,13266,0.0009597231333207052
CLASSIC,2002,HW,precipitation,evspsblveg,0.3316860233706143,0.5748439756414202,13266,0.007795018503110318
CLASSIC,2002,HW,precipitation,tran,0.187457096136195,0.4580481582594512,13266,0.0035068773917866667
CLASSIC,2003,CD,lai,evapotrans,0.37800835705459984,0.6510700889313606,13321,0.003657701728471202
CLASSIC,2003,CD,lai,evspsblsoi,0.33254749945501394,0.5372502840083294,13321,0.005962559089951681
CLASSIC,2003,CD,lai,evspsblveg,0.5147484677831499,0.8472322822033804,13321,0.011452925713810529
CLASSIC,2003,CD,lai,tran,0.5066389112631886,0.7715583987260287,13321,0.016754893152808953
CLASSIC,2003,CD,precipitation,evapotrans,0.2685356984489933,0.4627435368959721,13321,0.023656128974581334
CLASSIC,2003,CD,precipitation,evspsblsoi,0.2611012032977351,0.45823937054209474,13321,0.01995277468912085
CLASSIC,2003,CD,precipitation,evspsblveg,0.267802221559447,0.49806087522850523,13321,0.0007956920417740024
CLASSIC,2003,CD,precipitation,tran,0.24707733595016834,0.45512200136477593,13321,0.0012881556287097033
CLASSIC,2003,CW,lai,evapotrans,0.31471820636464176,0.6076030772184376,22432,0.0007166055292517544
CLASSIC,2003,CW,lai,evspsblsoi,0.12880470239723302,0.41622866238960887,22432,0.0006766434161901834
CLASSIC,2003,CW,lai,evspsblveg,0.5505479521643815,0.7882727692295955,22432,0.004788013862116253
CLASSIC,2003,CW,lai,tran,0.39365248827704896,0.7952117041862784,22432,0.004318050929244868
CLASSIC,2003,CW,precipitation,evapotrans,0.2063295510459181,0.49415313557662727,22432,0.012532662054575209
CLASSIC,2003,CW,precipitation,evspsblsoi,0.09142349211843409,0.21322933433521252,22432,0.0008745912973166913
CLASSIC,2003,CW,precipitation,evspsblveg,0.2552723160674863,0.5235558414132091,22432,0.0042397833863994094
CLASSIC,2003,CW,precipitation,tran,0.21009222834669583,0.4063394762002843,22432,0.00465240299646398
CLASSIC,2003,HD,lai,evapotrans,0.46456998428834906,0.6923962502055808,11832,0.0003883955300545024
CLASSIC,2003,HD,lai,evspsblsoi,0.35793507757250154,0.6567923681862937,11832,0.00038119447962038405
CLASSIC,2003,HD,lai,evspsblveg,0.6116395242038868,0.8277712296474974,11832,0.0227432663655258
CLASSIC,2003,HD,lai,tran,0.6172199036725484,0.7893224740968149,11832,0.012341913503690554
CLASSIC,2003,HD,precipitation,evapotrans,0.5398606218034951,0.6728368038616581,11832,0.05242074162947128
CLASSIC,2003,HD,precipitation,evspsblsoi,0.4494718631357538,0.6696238905863524,11832,0.027487654435840423
CLASSIC,2003,HD,precipitation,evspsblveg,0.5017568578576537,0.6546139191930267,11832,0.0019763744884936014
CLASSIC,2003,HD,precipitation,tran,0.4807423490525379,0.6248766514993696,11832,0.008888501513127738
CLASSIC,2003,HW,lai,evapotrans,0.3686268450958607,0.5901430252081332,13254,0.0007634981857780771
CLASSIC,2003,HW,lai,evspsblsoi,0.3760901230244483,0.571869023404187,13254,0.00213528229697863
CLASSIC,2003,HW,lai,evspsblveg,0.4057135310686392,0.7914031928890929,13254,0.0019526940138325105
CLASSIC,2003,HW,lai,tran,0.4249707457485245,0.7827955293270981,13254,0.0013645891054846957
CLASSIC,2003,HW,precipitation,evapotrans,0.26144113770040095,0.5019876181833949,13254,0.010134778899171765
CLASSIC,2003,HW,precipitation,evspsblsoi,0.1601013084527353,0.4250703450234779,13254,0.001033178929710199
CLASSIC,2003,HW,precipitation,evspsblveg,0.294324676762036,0.5855901437080038,13254,0.007252812851621627
CLASSIC,2003,HW,precipitation,tran,0.21160508416745827,0.46407368184589715,13254,0.0030073009350473356
CLASSIC,2004,CD,lai,evapotrans,0.3579407982534843,0.7161303384799783,13146,0.0036069525279792403
CLASSIC,2004,CD,lai,evspsblsoi,0.33246262073385824,0.7136199535026051,13146,0.003891819176769365
CLASSIC,2004,CD,lai,evspsblveg,0.5369072348627495,0.8453626108420264,13146,0.009152606064341179
CLASSIC,2004,CD,lai,tran,0.48852680541841,0.790751252820763,13146,0.013231549907111836
CLASSIC,2004,CD,precipitation,evapotrans,0.29778204282507087,0.5306592414295375,13146,0.02441478962611098
CLASSIC,2004,CD,precipitation,evspsblsoi,0.27831947338204627,0.43527149455423975,13146,0.017294338785820235
CLASSIC,2004,CD,precipitation,evspsblveg,0.31077702962024867,0.554060654862414,13146,0.0006712749946324854
CLASSIC,2004,CD,precipitation,tran,0.27990533538896534,0.48827412985140844,13146,0.0014712801198644206
CLASSIC,2004,CW,lai,evapotrans,0.28778600645800445,0.5945640806866741,22319,0.000722671403750144
CLASSIC,2004,CW,lai,evspsblsoi,0.16061490715996352,0.44645189152852227,22319,0.0006132739221720733
CLASSIC,2004,CW,lai,evspsblveg,0.5453441090663065,0.756219386346654,22319,0.004985528305722741
CLASSIC,2004,CW,lai,tran,0.41679940512294766,0.7960954037103897,22319,0.004005756670792392
CLASSIC,2004,CW,precipitation,evapotrans,0.2946163901191946,0.5370403023863334,22319,0.012111013650488089
CLASSIC,2004,CW,precipitation,evspsblsoi,0.08846806402475675,0.2500232856876047,22319,0.0005968955221771742
CLASSIC,2004,CW,precipitation,evspsblveg,0.3287517593514964,0.5474361373958346,22319,0.0038429510026999456
CLASSIC,2004,CW,precipitation,tran,0.2507062872805738,0.4013254936043852,22319,0.003878254940089497
CLASSIC,2004,HD,lai,evapotrans,0.5077057577317716,0.6722278268023696,11828,0.00041264743799151505
CLASSIC,2004,HD,lai,evspsblsoi,0.3234113666444074,0.655911971278377,11828,0.00038851034827714823
CLASSIC,2004,HD,lai,evspsblveg,0.6181140014482019,0.7735898112449191,11828,0.022168162968281568
CLASSIC,2004,HD,lai,tran,0.6353610685248781,0.7809455249103021,11828,0.012382273719805815
CLASSIC,2004,HD,precipitation,evapotrans,0.523686219869982,0.6855397741113215,11828,0.05909180891078555
CLASSIC,2004,HD,precipitation,evspsblsoi,0.4210182165847991,0.6840089869995631,11828,0.02824968327537715
CLASSIC,2004,HD,precipitation,evspsblveg,0.4947996940791093,0.64246857822077,11828,0.0019317034182940644
CLASSIC,2004,HD,precipitation,tran,0.4452790223618409,0.5932862117836574,11828,0.009219503507183964
CLASSIC,2004,HW,lai,evapotrans,0.36524136768365995,0.6336192485777895,13259,0.000793725272059865
CLASSIC,2004,HW,lai,evspsblsoi,0.35762375810755825,0.5771222643158687,13259,0.00243180237307241
CLASSIC,2004,HW,lai,evspsblveg,0.4202115709105412,0.7785691428810642,13259,0.002223548727179421
CLASSIC,2004,HW,lai,tran,0.4293386705544042,0.779322437521308,13259,0.0013827119140723489
CLASSIC,2004,HW,precipitation,evapotrans,0.3079100662836653,0.5183757479623107,13259,0.012306084775636486
CLASSIC,2004,HW,precipitation,evspsblsoi,0.17343647723705868,0.40328428272688105,13259,0.0009004245472072329
CLASSIC,2004,HW,precipitation,evspsblveg,0.35994893667859545,0.5542038834829969,13259,0.007199177569078659
CLASSIC,2004,HW,precipitation,tran,0.24104372455282222,0.4508819360241036,13259,0.004392953747612663
CLASSIC,2005,CD,lai,evapotrans,0.3674404961738716,0.6561288272771738,13277,0.005155380063202558
CLASSIC,2005,CD,lai,evspsblsoi,0.3312698430147455,0.5342531585857353,13277,0.005424420884122498
CLASSIC,2005,CD,lai,evspsblveg,0.5159206929483804,0.8268463059135691,13277,0.010145032518285973
CLASSIC,2005,CD,lai,tran,0.48388303542787325,0.7884447332146997,13277,0.01541565142029366
CLASSIC,2005,CD,precipitation,evapotrans,0.2232395523775626,0.44304033650887026,13277,0.02018516209610791
CLASSIC,2005,CD,precipitation,evspsblsoi,0.2217513900364815,0.4397761057666734,13277,0.013692055130934801
CLASSIC,2005,CD,precipitation,evspsblveg,0.2869067099272927,0.5011881576764516,13277,0.0004821223161798573
CLASSIC,2005,CD,precipitation,tran,0.28576739315708033,0.4400523608177263,13277,0.0011809578488625179
CLASSIC,2005,CW,lai,evapotrans,0.29744285962235395,0.617635952435467,22361,0.0008033420787394872
CLASSIC,2005,CW,lai,evspsblsoi,0.15900763544805294,0.40684760210944193,22361,0.00073129740410564
CLASSIC,2005,CW,lai,evspsblveg,0.5493476935109116,0.7904972850005448,22361,0.00509701165120472
CLASSIC,2005,CW,lai,tran,0.4200511486289965,0.7866983628678331,22361,0.005033757419178011
CLASSIC,2005,CW,precipitation,evapotrans,0.26673449809296645,0.5295179615804881,22361,0.01625662104532032
CLASSIC,2005,CW,precipitation,evspsblsoi,0.1250175202817261,0.25738903024928217,22361,0.0006189973819106267
CLASSIC,2005,CW,precipitation,evspsblveg,0.3198102881064797,0.5498776620328054,22361,0.004542096263811553
CLASSIC,2005,CW,precipitation,tran,0.23198293096114508,0.44101519907241354,22361,0.0054451138516744555
CLASSIC,2005,HD,lai,evapotrans,0.507707615866873,0.7036745479228765,11828,0.0003816544309689781
CLASSIC,2005,HD,lai,evspsblsoi,0.37854521457315354,0.6501646879433617,11828,0.00039737518446652175
CLASSIC,2005,HD,lai,evspsblveg,0.5767772847843606,0.8334507770006326,11828,0.019775475259835622
CLASSIC,2005,HD,lai,tran,0.6222565707230518,0.786781141129363,11828,0.010459754021209253
CLASSIC,2005,HD,precipitation,evapotrans,0.5035325098797343,0.6621784428154905,11828,0.04914785305347946
CLASSIC,2005,HD,precipitation,evspsblsoi,0.42643882547566114,0.6598931532140866,11828,0.025380602486646107
CLASSIC,2005,HD,precipitation,evspsblveg,0.48657756138804953,0.6586972443284714,11828,0.0021052026766934665
CLASSIC,2005,HD,precipitation,tran,0.46171856248635856,0.622342259337915,11828,0.010641787756566613
CLASSIC,2005,HW,lai,evapotrans,0.36436951047337773,0.6296191766837677,13259,0.0007504197958212755
CLASSIC,2005,HW,lai,evspsblsoi,0.350271229297906,0.5805924021897191,13259,0.002219837914779573
CLASSIC,2005,HW,lai,evspsblveg,0.4504551790257837,0.7931244971257748,13259,0.0020524545954858846
CLASSIC,2005,HW,lai,tran,0.4339422199577122,0.7785678915610638,13259,0.001386323520722472
CLASSIC,2005,HW,precipitation,evapotrans,0.31076659436891707,0.5199632858848457,13259,0.013531711517529065
CLASSIC,2005,HW,precipitation,evspsblsoi,0.17711469354697548,0.37546535140958004,13259,0.0007765998433987024
CLASSIC,2005,HW,precipitation,evspsblveg,0.36023966274406183,0.5800467606908515,13259,0.008505156305788564
CLASSIC,2005,HW,precipitation,tran,0.2517061058584396,0.4711611692197576,13259,0.0032795647567017594
CLASSIC,2006,CD,lai,evapotrans,0.35673898909318547,0.6729634284789358,13372,0.005396928528601815
CLASSIC,2006,CD,lai,evspsblsoi,0.31138067219125865,0.5105334609393477,13372,0.005199155773802491
CLASSIC,2006,CD,lai,evspsblveg,0.5110265402360081,0.844760061293102,13372,0.011701686665210612
CLASSIC,2006,CD,lai,tran,0.4881731907908352,0.777867167277675,13372,0.01605918501464479
CLASSIC,2006,CD,precipitation,evapotrans,0.2607403795018498,0.4458383468211246,13372,0.02334661972756564
CLASSIC,2006,CD,precipitation,evspsblsoi,0.22121781982162364,0.41840907132028987,13372,0.01795224418535023
CLASSIC,2006,CD,precipitation,evspsblveg,0.3013703360478994,0.5014372079692719,13372,0.0005936484318829141
CLASSIC,2006,CD,precipitation,tran,0.2791744287427142,0.45497041630120105,13372,0.0016304649572890467
CLASSIC,2006,CW,lai,evapotrans,0.2999726868938955,0.6031505776127142,22439,0.0007957889980981394
CLASSIC,2006,CW,lai,evspsblsoi,0.16848279061816154,0.42445738611290706,22439,0.0006341553617121931
CLASSIC,2006,CW,lai,evspsblveg,0.5527229337703747,0.8018203282593276,22439,0.004649229099315813
CLASSIC,2006,CW,lai,tran,0.4246642948571445,0.7955808137077356,22439,0.0037209676032405785
CLASSIC,2006,CW,precipitation,evapotrans,0.2785505150268493,0.5232043832202957,22439,0.011633141806119896
CLASSIC,2006,CW,precipitation,evspsblsoi,0.11375416019515477,0.20954720935916615,22439,0.000517229190725943
CLASSIC,2006,CW,precipitation,evspsblveg,0.3075315478073144,0.5601036090795255,22439,0.004608517688095215
CLASSIC,2006,CW,precipitation,tran,0.2299187196919234,0.39446530790754114,22439,0.004474701923663821
CLASSIC,2006,HD,lai,evapotrans,0.5105302690702328,0.6869572873006417,11829,0.00040361583381174666
CLASSIC,2006,HD,lai,evspsblsoi,0.3661409374942608,0.6651499491878742,11829,0.0003850824588042104
CLASSIC,2006,HD,lai,evspsblveg,0.6190732734364097,0.8183292675772046,11829,0.020714116092189774
CLASSIC,2006,HD,lai,tran,0.6265973698034408,0.781554272931397,11829,0.011266686719964801
CLASSIC,2006,HD,precipitation,evapotrans,0.48359723891818124,0.6721792011387497,11829,0.05482789833329373
CLASSIC,2006,HD,precipitation,evspsblsoi,0.3944305465306655,0.6703146527201815,11829,0.026699950923801872
CLASSIC,2006,HD,precipitation,evspsblveg,0.49883667883195504,0.6140484734036599,11829,0.00221097898702096
CLASSIC,2006,HD,precipitation,tran,0.4784144466030902,0.6138456250442683,11829,0.011182725579268605
CLASSIC,2006,HW,lai,evapotrans,0.3412341074089018,0.5890547528607097,13256,0.000688615717971385
CLASSIC,2006,HW,lai,evspsblsoi,0.35640845865294724,0.5895809951110104,13256,0.0021716441591704523
CLASSIC,2006,HW,lai,evspsblveg,0.3723255515473911,0.779807840224433,13256,0.0019250748142178432
CLASSIC,2006,HW,lai,tran,0.4169331180867816,0.7716608137150223,13256,0.001469952673281074
CLASSIC,2006,HW,precipitation,evapotrans,0.3084799193814691,0.5625113583311508,13256,0.01392267692491618
CLASSIC,2006,HW,precipitation,evspsblsoi,0.17579551898750312,0.3680535407248836,13256,0.0007861621139404214
CLASSIC,2006,HW,precipitation,evspsblveg,0.3744935721524465,0.6229720112501566,13256,0.00881246278522468
CLASSIC,2006,HW,precipitation,tran,0.2388366962343858,0.4438552427609547,13256,0.003708946587728894
CLASSIC,2007,CD,lai,evapotrans,0.38230945650696024,0.7171808229937425,13097,0.00405385951865054
CLASSIC,2007,CD,lai,evspsblsoi,0.36444481101317644,0.7163409359967203,13097,0.004141710994298534
CLASSIC,2007,CD,lai,evspsblveg,0.559806119619997,0.8325609209497892,13097,0.01008548906889409
CLASSIC,2007,CD,lai,tran,0.5379151612056319,0.7614880046534752,13097,0.014109657039963397
CLASSIC,2007,CD,precipitation,evapotrans,0.29835863408982344,0.4764481930772562,13097,0.026241872848175606
CLASSIC,2007,CD,precipitation,evspsblsoi,0.2655544946941025,0.45358371380621754,13097,0.01707811525708325
CLASSIC,2007,CD,precipitation,evspsblveg,0.3210798909800807,0.554157732060311,13097,0.0007467967355818732
CLASSIC,2007,CD,precipitation,tran,0.28274787907022225,0.47201113010554835,13097,0.0015192319104037682
CLASSIC,2007,CW,lai,evapotrans,0.28819402375957304,0.6161123636725281,22403,0.0007952166619192006
CLASSIC,2007,CW,lai,evspsblsoi,0.15346139895015581,0.4504159067591568,22403,0.0008032350246010167
CLASSIC,2007,CW,lai,evspsblveg,0.5525788359020795,0.8040114551656412,22403,0.00499515651064394
CLASSIC,2007,CW,lai,tran,0.40208171258951286,0.7809379532841698,22403,0.00352487159725746
CLASSIC,2007,CW,precipitation,evapotrans,0.2327804093114803,0.5042268334598046,22403,0.010994999733757588
CLASSIC,2007,CW,precipitation,evspsblsoi,0.12023278958023724,0.19610047044082113,22403,0.00038807978781265956
CLASSIC,2007,CW,precipitation,evspsblveg,0.31077835598908193,0.5857949110769604,22403,0.004217418209036901
CLASSIC,2007,CW,precipitation,tran,0.25445384304154006,0.35751760897002977,22403,0.004492196118321106
CLASSIC,2007,HD,lai,evapotrans,0.5134051327500282,0.7023452756299671,11829,0.00041171973981842555
CLASSIC,2007,HD,lai,evspsblsoi,0.3209985745735565,0.6629515324281121,11829,0.00038705206135973585
CLASSIC,2007,HD,lai,evspsblveg,0.6223713273402108,0.8298266499362893,11829,0.02191272260495888
CLASSIC,2007,HD,lai,tran,0.6123111624389448,0.7873886454818584,11829,0.011174153454603987
CLASSIC,2007,HD,precipitation,evapotrans,0.530818853074457,0.6996952033704842,11829,0.053642878670181623
CLASSIC,2007,HD,precipitation,evspsblsoi,0.4722856495423264,0.7010231927703385,11829,0.028811559612983168
CLASSIC,2007,HD,precipitation,evspsblveg,0.4972127471298349,0.6350547428211838,11829,0.002040322936449796
CLASSIC,2007,HD,precipitation,tran,0.4544391632610287,0.6416229739619423,11829,0.00970352501995585
CLASSIC,2007,HW,lai,evapotrans,0.3522995407580766,0.5945320357484498,13254,0.000800608470953446
CLASSIC,2007,HW,lai,evspsblsoi,0.35636714997391655,0.5923873745619013,13254,0.0023416025984673468
CLASSIC,2007,HW,lai,evspsblveg,0.4416044634017723,0.7824182847216958,13254,0.0019830725985103682
CLASSIC,2007,HW,lai,tran,0.4189642429056661,0.7809844138233348,13254,0.001313804889645491
CLASSIC,2007,HW,precipitation,evapotrans,0.3045223798582699,0.5130813407648814,13254,0.013335813678012844
CLASSIC,2007,HW,precipitation,evspsblsoi,0.18624623304529792,0.39875301027539195,13254,0.0007788428010825102
CLASSIC,2007,HW,precipitation,evspsblveg,0.3377004022993414,0.5848964233114633,13254,0.009237893313408472
CLASSIC,2007,HW,precipitation,tran,0.23841807813091676,0.4389775271462487,13254,0.003648688414397186
CLASSIC,2008,CD,lai,evapotrans,0.36508699638878317,0.7234210723673891,13131,0.004869696007345325
CLASSIC,2008,CD,lai,evspsblsoi,0.32736633709767354,0.7220527055741219,13131,0.004270782129352128
CLASSIC,2008,CD,lai,evspsblveg,0.5472523263292745,0.8404517997009803,13131,0.01046056992289065
CLASSIC,2008,CD,lai,tran,0.5016349106835606,0.7605711205031596,13131,0.01420524016503792
CLASSIC,2008,CD,precipitation,evapotrans,0.2503398876170173,0.4495914187823063,13131,0.02407103827158516
CLASSIC,2008,CD,precipitation,evspsblsoi,0.2389828128813397,0.4013146066907792,13131,0.01552826704101297
CLASSIC,2008,CD,precipitation,evspsblveg,0.2848808235554303,0.5324624095245503,13131,0.0006329061397857495
CLASSIC,2008,CD,precipitation,tran,0.2549320276053386,0.4556934999663303,13131,0.0015830790064914478
CLASSIC,2008,CW,lai,evapotrans,0.2933810375670841,0.5864937388193202,22360,0.0007058745466715149
CLASSIC,2008,CW,lai,evspsblsoi,0.1553890876565295,0.40143112701252237,22360,0.0006895542428239416
CLASSIC,2008,CW,lai,evspsblveg,0.5381708407871199,0.7681574239713775,22360,0.005382450029625603
CLASSIC,2008,CW,lai,tran,0.4347495527728086,0.7792933810375671,22360,0.0034166071330423127
CLASSIC,2008,CW,precipitation,evapotrans,0.2066484582758656,0.5205724508050089,22360,0.01214403831729374
CLASSIC,2008,CW,precipitation,evspsblsoi,0.13595394521824242,0.2506165346281626,22360,0.0003911082099418417
CLASSIC,2008,CW,precipitation,evspsblveg,0.32304198055720734,0.5699016100178891,22360,0.004392696895356687
CLASSIC,2008,CW,precipitation,tran,0.25105374283376897,0.4392825198057756,22360,0.00520811133599174
CLASSIC,2008,HD,lai,evapotrans,0.47438715131022824,0.6782755705832628,11830,0.00040228666892698863
CLASSIC,2008,HD,lai,evspsblsoi,0.36010143702451397,0.6491969568892646,11830,0.0003889294269482955
CLASSIC,2008,HD,lai,evspsblveg,0.6156382079459003,0.817497886728656,11830,0.021814152056892563
CLASSIC,2008,HD,lai,tran,0.6144547759932375,0.7945054945054946,11830,0.011862593935816082
CLASSIC,2008,HD,precipitation,evapotrans,0.5144125105663567,0.6506799329765525,11830,0.05822858625623959
CLASSIC,2008,HD,precipitation,evspsblsoi,0.3787827557058327,0.6425800100581016,11830,0.029613481422717147
CLASSIC,2008,HD,precipitation,evspsblveg,0.5327134404057481,0.6745562130177515,11830,0.0023280182823935077
CLASSIC,2008,HD,precipitation,tran,0.5013947590870668,0.6342349957734573,11830,0.011814526383406859
CLASSIC,2008,HW,lai,evapotrans,0.35167857422287724,0.6367148183661286,13243,0.0007980484490269557
CLASSIC,2008,HW,lai,evspsblsoi,0.35448662612158094,0.5856282920560382,13243,0.0022811985486620736
CLASSIC,2008,HW,lai,evspsblveg,0.4123464249819977,0.7695022076454774,13243,0.0020253309044170357
CLASSIC,2008,HW,lai,tran,0.4101105799951773,0.7858670796533306,13243,0.0014505416973153013
CLASSIC,2008,HW,precipitation,evapotrans,0.33843844988841487,0.5493842100988917,13243,0.014685255962825999
CLASSIC,2008,HW,precipitation,evspsblsoi,0.12462037449123567,0.35333816797482187,13243,0.0004549528648737168
CLASSIC,2008,HW,precipitation,evspsblveg,0.3681445479626647,0.6010022240300679,13243,0.00965632278454395
CLASSIC,2008,HW,precipitation,tran,0.22433351705263246,0.41842955837117224,13243,0.002701589318886124
CLASSIC,2009,CD,lai,evapotrans,0.38144858635646717,0.6571805463616076,13607,0.005772774027328224
CLASSIC,2009,CD,lai,evspsblsoi,0.34251004106536476,0.548537375224089,13607,0.006999189489482657
CLASSIC,2009,CD,lai,evspsblveg,0.5173384737336065,0.8318564368611976,13607,0.01359095288453234
CLASSIC,2009,CD,lai,tran,0.47516084306575385,0.7644753448691183,13607,0.015022032449183523
CLASSIC,2009,CD,precipitation,evapotrans,0.270050250792536,0.5063097736734566,13607,0.025151646493852133
CLASSIC,2009,CD,precipitation,evspsblsoi,0.26833603201245426,0.48726917619965826,13607,0.016144886865106903
CLASSIC,2009,CD,precipitation,evspsblveg,0.29912096058053605,0.5400578007807819,13607,0.0005750615380292035
CLASSIC,2009,CD,precipitation,tran,0.2651391380501137,0.4897984662019975,13607,0.0014352286225250423
CLASSIC,2009,CW,lai,evapotrans,0.2912789189685705,0.5821887659073095,22375,0.0007846250814994654
CLASSIC,2009,CW,lai,evspsblsoi,0.18297799570252044,0.42577570756012206,22375,0.0007588692116332959
CLASSIC,2009,CW,lai,evspsblveg,0.5455983996923254,0.8111363797484785,22375,0.004829346677193614
CLASSIC,2009,CW,lai,tran,0.42657002949050726,0.7894159090568694,22375,0.003465139265253747
CLASSIC,2009,CW,precipitation,evapotrans,0.285218365027896,0.5311582734710478,22375,0.015323765743120006
CLASSIC,2009,CW,precipitation,evspsblsoi,0.10317178500551408,0.2598472282867701,22375,0.0005927468011367786
CLASSIC,2009,CW,precipitation,evspsblveg,0.35207575159313675,0.5259359863405575,22375,0.004043816958754351
CLASSIC,2009,CW,precipitation,tran,0.2681251953109318,0.4403486193207762,22375,0.004568183278369491
CLASSIC,2009,HD,lai,evapotrans,0.48283670742322643,0.6828430230433273,11832,0.00041419240524236887
CLASSIC,2009,HD,lai,evspsblsoi,0.3166515637064865,0.6377014793505358,11832,0.00039045518734502296
CLASSIC,2009,HD,lai,evspsblveg,0.5863703571614323,0.8117182217714672,11832,0.02433322531090681
CLASSIC,2009,HD,lai,tran,0.6173896512287836,0.7879736354001059,11832,0.011515527279211011
CLASSIC,2009,HD,precipitation,evapotrans,0.5198103471137486,0.6684930490278534,11832,0.06314749841648382
CLASSIC,2009,HD,precipitation,evspsblsoi,0.41175134708642275,0.6666749121852273,11832,0.03573780365404526
CLASSIC,2009,HD,precipitation,evspsblveg,0.5038739021419627,0.6401690102881786,11832,0.0035843349803360335
CLASSIC,2009,HD,precipitation,tran,0.4731891736494639,0.6049210341172816,11832,0.013936748288933256
CLASSIC,2009,HW,lai,evapotrans,0.3395942442538235,0.6070982609603262,13263,0.0007449831423620718
CLASSIC,2009,HW,lai,evspsblsoi,0.3718453643876426,0.5936285458165598,13263,0.0021100465004629462
CLASSIC,2009,HW,lai,evspsblveg,0.36826337550488325,0.777893421710601,13263,0.002090638796814631
CLASSIC,2009,HW,lai,tran,0.416779677959608,0.7714259220780726,13263,0.0014903559366793405
CLASSIC,2009,HW,precipitation,evapotrans,0.27932205799306487,0.4674395757136605,13263,0.008948043500391283
CLASSIC,2009,HW,precipitation,evspsblsoi,0.22579095308005948,0.39140963685172514,13263,0.0012812106397580064
CLASSIC,2009,HW,precipitation,evspsblveg,0.32185285103108796,0.5502579232807998,13263,0.005027916444044026
CLASSIC,2009,HW,precipitation,tran,0.2590533091446983,0.4637164509252016,13263,0.004082665134084697
CLASSIC,2010,CD,lai,evapotrans,0.3670683107948369,0.6675467823491106,13662,0.006273608375451182
CLASSIC,2010,CD,lai,evspsblsoi,0.3287417215420271,0.527166185439147,13662,0.006440545686466581
CLASSIC,2010,CD,lai,evspsblveg,0.4987883589003965,0.8471074088102808,13662,0.012603581495458704
CLASSIC,2010,CD,lai,tran,0.4639475687123532,0.789240860199163,13662,0.015305623473570376
CLASSIC,2010,CD,precipitation,evapotrans,0.25410640879480395,0.5144479366355261,13662,0.017813540236446417
CLASSIC,2010,CD,precipitation,evspsblsoi,0.23574105391853178,0.4668886395341416,13662,0.012572192459925751
CLASSIC,2010,CD,precipitation,evspsblveg,0.32080871952919826,0.5428855200649991,13662,0.0004848794553102458
CLASSIC,2010,CD,precipitation,tran,0.2623677858415907,0.5135455998660096,13662,0.0009966962840975986
CLASSIC,2010,CW,lai,evapotrans,0.3080949034460309,0.5884284124331267,22422,0.0008802725744219756
CLASSIC,2010,CW,lai,evspsblsoi,0.17798786412382828,0.4177975002498382,22422,0.0006778684486716534
CLASSIC,2010,CW,lai,evspsblveg,0.5525118259107537,0.798387558267581,22422,0.004737488629785674
CLASSIC,2010,CW,lai,tran,0.4214779139991777,0.7842010822041103,22422,0.003261135231400043
CLASSIC,2010,CW,precipitation,evapotrans,0.26541808790768534,0.5587389630264492,22422,0.013794861085258514
CLASSIC,2010,CW,precipitation,evspsblsoi,0.10499538538633059,0.2357640434429389,22422,0.000545662405451627
CLASSIC,2010,CW,precipitation,evspsblveg,0.30192992002126984,0.5377867925000258,22422,0.004511717835863446
CLASSIC,2010,CW,precipitation,tran,0.2533152192737898,0.3924254699692475,22422,0.004692669338162719
CLASSIC,2010,HD,lai,evapotrans,0.47852916314454774,0.7054099746407438,11830,0.00039891337755411425
CLASSIC,2010,HD,lai,evspsblsoi,0.34623837700760784,0.6567202028740491,11830,0.0003812302417612098
CLASSIC,2010,HD,lai,evspsblveg,0.613693998309383,0.8254437869822485,11830,0.022207875277429286
CLASSIC,2010,HD,lai,tran,0.625781910397295,0.7878275570583263,11830,0.01182905057260106
CLASSIC,2010,HD,precipitation,evapotrans,0.5088126270818578,0.6699028751913367,11830,0.05336522899418302
CLASSIC,2010,HD,precipitation,evspsblsoi,0.4266272189349113,0.6762341219071988,11830,0.02547690943757634
CLASSIC,2010,HD,precipitation,evspsblveg,0.44598478444632295,0.6159250702519934,11830,0.001379376591064348
CLASSIC,2010,HD,precipitation,tran,0.39949281487743027,0.59911199766969,11830,0.008659081131211627
CLASSIC,2010,HW,lai,evapotrans,0.33604750592471067,0.581241454744326,13248,0.0007273660485419323
CLASSIC,2010,HW,lai,evspsblsoi,0.3758230505423389,0.5866658691094704,13248,0.002348636785829697
CLASSIC,2010,HW,lai,evspsblveg,0.38007810363686084,0.7854066972017136,13248,0.001971257944736166
CLASSIC,2010,HW,lai,tran,0.41872476301157596,0.7646502142010756,13248,0.001452017568239441
CLASSIC,2010,HW,precipitation,evapotrans,0.27702667828821437,0.5778570207820618,13248,0.013626274580028838
CLASSIC,2010,HW,precipitation,evspsblsoi,0.17551445287576337,0.2949493551180385,13248,0.0005006631860754022
CLASSIC,2010,HW,precipitation,evspsblveg,0.33913382440069273,0.6328673320572419,13248,0.00855480899243545
CLASSIC,2010,HW,precipitation,tran,0.2116958914410719,0.4414583903017045,13248,0.0029168013891373757
CLASSIC,2011,CD,lai,evapotrans,0.3682310086062438,0.6615423071975949,13361,0.004772545944480703
CLASSIC,2011,CD,lai,evspsblsoi,0.33084518598459095,0.5494327569121711,13361,0.0048707543543228555
CLASSIC,2011,CD,lai,evspsblveg,0.5081931974685462,0.8292779010499322,13361,0.009669491006176381
CLASSIC,2011,CD,lai,tran,0.46466579601817243,0.7782303441914913,13361,0.014304082855601013
CLASSIC,2011,CD,precipitation,evapotrans,0.27084850581749453,0.4742672054289743,13361,0.02192791346598175
CLASSIC,2011,CD,precipitation,evspsblsoi,0.2649356626915318,0.4656067903677281,13361,0.015727319187090374
CLASSIC,2011,CD,precipitation,evspsblveg,0.3101568238248908,0.5532385569404563,13361,0.0007394912533284055
CLASSIC,2011,CD,precipitation,tran,0.2949181907123557,0.4794322738401649,13361,0.0016145096815186608
CLASSIC,2011,CW,lai,evapotrans,0.3069279270361537,0.5677180089760192,22393,0.0008541380490271549
CLASSIC,2011,CW,lai,evspsblsoi,0.1995538453292554,0.4440517125887554,22393,0.0009054886482655916
CLASSIC,2011,CW,lai,evspsblveg,0.559143161224037,0.7784769515027018,22393,0.005234456721301166
CLASSIC,2011,CW,lai,tran,0.44205201184324994,0.777931440628768,22393,0.0038128992585772523
CLASSIC,2011,CW,precipitation,evapotrans,0.25509552878003916,0.4897657750189791,22393,0.01346638053382825
CLASSIC,2011,CW,precipitation,evspsblsoi,0.11564425647962324,0.23265246739449896,22393,0.0005106826386555157
CLASSIC,2011,CW,precipitation,evspsblveg,0.28047112917133565,0.5515177734113339,22393,0.004752613840424325
CLASSIC,2011,CW,precipitation,tran,0.24714383384857538,0.38358802960692856,22393,0.004832361326644965
CLASSIC,2011,HD,lai,evapotrans,0.4919012206003728,0.7072881005473314,11827,0.00039271051241914797
CLASSIC,2011,HD,lai,evspsblsoi,0.382480635701753,0.6619761107959559,11827,0.00037362085909930636
CLASSIC,2011,HD,lai,evspsblveg,0.6080015371063686,0.8266733689072405,11827,0.022651882488171897
CLASSIC,2011,HD,lai,tran,0.6256664573603917,0.8078160628062742,11827,0.011856689940224282
CLASSIC,2011,HD,precipitation,evapotrans,0.4359772590775967,0.660372820015824,11827,0.03672465322236043
CLASSIC,2011,HD,precipitation,evspsblsoi,0.3503926725592612,0.6595131812466146,11827,0.014009078879725191
CLASSIC,2011,HD,precipitation,evspsblveg,0.44779124493220607,0.6495117069162777,11827,0.0012626857094938785
CLASSIC,2011,HD,precipitation,tran,0.42879862614518605,0.6340769135018609,11827,0.005371781535079248
CLASSIC,2011,HW,lai,evapotrans,0.37669741044281874,0.5981354889077575,13244,0.000915896038527504
CLASSIC,2011,HW,lai,evspsblsoi,0.36167581471685406,0.5888328783984773,13244,0.0025293010684110436
CLASSIC,2011,HW,lai,evspsblveg,0.43942270175919984,0.7731297618572739,13244,0.0022374320597927547
CLASSIC,2011,HW,lai,tran,0.4197629023825188,0.7522928716741792,13244,0.0014945430003169863
CLASSIC,2011,HW,precipitation,evapotrans,0.2937101541050111,0.526039673358673,13244,0.009142625697438893
CLASSIC,2011,HW,precipitation,evspsblsoi,0.17133267210552394,0.3588963033456233,13244,0.0005003748072830317
CLASSIC,2011,HW,precipitation,evspsblveg,0.33505362058723964,0.5550240194206846,13244,0.006447723345271775
CLASSIC,2011,HW,precipitation,tran,0.19848240005620738,0.45045041400021657,13244,0.0021407045463839227
CLASSIC,2012,CD,lai,evapotrans,0.3741142809801937,0.7112451113043653,12999,0.0034758445610566326
CLASSIC,2012,CD,lai,evspsblsoi,0.3511978436211069,0.7088615546950511,12999,0.003394749341675672
CLASSIC,2012,CD,lai,evspsblveg,0.5568147253930776,0.838527401516093,12999,0.009555702987104616
CLASSIC,2012,CD,lai,tran,0.4971944587453473,0.7829896382561973,12999,0.014059855135073681
CLASSIC,2012,CD,precipitation,evapotrans,0.23836306934852974,0.6084302643101017,12999,0.025497594021858735
CLASSIC,2012,CD,precipitation,evspsblsoi,0.23281631131388808,0.6078135901324323,12999,0.016673228057139815
CLASSIC,2012,CD,precipitation,evspsblveg,0.26745583833831477,0.5843305487166833,12999,0.0006197342411811201
CLASSIC,2012,CD,precipitation,tran,0.23932699170323457,0.5756673856466468,12999,0.0016909201428122783
CLASSIC,2012,CW,lai,evapotrans,0.26214030230883784,0.5550572340071004,22433,0.0007558180573612119
CLASSIC,2012,CW,lai,evspsblsoi,0.17600924961252262,0.40425954871519565,22433,0.0007663569862525351
CLASSIC,2012,CW,lai,evspsblveg,0.5221721116979856,0.7718298290977458,22433,0.0045600998185202635
CLASSIC,2012,CW,lai,tran,0.3975553378655525,0.7890285574481126,22433,0.0035979957879714664
CLASSIC,2012,CW,precipitation,evapotrans,0.25402989476367455,0.5089964070470729,22433,0.010223968186119465
CLASSIC,2012,CW,precipitation,evspsblsoi,0.0764879651729008,0.19771423926410936,22433,0.00024984168887143927
CLASSIC,2012,CW,precipitation,evspsblveg,0.2906081174339465,0.5946784852624726,22433,0.004042958357558728
CLASSIC,2012,CW,precipitation,tran,0.258690499478362,0.4229217555973569,22433,0.003890540971451696
CLASSIC,2012,HD,lai,evapotrans,0.47055899082042485,0.6879306636869189,11827,0.0003900179099161096
CLASSIC,2012,HD,lai,evspsblsoi,0.3383115313964544,0.6745736523754229,11827,0.0003878756722842108
CLASSIC,2012,HD,lai,evspsblveg,0.5869359979180964,0.7991951593489145,11827,0.020705214828682657
CLASSIC,2012,HD,lai,tran,0.6274520702221837,0.8003806068338982,11827,0.01115430610458997
CLASSIC,2012,HD,precipitation,evapotrans,0.518892875336537,0.6842100410532486,11827,0.049861562003553656
CLASSIC,2012,HD,precipitation,evspsblsoi,0.4297003053531466,0.6720273391449514,11827,0.021937336521055308
CLASSIC,2012,HD,precipitation,evspsblveg,0.5031940634240459,0.6573204812891059,11827,0.0011513215106332508
CLASSIC,2012,HD,precipitation,tran,0.47320868313892595,0.615300563398462,11827,0.008040645306799514
CLASSIC,2012,HW,lai,evapotrans,0.38166088058317876,0.673526705369373,13238,0.000848285996962949
CLASSIC,2012,HW,lai,evspsblsoi,0.3695006912718992,0.5775881388787838,13238,0.0023885885688407385
CLASSIC,2012,HW,lai,evspsblveg,0.42115169915043615,0.7936287507034815,13238,0.0021453692009688347
CLASSIC,2012,HW,lai,tran,0.43622754279198994,0.8036734175031233,13238,0.001417901328035804
CLASSIC,2012,HW,precipitation,evapotrans,0.3067214952469066,0.49435936736183345,13238,0.012176855115391556
CLASSIC,2012,HW,precipitation,evspsblsoi,0.17819986544274952,0.40559539985823106,13238,0.0008343543005109987
CLASSIC,2012,HW,precipitation,evspsblveg,0.3622728034145043,0.5841007919616192,13238,0.006782879645032613
CLASSIC,2012,HW,precipitation,tran,0.22940465034969826,0.4965513999111776,13238,0.00397918675535181
CLASSIC,2013,CD,lai,evapotrans,0.38266734995824786,0.663586699730147,13315,0.005193458001938211
CLASSIC,2013,CD,lai,evspsblsoi,0.35135520506567886,0.5222639828136655,13315,0.004765137886759433
CLASSIC,2013,CD,lai,evspsblveg,0.5121286103919249,0.8277232546102242,13315,0.011807187523590647
CLASSIC,2013,CD,lai,tran,0.48845749575073677,0.7941687274958023,13315,0.015965531290291383
CLASSIC,2013,CD,precipitation,evapotrans,0.31683535626858583,0.48768937920271005,13315,0.026888982509510533
CLASSIC,2013,CD,precipitation,evspsblsoi,0.316566033569029,0.4408281662630296,13315,0.01942686691299762
CLASSIC,2013,CD,precipitation,evspsblveg,0.3276707530936087,0.5483147435832377,13315,0.0006178891203166134
CLASSIC,2013,CD,precipitation,tran,0.3038322053622796,0.45583967369547546,13315,0.001330725512475537
CLASSIC,2013,CW,lai,evapotrans,0.2847327747488193,0.5642719490292216,22435,0.0007843959843264871
CLASSIC,2013,CW,lai,evspsblsoi,0.17756331290536959,0.40656799381218944,22435,0.0008064429567451678
CLASSIC,2013,CW,lai,evspsblveg,0.5362933549250766,0.7825386231644835,22435,0.004812768181428738
CLASSIC,2013,CW,lai,tran,0.4322961687642261,0.7864998786353288,22435,0.0035386671685786425
CLASSIC,2013,CW,precipitation,evapotrans,0.2863750880479975,0.5040337961876,22435,0.015596428923808482
CLASSIC,2013,CW,precipitation,evspsblsoi,0.12612513621521834,0.2402739623717874,22435,0.0008750852128017252
CLASSIC,2013,CW,precipitation,evspsblveg,0.2874428769045754,0.5420059017792338,22435,0.0035259923700601656
CLASSIC,2013,CW,precipitation,tran,0.22237002837542963,0.44302349786886813,22435,0.004205639265913702
CLASSIC,2013,HD,lai,evapotrans,0.471513102282333,0.6947590870667794,11830,0.00037359842961644495
CLASSIC,2013,HD,lai,evspsblsoi,0.3563820794590025,0.636770921386306,11830,0.00037788274246362185
CLASSIC,2013,HD,lai,evspsblveg,0.5886728655959426,0.8207945900253593,11830,0.021424640813343138
CLASSIC,2013,HD,lai,tran,0.6177514792899409,0.8024513947590871,11830,0.01073765756597872
CLASSIC,2013,HD,precipitation,evapotrans,0.49191930924168153,0.7183507630623015,11830,0.05177323165182647
CLASSIC,2013,HD,precipitation,evspsblsoi,0.4421922241652131,0.7176738022891869,11830,0.028251635899334944
CLASSIC,2013,HD,precipitation,evspsblveg,0.49532567321762866,0.6765004226542688,11830,0.0021961768003448414
CLASSIC,2013,HD,precipitation,tran,0.4577845459818449,0.6401747161362547,11830,0.008715920062968693
CLASSIC,2013,HW,lai,evapotrans,0.33846080006380463,0.6712086409625376,13248,0.0009146453014793424
CLASSIC,2013,HW,lai,evspsblsoi,0.39209016953787257,0.6065284044298604,13248,0.0023693001924582654
CLASSIC,2013,HW,lai,evspsblveg,0.36791877888520164,0.7965777390392854,13248,0.0019907815381574046
CLASSIC,2013,HW,lai,tran,0.4256668147844317,0.802615133078115,13248,0.0014217915230405145
CLASSIC,2013,HW,precipitation,evapotrans,0.28279162109196976,0.5297737216297511,13248,0.010034580732340046
CLASSIC,2013,HW,precipitation,evspsblsoi,0.18034827613708876,0.37049699207000275,13248,0.0008812091319481356
CLASSIC,2013,HW,precipitation,evspsblveg,0.36223278985507246,0.5375368585361409,13248,0.004764618117165062
CLASSIC,2013,HW,precipitation,tran,0.2346652823352475,0.44229132485643974,13248,0.003969869723206132
CLASSIC,2014,CD,lai,evapotrans,0.41723782981836455,0.7385758168472518,13357,0.00514522423603162
CLASSIC,2014,CD,lai,evspsblsoi,0.39880403295386646,0.7381265301245977,13357,0.005033327816608517
CLASSIC,2014,CD,lai,evspsblveg,0.5398467158995031,0.8289353762341305,13357,0.012469641094760795
CLASSIC,2014,CD,lai,tran,0.558156968010994,0.758497697275958,13357,0.015626860102108127
CLASSIC,2014,CD,precipitation,evapotrans,0.27665868685410133,0.4651683429120698,13357,0.024044401083037542
CLASSIC,2014,CD,precipitation,evspsblsoi,0.24890666559372088,0.4604020339564854,13357,0.015356615539633056
CLASSIC,2014,CD,precipitation,evspsblveg,0.33295984769250153,0.5166540085134761,13357,0.000593894195657787
CLASSIC,2014,CD,precipitation,tran,0.29842874207383424,0.4700124523791832,13357,0.0013654694485623314
CLASSIC,2014,CW,lai,evapotrans,0.2905690726793865,0.5928458408362517,22324,0.0007557425177991431
CLASSIC,2014,CW,lai,evspsblsoi,0.15763648796818502,0.41410620593686287,22324,0.0008530798270531739
CLASSIC,2014,CW,lai,evspsblveg,0.5477456394872773,0.7719205644061528,22324,0.004936868184670218
CLASSIC,2014,CW,lai,tran,0.4152333522145991,0.7914414855019987,22324,0.0034528346593653424
CLASSIC,2014,CW,precipitation,evapotrans,0.2030067055290934,0.5365859295015485,22324,0.013880184578759551
CLASSIC,2014,CW,precipitation,evspsblsoi,0.13538975718469193,0.261430620910592,22324,0.0007289689414840126
CLASSIC,2014,CW,precipitation,evspsblveg,0.2855195649318858,0.5780401734083869,22324,0.004967686940910613
CLASSIC,2014,CW,precipitation,tran,0.19772307348473026,0.3950421801690577,22324,0.004662313381156178
CLASSIC,2014,HD,lai,evapotrans,0.46382079459002534,0.6967878275570583,11830,0.00038938929836725806
CLASSIC,2014,HD,lai,evspsblsoi,0.3447168216398986,0.6788672865595942,11830,0.0003856433330644156
CLASSIC,2014,HD,lai,evspsblveg,0.5975486052409129,0.8196956889264582,11830,0.02084148450809617
CLASSIC,2014,HD,lai,tran,0.6201183431952663,0.8079459002535926,11830,0.01046768771141159
CLASSIC,2014,HD,precipitation,evapotrans,0.536244141125047,0.6707332045244132,11830,0.05129247307572553
CLASSIC,2014,HD,precipitation,evspsblsoi,0.4084854817185938,0.665407760737431,11830,0.027198387378144485
CLASSIC,2014,HD,precipitation,evspsblveg,0.5086759979575286,0.6720202874049027,11830,0.001825368090835894
CLASSIC,2014,HD,precipitation,tran,0.4597502263453064,0.6528317836010143,11830,0.011218419420225917
CLASSIC,2014,HW,lai,evapotrans,0.3626519840384561,0.5988815314576983,13234,0.0008225316291096481
CLASSIC,2014,HW,lai,evspsblsoi,0.3439767423769669,0.5832423990755295,13234,0.0023828223603834194
CLASSIC,2014,HW,lai,evspsblveg,0.4566069942157509,0.7781810972104718,13234,0.002111814976887347
CLASSIC,2014,HW,lai,tran,0.41879022527352583,0.7839785556474284,13234,0.001474451195435807
CLASSIC,2014,HW,precipitation,evapotrans,0.2824480874579106,0.5314291623653622,13234,0.010092445157303115
CLASSIC,2014,HW,precipitation,evspsblsoi,0.19892978768926,0.39684847734960804,13234,0.0008711297884975244
CLASSIC,2014,HW,precipitation,evspsblveg,0.35545251465824024,0.6011118938813191,13234,0.008141077179005871
CLASSIC,2014,HW,precipitation,tran,0.23732216006984463,0.45195749116415784,13234,0.0035577120952956036
CLASSIC,2015,CD,lai,evapotrans,0.3755237483216378,0.6849909726796727,13646,0.006393452258277661
CLASSIC,2015,CD,lai,evspsblsoi,0.33631521770619605,0.5633694218404501,13646,0.006773430442373845
CLASSIC,2015,CD,lai,evspsblveg,0.5289225626100901,0.8442827239690789,13646,0.013370855107013378
CLASSIC,2015,CD,lai,tran,0.5073724189728879,0.796217115241005,13646,0.01790034390406223
CLASSIC,2015,CD,precipitation,evapotrans,0.3259031298374034,0.49908034700584913,13646,0.029399515265203967
CLASSIC,2015,CD,precipitation,evspsblsoi,0.2726794529773352,0.4950011029821616,13646,0.018467148209001003
CLASSIC,2015,CD,precipitation,evspsblveg,0.33178736079243376,0.5248741988164547,13646,0.000702299532395422
CLASSIC,2015,CD,precipitation,tran,0.31864147051629615,0.48669390387021805,13646,0.0018603554830401777
CLASSIC,2015,CW,lai,evapotrans,0.2997306644718204,0.5934915123974922,22368,0.0008227450677671037
CLASSIC,2015,CW,lai,evspsblsoi,0.17447648366367946,0.3805422148186662,22368,0.0007031837671663148
CLASSIC,2015,CW,lai,evspsblveg,0.5519751838311708,0.7353887754266745,22368,0.005206078440968103
CLASSIC,2015,CW,lai,tran,0.39047450201865747,0.7876464589876463,22368,0.0033257091747377807
CLASSIC,2015,CW,precipitation,evapotrans,0.21873304021064183,0.4882777731986166,22368,0.01099022898444238
CLASSIC,2015,CW,precipitation,evspsblsoi,0.11516016501952966,0.2128981156745412,22368,0.0003917236989861328
CLASSIC,2015,CW,precipitation,evspsblveg,0.300008785530459,0.5161115278675776,22368,0.003519676394625243
CLASSIC,2015,CW,precipitation,tran,0.25904867687274424,0.4233660461157744,22368,0.003824273961798709
CLASSIC,2015,HD,lai,evapotrans,0.4749797453616771,0.715830026585729,11827,0.0004113059141826967
CLASSIC,2015,HD,lai,evspsblsoi,0.3646197315897025,0.6326430039836781,11827,0.0003854140869328886
CLASSIC,2015,HD,lai,evspsblveg,0.5808572458241396,0.8316617399290032,11827,0.021797775307415657
CLASSIC,2015,HD,lai,tran,0.6074912189365095,0.8086624434355506,11827,0.010354373399025969
CLASSIC,2015,HD,precipitation,evapotrans,0.49706337492896224,0.6420555983073843,11827,0.05190782281309002
CLASSIC,2015,HD,precipitation,evspsblsoi,0.461896075579889,0.6317193612820958,11827,0.02739333102763208
CLASSIC,2015,HD,precipitation,evspsblveg,0.4918820373553085,0.6247897341383283,11827,0.0014532684253779958
CLASSIC,2015,HD,precipitation,tran,0.46167547485262495,0.5941472686932817,11827,0.008593053764332947
CLASSIC,2015,HW,lai,evapotrans,0.38019843680527016,0.6202621288399343,13262,0.000854772683594259
CLASSIC,2015,HW,lai,evspsblsoi,0.3781668009825417,0.5811849801865754,13262,0.002258354941427139
CLASSIC,2015,HW,lai,evspsblveg,0.44598152550445364,0.7696975919890328,13262,0.0021967081246879717
CLASSIC,2015,HW,lai,tran,0.42077188751676675,0.7804461858887778,13262,0.001360331867999261
CLASSIC,2015,HW,precipitation,evapotrans,0.2566515359435423,0.48174794305525515,13262,0.010017333658114929
CLASSIC,2015,HW,precipitation,evspsblsoi,0.20226390634736208,0.38045525475385256,13262,0.0009262582132835228
CLASSIC,2015,HW,precipitation,evspsblveg,0.31478875786362015,0.5611740407260228,13262,0.006117593148214907
CLASSIC,2015,HW,precipitation,tran,0.22820562861990384,0.4769657077573003,13262,0.003147666461966735
CLASSIC,2016,CD,lai,evapotrans,0.3658627607318923,0.6939833886956314,13403,0.004499276953121839
CLASSIC,2016,CD,lai,evspsblsoi,0.3306463467189903,0.5240907046555907,13403,0.005496838044212901
CLASSIC,2016,CD,lai,evspsblveg,0.5165952487803465,0.8439991091290736,13403,0.010531352608418983
CLASSIC,2016,CD,lai,tran,0.47457711628383487,0.7906012115777835,13403,0.015601384474177856
CLASSIC,2016,CD,precipitation,evapotrans,0.28963253284374246,0.47209735846619316,13403,0.023511633417173786
CLASSIC,2016,CD,precipitation,evspsblsoi,0.280703447043011,0.4452791983324582,13403,0.017674284146012305
CLASSIC,2016,CD,precipitation,evspsblveg,0.32198163865646656,0.49369965333272425,13403,0.0005249228511380625
CLASSIC,2016,CD,precipitation,tran,0.2854133284583559,0.45031302860464517,13403,0.0014249706540633703
CLASSIC,2016,CW,lai,evapotrans,0.2659503565818948,0.5747403647873639,22364,0.0006820967641895754
CLASSIC,2016,CW,lai,evspsblsoi,0.18431082922815642,0.3946362284618768,22364,0.0007984916916628787
CLASSIC,2016,CW,lai,evspsblveg,0.5221473448415211,0.7914599002308056,22364,0.004813874475967903
CLASSIC,2016,CW,lai,tran,0.4036052622906287,0.7860101013291125,22364,0.004424247031963981
CLASSIC,2016,CW,precipitation,evapotrans,0.3338135317384522,0.5152007461061814,22364,0.017456572179623864
CLASSIC,2016,CW,precipitation,evspsblsoi,0.09478883953767182,0.21456146458226222,22364,0.0005523969316102989
CLASSIC,2016,CW,precipitation,evspsblveg,0.31831574538101903,0.5542016965288505,22364,0.004345356217454505
CLASSIC,2016,CW,precipitation,tran,0.32330907690155886,0.39921947150915443,22364,0.005791953659244651
CLASSIC,2016,HD,lai,evapotrans,0.4534429132251401,0.683343890755201,11826,0.0004024621192479398
CLASSIC,2016,HD,lai,evspsblsoi,0.3174555998581288,0.6724378666774171,11826,0.0003852825224117315
CLASSIC,2016,HD,lai,evspsblveg,0.5831368023148845,0.7801577366031176,11826,0.02145936920955919
CLASSIC,2016,HD,lai,tran,0.6199975725792375,0.7815903866132177,11826,0.011470117751866222
CLASSIC,2016,HD,precipitation,evapotrans,0.5329614933584024,0.6937894833739005,11826,0.055281938455235505
CLASSIC,2016,HD,precipitation,evspsblsoi,0.43871849203667784,0.6949818785897626,11826,0.02782769437404609
CLASSIC,2016,HD,precipitation,evspsblveg,0.470611329871077,0.6644419377075891,11826,0.001198776761253652
CLASSIC,2016,HD,precipitation,tran,0.4221991988939653,0.6268013951879237,11826,0.007245617177063707
CLASSIC,2016,HW,lai,evapotrans,0.3591025595381353,0.6320561323958946,13249,0.00079773505292045
CLASSIC,2016,HW,lai,evspsblsoi,0.36234703366719023,0.5716725078574816,13249,0.002111880674263494
CLASSIC,2016,HW,lai,evspsblveg,0.42347529254610883,0.7652689487423046,13249,0.002320970468703897
CLASSIC,2016,HW,lai,tran,0.43717070850487827,0.784211724060342,13249,0.0014397637666896976
CLASSIC,2016,HW,precipitation,evapotrans,0.2608102354710199,0.48768680940179265,13249,0.010354128411665959
CLASSIC,2016,HW,precipitation,evspsblsoi,0.20065270700237142,0.4021960045322921,13249,0.0010536418477746392
CLASSIC,2016,HW,precipitation,evspsblveg,0.3551942030955286,0.5993743129219808,13249,0.006185123852532557
CLASSIC,2016,HW,precipitation,tran,0.21559918976212328,0.4762743788424046,13249,0.0037643247780650307
CLASSIC,2017,CD,lai,evapotrans,0.3820312628275039,0.7394270501863962,13474,0.005408460913228949
CLASSIC,2017,CD,lai,evspsblsoi,0.35827675043877294,0.739130182144241,13474,0.0056787857098702715
CLASSIC,2017,CD,lai,evspsblveg,0.5422208837080603,0.848164219120328,13474,0.011445663653051441
CLASSIC,2017,CD,lai,tran,0.5145731464012353,0.7896288004284766,13474,0.01677855798220467
CLASSIC,2017,CD,precipitation,evapotrans,0.2403466920646423,0.4533400737941718,13474,0.018990949449056646
CLASSIC,2017,CD,precipitation,evspsblsoi,0.23236649009960508,0.4467298047145641,13474,0.013857361423714992
CLASSIC,2017,CD,precipitation,evspsblveg,0.3003194361843355,0.5120695505150632,13474,0.0006219741776108297
CLASSIC,2017,CD,precipitation,tran,0.2650790011701714,0.46591218578712684,13474,0.0011952966377909615
CLASSIC,2017,CW,lai,evapotrans,0.26721706304853765,0.5580631093554473,22293,0.0007593710639960917
CLASSIC,2017,CW,lai,evspsblsoi,0.17406738434993813,0.415066443869549,22293,0.0008061697827913835
CLASSIC,2017,CW,lai,evspsblveg,0.5387059376048792,0.7708439315846295,22293,0.004750805855142766
CLASSIC,2017,CW,lai,tran,0.41126634817500607,0.7766157166107561,22293,0.0036453823574772856
CLASSIC,2017,CW,precipitation,evapotrans,0.23439200658030795,0.5379901554598403,22293,0.01047974327815005
CLASSIC,2017,CW,precipitation,evspsblsoi,0.10264078994122333,0.18041845604656304,22293,0.0003074903596027892
CLASSIC,2017,CW,precipitation,evspsblveg,0.35146808964605314,0.5796264469669485,22293,0.0039293297727821894
CLASSIC,2017,CW,precipitation,tran,0.30145347019442437,0.41718722642576944,22293,0.00482715130413194
CLASSIC,2017,HD,lai,evapotrans,0.48053599352347115,0.7035298869288136,11825,0.00041379726206332523
CLASSIC,2017,HD,lai,evspsblsoi,0.33629130402120605,0.6672304439746299,11825,0.00041555783021326266
CLASSIC,2017,HD,lai,evspsblveg,0.608306112492159,0.825884526922094,11825,0.022854172909382076
CLASSIC,2017,HD,lai,tran,0.606691126404901,0.7806342494714588,11825,0.012841734336675476
CLASSIC,2017,HD,precipitation,evapotrans,0.4668699359944626,0.6672735102967662,11825,0.047973975704414994
CLASSIC,2017,HD,precipitation,evspsblsoi,0.3852963822424663,0.6689061154177433,11825,0.025673748933732265
CLASSIC,2017,HD,precipitation,evspsblveg,0.5037739466424704,0.6533080515191427,11825,0.002303070118771685
CLASSIC,2017,HD,precipitation,tran,0.44651261748069504,0.6140111833395901,11825,0.01296873588130664
CLASSIC,2017,HW,lai,evapotrans,0.3495778227145039,0.5831099991528638,13231,0.0007023983761858669
CLASSIC,2017,HW,lai,evspsblsoi,0.374900918974901,0.5898215516104242,13231,0.0023931693141602864
CLASSIC,2017,HW,lai,evspsblveg,0.4260715732475777,0.7673886695189203,13231,0.0019896706834656936
CLASSIC,2017,HW,lai,tran,0.41783682964027824,0.7646765206951266,13231,0.0013140429115130984
CLASSIC,2017,HW,precipitation,evapotrans,0.2663386265074065,0.5322189070960894,13231,0.012929030074947036
CLASSIC,2017,HW,precipitation,evspsblsoi,0.18141180256334616,0.38635295736043973,13231,0.0008157806653204438
CLASSIC,2017,HW,precipitation,evspsblveg,0.34478957279430833,0.611353932817595,13231,0.009245969067582044
CLASSIC,2017,HW,precipitation,tran,0.21317704517364128,0.439577267613526,13231,0.0037341214122085563
CLASSIC,2018,CD,lai,evapotrans,0.37841732129256883,0.7131428571428571,13125,0.003847233560812959
CLASSIC,2018,CD,lai,evspsblsoi,0.3522324592898851,0.7123809523809523,13125,0.0038476421282034033
CLASSIC,2018,CD,lai,evspsblveg,0.5109490008341494,0.8361197983534617,13125,0.008727647554648004
CLASSIC,2018,CD,lai,tran,0.5118251042686686,0.7786875566677547,13125,0.014864086546345261
CLASSIC,2018,CD,precipitation,evapotrans,0.23834569031273836,0.43376213209509296,13125,0.01881863723487203
CLASSIC,2018,CD,precipitation,evspsblsoi,0.23814832734008934,0.4303099373624513,13125,0.013276661851726228
CLASSIC,2018,CD,precipitation,evspsblveg,0.2608430518424312,0.4828686933178553,13125,0.000506345628087271
CLASSIC,2018,CD,precipitation,tran,0.23331485234826196,0.4393367288205277,13125,0.0011106268219138232
CLASSIC,2018,CW,lai,evapotrans,0.27434670727754734,0.5658621406526878,22416,0.0007797181245354776
CLASSIC,2018,CW,lai,evspsblsoi,0.16129991655635292,0.4184876786111106,22416,0.0007400981191696419
CLASSIC,2018,CW,lai,evspsblveg,0.5425591235791332,0.775483939724461,22416,0.004915077323817833
CLASSIC,2018,CW,lai,tran,0.3913054734035697,0.7745420150383218,22416,0.0037825039670108546
CLASSIC,2018,CW,precipitation,evapotrans,0.2543416954927558,0.5215282973435498,22416,0.015499319802844125
CLASSIC,2018,CW,precipitation,evspsblsoi,0.09855046140511878,0.2670370394258451,22416,0.0014015948202039173
CLASSIC,2018,CW,precipitation,evspsblveg,0.2748324020735401,0.546786718608911,22416,0.004102044800057522
CLASSIC,2018,CW,precipitation,tran,0.1993894253298842,0.4235591942320036,22416,0.00392445350351472
CLASSIC,2018,HD,lai,evapotrans,0.4988410423956613,0.6977102760383407,11826,0.0004141392893371751
CLASSIC,2018,HD,lai,evspsblsoi,0.31689256118479864,0.6606012598285167,11826,0.0003984636856833611
CLASSIC,2018,HD,lai,evspsblveg,0.592100961261481,0.7978295170075992,11826,0.021314117439970293
CLASSIC,2018,HD,lai,tran,0.6155193529622753,0.7923317234873258,11826,0.012190074398319336
CLASSIC,2018,HD,precipitation,evapotrans,0.5023215147297135,0.6335695846972299,11826,0.05390972106369997
CLASSIC,2018,HD,precipitation,evspsblsoi,0.4407542788294457,0.6301807683491849,11826,0.028011950591901688
CLASSIC,2018,HD,precipitation,evspsblveg,0.4905613820555008,0.6581404584565808,11826,0.0023742806464794835
CLASSIC,2018,HD,precipitation,tran,0.44066558014359514,0.5780930085220468,11826,0.010699422769491861
CLASSIC,2018,HW,lai,evapotrans,0.37265265288570304,0.6663119625227911,13236,0.0009316437066495057
CLASSIC,2018,HW,lai,evspsblsoi,0.32856740548151664,0.5872912289927954,13236,0.0021889456746309517
CLASSIC,2018,HW,lai,evspsblveg,0.4513934349147569,0.7820495964955048,13236,0.0022528924899630712
CLASSIC,2018,HW,lai,tran,0.4140811097636873,0.7836357220397725,13236,0.0014278052033131206
CLASSIC,2018,HW,precipitation,evapotrans,0.2815095258274608,0.540944362121432,13236,0.013251329888200583
CLASSIC,2018,HW,precipitation,evspsblsoi,0.21282750787698837,0.32010679470710207,13236,0.0009356759087229613
CLASSIC,2018,HW,precipitation,evspsblveg,0.3744720349874966,0.587086943144167,13236,0.009464019968006065
CLASSIC,2018,HW,precipitation,tran,0.2305967986839514,0.4822949221157349,13236,0.0039201808612439925
CLASSIC,2019,CD,lai,evapotrans,0.37478294618535435,0.6535499893668413,13402,0.005089782876725258
CLASSIC,2019,CD,lai,evspsblsoi,0.34008206616521924,0.5303379834588007,13402,0.004613934320513449
CLASSIC,2019,CD,lai,evspsblveg,0.5047340339044963,0.830339411983542,13402,0.010961525432029343
CLASSIC,2019,CD,lai,tran,0.4770140678490847,0.7805943128904042,13402,0.01602947824340256
CLASSIC,2019,CD,precipitation,evapotrans,0.21089158683957956,0.4659678272111155,13402,0.01990477310598682
CLASSIC,2019,CD,precipitation,evspsblsoi,0.20359709689248395,0.4617479616879313,13402,0.014306120701633921
CLASSIC,2019,CD,precipitation,evspsblveg,0.2348507222902872,0.5027528583428271,13402,0.0006075933132202844
CLASSIC,2019,CD,precipitation,tran,0.21397726154320867,0.460993787985409,13402,0.001251445072517237
CLASSIC,2019,CW,lai,evapotrans,0.27597663105410886,0.597884288750149,22359,0.0007465685174458862
CLASSIC,2019,CW,lai,evspsblsoi,0.17890412702388625,0.42132381808928476,22359,0.0008044303674981897
CLASSIC,2019,CW,lai,evspsblveg,0.5418869499109547,0.7717275326892494,22359,0.004993605041666047
CLASSIC,2019,CW,lai,tran,0.43550870487853877,0.7706989241504763,22359,0.004077236032646466
CLASSIC,2019,CW,precipitation,evapotrans,0.19091830882746424,0.4920711033428248,22359,0.009939197477002351
CLASSIC,2019,CW,precipitation,evspsblsoi,0.11012520929799113,0.3078031959600683,22359,0.0004391229543649514
CLASSIC,2019,CW,precipitation,evspsblveg,0.2838624897336751,0.5545920805563403,22359,0.0032678585094956317
CLASSIC,2019,CW,precipitation,tran,0.21850657641125837,0.4184586094315017,22359,0.0035058577520346657
CLASSIC,2019,HD,lai,evapotrans,0.47049043979276534,0.6979409856690715,11825,0.0003988820327168202
CLASSIC,2019,HD,lai,evspsblsoi,0.34194242251487333,0.6657928118393235,11825,0.00038869906757212
CLASSIC,2019,HD,lai,evspsblveg,0.582423372691709,0.8263951433182203,11825,0.021187444087587055
CLASSIC,2019,HD,lai,tran,0.6168401902212278,0.783678646934461,11825,0.01069114649503337
CLASSIC,2019,HD,precipitation,evapotrans,0.41199803869376816,0.6601881197112481,11825,0.05527387585292237
CLASSIC,2019,HD,precipitation,evspsblsoi,0.3691729488998714,0.6589196207683305,11825,0.03268608439225912
CLASSIC,2019,HD,precipitation,evspsblveg,0.41933988968290276,0.6309136301980667,11825,0.0023065873386992797
CLASSIC,2019,HD,precipitation,tran,0.41698675120471335,0.6081347793485095,11825,0.011164500119988754
CLASSIC,2019,HW,lai,evapotrans,0.39589006764348605,0.6370167207317583,13237,0.000914866368411495
CLASSIC,2019,HW,lai,evspsblsoi,0.39887131001005594,0.5797577832163667,13237,0.0023746416669128425
CLASSIC,2019,HW,lai,evspsblveg,0.4423094294536309,0.7848581758492115,13237,0.0022108944930176867
CLASSIC,2019,HW,lai,tran,0.42122111849176336,0.7905164093049626,13237,0.001416949888361793
CLASSIC,2019,HW,precipitation,evapotrans,0.26361839197648557,0.5071924868656404,13237,0.010948659216332642
CLASSIC,2019,HW,precipitation,evspsblsoi,0.18124069091363687,0.4162949477649735,13237,0.0008767062326549467
CLASSIC,2019,HW,precipitation,evspsblveg,0.3438712062942302,0.6166477649963584,13237,0.007629947962505911
CLASSIC,2019,HW,precipitation,tran,0.22107848017370382,0.410325629866115,13237,0.00268159942174801
CLASSIC,2020,CD,lai,evapotrans,0.36320823603037056,0.7430316703875445,13367,0.005957297634731312
CLASSIC,2020,CD,lai,evspsblsoi,0.3393140964274787,0.741834692756064,13367,0.005348700367122017
CLASSIC,2020,CD,lai,evspsblveg,0.552536768312705,0.8500086085923991,13367,0.010669291068205997
CLASSIC,2020,CD,lai,tran,0.5117094493589316,0.7831363801912512,13367,0.01433555161730995
CLASSIC,2020,CD,precipitation,evapotrans,0.2717404535811398,0.44896080663158444,13367,0.019544243708510725
CLASSIC,2020,CD,precipitation,evspsblsoi,0.2533214362233671,0.4429255655654012,13367,0.013118940457956968
CLASSIC,2020,CD,precipitation,evspsblveg,0.2924496077555525,0.49135446712761005,13367,0.00047914435620108277
CLASSIC,2020,CD,precipitation,tran,0.2757855343262431,0.4503338981789187,13367,0.0011427783503569718
CLASSIC,2020,CW,lai,evapotrans,0.270726875250566,0.5598785510808744,22333,0.0007603744198789852
CLASSIC,2020,CW,lai,evspsblsoi,0.2108323446940313,0.42156118980543583,22333,0.0007716910347219471
CLASSIC,2020,CW,lai,evspsblveg,0.5290323627892741,0.8006663683952685,22333,0.004487320590175403
CLASSIC,2020,CW,lai,tran,0.43273768508499233,0.7935495249110668,22333,0.003168214231411087
CLASSIC,2020,CW,precipitation,evapotrans,0.24846306633888643,0.48464356614684034,22333,0.011250476423605327
CLASSIC,2020,CW,precipitation,evspsblsoi,0.1630388511924572,0.2233158832253474,22333,0.0005691298250462221
CLASSIC,2020,CW,precipitation,evspsblveg,0.3684494472172209,0.5505011011602239,22333,0.004072020536714142
CLASSIC,2020,CW,precipitation,tran,0.30142208357593814,0.4430532603747747,22333,0.005128024890952891
CLASSIC,2020,HD,lai,evapotrans,0.4724204596834293,0.6727272727272727,11825,0.00041272579614157244
CLASSIC,2020,HD,lai,evspsblsoi,0.31675658867072104,0.6590274841437631,11825,0.0003914873933546652
CLASSIC,2020,HD,lai,evspsblveg,0.5976478619770211,0.7749893755618263,11825,0.02266942601146244
CLASSIC,2020,HD,lai,tran,0.6115135669339604,0.800512760942099,11825,0.012485278619858818
CLASSIC,2020,HD,precipitation,evapotrans,0.5280845036629024,0.7191940081385519,11825,0.052713080074857796
CLASSIC,2020,HD,precipitation,evspsblsoi,0.4038994279423618,0.7180100757918289,11825,0.024257393934011454
CLASSIC,2020,HD,precipitation,evspsblveg,0.5096022244602469,0.6641999860604512,11825,0.0014322745658869721
CLASSIC,2020,HD,precipitation,tran,0.48165243281731207,0.6600102580782367,11825,0.009097428660038284
CLASSIC,2020,HW,lai,evapotrans,0.3596744238548182,0.6275816405116972,13225,0.0008627513710115553
CLASSIC,2020,HW,lai,evspsblsoi,0.37416809003522644,0.578548095566729,13225,0.0023165900816986694
CLASSIC,2020,HW,lai,evspsblveg,0.42816012185172325,0.780355410385116,13225,0.0020102487381881543
CLASSIC,2020,HW,lai,tran,0.41910311530619393,0.7925270372799402,13225,0.0014340376643225833
CLASSIC,2020,HW,precipitation,evapotrans,0.23168759207106493,0.5048404911218846,13225,0.009237129176774604
CLASSIC,2020,HW,precipitation,evspsblsoi,0.1361017346051315,0.37450921389349695,13225,0.0005228530026267888
CLASSIC,2020,HW,precipitation,evspsblveg,0.2896049963778832,0.576316242943302,13225,0.0058945021494681915
CLASSIC,2020,HW,precipitation,tran,0.17758317071382534,0.3719866203150027,13225,0.002711086983860674
LPJ-GUESS,1991,CD,lai,evapotrans,0.5031985537610919,0.7169347883935127,10713,0.000997587179493625
LPJ-GUESS,1991,CD,lai,evspsblsoi,0.21703126763271288,0.446321532440102,10713,0.0005138909362507288
LPJ-GUESS,1991,CD,lai,evspsblveg,0.6047257697067439,0.7815920746310452,10713,0.055247405232459225
LPJ-GUESS,1991,CD,lai,tran,0.5816197290080038,0.872405335406418,10713,0.022250564306069014
LPJ-GUESS,1991,CD,precipitation,evapotrans,0.2593298825026127,0.4759087508411457,10713,0.01540891678132245
LPJ-GUESS,1991,CD,precipitation,evspsblsoi,0.18973818976800602,0.4198964006399722,10713,0.0027584248326233698
LPJ-GUESS,1991,CD,precipitation,evspsblveg,0.2343764765847923,0.4339610927440646,10713,5.6192859167689725e-05
LPJ-GUESS,1991,CD,precipitation,tran,0.2321414199747421,0.45280693633484775,10713,0.01172109760966551
LPJ-GUESS,1991,CW,lai,evapotrans,0.35554722820923224,0.7927205556293528,22403,0.0010304651587221061
LPJ-GUESS,1991,CW,lai,evspsblsoi,0.1688409172611087,0.3120893260235614,22403,0.00048465684776816874
LPJ-GUESS,1991,CW,lai,evspsblveg,0.5420416928376939,0.8510078144814026,22403,0.020355148784712025
LPJ-GUESS,1991,CW,lai,tran,0.37434132705441236,0.8582362003176449,22403,0.0013109892618928193
LPJ-GUESS,1991,CW,precipitation,evapotrans,0.2661470064261655,0.5453577317199283,22403,0.01955844182891024
LPJ-GUESS,1991,CW,precipitation,evspsblsoi,0.11822865754811168,0.4179547174896872,22403,0.0013740889969746878
LPJ-GUESS,1991,CW,precipitation,evspsblveg,0.24836295171464923,0.5456250821511694,22403,0.0005780615694195507
LPJ-GUESS,1991,CW,precipitation,tran,0.22926782267729406,0.5418721598989367,22403,0.015368897350896808
LPJ-GUESS,1991,HD,lai,evapotrans,0.5172634034596322,0.7935038291549782,11879,0.0007079640399234142
LPJ-GUESS,1991,HD,lai,evspsblsoi,0.2232701768647556,0.5498882814734316,11879,0.0010550080112679762
LPJ-GUESS,1991,HD,lai,evspsblveg,0.5824171081978978,0.8289443810952356,11879,0.05029235617700012
LPJ-GUESS,1991,HD,lai,tran,0.5775765271198389,0.8613527451182136,11879,0.0009579496409567278
LPJ-GUESS,1991,HD,precipitation,evapotrans,0.49874304257038493,0.6513626979938757,11879,0.05656600240502744
LPJ-GUESS,1991,HD,precipitation,evspsblsoi,0.28102229114417054,0.4279816581906775,11879,0.0031190237458813097
LPJ-GUESS,1991,HD,precipitation,evspsblveg,0.48123389519971727,0.6413316158373966,11879,0.00010608805664133807
LPJ-GUESS,1991,HD,precipitation,tran,0.476815890192437,0.6281396235571424,11879,0.04653520695025062
LPJ-GUESS,1991,HW,lai,evapotrans,0.4219592634767849,0.7373396643963647,13298,0.0008095009622231985
LPJ-GUESS,1991,HW,lai,evspsblsoi,0.12243641137736808,0.2232452842136926,13298,0.00039204763605870264
LPJ-GUESS,1991,HW,lai,evspsblveg,0.45674249166305747,0.7661423448831132,13298,0.005421020445635075
LPJ-GUESS,1991,HW,lai,tran,0.4688387761402303,0.7504212855797187,13298,0.0011060781621415928
LPJ-GUESS,1991,HW,precipitation,evapotrans,0.3054826507254016,0.5106460692263068,13298,0.02385492552193502
LPJ-GUESS,1991,HW,precipitation,evspsblsoi,0.10121643962882455,0.2736826273836192,13298,0.0006158226091451215
LPJ-GUESS,1991,HW,precipitation,evspsblveg,0.33738101193812375,0.6062755776491915,13298,0.0021280526246933032
LPJ-GUESS,1991,HW,precipitation,tran,0.2570453460695946,0.45540903152934537,13298,0.011272596360020736
LPJ-GUESS,1992,CD,lai,evapotrans,0.5033971347337328,0.7509474603466431,10716,0.0011844248344719055
LPJ-GUESS,1992,CD,lai,evspsblsoi,0.21577060108193635,0.45296308146252157,10716,0.0007515546812929608
LPJ-GUESS,1992,CD,lai,evspsblveg,0.6025171393511581,0.7677451209796482,10716,0.05619686817237115
LPJ-GUESS,1992,CD,lai,tran,0.6091776408350997,0.8702902063033099,10716,0.02442487449460364
LPJ-GUESS,1992,CD,precipitation,evapotrans,0.31378915916229716,0.4432892229780549,10716,0.02059345417772801
LPJ-GUESS,1992,CD,precipitation,evspsblsoi,0.14204759918151658,0.31727421125057803,10716,0.001415052969385025
LPJ-GUESS,1992,CD,precipitation,evspsblveg,0.2737857611497408,0.425932844842371,10716,5.128871523477566e-05
LPJ-GUESS,1992,CD,precipitation,tran,0.2802604066034051,0.4082932316414959,10716,0.014147701899603883
LPJ-GUESS,1992,CW,lai,evapotrans,0.34528485089625355,0.7873357487306407,22396,0.0010540209987108878
LPJ-GUESS,1992,CW,lai,evspsblsoi,0.17371251592977424,0.3513698236930064,22396,0.00035984799499701376
LPJ-GUESS,1992,CW,lai,evspsblveg,0.5370599679954995,0.8482801456892812,22396,0.01911418471516799
LPJ-GUESS,1992,CW,lai,tran,0.3674771106198016,0.857299374250504,22396,0.001200930892338941
LPJ-GUESS,1992,CW,precipitation,evapotrans,0.22786668174909502,0.5545160328374965,22396,0.019648058154936154
LPJ-GUESS,1992,CW,precipitation,evspsblsoi,0.13851161711268248,0.41347793292169516,22396,0.0011053361146193118
LPJ-GUESS,1992,CW,precipitation,evspsblveg,0.19674905926133826,0.5080516146864054,22396,0.0004442105795726051
LPJ-GUESS,1992,CW,precipitation,tran,0.19754166731156497,0.5186729534079642,22396,0.011396027797205995
LPJ-GUESS,1992,HD,lai,evapotrans,0.5258374694572752,0.8108887233171503,11876,0.0007814492097660522
LPJ-GUESS,1992,HD,lai,evspsblsoi,0.237406576544,0.5915787492075806,11876,0.0011765720182023052
LPJ-GUESS,1992,HD,lai,evspsblveg,0.5676463208854221,0.82570852796518,11876,0.04891736279061309
LPJ-GUESS,1992,HD,lai,tran,0.5959961645114076,0.8623276664704755,11876,0.0010221125546169454
LPJ-GUESS,1992,HD,precipitation,evapotrans,0.4297423355335882,0.688177781095954,11876,0.037339999730634565
LPJ-GUESS,1992,HD,precipitation,evspsblsoi,0.25093490942663077,0.5136221346066214,11876,0.0017076927436661359
LPJ-GUESS,1992,HD,precipitation,evspsblveg,0.4137014486129209,0.6805705556917705,11876,6.585789873472255e-05
LPJ-GUESS,1992,HD,precipitation,tran,0.42772847272158887,0.6703675172415549,11876,0.02965625018619665
LPJ-GUESS,1992,HW,lai,evapotrans,0.4361422913169471,0.7447209493569941,13294,0.0008494654495440207
LPJ-GUESS,1992,HW,lai,evspsblsoi,0.1280046564562118,0.22339417081745555,13294,0.0004102631312972814
LPJ-GUESS,1992,HW,lai,evspsblveg,0.4743593204920656,0.7576553841350782,13294,0.0054223930919327385
LPJ-GUESS,1992,HW,lai,tran,0.48497534430859973,0.7837563669969267,13294,0.0011354431118627644
LPJ-GUESS,1992,HW,precipitation,evapotrans,0.3231807611710814,0.5735012388725553,13294,0.01964685629014285
LPJ-GUESS,1992,HW,precipitation,evspsblsoi,0.09428639095693664,0.2588420803777157,13294,0.00047804770104903013
LPJ-GUESS,1992,HW,precipitation,evspsblveg,0.3492892737984802,0.6068206472251035,13294,0.001450169279871526
LPJ-GUESS,1992,HW,precipitation,tran,0.26251758183339713,0.5683689686980801,13294,0.00943806254299904
LPJ-GUESS,1993,CD,lai,evapotrans,0.5100371747211896,0.7237918215613383,10760,0.001214244009646668
LPJ-GUESS,1993,CD,lai,evspsblsoi,0.17690520446096653,0.46756505576208174,10760,0.000630453818380157
LPJ-GUESS,1993,CD,lai,evspsblveg,0.6094330855018588,0.7645910780669145,10760,0.0557754255788849
LPJ-GUESS,1993,CD,lai,tran,0.6062267657992565,0.8759293680297398,10760,0.0195025869491834
LPJ-GUESS,1993,CD,precipitation,evapotrans,0.3378728278723956,0.45985130111524164,10760,0.021983152474437325
LPJ-GUESS,1993,CD,precipitation,evspsblsoi,0.1091050453379724,0.3406133828996283,10760,0.0011220522253338704
LPJ-GUESS,1993,CD,precipitation,evspsblveg,0.324342742284084,0.4388475836431227,10760,6.467828375228392e-05
LPJ-GUESS,1993,CD,precipitation,tran,0.29285866529979665,0.4398698884758364,10760,0.014542334380933289
LPJ-GUESS,1993,CW,lai,evapotrans,0.3647884187082405,0.8042761692650333,22450,0.0010663596071632366
LPJ-GUESS,1993,CW,lai,evspsblsoi,0.14808463251670373,0.3530512249443207,22450,0.0002477333213619879
LPJ-GUESS,1993,CW,lai,evspsblveg,0.5383518930957684,0.854521158129176,22450,0.020548621876088708
LPJ-GUESS,1993,CW,lai,tran,0.390467706013363,0.8631625835189309,22450,0.0012480988436911675
LPJ-GUESS,1993,CW,precipitation,evapotrans,0.32504483045078436,0.550423162583519,22450,0.023910122141324795
LPJ-GUESS,1993,CW,precipitation,evspsblsoi,0.1608151319772514,0.454120267260579,22450,0.0012119776015977973
LPJ-GUESS,1993,CW,precipitation,evspsblveg,0.22275075788817672,0.48317694213122264,22450,0.0003639549584834206
LPJ-GUESS,1993,CW,precipitation,tran,0.2991239877160076,0.5030734966592427,22450,0.016458306456167957
LPJ-GUESS,1993,HD,lai,evapotrans,0.4777388782724079,0.8017683147799368,11874,0.0006406978354647266
LPJ-GUESS,1993,HD,lai,evspsblsoi,0.19014062640894375,0.5704573952426404,11874,0.0009050500288804778
LPJ-GUESS,1993,HD,lai,evspsblveg,0.556664692838409,0.828035704867438,11874,0.04929732572618945
LPJ-GUESS,1993,HD,lai,tran,0.584540156904447,0.8686205154118242,11874,0.0009569202788097088
LPJ-GUESS,1993,HD,precipitation,evapotrans,0.4680960300715802,0.6460524905446583,11874,0.04221605918053788
LPJ-GUESS,1993,HD,precipitation,evspsblsoi,0.2604274759351884,0.40933856908548427,11874,0.003033767653640878
LPJ-GUESS,1993,HD,precipitation,evspsblveg,0.4589199814405756,0.6341863131908609,11874,5.6660552463898545e-05
LPJ-GUESS,1993,HD,precipitation,tran,0.44666695624738406,0.6521044309762143,11874,0.030036754155000907
LPJ-GUESS,1993,HW,lai,evapotrans,0.3998889114146514,0.7061099928487677,13276,0.0008170511654347006
LPJ-GUESS,1993,HW,lai,evspsblsoi,0.13438636740849252,0.24228928367885527,13276,0.0003936351217262039
LPJ-GUESS,1993,HW,lai,evspsblveg,0.466062373925095,0.7386483263575543,13276,0.005965263799880147
LPJ-GUESS,1993,HW,lai,tran,0.45413000990740243,0.7574652330321587,13276,0.0010807080090554642
LPJ-GUESS,1993,HW,precipitation,evapotrans,0.31299300198891,0.5332888498858344,13276,0.017069029031471037
LPJ-GUESS,1993,HW,precipitation,evspsblsoi,0.12310112773346042,0.24145686391241375,13276,0.00047910959659026614
LPJ-GUESS,1993,HW,precipitation,evspsblveg,0.3514611247719042,0.6021800368088805,13276,0.001599346494786092
LPJ-GUESS,1993,HW,precipitation,tran,0.23930292703186176,0.3869675588451592,13276,0.008985912998790485
LPJ-GUESS,1994,CD,lai,evapotrans,0.48866723610345614,0.7175387092027938,10748,0.0011639502726210544
LPJ-GUESS,1994,CD,lai,evspsblsoi,0.18246479604642507,0.39453198431725534,10748,0.00047672666047273663
LPJ-GUESS,1994,CD,lai,evspsblveg,0.6044436606918756,0.7570755835590829,10748,0.056934289419221226
LPJ-GUESS,1994,CD,lai,tran,0.6021601813713633,0.8765355155312833,10748,0.021706588412657192
LPJ-GUESS,1994,CD,precipitation,evapotrans,0.26009644978900626,0.4669000405366331,10748,0.015572142554953329
LPJ-GUESS,1994,CD,precipitation,evspsblsoi,0.1555836907025085,0.37523312119391317,10748,0.0023939755041240307
LPJ-GUESS,1994,CD,precipitation,evspsblveg,0.25808409985572134,0.4678622667587157,10748,6.9009917445255e-05
LPJ-GUESS,1994,CD,precipitation,tran,0.2306119429494206,0.44497013709129596,10748,0.012250742694507098
LPJ-GUESS,1994,CW,lai,evapotrans,0.34920735797930885,0.7899277809540802,22368,0.0011521835131012563
LPJ-GUESS,1994,CW,lai,evspsblsoi,0.2061788769383173,0.3134461157870973,22368,0.0003167831440059867
LPJ-GUESS,1994,CW,lai,evspsblveg,0.5608049816360686,0.8433500376999392,22368,0.022065212670903576
LPJ-GUESS,1994,CW,lai,tran,0.37542859099115344,0.8567616151945784,22368,0.001377470464324178
LPJ-GUESS,1994,CW,precipitation,evapotrans,0.2946390280772792,0.5228942793300091,22368,0.019455133621951524
LPJ-GUESS,1994,CW,precipitation,evspsblsoi,0.12770760467568779,0.3814717829225351,22368,0.0014001410319843216
LPJ-GUESS,1994,CW,precipitation,evspsblveg,0.2569810107531366,0.5193293727612663,22368,0.0004942271175966104
LPJ-GUESS,1994,CW,precipitation,tran,0.2660599297630117,0.536664270050516,22368,0.015042111327516799
LPJ-GUESS,1994,HD,lai,evapotrans,0.49034485202906253,0.7785390749601276,11875,0.0006903460846340493
LPJ-GUESS,1994,HD,lai,evspsblsoi,0.18930398147812239,0.5076802410065568,11875,0.0010136324514739602
LPJ-GUESS,1994,HD,lai,evspsblveg,0.5612352294878611,0.8087632110579479,11875,0.047832211880234766
LPJ-GUESS,1994,HD,lai,tran,0.5890257664362927,0.8684652844231792,11875,0.001046734600174287
LPJ-GUESS,1994,HD,precipitation,evapotrans,0.4768760653020413,0.6367595619208087,11875,0.05710682692320965
LPJ-GUESS,1994,HD,precipitation,evspsblsoi,0.3066720668037092,0.47175161432994245,11875,0.004101685895672563
LPJ-GUESS,1994,HD,precipitation,evspsblveg,0.4620191114271636,0.6528529951669401,11875,0.00013207273203213007
LPJ-GUESS,1994,HD,precipitation,tran,0.437802356926402,0.6127051747014596,11875,0.04290069342772789
LPJ-GUESS,1994,HW,lai,evapotrans,0.4222124907991466,0.6932451971333148,13305,0.0008218252709820827
LPJ-GUESS,1994,HW,lai,evspsblsoi,0.09164552623234967,0.18873293201095154,13305,0.0003247002318710842
LPJ-GUESS,1994,HW,lai,evspsblveg,0.47455996133029865,0.7530435308012245,13305,0.005682371820997323
LPJ-GUESS,1994,HW,lai,tran,0.4647756459937924,0.7646918748170064,13305,0.0010455956603016398
LPJ-GUESS,1994,HW,precipitation,evapotrans,0.34018187408573797,0.534774581560572,13305,0.018344969044463307
LPJ-GUESS,1994,HW,precipitation,evspsblsoi,0.12621774116109186,0.24700638744635134,13305,0.0003700504182896834
LPJ-GUESS,1994,HW,precipitation,evspsblveg,0.355206447811291,0.6121473006171171,13305,0.001334468121320205
LPJ-GUESS,1994,HW,precipitation,tran,0.2472431885450045,0.49973812595007633,13305,0.009246528333391837
LPJ-GUESS,1995,CD,lai,evapotrans,0.47545450912260795,0.7510937417052066,10734,0.001001148814474296
LPJ-GUESS,1995,CD,lai,evspsblsoi,0.22802503164292642,0.44975061806673733,10734,0.000416503352408558
LPJ-GUESS,1995,CD,lai,evspsblveg,0.5988266387087099,0.7633869508781682,10734,0.05533187803665581
LPJ-GUESS,1995,CD,lai,tran,0.586726182543733,0.8747013874359447,10734,0.0218148626309807
LPJ-GUESS,1995,CD,precipitation,evapotrans,0.23069214132086097,0.42939263635729624,10734,0.016650386037015217
LPJ-GUESS,1995,CD,precipitation,evspsblsoi,0.23497959692497647,0.4690400012236192,10734,0.003076948416903652
LPJ-GUESS,1995,CD,precipitation,evspsblveg,0.2317653646479811,0.4129638055125855,10734,8.169457150300244e-05
LPJ-GUESS,1995,CD,precipitation,tran,0.2019549763136047,0.4232188091740654,10734,0.011352307014199791
LPJ-GUESS,1995,CW,lai,evapotrans,0.35166801111290014,0.805064393153588,22386,0.0010950959441630758
LPJ-GUESS,1995,CW,lai,evspsblsoi,0.17047775222541706,0.3527389650114299,22386,0.0005358839702800422
LPJ-GUESS,1995,CW,lai,evspsblveg,0.5303741502258489,0.8403062839113341,22386,0.02055051474620007
LPJ-GUESS,1995,CW,lai,tran,0.3769077981896496,0.8681345016926014,22386,0.0012941096020136925
LPJ-GUESS,1995,CW,precipitation,evapotrans,0.23622042496243068,0.5182639831002014,22386,0.016878962710423998
LPJ-GUESS,1995,CW,precipitation,evspsblsoi,0.12321355428264769,0.4146460572184164,22386,0.0011210488365851262
LPJ-GUESS,1995,CW,precipitation,evspsblveg,0.2070923700124417,0.45124687304565353,22386,0.00044606420769916275
LPJ-GUESS,1995,CW,precipitation,tran,0.20079105807505945,0.4685107321540249,22386,0.011837377244435935
LPJ-GUESS,1995,HD,lai,evapotrans,0.494491913834872,0.7896323705103905,11879,0.0006597038936323972
LPJ-GUESS,1995,HD,lai,evspsblsoi,0.22210027145206873,0.5599902836202189,11879,0.001087101015172265
LPJ-GUESS,1995,HD,lai,evspsblveg,0.5749664901108625,0.8115194513249905,11879,0.049027681881033035
LPJ-GUESS,1995,HD,lai,tran,0.5854465325590841,0.8544496654396477,11879,0.0009430109380346607
LPJ-GUESS,1995,HD,precipitation,evapotrans,0.44050498755887135,0.6195564881124368,11879,0.04064137532853142
LPJ-GUESS,1995,HD,precipitation,evspsblsoi,0.26941093455530696,0.44045776676890414,11879,0.0022769737262450006
LPJ-GUESS,1995,HD,precipitation,evspsblveg,0.43214565063167354,0.6715244313947909,11879,6.205200309378512e-05
LPJ-GUESS,1995,HD,precipitation,tran,0.4297850860051676,0.6469001172532314,11879,0.03363654702712343
LPJ-GUESS,1995,HW,lai,evapotrans,0.4292277269070518,0.6844521049917212,13296,0.0008119843448907723
LPJ-GUESS,1995,HW,lai,evspsblsoi,0.11828383156880068,0.23052667770509305,13296,0.00031931511482719883
LPJ-GUESS,1995,HW,lai,evspsblveg,0.48291524471306535,0.7690438867927942,13296,0.00534946032656536
LPJ-GUESS,1995,HW,lai,tran,0.46909070069049297,0.7707678492259529,13296,0.001059338223081636
LPJ-GUESS,1995,HW,precipitation,evapotrans,0.3485576310745735,0.5890331650425703,13296,0.020571177229473884
LPJ-GUESS,1995,HW,precipitation,evspsblsoi,0.0943007628445733,0.30368780706278325,13296,0.0005662002780904174
LPJ-GUESS,1995,HW,precipitation,evspsblveg,0.37443742532554386,0.626998000416203,13296,0.0016001653807476155
LPJ-GUESS,1995,HW,precipitation,tran,0.2955420789558546,0.4900399690562145,13296,0.009807196311910226
LPJ-GUESS,1996,CD,lai,evapotrans,0.47387460336004417,0.7303054166577295,10685,0.0010374984607857303
LPJ-GUESS,1996,CD,lai,evspsblsoi,0.16818132559588583,0.4838537715593185,10685,0.0006108379193770488
LPJ-GUESS,1996,CD,lai,evspsblveg,0.6079181318241172,0.7797978772161214,10685,0.05516740362919214
LPJ-GUESS,1996,CD,lai,tran,0.5847235001638686,0.8585881171553977,10685,0.020381772533291827
LPJ-GUESS,1996,CD,precipitation,evapotrans,0.28761454995805436,0.4495008651961761,10685,0.019290697804935617
LPJ-GUESS,1996,CD,precipitation,evspsblsoi,0.14599033604207312,0.3976609724507912,10685,0.001963062245972403
LPJ-GUESS,1996,CD,precipitation,evspsblveg,0.2716138605601125,0.44021584160409516,10685,6.411740616828448e-05
LPJ-GUESS,1996,CD,precipitation,tran,0.256741942572064,0.44020621128996745,10685,0.01077357290601228
LPJ-GUESS,1996,CW,lai,evapotrans,0.3521541635816384,0.7697145324538492,22423,0.000994680764603127
LPJ-GUESS,1996,CW,lai,evspsblsoi,0.1636841423979233,0.3877990421631951,22423,0.0003433604265271188
LPJ-GUESS,1996,CW,lai,evspsblveg,0.5313671132963984,0.846013430934167,22423,0.021462292605966635
LPJ-GUESS,1996,CW,lai,tran,0.3674963000547856,0.855376309462199,22423,0.0013597548350782439
LPJ-GUESS,1996,CW,precipitation,evapotrans,0.23735718413336945,0.5312797117013455,22423,0.019714646860778135
LPJ-GUESS,1996,CW,precipitation,evspsblsoi,0.14181761407449972,0.37834350990119475,22423,0.0014212632267599056
LPJ-GUESS,1996,CW,precipitation,evspsblveg,0.22866952810967794,0.4490276915169084,22423,0.0005188747758446171
LPJ-GUESS,1996,CW,precipitation,tran,0.20979417053680857,0.4734415527620565,22423,0.012403620090519159
LPJ-GUESS,1996,HD,lai,evapotrans,0.49451794235376545,0.7996313909884797,11871,0.0007210456132210755
LPJ-GUESS,1996,HD,lai,evspsblsoi,0.22532681961527304,0.6039693115129051,11871,0.0008769201332246801
LPJ-GUESS,1996,HD,lai,evspsblveg,0.5644391048193806,0.8201741958375772,11871,0.04852653487140582
LPJ-GUESS,1996,HD,lai,tran,0.5951884683969635,0.860756286647113,11871,0.00102103913681324
LPJ-GUESS,1996,HD,precipitation,evapotrans,0.4743539803736534,0.6373463482791029,11871,0.04844679815796997
LPJ-GUESS,1996,HD,precipitation,evspsblsoi,0.2703453735639091,0.46280341958886306,11871,0.0033614860376063563
LPJ-GUESS,1996,HD,precipitation,evspsblveg,0.46655154825402867,0.6456864253374719,11871,0.00010064970824927084
LPJ-GUESS,1996,HD,precipitation,tran,0.46917907707976964,0.6335224879576662,11871,0.03652151553035283
LPJ-GUESS,1996,HW,lai,evapotrans,0.42779890681951216,0.7287218610648472,13295,0.0008030223845543259
LPJ-GUESS,1996,HW,lai,evspsblsoi,0.130726216783281,0.23420812278910896,13295,0.0003853262417992419
LPJ-GUESS,1996,HW,lai,evspsblveg,0.46551306811594606,0.7595568462336737,13295,0.005045380403274242
LPJ-GUESS,1996,HW,lai,tran,0.4431260550775208,0.7266189166032796,13295,0.00103714301773527
LPJ-GUESS,1996,HW,precipitation,evapotrans,0.330531422610793,0.5657848080147718,13295,0.01991671376164407
LPJ-GUESS,1996,HW,precipitation,evspsblsoi,0.09469499246423693,0.2550769552689546,13295,0.000492398032842849
LPJ-GUESS,1996,HW,precipitation,evspsblveg,0.36981140531569884,0.6265914881223367,13295,0.0016807332980774026
LPJ-GUESS,1996,HW,precipitation,tran,0.26258767220750573,0.44118032953764635,13295,0.011434057644950741
LPJ-GUESS,1997,CD,lai,evapotrans,0.48721341446505906,0.7110698843103422,10708,0.0010572438006193716
LPJ-GUESS,1997,CD,lai,evspsblsoi,0.24410551793871577,0.5147839237799465,10708,0.0006638315761539621
LPJ-GUESS,1997,CD,lai,evspsblveg,0.6103424248543895,0.7881074108139084,10708,0.05520833902885775
LPJ-GUESS,1997,CD,lai,tran,0.5790215226920055,0.8718716723397116,10708,0.02099374648934718
LPJ-GUESS,1997,CD,precipitation,evapotrans,0.21301162380691147,0.45118643896358196,10708,0.013818435819231936
LPJ-GUESS,1997,CD,precipitation,evspsblsoi,0.15063499097936775,0.4823976035439702,10708,0.0018882394334288372
LPJ-GUESS,1997,CD,precipitation,evspsblveg,0.2150647331299972,0.45510420579637656,10708,4.903779327707112e-05
LPJ-GUESS,1997,CD,precipitation,tran,0.19266291812445643,0.4267990598057178,10708,0.008526463566823177
LPJ-GUESS,1997,CW,lai,evapotrans,0.35268096514745306,0.7782394995531725,22380,0.0011345579348184007
LPJ-GUESS,1997,CW,lai,evspsblsoi,0.12258713136729224,0.41362823949955313,22380,0.0006372357773359727
LPJ-GUESS,1997,CW,lai,evspsblveg,0.5393208221626452,0.8388739946380697,22380,0.020414384238230058
LPJ-GUESS,1997,CW,lai,tran,0.3789320822162645,0.8617962466487936,22380,0.0013054300752424106
LPJ-GUESS,1997,CW,precipitation,evapotrans,0.24709562109025918,0.5420464700625558,22380,0.01870376203118275
LPJ-GUESS,1997,CW,precipitation,evspsblsoi,0.10862676872559035,0.3928060768543342,22380,0.0009663975619538654
LPJ-GUESS,1997,CW,precipitation,evspsblveg,0.23210455764075066,0.5110366398570152,22380,0.0004388442136650309
LPJ-GUESS,1997,CW,precipitation,tran,0.2215817694369973,0.4943699731903485,22380,0.013115201317413517
LPJ-GUESS,1997,HD,lai,evapotrans,0.507815878079036,0.8049005139110402,11875,0.0007086871892970702
LPJ-GUESS,1997,HD,lai,evspsblsoi,0.23415301438093972,0.5508572036150984,11875,0.0010747305401869627
LPJ-GUESS,1997,HD,lai,evspsblveg,0.5768608895977317,0.8204783980152401,11875,0.048614141055281605
LPJ-GUESS,1997,HD,lai,tran,0.5758317470512033,0.8662751018961545,11875,0.0009688370197594709
LPJ-GUESS,1997,HD,precipitation,evapotrans,0.4957579925535674,0.6570604157452454,11875,0.03974685425435184
LPJ-GUESS,1997,HD,precipitation,evspsblsoi,0.2756144548397109,0.4941509066784609,11875,0.0018835020556834498
LPJ-GUESS,1997,HD,precipitation,evspsblveg,0.47470801794082956,0.6398991596638656,11875,5.698502581607295e-05
LPJ-GUESS,1997,HD,precipitation,tran,0.44983434498698993,0.6560268907563025,11875,0.027534056542235355
LPJ-GUESS,1997,HW,lai,evapotrans,0.4439085845863326,0.7118923850157723,13333,0.0008182804308759858
LPJ-GUESS,1997,HW,lai,evspsblsoi,0.16361048561097746,0.2742136632935704,13333,0.0004064269812849506
LPJ-GUESS,1997,HW,lai,evspsblveg,0.47252129352746197,0.8056894263436045,13333,0.005168938781058836
LPJ-GUESS,1997,HW,lai,tran,0.4650685659489574,0.7747953443963536,13333,0.0010100887486111123
LPJ-GUESS,1997,HW,precipitation,evapotrans,0.29614130263234073,0.4675608456928064,13333,0.015950302186494434
LPJ-GUESS,1997,HW,precipitation,evspsblsoi,0.11034261483050528,0.2370119972639496,13333,0.0004468966764227904
LPJ-GUESS,1997,HW,precipitation,evspsblveg,0.33450273616180237,0.5539086940441876,13333,0.0016673841637810107
LPJ-GUESS,1997,HW,precipitation,tran,0.2597847485571986,0.4393562050445564,13333,0.008776248741313091
LPJ-GUESS,1998,CD,lai,evapotrans,0.4860455695779635,0.7430036021780999,10722,0.0010329230843263931
LPJ-GUESS,1998,CD,lai,evspsblsoi,0.14479531205193952,0.4605148223627248,10722,0.000446752195911238
LPJ-GUESS,1998,CD,lai,evspsblveg,0.6136859943427797,0.7794331293646269,10722,0.05493178645692645
LPJ-GUESS,1998,CD,lai,tran,0.5897651327859862,0.8647682087660475,10722,0.018663995542691495
LPJ-GUESS,1998,CD,precipitation,evapotrans,0.2802391034257331,0.4693626243034807,10722,0.01665396851854265
LPJ-GUESS,1998,CD,precipitation,evspsblsoi,0.1657792459081203,0.34826331068347155,10722,0.0019040005613996881
LPJ-GUESS,1998,CD,precipitation,evspsblveg,0.25008408090536804,0.4420293747619452,10722,9.341849366934701e-05
LPJ-GUESS,1998,CD,precipitation,tran,0.251641894144618,0.43391313085271366,10722,0.013266061244881038
LPJ-GUESS,1998,CW,lai,evapotrans,0.3487943456466135,0.7643709473751852,22424,0.0010541229875649274
LPJ-GUESS,1998,CW,lai,evspsblsoi,0.15351799461071886,0.33408414635678696,22424,0.00034114585832764984
LPJ-GUESS,1998,CW,lai,evspsblveg,0.5419991340360129,0.8435223175792957,22424,0.02240457376248896
LPJ-GUESS,1998,CW,lai,tran,0.36790023305601904,0.8618928647718219,22424,0.0011746824100539461
LPJ-GUESS,1998,CW,precipitation,evapotrans,0.3093260392428755,0.5083335905871209,22424,0.01914045330558807
LPJ-GUESS,1998,CW,precipitation,evspsblsoi,0.15065115571829368,0.42493244303366823,22424,0.0009038796270722237
LPJ-GUESS,1998,CW,precipitation,evspsblveg,0.25570680461387274,0.44352856278891417,22424,0.00039609347032649436
LPJ-GUESS,1998,CW,precipitation,tran,0.2689837735761064,0.46006745382938957,22424,0.012870633211076822
LPJ-GUESS,1998,HD,lai,evapotrans,0.5086965443912812,0.7855313840155945,11875,0.0006841430570133141
LPJ-GUESS,1998,HD,lai,evspsblsoi,0.20418998802820024,0.4955638490164806,11875,0.0009129641300432284
LPJ-GUESS,1998,HD,lai,evspsblveg,0.5710063087010455,0.8022889243310296,11875,0.049134497879157656
LPJ-GUESS,1998,HD,lai,tran,0.594198688640794,0.8653491405280879,11875,0.0009689516672926424
LPJ-GUESS,1998,HD,precipitation,evapotrans,0.46954538366117315,0.6723644869750134,11875,0.03911109115346722
LPJ-GUESS,1998,HD,precipitation,evspsblsoi,0.25606297253263954,0.4888973950026582,11875,0.001747148372057596
LPJ-GUESS,1998,HD,precipitation,evspsblveg,0.47098103845472267,0.6478648945596314,11875,8.613118716369784e-05
LPJ-GUESS,1998,HD,precipitation,tran,0.44270047846889954,0.6506860180754918,11875,0.028766206909326204
LPJ-GUESS,1998,HW,lai,evapotrans,0.43401895326906303,0.7381453023509778,13303,0.0008766002951599211
LPJ-GUESS,1998,HW,lai,evspsblsoi,0.126789845877187,0.2520594879667032,13303,0.0004412654280274194
LPJ-GUESS,1998,HW,lai,evspsblveg,0.44577448469704667,0.7862306356276834,13303,0.005108514333960295
LPJ-GUESS,1998,HW,lai,tran,0.47724398193860956,0.7780330416987904,13303,0.0011132698341553874
LPJ-GUESS,1998,HW,precipitation,evapotrans,0.31219881433268204,0.5263295371877106,13303,0.020373344512603843
LPJ-GUESS,1998,HW,precipitation,evspsblsoi,0.11779912057170648,0.299529494965434,13303,0.0006977484392194927
LPJ-GUESS,1998,HW,precipitation,evspsblveg,0.3524380559758413,0.5725166188089174,13303,0.0016455364793932063
LPJ-GUESS,1998,HW,precipitation,tran,0.2523787386982076,0.42186679052470216,13303,0.00902078703448221
LPJ-GUESS,1999,CD,lai,evapotrans,0.4807635171970404,0.7046376036747195,10698,0.001047566448049444
LPJ-GUESS,1999,CD,lai,evspsblsoi,0.1861039621345941,0.4693711637951369,10698,0.0005849185198239127
LPJ-GUESS,1999,CD,lai,evspsblveg,0.5997472669360855,0.7658475774142428,10698,0.05594593916023511
LPJ-GUESS,1999,CD,lai,tran,0.5720704150619828,0.8608158045088347,10698,0.019906961399569746
LPJ-GUESS,1999,CD,precipitation,evapotrans,0.25663943482930246,0.5341419393615368,10698,0.017401007392152387
LPJ-GUESS,1999,CD,precipitation,evspsblsoi,0.17432564818466414,0.35053647899948104,10698,0.002248007292315838
LPJ-GUESS,1999,CD,precipitation,evspsblveg,0.266664242910022,0.5015163983834868,10698,4.955888948207344e-05
LPJ-GUESS,1999,CD,precipitation,tran,0.24413945732129466,0.4830038980122059,10698,0.01005085779881494
LPJ-GUESS,1999,CW,lai,evapotrans,0.3360241502683363,0.7876118067978534,22360,0.000999156342982507
LPJ-GUESS,1999,CW,lai,evspsblsoi,0.14800983899821113,0.3399373881932022,22360,0.0003314731910078415
LPJ-GUESS,1999,CW,lai,evspsblveg,0.5541368515205725,0.8464221824686942,22360,0.020727775131663673
LPJ-GUESS,1999,CW,lai,tran,0.3591234347048301,0.8614490161001789,22360,0.0013346982364622752
LPJ-GUESS,1999,CW,precipitation,evapotrans,0.24241753635298144,0.4988989901733859,22360,0.017825498944022702
LPJ-GUESS,1999,CW,precipitation,evspsblsoi,0.1499193230427281,0.3371645796064401,22360,0.0013881091980816964
LPJ-GUESS,1999,CW,precipitation,evspsblveg,0.21732538712290114,0.5013601579097493,22360,0.0005561298119832165
LPJ-GUESS,1999,CW,precipitation,tran,0.21591812357650367,0.508509960442665,22360,0.012690240971678287
LPJ-GUESS,1999,HD,lai,evapotrans,0.49895502149479765,0.8047000577937525,11879,0.0006991455914894031
LPJ-GUESS,1999,HD,lai,evspsblsoi,0.21973661609784179,0.6126869758278126,11879,0.0013101123984879132
LPJ-GUESS,1999,HD,lai,evspsblveg,0.5591416947486483,0.8281866707028758,11879,0.04764554135400376
LPJ-GUESS,1999,HD,lai,tran,0.5784606879185548,0.8611842390569556,11879,0.0009788657156431404
LPJ-GUESS,1999,HD,precipitation,evapotrans,0.4452383873103653,0.6228702548678977,11879,0.04335094900554639
LPJ-GUESS,1999,HD,precipitation,evspsblsoi,0.29910251205617094,0.4941074971445308,11879,0.002628734465474772
LPJ-GUESS,1999,HD,precipitation,evspsblveg,0.4302314061761896,0.6440895471537782,11879,6.0969637751355705e-05
LPJ-GUESS,1999,HD,precipitation,tran,0.41385137395257005,0.6084757415046159,11879,0.029413913994380664
LPJ-GUESS,1999,HW,lai,evapotrans,0.4293452082576372,0.7221072141620324,13289,0.0008596319196066711
LPJ-GUESS,1999,HW,lai,evspsblsoi,0.1505649908972163,0.2824362223354278,13289,0.00040840771674582513
LPJ-GUESS,1999,HW,lai,evspsblveg,0.48142106929921225,0.7880990410496391,13289,0.00570070495510525
LPJ-GUESS,1999,HW,lai,tran,0.4772046512894652,0.7870444623406687,13289,0.0011281175838471504
LPJ-GUESS,1999,HW,precipitation,evapotrans,0.3255856195891973,0.570938041674799,13289,0.01743236520704078
LPJ-GUESS,1999,HW,precipitation,evspsblsoi,0.10581897563348473,0.2511224539426551,13289,0.00029739749630657
LPJ-GUESS,1999,HW,precipitation,evspsblveg,0.38047651216819633,0.6063012790666664,13289,0.0013631371806211627
LPJ-GUESS,1999,HW,precipitation,tran,0.2811512783390779,0.45784094416417664,13289,0.008167723200525652
LPJ-GUESS,2000,CD,lai,evapotrans,0.4663242135199577,0.7208166774327466,10683,0.0010530292335887803
LPJ-GUESS,2000,CD,lai,evspsblsoi,0.2011927677572817,0.447107501469835,10683,0.0005495193671443773
LPJ-GUESS,2000,CD,lai,evspsblveg,0.5935983821823395,0.7762060789691743,10683,0.05293070447015346
LPJ-GUESS,2000,CD,lai,tran,0.5609232141373409,0.8681131129277284,10683,0.021935169262872166
LPJ-GUESS,2000,CD,precipitation,evapotrans,0.2635750163904408,0.49378207440250005,10683,0.018564717567375367
LPJ-GUESS,2000,CD,precipitation,evspsblsoi,0.15629768098592095,0.38775470710614685,10683,0.002348754719916504
LPJ-GUESS,2000,CD,precipitation,evspsblveg,0.29044520047675393,0.4746550541863501,10683,5.3120949998971185e-05
LPJ-GUESS,2000,CD,precipitation,tran,0.24047436819633483,0.47081595502396784,10683,0.010001739570384046
LPJ-GUESS,2000,CW,lai,evapotrans,0.35944909484972143,0.7878251659724634,22368,0.0010322535014119112
LPJ-GUESS,2000,CW,lai,evspsblsoi,0.1358703589744082,0.39208536302259506,22368,0.00040777208519482644
LPJ-GUESS,2000,CW,lai,evspsblveg,0.5405994210389322,0.8488931118789662,22368,0.021509501356216192
LPJ-GUESS,2000,CW,lai,tran,0.3650608279245592,0.8694126987400738,22368,0.001316869239489216
LPJ-GUESS,2000,CW,precipitation,evapotrans,0.28212226539349206,0.5478092746007293,22368,0.021880466601286397
LPJ-GUESS,2000,CW,precipitation,evspsblsoi,0.11301311225730298,0.4263971640628448,22368,0.0014443058148283301
LPJ-GUESS,2000,CW,precipitation,evspsblveg,0.24407917419836303,0.5276063420742769,22368,0.00042936908662134955
LPJ-GUESS,2000,CW,precipitation,tran,0.2502554955847129,0.5370371835291321,22368,0.013730012220211502
LPJ-GUESS,2000,HD,lai,evapotrans,0.4737731663916328,0.7952555723427495,11881,0.0006803253099335959
LPJ-GUESS,2000,HD,lai,evspsblsoi,0.21738479398819438,0.5948011642508422,11881,0.0010662868599528074
LPJ-GUESS,2000,HD,lai,evspsblveg,0.5507913846542749,0.8111563161146182,11881,0.04966285610430544
LPJ-GUESS,2000,HD,lai,tran,0.5931294469822371,0.8597780244220281,11881,0.0010185750951764772
LPJ-GUESS,2000,HD,precipitation,evapotrans,0.49441149768690834,0.6094367598232402,11881,0.04568267297369376
LPJ-GUESS,2000,HD,precipitation,evspsblsoi,0.30317021733443295,0.46011131764685465,11881,0.004488298643243587
LPJ-GUESS,2000,HD,precipitation,evspsblveg,0.4375514248231953,0.5954675709932215,11881,5.2372487940504075e-05
LPJ-GUESS,2000,HD,precipitation,tran,0.4248501752837699,0.6162685733382058,11881,0.03326637736411418
LPJ-GUESS,2000,HW,lai,evapotrans,0.42996442694701753,0.7221099572088248,13256,0.0008506245757379599
LPJ-GUESS,2000,HW,lai,evspsblsoi,0.14682948839115928,0.25484017709957574,13256,0.0004016364777497787
LPJ-GUESS,2000,HW,lai,evspsblveg,0.460627566634538,0.7770959574582352,13256,0.0055553004024463245
LPJ-GUESS,2000,HW,lai,tran,0.4723487772236145,0.7697798816848126,13256,0.0010815513526484402
LPJ-GUESS,2000,HW,precipitation,evapotrans,0.34554228556886574,0.5967566637629472,13256,0.02170236807843458
LPJ-GUESS,2000,HW,precipitation,evspsblsoi,0.11902597618814036,0.2858145114969993,13256,0.00045934340729336616
LPJ-GUESS,2000,HW,precipitation,evspsblveg,0.388910333000591,0.6308419147799318,13256,0.0017627851094038768
LPJ-GUESS,2000,HW,precipitation,tran,0.27702622443212577,0.4600540601552352,13256,0.00992542342318822
LPJ-GUESS,2001,CD,lai,evapotrans,0.48812578610154,0.7193455376358184,10661,0.0011033035410643747
LPJ-GUESS,2001,CD,lai,evspsblsoi,0.1979826879137403,0.4191741989573612,10661,0.0005364898043478552
LPJ-GUESS,2001,CD,lai,evspsblveg,0.5933265643761616,0.7521781183120324,10661,0.05412530642239009
LPJ-GUESS,2001,CD,lai,tran,0.5830559668219615,0.8669109140701586,10661,0.021800450441058383
LPJ-GUESS,2001,CD,precipitation,evapotrans,0.2218879505392671,0.49752494156850724,10661,0.012244253032139033
LPJ-GUESS,2001,CD,precipitation,evspsblsoi,0.1531152282655959,0.3860098209914897,10661,0.0020945343516129795
LPJ-GUESS,2001,CD,precipitation,evspsblveg,0.2240634847686385,0.4908596152343233,10661,6.179452568616539e-05
LPJ-GUESS,2001,CD,precipitation,tran,0.22017513579153006,0.4778772614704139,10661,0.009200815483540847
LPJ-GUESS,2001,CW,lai,evapotrans,0.35666538538052517,0.7743309015245954,22323,0.0010069813547002502
LPJ-GUESS,2001,CW,lai,evspsblsoi,0.16007168579202993,0.3492769381762797,22323,0.00038472447564343623
LPJ-GUESS,2001,CW,lai,evspsblveg,0.5458867523683322,0.8498472904999651,22323,0.02100317153483216
LPJ-GUESS,2001,CW,lai,tran,0.37574932359170515,0.8630592707213851,22323,0.0014887074483592678
LPJ-GUESS,2001,CW,precipitation,evapotrans,0.26403755660804984,0.5535754132438857,22323,0.017652688985759574
LPJ-GUESS,2001,CW,precipitation,evspsblsoi,0.10523844798225032,0.4504270936943594,22323,0.0008804096990538765
LPJ-GUESS,2001,CW,precipitation,evspsblveg,0.22944998621384466,0.48103649635563417,22323,0.0003886373842075412
LPJ-GUESS,2001,CW,precipitation,tran,0.24294955817782915,0.4952595351611329,22323,0.013882593640284387
LPJ-GUESS,2001,HD,lai,evapotrans,0.527146133815339,0.7931840724918036,11874,0.0007421833199481059
LPJ-GUESS,2001,HD,lai,evspsblsoi,0.2122857612343252,0.5320626681162305,11874,0.0008575732484576756
LPJ-GUESS,2001,HD,lai,evspsblveg,0.5725458155905188,0.8181027046615728,11874,0.051704632107447815
LPJ-GUESS,2001,HD,lai,tran,0.5997486739095237,0.8672755855676523,11874,0.0011460645026849206
LPJ-GUESS,2001,HD,precipitation,evapotrans,0.504728638346559,0.6674543237784356,11874,0.047811866298755515
LPJ-GUESS,2001,HD,precipitation,evspsblsoi,0.2894998296491141,0.47851316630102353,11874,0.0028190669829456358
LPJ-GUESS,2001,HD,precipitation,evspsblveg,0.501033737339186,0.6324005694086603,11874,6.433319169057334e-05
LPJ-GUESS,2001,HD,precipitation,tran,0.46805456166467935,0.6604807606500854,11874,0.03568053945564491
LPJ-GUESS,2001,HW,lai,evapotrans,0.4340060726903901,0.715405580435347,13274,0.0008268021348027515
LPJ-GUESS,2001,HW,lai,evspsblsoi,0.13207372089899522,0.2566300973771868,13274,0.0003701042418686659
LPJ-GUESS,2001,HW,lai,evspsblveg,0.4723973263539707,0.7548781838216208,13274,0.005472683946242179
LPJ-GUESS,2001,HW,lai,tran,0.4706406867758208,0.7517822911353111,13274,0.0011292342995240512
LPJ-GUESS,2001,HW,precipitation,evapotrans,0.32341174115025256,0.646150596056064,13274,0.021116508614635786
LPJ-GUESS,2001,HW,precipitation,evspsblsoi,0.1361940908125496,0.3392940452483431,13274,0.0005627405680179645
LPJ-GUESS,2001,HW,precipitation,evspsblveg,0.37630586672818966,0.6663973961235934,13274,0.0016930549684163233
LPJ-GUESS,2001,HW,precipitation,tran,0.25599763107219314,0.49611955430581756,13274,0.010487936838468123
LPJ-GUESS,2002,CD,lai,evapotrans,0.4901842354197625,0.7358255742941292,10697,0.0011078621821676582
LPJ-GUESS,2002,CD,lai,evspsblsoi,0.2363375122332369,0.46192156023567105,10697,0.0007563106152760506
LPJ-GUESS,2002,CD,lai,evspsblveg,0.6095423098001914,0.7711610120402349,10697,0.054198690589846284
LPJ-GUESS,2002,CD,lai,tran,0.5945004052784876,0.8703398367434664,10697,0.021209469347908672
LPJ-GUESS,2002,CD,precipitation,evapotrans,0.21785094220938328,0.491212402114664,10697,0.014293075980853049
LPJ-GUESS,2002,CD,precipitation,evspsblsoi,0.147711616439066,0.41216438533294775,10697,0.0027916961882801824
LPJ-GUESS,2002,CD,precipitation,evspsblveg,0.20493615234482782,0.4686730230067125,10697,8.363514463802766e-05
LPJ-GUESS,2002,CD,precipitation,tran,0.18379308838817598,0.4593191033559064,10697,0.0071756323249054935
LPJ-GUESS,2002,CW,lai,evapotrans,0.35797824386429256,0.7981140369931835,22359,0.0010777592840070316
LPJ-GUESS,2002,CW,lai,evspsblsoi,0.1675807231179034,0.29693141220261565,22359,0.0003767533993829858
LPJ-GUESS,2002,CW,lai,evspsblveg,0.5345964806206351,0.8473106682217107,22359,0.020294906272728265
LPJ-GUESS,2002,CW,lai,tran,0.3658502245156909,0.868151787376604,22359,0.0013106798125653537
LPJ-GUESS,2002,CW,precipitation,evapotrans,0.21564484593041885,0.5445772037865435,22359,0.017106180474076898
LPJ-GUESS,2002,CW,precipitation,evspsblsoi,0.13102545954618944,0.44927206718852974,22359,0.0014388587182826104
LPJ-GUESS,2002,CW,precipitation,evspsblveg,0.2354956550988415,0.4528099729446437,22359,0.00047587082650723254
LPJ-GUESS,2002,CW,precipitation,tran,0.19726331645894804,0.48180120779934327,22359,0.012508760829269976
LPJ-GUESS,2002,HD,lai,evapotrans,0.5120258727627148,0.80237738791423,11875,0.0007034515596310245
LPJ-GUESS,2002,HD,lai,evspsblsoi,0.21208750103198737,0.4866923267765373,11875,0.0008678429242456534
LPJ-GUESS,2002,HD,lai,evspsblveg,0.572477334751019,0.828806379585327,11875,0.048485103976920685
LPJ-GUESS,2002,HD,lai,tran,0.5904118731171363,0.8703182704235336,11875,0.0009005368701694161
LPJ-GUESS,2002,HD,precipitation,evapotrans,0.489739356953368,0.6804394825447457,11875,0.060061770029930094
LPJ-GUESS,2002,HD,precipitation,evspsblsoi,0.2543177759056445,0.39957426900584797,11875,0.004423815744688571
LPJ-GUESS,2002,HD,precipitation,evspsblveg,0.47444805292446224,0.6696647882332093,11875,0.0001581686981038268
LPJ-GUESS,2002,HD,precipitation,tran,0.4580568569490686,0.6719044670499779,11875,0.04436936400929245
LPJ-GUESS,2002,HW,lai,evapotrans,0.44774190193173335,0.7156544846817442,13301,0.0008957782576884293
LPJ-GUESS,2002,HW,lai,evspsblsoi,0.1322928967407618,0.21732517143546787,13301,0.00036224970320893735
LPJ-GUESS,2002,HW,lai,evspsblveg,0.466346812071906,0.7875601903360955,13301,0.005768382514290126
LPJ-GUESS,2002,HW,lai,tran,0.48484771058538767,0.7929707753172216,13301,0.0010819862527812925
LPJ-GUESS,2002,HW,precipitation,evapotrans,0.2579324693208097,0.5814447214947376,13301,0.020775984414163992
LPJ-GUESS,2002,HW,precipitation,evspsblsoi,0.1557935041347448,0.28666045234882565,13301,0.0006304323758612887
LPJ-GUESS,2002,HW,precipitation,evspsblveg,0.3273382124584448,0.6381371630715763,13301,0.0017851084389296434
LPJ-GUESS,2002,HW,precipitation,tran,0.18695436998631457,0.4353097395669848,13301,0.00869802403104982
LPJ-GUESS,2003,CD,lai,evapotrans,0.4972835774659695,0.7220762395951197,10675,0.0011088752888970767
LPJ-GUESS,2003,CD,lai,evspsblsoi,0.19296354244645494,0.4132340429264357,10675,0.0003955531005173892
LPJ-GUESS,2003,CD,lai,evspsblveg,0.5920488733345612,0.762741625661132,10675,0.054315566158991524
LPJ-GUESS,2003,CD,lai,tran,0.5759802197664348,0.8712893718916928,10675,0.02129514473979801
LPJ-GUESS,2003,CD,precipitation,evapotrans,0.2636070402472295,0.4613497180047189,10675,0.015450320340987724
LPJ-GUESS,2003,CD,precipitation,evspsblsoi,0.15232499257524298,0.4086028296011718,10675,0.0019872739580876556
LPJ-GUESS,2003,CD,precipitation,evspsblveg,0.2586969089723864,0.4578731503653221,10675,7.341906372732962e-05
LPJ-GUESS,2003,CD,precipitation,tran,0.24005575116017697,0.4433471041759861,10675,0.009654191171441926
LPJ-GUESS,2003,CW,lai,evapotrans,0.3664055374830838,0.7832382933567853,22382,0.0011490287463957448
LPJ-GUESS,2003,CW,lai,evspsblsoi,0.15383488992107391,0.32822849556194983,22382,0.00026823955576016004
LPJ-GUESS,2003,CW,lai,evspsblveg,0.5310014694081457,0.8475200135500961,22382,0.02195844264433078
LPJ-GUESS,2003,CW,lai,tran,0.3834966403888481,0.8582828054940627,22382,0.0013791087462844162
LPJ-GUESS,2003,CW,precipitation,evapotrans,0.19891786367013137,0.49758004678504403,22382,0.01630453042624631
LPJ-GUESS,2003,CW,precipitation,evspsblsoi,0.12668416298591179,0.3682947388535474,22382,0.0014955103808503149
LPJ-GUESS,2003,CW,precipitation,evspsblveg,0.18212661553244505,0.4884731193433499,22382,0.0006272624123719556
LPJ-GUESS,2003,CW,precipitation,tran,0.17923279741979564,0.5116900778048687,22382,0.01248088901606368
LPJ-GUESS,2003,HD,lai,evapotrans,0.46162918685649784,0.7684935735533479,11878,0.0006328162197021327
LPJ-GUESS,2003,HD,lai,evspsblsoi,0.22227983658780087,0.5793238553804305,11878,0.0009772596506320843
LPJ-GUESS,2003,HD,lai,evspsblveg,0.5303198256346934,0.8226985576707753,11878,0.048026913704587525
LPJ-GUESS,2003,HD,lai,tran,0.5795652262650075,0.8543535767395003,11878,0.0009057412834270522
LPJ-GUESS,2003,HD,precipitation,evapotrans,0.5282088955416802,0.6446480577226494,11878,0.051430763528559645
LPJ-GUESS,2003,HD,precipitation,evspsblsoi,0.29076185167948765,0.4984402310130548,11878,0.004791654029598075
LPJ-GUESS,2003,HD,precipitation,evspsblveg,0.48634045476941623,0.6379147596524258,11878,7.3106917864839e-05
LPJ-GUESS,2003,HD,precipitation,tran,0.46915306705792104,0.6519923657067958,11878,0.035295809679335856
LPJ-GUESS,2003,HW,lai,evapotrans,0.4309453704190547,0.7297583570928223,13299,0.0008397443192006991
LPJ-GUESS,2003,HW,lai,evspsblsoi,0.15691416676136544,0.3204888490117692,13299,0.0004316046060727901
LPJ-GUESS,2003,HW,lai,evspsblveg,0.4665461872592603,0.7781814676551518,13299,0.00588940239151399
LPJ-GUESS,2003,HW,lai,tran,0.48767135524351146,0.7742713992289544,13299,0.0011347929824701618
LPJ-GUESS,2003,HW,precipitation,evapotrans,0.30095331256767216,0.5935166135505694,13299,0.01999622135643089
LPJ-GUESS,2003,HW,precipitation,evspsblsoi,0.08658186748169769,0.27003358836975133,13299,0.0004478249303030367
LPJ-GUESS,2003,HW,precipitation,evspsblveg,0.34518829552689595,0.656527456697236,13299,0.0021697321805339955
LPJ-GUESS,2003,HW,precipitation,tran,0.2348817109248188,0.42750170033701446,13299,0.00992421030226514
LPJ-GUESS,2004,CD,lai,evapotrans,0.4952414728200984,0.7092417334097152,10737,0.0011275600423821437
LPJ-GUESS,2004,CD,lai,evspsblsoi,0.20411886597082363,0.4941968010731198,10737,0.0007994121673172755
LPJ-GUESS,2004,CD,lai,evspsblveg,0.6084388142803612,0.7653066746170372,10737,0.05709025154242857
LPJ-GUESS,2004,CD,lai,tran,0.598382258472107,0.8589956517508767,10737,0.022830738947252086
LPJ-GUESS,2004,CD,precipitation,evapotrans,0.2762802963859649,0.5064196120239988,10737,0.019661307750821876
LPJ-GUESS,2004,CD,precipitation,evspsblsoi,0.1438308738961773,0.38363789808436655,10737,0.0018468057196647004
LPJ-GUESS,2004,CD,precipitation,evspsblveg,0.2723027618968721,0.4989609365203497,10737,6.527743677283758e-05
LPJ-GUESS,2004,CD,precipitation,tran,0.25752310031463155,0.4819217523282671,10737,0.01260051602059473
LPJ-GUESS,2004,CW,lai,evapotrans,0.3653602357931652,0.7860566506360498,22331,0.0011504115225035938
LPJ-GUESS,2004,CW,lai,evspsblsoi,0.14541035023617613,0.35205667140279395,22331,0.0003443999590494158
LPJ-GUESS,2004,CW,lai,evspsblveg,0.5524278505839568,0.8412184754908519,22331,0.022645576772399898
LPJ-GUESS,2004,CW,lai,tran,0.3707309850948362,0.8675893141389818,22331,0.0013258200365598763
LPJ-GUESS,2004,CW,precipitation,evapotrans,0.28656129162996047,0.5399111318746772,22331,0.019317588221314894
LPJ-GUESS,2004,CW,precipitation,evspsblsoi,0.1591612894764574,0.37027382846323276,22331,0.000695107007715337
LPJ-GUESS,2004,CW,precipitation,evspsblveg,0.23502849734030712,0.4687143841450661,22331,0.00043475623061729746
LPJ-GUESS,2004,CW,precipitation,tran,0.2508426958818032,0.5075342891536981,22331,0.013986641803486527
LPJ-GUESS,2004,HD,lai,evapotrans,0.5071821726032253,0.7860458621300727,11875,0.0006626205048223683
LPJ-GUESS,2004,HD,lai,evspsblsoi,0.2072304704473906,0.5865805422647528,11875,0.0010098729125846938
LPJ-GUESS,2004,HD,lai,evspsblveg,0.5693718234981393,0.8124691830586568,11875,0.04750725293265331
LPJ-GUESS,2004,HD,lai,tran,0.6060773347510191,0.8629088073719653,11875,0.0009974084503041024
LPJ-GUESS,2004,HD,precipitation,evapotrans,0.5100598465733874,0.6740462165514797,11875,0.055217561133943105
LPJ-GUESS,2004,HD,precipitation,evspsblsoi,0.2584341715086095,0.4870020202020202,11875,0.003074845033720033
LPJ-GUESS,2004,HD,precipitation,evspsblveg,0.4947823570871688,0.6555167109693425,11875,8.893356715691349e-05
LPJ-GUESS,2004,HD,precipitation,tran,0.4422844327048544,0.6578336345915293,11875,0.038375376902871926
LPJ-GUESS,2004,HW,lai,evapotrans,0.45609828543503395,0.7304072771233944,13297,0.0008590053054347289
LPJ-GUESS,2004,HW,lai,evspsblsoi,0.13867272339682019,0.26005775444632895,13297,0.0003640173108832412
LPJ-GUESS,2004,HW,lai,evspsblveg,0.4734381720662847,0.7512354813483284,13297,0.005577512607288732
LPJ-GUESS,2004,HW,lai,tran,0.48269940503944464,0.7677006119872141,13297,0.0011173856385628806
LPJ-GUESS,2004,HW,precipitation,evapotrans,0.342029115381268,0.5270896086572753,13297,0.021195955172481008
LPJ-GUESS,2004,HW,precipitation,evspsblsoi,0.11682059510526951,0.2954487444451544,13297,0.0004456344853187851
LPJ-GUESS,2004,HW,precipitation,evspsblveg,0.3920072659265359,0.5822852800196324,13297,0.0018208367657288431
LPJ-GUESS,2004,HW,precipitation,tran,0.28242294727155154,0.4831841317138753,13297,0.011555113762704076
LPJ-GUESS,2005,CD,lai,evapotrans,0.4981535974730093,0.7266305364335993,10673,0.0011015107301536836
LPJ-GUESS,2005,CD,lai,evspsblsoi,0.2076864304211411,0.4554996091970111,10673,0.0006328327919599799
LPJ-GUESS,2005,CD,lai,evspsblveg,0.6055399890991388,0.7541619424702538,10673,0.05644112415457269
LPJ-GUESS,2005,CD,lai,tran,0.5847748318835879,0.8632068354077689,10673,0.020930566983314726
LPJ-GUESS,2005,CD,precipitation,evapotrans,0.22244549152267923,0.4752217872042969,10673,0.012201998397316137
LPJ-GUESS,2005,CD,precipitation,evspsblsoi,0.2161448305954001,0.42062832426392893,10673,0.0023140061908261647
LPJ-GUESS,2005,CD,precipitation,evspsblveg,0.21950228532596028,0.4582594218109964,10673,3.9189700808223946e-05
LPJ-GUESS,2005,CD,precipitation,tran,0.18637545575293513,0.4395033531705718,10673,0.0074706121375609025
LPJ-GUESS,2005,CW,lai,evapotrans,0.36600631057509037,0.7780439843241933,22323,0.0011277963964166592
LPJ-GUESS,2005,CW,lai,evspsblsoi,0.13834653997347832,0.31158692196094473,22323,0.0003277245753252179
LPJ-GUESS,2005,CW,lai,evspsblveg,0.5531675946357462,0.8453249154582402,22323,0.02370674351959823
LPJ-GUESS,2005,CW,lai,tran,0.3865681533439401,0.8598809414977061,22323,0.0013167588588145918
LPJ-GUESS,2005,CW,precipitation,evapotrans,0.25482120348459764,0.5224378134813792,22323,0.02030343627826072
LPJ-GUESS,2005,CW,precipitation,evspsblsoi,0.13619601683180507,0.4256662567514387,22323,0.0011899369623233397
LPJ-GUESS,2005,CW,precipitation,evspsblveg,0.21644314640546464,0.5325134527457167,22323,0.0004777932873601086
LPJ-GUESS,2005,CW,precipitation,tran,0.22402789295907452,0.522194730907872,22323,0.013053622847584137
LPJ-GUESS,2005,HD,lai,evapotrans,0.495855325181641,0.7990942406521353,11875,0.0007741168211087486
LPJ-GUESS,2005,HD,lai,evspsblsoi,0.16795509480772638,0.5170994152046784,11875,0.0010391321386758144
LPJ-GUESS,2005,HD,lai,evspsblveg,0.5834241715399611,0.8176127591706539,11875,0.05166736887188492
LPJ-GUESS,2005,HD,lai,tran,0.5776394359056355,0.8640884635832005,11875,0.0011479697996554098
LPJ-GUESS,2005,HD,precipitation,evapotrans,0.4878370627751375,0.6358295233032075,11875,0.052022907038515115
LPJ-GUESS,2005,HD,precipitation,evspsblsoi,0.27421957651269935,0.4192465709728868,11875,0.002755645630868455
LPJ-GUESS,2005,HD,precipitation,evspsblveg,0.4788196225546378,0.6614121566542619,11875,9.841994386305597e-05
LPJ-GUESS,2005,HD,precipitation,tran,0.44834463206086494,0.6361922381711855,11875,0.03939184741120324
LPJ-GUESS,2005,HW,lai,evapotrans,0.4403236959584442,0.7086743177816303,13281,0.0008570390815940302
LPJ-GUESS,2005,HW,lai,evspsblsoi,0.15432131734527899,0.24573707071339346,13281,0.00039323370823265784
LPJ-GUESS,2005,HW,lai,evspsblveg,0.48274944140691967,0.7727958081972872,13281,0.005609395886610231
LPJ-GUESS,2005,HW,lai,tran,0.48094589222033834,0.7815147931930797,13281,0.0011418504928535683
LPJ-GUESS,2005,HW,precipitation,evapotrans,0.34341550752365685,0.5693703773757783,13281,0.01954456977636193
LPJ-GUESS,2005,HW,precipitation,evspsblsoi,0.1074044030198046,0.2873859907667717,13281,0.0006432940883654475
LPJ-GUESS,2005,HW,precipitation,evspsblveg,0.387838824237542,0.605743166930201,13281,0.0019473610132339605
LPJ-GUESS,2005,HW,precipitation,tran,0.26916552022410856,0.45953901795925983,13281,0.010299683507540678
LPJ-GUESS,2006,CD,lai,evapotrans,0.4950369702036615,0.7191229853372119,10726,0.001127190343773876
LPJ-GUESS,2006,CD,lai,evspsblsoi,0.19125745093845883,0.4755810264359723,10726,0.0005272300922450927
LPJ-GUESS,2006,CD,lai,evspsblveg,0.6141208786046711,0.763483059081251,10726,0.05783141771555136
LPJ-GUESS,2006,CD,lai,tran,0.5902044966267833,0.8585693559074388,10726,0.021051098157584217
LPJ-GUESS,2006,CD,precipitation,evapotrans,0.22956502309297452,0.49548240428923523,10726,0.013188171045874934
LPJ-GUESS,2006,CD,precipitation,evspsblsoi,0.17896995864548781,0.37036021728390256,10726,0.002360926987119704
LPJ-GUESS,2006,CD,precipitation,evspsblveg,0.23987809840692423,0.4910020837608974,10726,7.72235306992497e-05
LPJ-GUESS,2006,CD,precipitation,tran,0.20137029601309392,0.47086027819276716,10726,0.0105286700896115
LPJ-GUESS,2006,CW,lai,evapotrans,0.3583619076312903,0.781350182017124,22404,0.001077650003246914
LPJ-GUESS,2006,CW,lai,evspsblsoi,0.14776335380161706,0.3507451815235709,22404,0.00037601119225381545
LPJ-GUESS,2006,CW,lai,evspsblveg,0.5440667482847452,0.8515504618007829,22404,0.02321928063747603
LPJ-GUESS,2006,CW,lai,tran,0.38996711365317416,0.858958299423965,22404,0.001336616381673046
LPJ-GUESS,2006,CW,precipitation,evapotrans,0.23901442392067654,0.509509223480501,22404,0.017428239672694346
LPJ-GUESS,2006,CW,precipitation,evspsblsoi,0.11723079970632505,0.36263422348050095,22404,0.0007855307463397885
LPJ-GUESS,2006,CW,precipitation,evspsblveg,0.2185272670402389,0.45945125607587917,22404,0.00048290240912595914
LPJ-GUESS,2006,CW,precipitation,tran,0.2139442552529886,0.46922127930194707,22404,0.012404019838250088
LPJ-GUESS,2006,HD,lai,evapotrans,0.5227002726371306,0.8052756333611696,11878,0.0007134254418954081
LPJ-GUESS,2006,HD,lai,evspsblsoi,0.2481707710125507,0.592377158802483,11878,0.001082772241950354
LPJ-GUESS,2006,HD,lai,evspsblveg,0.5681986843798597,0.8193353810882014,11878,0.047561388877456166
LPJ-GUESS,2006,HD,lai,tran,0.6049892481530805,0.8704332997143235,11878,0.00104600532359536
LPJ-GUESS,2006,HD,precipitation,evapotrans,0.4668529233323391,0.6414846141830789,11878,0.055185298812113946
LPJ-GUESS,2006,HD,precipitation,evspsblsoi,0.2696024300254395,0.47441305076520174,11878,0.003921306125449426
LPJ-GUESS,2006,HD,precipitation,evspsblveg,0.44560596046160084,0.6445247739458251,11878,7.06921466437341e-05
LPJ-GUESS,2006,HD,precipitation,tran,0.4393335072404985,0.6591107575178032,11878,0.041267146194682774
LPJ-GUESS,2006,HW,lai,evapotrans,0.42859735516104647,0.7055351060422592,13288,0.0008160482418248155
LPJ-GUESS,2006,HW,lai,evspsblsoi,0.15217090885807416,0.27120986749983805,13288,0.00043910208750485555
LPJ-GUESS,2006,HW,lai,evspsblveg,0.4640472301083277,0.7752159260220641,13288,0.005383863515389438
LPJ-GUESS,2006,HW,lai,tran,0.46053792261635385,0.7783013034384627,13288,0.0010606443001193386
LPJ-GUESS,2006,HW,precipitation,evapotrans,0.3242544073124647,0.6076413757112784,13288,0.02271342605232907
LPJ-GUESS,2006,HW,precipitation,evspsblsoi,0.08685792450624663,0.2984954715105852,13288,0.0005545862906359387
LPJ-GUESS,2006,HW,precipitation,evspsblveg,0.38311111902227957,0.6334454187125618,13288,0.0019206050131886712
LPJ-GUESS,2006,HW,precipitation,tran,0.27097003566773237,0.45797670318360073,13288,0.01090180072478624
LPJ-GUESS,2007,CD,lai,evapotrans,0.5110019172537003,0.7270294417414042,10701,0.0011025038068267598
LPJ-GUESS,2007,CD,lai,evspsblsoi,0.215327766555139,0.4997540626389183,10701,0.0005388458371548877
LPJ-GUESS,2007,CD,lai,evspsblveg,0.611454586314848,0.7501126193988333,10701,0.057629370115895244
LPJ-GUESS,2007,CD,lai,tran,0.6005263492095785,0.868988918808342,10701,0.02178018708524247
LPJ-GUESS,2007,CD,precipitation,evapotrans,0.2844966974734946,0.4934503097566473,10701,0.015499667876205244
LPJ-GUESS,2007,CD,precipitation,evspsblsoi,0.16983720932651575,0.38675449145725743,10701,0.0027614740410285147
LPJ-GUESS,2007,CD,precipitation,evspsblveg,0.2858108760745678,0.47567689817726927,10701,6.87592215379712e-05
LPJ-GUESS,2007,CD,precipitation,tran,0.2445381475888816,0.4728435809423293,10701,0.012372859780964663
LPJ-GUESS,2007,CW,lai,evapotrans,0.3443344565293641,0.7869024421421233,22401,0.0011349491296190344
LPJ-GUESS,2007,CW,lai,evspsblsoi,0.10305811841945833,0.3268815631258573,22401,0.00041009971145710626
LPJ-GUESS,2007,CW,lai,evspsblveg,0.5347290279611241,0.8484517956653183,22401,0.02303024630055226
LPJ-GUESS,2007,CW,lai,tran,0.36982562560982607,0.8643401784451318,22401,0.0013662288398833987
LPJ-GUESS,2007,CW,precipitation,evapotrans,0.2281677787673016,0.5139820966219621,22401,0.014030925066795477
LPJ-GUESS,2007,CW,precipitation,evspsblsoi,0.10583864062366605,0.4163959716402967,22401,0.0008307198295250388
LPJ-GUESS,2007,CW,precipitation,evspsblveg,0.22102930510978408,0.4414860414070497,22401,0.0004281395592982821
LPJ-GUESS,2007,CW,precipitation,tran,0.2067207325025104,0.4614802305284495,22401,0.009551316517648454
LPJ-GUESS,2007,HD,lai,evapotrans,0.48708264279861213,0.7996501196265486,11879,0.0006660574964886778
LPJ-GUESS,2007,HD,lai,evspsblsoi,0.20288072573735513,0.5783392331712898,11879,0.0012518516687781494
LPJ-GUESS,2007,HD,lai,evspsblveg,0.5439478050703743,0.8148014221968258,11879,0.04922654069139117
LPJ-GUESS,2007,HD,lai,tran,0.5917603370461355,0.8649727201583419,11879,0.0009650539606290928
LPJ-GUESS,2007,HD,precipitation,evapotrans,0.5077596562231653,0.6549074493376712,11879,0.056280589937489515
LPJ-GUESS,2007,HD,precipitation,evspsblsoi,0.2699949556468729,0.5068441084877058,11879,0.0045321895699985066
LPJ-GUESS,2007,HD,precipitation,evspsblveg,0.477167960258703,0.6587299461489209,11879,0.00010693100623624771
LPJ-GUESS,2007,HD,precipitation,tran,0.4551256119425991,0.6511187614323519,11879,0.038232417865726384
LPJ-GUESS,2007,HW,lai,evapotrans,0.42581294459854246,0.730744689959406,13288,0.0008053069565611381
LPJ-GUESS,2007,HW,lai,evspsblsoi,0.14228586268894208,0.22815920631275005,13288,0.00039947571419777866
LPJ-GUESS,2007,HW,lai,evspsblveg,0.4716803780709944,0.7840244868670863,13288,0.005343306890355481
LPJ-GUESS,2007,HW,lai,tran,0.46712309436735017,0.7899651705188159,13288,0.001081754435799795
LPJ-GUESS,2007,HW,precipitation,evapotrans,0.3270487320546744,0.5808539100662342,13288,0.02467618718592951
LPJ-GUESS,2007,HW,precipitation,evspsblsoi,0.10091440869174673,0.29864858804359196,13288,0.0005253463150061798
LPJ-GUESS,2007,HW,precipitation,evspsblveg,0.3782158718876686,0.6154613043263575,13288,0.0022881138899789916
LPJ-GUESS,2007,HW,precipitation,tran,0.2638823580308489,0.42883456121014607,13288,0.012637114953026682
LPJ-GUESS,2008,CD,lai,evapotrans,0.4898804746280122,0.7242549272425861,10675,0.0011000795472838074
LPJ-GUESS,2008,CD,lai,evspsblsoi,0.19629738840598943,0.48027331175608945,10675,0.0005209711696400987
LPJ-GUESS,2008,CD,lai,evspsblveg,0.6024338378044325,0.7434345534124499,10675,0.05323035707214059
LPJ-GUESS,2008,CD,lai,tran,0.5935367220922553,0.8677453455967972,10675,0.02296390630001217
LPJ-GUESS,2008,CD,precipitation,evapotrans,0.23988787416601326,0.4443544383663079,10675,0.013316369011305838
LPJ-GUESS,2008,CD,precipitation,evspsblsoi,0.18806592072409414,0.40734545742142697,10675,0.002212111884149166
LPJ-GUESS,2008,CD,precipitation,evspsblveg,0.22288891226062846,0.4427146121372378,10675,4.225316503830493e-05
LPJ-GUESS,2008,CD,precipitation,tran,0.22959745428815798,0.4188602362075348,10675,0.011626646849422904
LPJ-GUESS,2008,CW,lai,evapotrans,0.3371371147833854,0.7764180437695399,22390,0.0010184611550925974
LPJ-GUESS,2008,CW,lai,evspsblsoi,0.14642697632871818,0.3057615006699419,22390,0.00027793530299722566
LPJ-GUESS,2008,CW,lai,evspsblveg,0.5446404644930773,0.842920946851273,22390,0.02217631265342472
LPJ-GUESS,2008,CW,lai,tran,0.3626172398392139,0.8668155426529701,22390,0.0013303559878689534
LPJ-GUESS,2008,CW,precipitation,evapotrans,0.21027145917531243,0.5542206342117016,22390,0.014468986579776012
LPJ-GUESS,2008,CW,precipitation,evspsblsoi,0.08592900411544319,0.3797230906654757,22390,0.0007944072386862957
LPJ-GUESS,2008,CW,precipitation,evspsblveg,0.22499511500669944,0.4991960696739616,22390,0.0003537137961965458
LPJ-GUESS,2008,CW,precipitation,tran,0.18087075319994717,0.5228226887003127,22390,0.012679993222425693
LPJ-GUESS,2008,HD,lai,evapotrans,0.5259758296560517,0.8151825315011574,11876,0.0007750892898494088
LPJ-GUESS,2008,HD,lai,evspsblsoi,0.23712591896664298,0.5964407179462754,11876,0.0013303035775783958
LPJ-GUESS,2008,HD,lai,evspsblveg,0.5795243245679912,0.8221734012404271,11876,0.049718831041700835
LPJ-GUESS,2008,HD,lai,tran,0.5865524702091083,0.8638467304684887,11876,0.0009670766390694254
LPJ-GUESS,2008,HD,precipitation,evapotrans,0.5097089112750952,0.6504142695621309,11876,0.05444293023172364
LPJ-GUESS,2008,HD,precipitation,evspsblsoi,0.2851189318406161,0.4429117718103908,11876,0.003225878187279566
LPJ-GUESS,2008,HD,precipitation,evspsblveg,0.48411900525406754,0.6776080100431734,11876,0.00011717574342288051
LPJ-GUESS,2008,HD,precipitation,tran,0.4699612399934643,0.6481812624481571,11876,0.04292711694399089
LPJ-GUESS,2008,HW,lai,evapotrans,0.4335120078143573,0.730769780432167,13278,0.0008084913428654481
LPJ-GUESS,2008,HW,lai,evspsblsoi,0.13239605507434163,0.2525684527536264,13278,0.00039790389437297034
LPJ-GUESS,2008,HW,lai,evspsblveg,0.4799846698134608,0.7593888885864288,13278,0.005367047439741297
LPJ-GUESS,2008,HW,lai,tran,0.4796059520504068,0.7822781183477697,13278,0.0010412877654609174
LPJ-GUESS,2008,HW,precipitation,evapotrans,0.3405878554207281,0.6044857241891197,13278,0.023722089394484412
LPJ-GUESS,2008,HW,precipitation,evspsblsoi,0.10435880807503836,0.29744758518937925,13278,0.0004629105815890093
LPJ-GUESS,2008,HW,precipitation,evspsblveg,0.3829661515613301,0.6170544128615683,13278,0.002244714818590475
LPJ-GUESS,2008,HW,precipitation,tran,0.28185676844259544,0.5091281302344488,13278,0.010604425845677137
LPJ-GUESS,2009,CD,lai,evapotrans,0.4943992952192222,0.7227166398222282,10735,0.0011154531481237732
LPJ-GUESS,2009,CD,lai,evspsblsoi,0.22607585005978484,0.4921112912304988,10735,0.0005717312560548882
LPJ-GUESS,2009,CD,lai,evspsblveg,0.6153802586259984,0.7600533072434881,10735,0.057657123471509156
LPJ-GUESS,2009,CD,lai,tran,0.5822960991801278,0.8767587010240785,10735,0.02230685025304638
LPJ-GUESS,2009,CD,precipitation,evapotrans,0.2561665831027003,0.48967803153505945,10735,0.015990578001064456
LPJ-GUESS,2009,CD,precipitation,evspsblsoi,0.18712918854997984,0.4548820882978198,10735,0.003268098401243608
LPJ-GUESS,2009,CD,precipitation,evspsblveg,0.25192000762378475,0.4705712097517736,10735,5.967750585499867e-05
LPJ-GUESS,2009,CD,precipitation,tran,0.22063150673054208,0.4639482227594001,10735,0.01041415878100649
LPJ-GUESS,2009,CW,lai,evapotrans,0.3501753600407299,0.784594093223637,22339,0.0011283894630093542
LPJ-GUESS,2009,CW,lai,evspsblsoi,0.15783923543551243,0.39107050417825145,22339,0.00037489035686413716
LPJ-GUESS,2009,CW,lai,evspsblveg,0.5470273152809382,0.8495912239908021,22339,0.021646653495646005
LPJ-GUESS,2009,CW,lai,tran,0.3711695421045842,0.8551868391762435,22339,0.0012594158702409009
LPJ-GUESS,2009,CW,precipitation,evapotrans,0.279145224654459,0.5468090319658467,22339,0.021307609102034157
LPJ-GUESS,2009,CW,precipitation,evspsblsoi,0.14574537460248324,0.43548502217979695,22339,0.001410840497796064
LPJ-GUESS,2009,CW,precipitation,evspsblveg,0.2423878265017245,0.5524503536957157,22339,0.0004997539570610069
LPJ-GUESS,2009,CW,precipitation,tran,0.2545666725034102,0.5476121125829335,22339,0.01417951061718135
LPJ-GUESS,2009,HD,lai,evapotrans,0.48712547791805305,0.790978718350551,11879,0.0006872527170049285
LPJ-GUESS,2009,HD,lai,evspsblsoi,0.18993382487784377,0.559233565273636,11879,0.0009555447221957997
LPJ-GUESS,2009,HD,lai,evspsblveg,0.5789225560881425,0.8155592743100109,11879,0.05014259374063989
LPJ-GUESS,2009,HD,lai,tran,0.5850284206943017,0.8685077335637147,11879,0.0009582719333600585
LPJ-GUESS,2009,HD,precipitation,evapotrans,0.4968987782589826,0.6430724167907433,11879,0.0628227978024919
LPJ-GUESS,2009,HD,precipitation,evspsblsoi,0.27617711931908795,0.49179457090736295,11879,0.00700166507148287
LPJ-GUESS,2009,HD,precipitation,evspsblveg,0.47997920771908664,0.6678219748343497,11879,0.00012978360203247922
LPJ-GUESS,2009,HD,precipitation,tran,0.4609880251414451,0.6344567023391263,11879,0.04614626971345544
LPJ-GUESS,2009,HW,lai,evapotrans,0.4246558274652358,0.7041161212966531,13284,0.0008590325350063622
LPJ-GUESS,2009,HW,lai,evspsblsoi,0.15792528741887152,0.23848833233754962,13284,0.00047864738193562095
LPJ-GUESS,2009,HW,lai,evspsblveg,0.4700111421294936,0.7578435810693698,13284,0.0052109356243267065
LPJ-GUESS,2009,HW,lai,tran,0.46724114162159025,0.7558934762911713,13284,0.0010607276010739706
LPJ-GUESS,2009,HW,precipitation,evapotrans,0.3149905014009148,0.565360286785712,13284,0.0182811733444683
LPJ-GUESS,2009,HW,precipitation,evspsblsoi,0.08975872745735686,0.23690102589513481,13284,0.000282281325855099
LPJ-GUESS,2009,HW,precipitation,evspsblveg,0.36697806184945825,0.6216963260678505,13284,0.0014520531671108484
LPJ-GUESS,2009,HW,precipitation,tran,0.2510591940970298,0.4341824343751339,13284,0.010143386605250673
LPJ-GUESS,2010,CD,lai,evapotrans,0.4820242411550113,0.7120526112094132,10721,0.0010823111456950724
LPJ-GUESS,2010,CD,lai,evspsblsoi,0.16229636435652833,0.47298004195977483,10721,0.0005265722165821284
LPJ-GUESS,2010,CD,lai,evspsblveg,0.6085417533575905,0.7616805906109784,10721,0.053037823636175305
LPJ-GUESS,2010,CD,lai,tran,0.5863694945197526,0.8631720083559689,10721,0.01988956954726209
LPJ-GUESS,2010,CD,precipitation,evapotrans,0.22137153460618075,0.4398792972620041,10721,0.015365909168116604
LPJ-GUESS,2010,CD,precipitation,evspsblsoi,0.1656380448835892,0.3641993430385615,10721,0.00161525977125418
LPJ-GUESS,2010,CD,precipitation,evspsblveg,0.20942690633254532,0.4232278620154173,10721,6.26252036686634e-05
LPJ-GUESS,2010,CD,precipitation,tran,0.19474389482447452,0.4184544134883302,10721,0.00884132138255778
LPJ-GUESS,2010,CW,lai,evapotrans,0.3438597529752291,0.7884197743933382,22416,0.0009750144070339525
LPJ-GUESS,2010,CW,lai,evspsblsoi,0.17644368410961253,0.33549185270365695,22416,0.0003707685526088831
LPJ-GUESS,2010,CW,lai,evspsblveg,0.5477771160693972,0.8597919496141726,22416,0.021029222961091398
LPJ-GUESS,2010,CW,lai,tran,0.3642462605437442,0.8613520608766136,22416,0.0013404853102865141
LPJ-GUESS,2010,CW,precipitation,evapotrans,0.2613525132543152,0.5875174941946016,22416,0.019153365452967024
LPJ-GUESS,2010,CW,precipitation,evspsblsoi,0.15223074497399855,0.4242520077732167,22416,0.0013356636120548688
LPJ-GUESS,2010,CW,precipitation,evspsblveg,0.2153415308588542,0.43529154705431417,22416,0.0003516122746804916
LPJ-GUESS,2010,CW,precipitation,tran,0.23449131700420417,0.5129944139556237,22416,0.01313705529430613
LPJ-GUESS,2010,HD,lai,evapotrans,0.49145297144651523,0.8063560586925074,11877,0.0006874780650496887
LPJ-GUESS,2010,HD,lai,evspsblsoi,0.22738970219758983,0.5643164404846648,11877,0.0011118520001513468
LPJ-GUESS,2010,HD,lai,evspsblveg,0.5647261359573086,0.8207523581355356,11877,0.04917376128754249
LPJ-GUESS,2010,HD,lai,tran,0.5917115613357611,0.8690759578610046,11877,0.0011265973572745069
LPJ-GUESS,2010,HD,precipitation,evapotrans,0.4915283986383278,0.6383192878519981,11877,0.05180601688783646
LPJ-GUESS,2010,HD,precipitation,evspsblsoi,0.2600436035015474,0.511631214902243,11877,0.0029430142130414975
LPJ-GUESS,2010,HD,precipitation,evspsblveg,0.4392397644588435,0.6225760594919474,11877,6.434117076635082e-05
LPJ-GUESS,2010,HD,precipitation,tran,0.4280822502798899,0.6376746330017358,11877,0.033609930018883356
LPJ-GUESS,2010,HW,lai,evapotrans,0.4377543109273652,0.7190021563909401,13283,0.000799069659027844
LPJ-GUESS,2010,HW,lai,evspsblsoi,0.13447801406635346,0.23844115451492032,13283,0.0003614475012039142
LPJ-GUESS,2010,HW,lai,evspsblveg,0.46990244914008217,0.7644555714753216,13283,0.0053498258134872965
LPJ-GUESS,2010,HW,lai,tran,0.4770599752015667,0.7783807688924109,13283,0.0010838374556071872
LPJ-GUESS,2010,HW,precipitation,evapotrans,0.3171979952703143,0.6055160148295708,13283,0.021502710311242044
LPJ-GUESS,2010,HW,precipitation,evspsblsoi,0.1377916274216215,0.3112780656685534,13283,0.0007945762769997002
LPJ-GUESS,2010,HW,precipitation,evspsblveg,0.35064797717031604,0.6283865497444728,13283,0.002009535920759965
LPJ-GUESS,2010,HW,precipitation,tran,0.25263087670031786,0.4603562421051433,13283,0.010985892612218823
LPJ-GUESS,2011,CD,lai,evapotrans,0.4964671011179824,0.7147169681584793,10676,0.0010602695830017185
LPJ-GUESS,2011,CD,lai,evspsblsoi,0.2137804800947229,0.466375192559369,10676,0.0005801732029023878
LPJ-GUESS,2011,CD,lai,evspsblveg,0.5993821353382016,0.7829806222925726,10676,0.051299929034058854
LPJ-GUESS,2011,CD,lai,tran,0.5853190296061894,0.8686805646183186,10676,0.020007057358402948
LPJ-GUESS,2011,CD,precipitation,evapotrans,0.24405556112938626,0.4971424675999707,10676,0.013657754148463035
LPJ-GUESS,2011,CD,precipitation,evspsblsoi,0.20976308043020928,0.4099848378692965,10676,0.002643191521572583
LPJ-GUESS,2011,CD,precipitation,evspsblveg,0.24714748449265878,0.4701807924614139,10676,4.253622241971807e-05
LPJ-GUESS,2011,CD,precipitation,tran,0.23200982429655137,0.46424903817204843,10676,0.008912677921651674
LPJ-GUESS,2011,CW,lai,evapotrans,0.35508713080808396,0.794539546821134,22363,0.0010749996409226833
LPJ-GUESS,2011,CW,lai,evspsblsoi,0.17180762416318757,0.31693817564699467,22363,0.00045892919682884593
LPJ-GUESS,2011,CW,lai,evspsblveg,0.5419369335065579,0.8517234157552895,22363,0.0210373296429858
LPJ-GUESS,2011,CW,lai,tran,0.3749206458214226,0.8549896952648512,22363,0.001598995046884655
LPJ-GUESS,2011,CW,precipitation,evapotrans,0.22267391860190483,0.4886218137113456,22363,0.01422149399649145
LPJ-GUESS,2011,CW,precipitation,evspsblsoi,0.10283274024736938,0.3799027950068635,22363,0.0010372157298632048
LPJ-GUESS,2011,CW,precipitation,evspsblveg,0.19217506936666034,0.4692492430426439,22363,0.0005393301114444073
LPJ-GUESS,2011,CW,precipitation,tran,0.19828743985205044,0.4663947258727223,22363,0.009692555467407686
LPJ-GUESS,2011,HD,lai,evapotrans,0.5157970369916826,0.7903752686544403,11878,0.0007518072695810337
LPJ-GUESS,2011,HD,lai,evspsblsoi,0.22473656132521264,0.5485088863603764,11878,0.0011339526213537299
LPJ-GUESS,2011,HD,lai,evspsblveg,0.5801952992346998,0.8261545692089555,11878,0.051266825895332734
LPJ-GUESS,2011,HD,lai,tran,0.5794351864607801,0.8588165995136865,11878,0.0010185645527132187
LPJ-GUESS,2011,HD,precipitation,evapotrans,0.42825767870144693,0.6260329469596349,11878,0.03924078338222563
LPJ-GUESS,2011,HD,precipitation,evspsblsoi,0.22750283040315034,0.42843559082803007,11878,0.0011734591629986566
LPJ-GUESS,2011,HD,precipitation,evspsblveg,0.44893721484486726,0.6145653646386143,11878,5.860592404678163e-05
LPJ-GUESS,2011,HD,precipitation,tran,0.4189642726032716,0.6370710153734257,11878,0.02704427905912481
LPJ-GUESS,2011,HW,lai,evapotrans,0.42334464382609516,0.7276073339902764,13278,0.0008551349602775871
LPJ-GUESS,2011,HW,lai,evspsblsoi,0.1431408530643132,0.22185170868743842,13278,0.0004228302902850487
LPJ-GUESS,2011,HW,lai,evspsblveg,0.46017582530755646,0.7665415389529198,13278,0.005130568062159376
LPJ-GUESS,2011,HW,lai,tran,0.4685642706388138,0.7568223640154835,13278,0.0010778832806030356
LPJ-GUESS,2011,HW,precipitation,evapotrans,0.32040725032983264,0.5449203048071182,13278,0.017419970296328132
LPJ-GUESS,2011,HW,precipitation,evspsblsoi,0.07742088987068552,0.24028388747035134,13278,0.00021458923666870536
LPJ-GUESS,2011,HW,precipitation,evspsblveg,0.3890020656507639,0.6161497549166389,13278,0.0016739934031854596
LPJ-GUESS,2011,HW,precipitation,tran,0.27213440295297775,0.5132806417717866,13278,0.009785585963932341
LPJ-GUESS,2012,CD,lai,evapotrans,0.50407568659667,0.7548913533850709,10689,0.0011850656413827582
LPJ-GUESS,2012,CD,lai,evspsblsoi,0.21561159991609483,0.4721866398589039,10689,0.0006750258755874709
LPJ-GUESS,2012,CD,lai,evspsblveg,0.6034265750238852,0.7675202845725578,10689,0.05632886881020293
LPJ-GUESS,2012,CD,lai,tran,0.6098857913344029,0.8691183972472509,10689,0.02098554033029831
LPJ-GUESS,2012,CD,precipitation,evapotrans,0.19535215685790486,0.4557151634952345,10689,0.012654586674484613
LPJ-GUESS,2012,CD,precipitation,evspsblsoi,0.18364018210703112,0.38229644474211405,10689,0.001985165552781263
LPJ-GUESS,2012,CD,precipitation,evspsblveg,0.193341920116146,0.4563678544539419,10689,4.524290135880973e-05
LPJ-GUESS,2012,CD,precipitation,tran,0.2107713949018596,0.4463544129408892,10689,0.008948285214549045
LPJ-GUESS,2012,CW,lai,evapotrans,0.34869394089336503,0.78356969305503,22412,0.0010134568229243498
LPJ-GUESS,2012,CW,lai,evspsblsoi,0.17178260876999274,0.36568448978285656,22412,0.00030002868270341516
LPJ-GUESS,2012,CW,lai,evspsblveg,0.5370956230578012,0.8459377566783948,22412,0.019273995401761414
LPJ-GUESS,2012,CW,lai,tran,0.36997646524384564,0.8529877106424604,22412,0.001356921667111676
LPJ-GUESS,2012,CW,precipitation,evapotrans,0.23455393803691332,0.5026039327221763,22412,0.015227447405005649
LPJ-GUESS,2012,CW,precipitation,evspsblsoi,0.15297342262661545,0.3681279447116629,22412,0.0009189512134119781
LPJ-GUESS,2012,CW,precipitation,evspsblveg,0.2236330307554153,0.518332720775898,22412,0.00037471710247926
LPJ-GUESS,2012,CW,precipitation,tran,0.2040483641977,0.5022369552519035,22412,0.009560013379435673
LPJ-GUESS,2012,HD,lai,evapotrans,0.5287173242216179,0.8083063048966399,11878,0.0007442278000424862
LPJ-GUESS,2012,HD,lai,evspsblsoi,0.23490199439701065,0.6024787358345196,11878,0.001202361758399651
LPJ-GUESS,2012,HD,lai,evspsblveg,0.5692509792316157,0.8207668819303775,11878,0.04954749509822804
LPJ-GUESS,2012,HD,lai,tran,0.6006536431271234,0.8627719355535487,11878,0.0010342194842575913
LPJ-GUESS,2012,HD,precipitation,evapotrans,0.5108808704748392,0.6969243424875686,11878,0.050723357232883765
LPJ-GUESS,2012,HD,precipitation,evspsblsoi,0.3207305596577218,0.5637629535369861,11878,0.003012842256376072
LPJ-GUESS,2012,HD,precipitation,evspsblveg,0.49459244744869746,0.6877532410029463,11878,9.062810780745113e-05
LPJ-GUESS,2012,HD,precipitation,tran,0.45958450521307903,0.6192221933087398,11878,0.03323866723971258
LPJ-GUESS,2012,HW,lai,evapotrans,0.4333379336843225,0.7514955860809518,13274,0.0009059332781053085
LPJ-GUESS,2012,HW,lai,evspsblsoi,0.12364168061059355,0.21898495781737404,13274,0.0003912367710144344
LPJ-GUESS,2012,HW,lai,evspsblveg,0.47835460110982947,0.7572916345206047,13274,0.005587409705897389
LPJ-GUESS,2012,HW,lai,tran,0.48179473071142465,0.7778527096180412,13274,0.0011423966074124044
LPJ-GUESS,2012,HW,precipitation,evapotrans,0.32413586730733224,0.5712755345625382,13274,0.02007708626221437
LPJ-GUESS,2012,HW,precipitation,evspsblsoi,0.13419573923855657,0.2830541315480394,13274,0.0004000920423601473
LPJ-GUESS,2012,HW,precipitation,evspsblveg,0.3598397760766383,0.6446943794463678,13274,0.0016660247077581844
LPJ-GUESS,2012,HW,precipitation,tran,0.23522980768564802,0.4845677345512834,13274,0.010113094955974917
LPJ-GUESS,2013,CD,lai,evapotrans,0.505069102725441,0.7263200200937076,10727,0.0011825881027235018
LPJ-GUESS,2013,CD,lai,evspsblsoi,0.18373747081331138,0.4752525013600776,10727,0.0006290716979777475
LPJ-GUESS,2013,CD,lai,evspsblveg,0.6098005242733846,0.7573527565555417,10727,0.05569900431662493
LPJ-GUESS,2013,CD,lai,tran,0.602152124531353,0.8737785370741848,10727,0.021379750320674764
LPJ-GUESS,2013,CD,precipitation,evapotrans,0.30622428508331456,0.5008503751215845,10727,0.021201195348259157
LPJ-GUESS,2013,CD,precipitation,evspsblsoi,0.13820392593581743,0.41280718424760365,10727,0.0014195840456931287
LPJ-GUESS,2013,CD,precipitation,evspsblveg,0.3163115513534438,0.4741638556634705,10727,7.866898248489554e-05
LPJ-GUESS,2013,CD,precipitation,tran,0.2638177536489307,0.4589313170841118,10727,0.014913569411618439
LPJ-GUESS,2013,CW,lai,evapotrans,0.3643177143290473,0.8034510522304382,22416,0.0010563676614940454
LPJ-GUESS,2013,CW,lai,evspsblsoi,0.14752982641559603,0.35249612230591,22416,0.00033210448133906404
LPJ-GUESS,2013,CW,lai,evspsblveg,0.5394840088268631,0.8545271362178538,22416,0.021013064254968652
LPJ-GUESS,2013,CW,lai,tran,0.39268749944483117,0.8623326271982354,22416,0.0013350248228828296
LPJ-GUESS,2013,CW,precipitation,evapotrans,0.2637463992556337,0.5527213978673319,22416,0.019307146624957566
LPJ-GUESS,2013,CW,precipitation,evspsblsoi,0.14092378437596564,0.4421500890468832,22416,0.0010542361336836855
LPJ-GUESS,2013,CW,precipitation,evspsblveg,0.21676449219944938,0.5403193032757919,22416,0.00047963050147680706
LPJ-GUESS,2013,CW,precipitation,tran,0.2384964183746304,0.5519058245639505,22416,0.014502592141091765
LPJ-GUESS,2013,HD,lai,evapotrans,0.4818233475422633,0.8080669903003432,11879,0.0006525500615567186
LPJ-GUESS,2013,HD,lai,evspsblsoi,0.17862358183513163,0.5801906031723356,11879,0.0008314734675403767
LPJ-GUESS,2013,HD,lai,evspsblveg,0.5582994833142152,0.823555801016025,11879,0.04846497557282943
LPJ-GUESS,2013,HD,lai,tran,0.5860361974828681,0.8680866809918076,11879,0.0009184463484502417
LPJ-GUESS,2013,HD,precipitation,evapotrans,0.48318648661158653,0.6802812194680197,11879,0.050608931385918245
LPJ-GUESS,2013,HD,precipitation,evspsblsoi,0.245492888023825,0.4848563780667285,11879,0.0031129147339291423
LPJ-GUESS,2013,HD,precipitation,evspsblveg,0.4629681801056541,0.6508590156803276,11879,8.944384446524829e-05
LPJ-GUESS,2013,HD,precipitation,tran,0.4405463293792664,0.6827625005743716,11879,0.04027217373754751
LPJ-GUESS,2013,HW,lai,evapotrans,0.4023064704361437,0.7033018393708796,13285,0.0008780566152337049
LPJ-GUESS,2013,HW,lai,evspsblsoi,0.1357672125790075,0.23891839469280962,13285,0.00037465810662063007
LPJ-GUESS,2013,HW,lai,evspsblveg,0.46096623397513503,0.7353615660380619,13285,0.005689170048224441
LPJ-GUESS,2013,HW,lai,tran,0.4463917309728579,0.7574804603482206,13285,0.0010808220547377089
LPJ-GUESS,2013,HW,precipitation,evapotrans,0.31496865354559656,0.6005886462580352,13285,0.01847737161365011
LPJ-GUESS,2013,HW,precipitation,evspsblsoi,0.0868595328494687,0.2514405917840433,13285,0.00042802623887992016
LPJ-GUESS,2013,HW,precipitation,evspsblveg,0.37480010247361134,0.6509252360348021,13285,0.0015107500375595106
LPJ-GUESS,2013,HW,precipitation,tran,0.22288131565829145,0.4883415133810401,13285,0.009429738358029047
LPJ-GUESS,2014,CD,lai,evapotrans,0.4878595484193411,0.7327305184827206,10681,0.001108423858597903
LPJ-GUESS,2014,CD,lai,evspsblsoi,0.18663675952293043,0.41305187867286475,10681,0.00035209720610463266
LPJ-GUESS,2014,CD,lai,evspsblveg,0.602909058228221,0.7606931451311738,10681,0.054851459755233214
LPJ-GUESS,2014,CD,lai,tran,0.5964751280494924,0.8772618365633389,10681,0.018997178996283046
LPJ-GUESS,2014,CD,precipitation,evapotrans,0.2526983648709329,0.5034497756128509,10681,0.016102175292676744
LPJ-GUESS,2014,CD,precipitation,evspsblsoi,0.16041509436808543,0.38685612857207663,10681,0.002077029459658136
LPJ-GUESS,2014,CD,precipitation,evspsblveg,0.2523644028029022,0.47983519689850807,10681,5.038055545228559e-05
LPJ-GUESS,2014,CD,precipitation,tran,0.2240793161816603,0.46907235591136054,10681,0.012150992722294486
LPJ-GUESS,2014,CW,lai,evapotrans,0.3534096614029103,0.7898809325631336,22352,0.0010874119219143703
LPJ-GUESS,2014,CW,lai,evspsblsoi,0.1984669129598581,0.3075185549663667,22352,0.0003047825856091358
LPJ-GUESS,2014,CW,lai,evspsblveg,0.5553820386926924,0.8456140202042968,22352,0.0217479051672347
LPJ-GUESS,2014,CW,lai,tran,0.3795824765917378,0.8564840899807024,22352,0.0012908995576321777
LPJ-GUESS,2014,CW,precipitation,evapotrans,0.1836766227999666,0.522794821000278,22352,0.01693894185933225
LPJ-GUESS,2014,CW,precipitation,evspsblsoi,0.10429596491031107,0.36399275280661475,22352,0.0013390691579394912
LPJ-GUESS,2014,CW,precipitation,evspsblveg,0.2187439776070704,0.4527634252976475,22352,0.0005030377585153848
LPJ-GUESS,2014,CW,precipitation,tran,0.1551650210839692,0.4561409891046303,22352,0.011774468429386726
LPJ-GUESS,2014,HD,lai,evapotrans,0.4910855765376728,0.7705926356793507,11878,0.0007026235024495182
LPJ-GUESS,2014,HD,lai,evspsblsoi,0.18564754269136427,0.5081874761534637,11878,0.0009157763748047011
LPJ-GUESS,2014,HD,lai,evspsblveg,0.5570011588070183,0.8137757719758056,11878,0.047495100938554406
LPJ-GUESS,2014,HD,lai,tran,0.5893715030985616,0.8674875261000872,11878,0.0009414909979029365
LPJ-GUESS,2014,HD,precipitation,evapotrans,0.5261414851033828,0.6777325933749574,11878,0.052875741928483606
LPJ-GUESS,2014,HD,precipitation,evspsblsoi,0.27049471515673346,0.4644927728451841,11878,0.0039191114903885695
LPJ-GUESS,2014,HD,precipitation,evspsblveg,0.4937214245446654,0.6636797905530015,11878,7.847671744242921e-05
LPJ-GUESS,2014,HD,precipitation,tran,0.48194316174038127,0.6258005249381063,11878,0.04087881935889015
LPJ-GUESS,2014,HW,lai,evapotrans,0.4263418349763123,0.6932620177982892,13268,0.0008046803862113513
LPJ-GUESS,2014,HW,lai,evspsblsoi,0.09529338824293296,0.18565091025906377,13268,0.00032088238526424264
LPJ-GUESS,2014,HW,lai,evspsblveg,0.47039428769925157,0.7499339453601472,13268,0.005185953901415687
LPJ-GUESS,2014,HW,lai,tran,0.46586554069726893,0.760485080738876,13268,0.0010508720941472206
LPJ-GUESS,2014,HW,precipitation,evapotrans,0.32259660505277665,0.5962726213002869,13268,0.018041270244557126
LPJ-GUESS,2014,HW,precipitation,evspsblsoi,0.12118740343129715,0.2847015750197823,13268,0.0004903487628115622
LPJ-GUESS,2014,HW,precipitation,evspsblveg,0.36314620237505907,0.6473587004354494,13268,0.0016095359597486781
LPJ-GUESS,2014,HW,precipitation,tran,0.23619421109177247,0.44818396881721184,13268,0.00917048755088037
LPJ-GUESS,2015,CD,lai,evapotrans,0.4808755234361377,0.7505226760875908,10698,0.0010014826853449383
LPJ-GUESS,2015,CD,lai,evspsblsoi,0.22280625429156986,0.4949764389535646,10698,0.0005727338257160559
LPJ-GUESS,2015,CD,lai,evspsblveg,0.5969400342102551,0.7583704177390131,10698,0.054067840778557204
LPJ-GUESS,2015,CD,lai,tran,0.582075342504252,0.8737157613528951,10698,0.019254929161377752
LPJ-GUESS,2015,CD,precipitation,evapotrans,0.2750996973855648,0.5055492947410907,10698,0.019719134926245555
LPJ-GUESS,2015,CD,precipitation,evspsblsoi,0.20717817085131157,0.4095682134664004,10698,0.0029386910539116167
LPJ-GUESS,2015,CD,precipitation,evspsblveg,0.2765861496371774,0.49273163120716074,10698,8.235228718376519e-05
LPJ-GUESS,2015,CD,precipitation,tran,0.2599988527619669,0.4768420335358343,10698,0.01151849485049449
LPJ-GUESS,2015,CW,lai,evapotrans,0.3518176712971406,0.8044581109940523,22341,0.0010326308469552953
LPJ-GUESS,2015,CW,lai,evspsblsoi,0.18000557165192865,0.35650961049432395,22341,0.0004232724297484939
LPJ-GUESS,2015,CW,lai,evspsblveg,0.529562364052234,0.8414698470233648,22341,0.020882745863764866
LPJ-GUESS,2015,CW,lai,tran,0.3768166524590344,0.8663950980666059,22341,0.0012859295811599915
LPJ-GUESS,2015,CW,precipitation,evapotrans,0.23738754114992539,0.46902648882180714,22341,0.014984605905757961
LPJ-GUESS,2015,CW,precipitation,evspsblsoi,0.08911795042889585,0.38241228711355535,22341,0.0010128978132441556
LPJ-GUESS,2015,CW,precipitation,evspsblveg,0.2660813617484302,0.47266081391297887,22341,0.0005905944991897123
LPJ-GUESS,2015,CW,precipitation,tran,0.21039134728050252,0.4943333025790739,22341,0.011750511373437042
LPJ-GUESS,2015,HD,lai,evapotrans,0.497314872925245,0.785071770633313,11878,0.0006509828049304022
LPJ-GUESS,2015,HD,lai,evspsblsoi,0.22261174939019246,0.5521318590858917,11878,0.001065823169429267
LPJ-GUESS,2015,HD,lai,evspsblveg,0.5685355831424193,0.8148709409864486,11878,0.04918273858391061
LPJ-GUESS,2015,HD,lai,tran,0.5888231390630785,0.8538475907982559,11878,0.0008944491995084229
LPJ-GUESS,2015,HD,precipitation,evapotrans,0.47892710287473717,0.619432781438588,11878,0.04847061716753959
LPJ-GUESS,2015,HD,precipitation,evspsblsoi,0.24149605316828374,0.42628014127907815,11878,0.002921537901191015
LPJ-GUESS,2015,HD,precipitation,evspsblveg,0.4824150751495422,0.6131072389569157,11878,9.677962083379166e-05
LPJ-GUESS,2015,HD,precipitation,tran,0.4758557540381079,0.6421315386576217,11878,0.035665346732009814
LPJ-GUESS,2015,HW,lai,evapotrans,0.43160480599299433,0.6842311456691235,13287,0.0008312141828096836
LPJ-GUESS,2015,HW,lai,evspsblsoi,0.11564227241736752,0.22049147141739228,13287,0.0002949786815461459
LPJ-GUESS,2015,HW,lai,evspsblveg,0.4832593526057266,0.7621117129202307,13287,0.005329783144547022
LPJ-GUESS,2015,HW,lai,tran,0.4731444688213227,0.7694068150932843,13287,0.0010564758512014239
LPJ-GUESS,2015,HW,precipitation,evapotrans,0.2778775125337657,0.5318572898610482,13287,0.016488944349774666
LPJ-GUESS,2015,HW,precipitation,evspsblsoi,0.17434997607858538,0.2943120118937008,13287,0.0007808975774588773
LPJ-GUESS,2015,HW,precipitation,evspsblveg,0.3074541051993025,0.617180933993936,13287,0.0015586453945826873
LPJ-GUESS,2015,HW,precipitation,tran,0.19356832953851988,0.4468105673989122,13287,0.0060185208949161675
LPJ-GUESS,2016,CD,lai,evapotrans,0.48077642656688496,0.7365762394761459,10690,0.0010904014233706573
LPJ-GUESS,2016,CD,lai,evspsblsoi,0.17619270346117866,0.4840972871842844,10690,0.0005757069186246393
LPJ-GUESS,2016,CD,lai,evspsblveg,0.6104770813844715,0.786155285313377,10690,0.058474585539686756
LPJ-GUESS,2016,CD,lai,tran,0.590598690364827,0.8663236669784846,10690,0.01859103909492246
LPJ-GUESS,2016,CD,precipitation,evapotrans,0.25761326687263547,0.44508886810102904,10690,0.01746964401010306
LPJ-GUESS,2016,CD,precipitation,evspsblsoi,0.1144730803053713,0.364733395696913,10690,0.001789397527939451
LPJ-GUESS,2016,CD,precipitation,evspsblveg,0.269869106554132,0.44621141253507945,10690,5.496938224793748e-05
LPJ-GUESS,2016,CD,precipitation,tran,0.23920348044831702,0.4238540692235735,10690,0.011686524529752716
LPJ-GUESS,2016,CW,lai,evapotrans,0.35420017873100984,0.7710008936550491,22380,0.001090364141298084
LPJ-GUESS,2016,CW,lai,evspsblsoi,0.1636058981233244,0.38400357462019663,22380,0.00030566927612045224
LPJ-GUESS,2016,CW,lai,evspsblveg,0.5366398570151921,0.8436997319034852,22380,0.021408799423762385
LPJ-GUESS,2016,CW,lai,tran,0.3694816800714924,0.8559428060768544,22380,0.001368976297848512
LPJ-GUESS,2016,CW,precipitation,evapotrans,0.3282201701930204,0.5098501999238575,22380,0.023882849666452398
LPJ-GUESS,2016,CW,precipitation,evspsblsoi,0.1859912831249782,0.3836584567851668,22380,0.0012028710221600118
LPJ-GUESS,2016,CW,precipitation,evspsblveg,0.2646718145128941,0.47443751419410796,22380,0.0004486605941349728
LPJ-GUESS,2016,CW,precipitation,tran,0.28511239495504836,0.46805544413139244,22380,0.01536946860275905
LPJ-GUESS,2016,HD,lai,evapotrans,0.4900483394842062,0.7964202520277286,11877,0.0006807009328344875
LPJ-GUESS,2016,HD,lai,evspsblsoi,0.2269826193888662,0.6034556221472109,11877,0.0009943301304423102
LPJ-GUESS,2016,HD,lai,evspsblveg,0.556590513306179,0.8187327089196248,11877,0.050270956416216865
LPJ-GUESS,2016,HD,lai,tran,0.5931052697620421,0.8603199631237015,11877,0.0009701204385868369
LPJ-GUESS,2016,HD,precipitation,evapotrans,0.5187468047304751,0.6629754223212168,11877,0.047084267850563515
LPJ-GUESS,2016,HD,precipitation,evspsblsoi,0.31190569333830837,0.5302728351076527,11877,0.005221321467555055
LPJ-GUESS,2016,HD,precipitation,evspsblveg,0.4640127932483199,0.6315008721550778,11877,5.935819133763586e-05
LPJ-GUESS,2016,HD,precipitation,tran,0.4486508297734274,0.6444490283890393,11877,0.03527184922205057
LPJ-GUESS,2016,HW,lai,evapotrans,0.4390167846839014,0.7225269710733977,13265,0.0008276923922795074
LPJ-GUESS,2016,HW,lai,evspsblsoi,0.13103190016387778,0.24146857850101683,13265,0.0004167390136067305
LPJ-GUESS,2016,HW,lai,evspsblveg,0.47056384392013595,0.7541892402026853,13265,0.005048372842470484
LPJ-GUESS,2016,HW,lai,tran,0.45294266688746665,0.7317192775748885,13265,0.0010424086582755054
LPJ-GUESS,2016,HW,precipitation,evapotrans,0.27962597119582244,0.5907242401785413,13265,0.019378206097112015
LPJ-GUESS,2016,HW,precipitation,evspsblsoi,0.13569545382134146,0.29914118069120826,13265,0.00048063785003384996
LPJ-GUESS,2016,HW,precipitation,evspsblveg,0.3337118463095482,0.6438588383400118,13265,0.001557702770997872
LPJ-GUESS,2016,HW,precipitation,tran,0.208828185293639,0.4344315672834581,13265,0.008327698169372393
LPJ-GUESS,2017,CD,lai,evapotrans,0.489672868455198,0.7173055455487509,10707,0.0010794108656145861
LPJ-GUESS,2017,CD,lai,evspsblsoi,0.24205392719397856,0.5069560553437017,10707,0.0007052851710959268
LPJ-GUESS,2017,CD,lai,evspsblveg,0.6076578705274305,0.7884616441140759,10707,0.05485147247981161
LPJ-GUESS,2017,CD,lai,tran,0.5714304622751558,0.8681249654994154,10707,0.019395029813498933
LPJ-GUESS,2017,CD,precipitation,evapotrans,0.1987428078813593,0.4429325666943718,10707,0.009072789246527263
LPJ-GUESS,2017,CD,precipitation,evspsblsoi,0.17489163233908137,0.43727329355203376,10707,0.0026848862023790615
LPJ-GUESS,2017,CD,precipitation,evspsblveg,0.18667452037320015,0.43629642012777836,10707,7.908432232107986e-05
LPJ-GUESS,2017,CD,precipitation,tran,0.14183841090372823,0.4147154705722767,10707,0.00683795535875631
LPJ-GUESS,2017,CW,lai,evapotrans,0.3553462266363975,0.7790762777949336,22323,0.001174033202636143
LPJ-GUESS,2017,CW,lai,evspsblsoi,0.12253512202911135,0.4131078100001447,22323,0.0006516214488737975
LPJ-GUESS,2017,CW,lai,evspsblveg,0.5383845450398572,0.8395910595605668,22323,0.02230414780406744
LPJ-GUESS,2017,CW,lai,tran,0.38070151259200813,0.8621195199519396,22323,0.0012985517013726021
LPJ-GUESS,2017,CW,precipitation,evapotrans,0.23268066117985856,0.4961656567716191,22323,0.014009411821376445
LPJ-GUESS,2017,CW,precipitation,evspsblsoi,0.09660503900975209,0.38455550785651027,22323,0.0006709606217955449
LPJ-GUESS,2017,CW,precipitation,evspsblveg,0.23748909903014445,0.4849368146802214,22323,0.0003800813778806164
LPJ-GUESS,2017,CW,precipitation,tran,0.204351450958557,0.46495166364112417,22323,0.009507966880554374
LPJ-GUESS,2017,HD,lai,evapotrans,0.5048671254792894,0.8072702436966499,11876,0.0007032324282836836
LPJ-GUESS,2017,HD,lai,evspsblsoi,0.23613761040439502,0.5551954937269858,11876,0.0011389786686497485
LPJ-GUESS,2017,HD,lai,evspsblveg,0.5780509779773585,0.8113902582578905,11876,0.04946462852580794
LPJ-GUESS,2017,HD,lai,tran,0.5768768046245394,0.870327843382744,11876,0.0010040194472140682
LPJ-GUESS,2017,HD,precipitation,evapotrans,0.4520421468063971,0.6335032346320573,11876,0.04840609507338918
LPJ-GUESS,2017,HD,precipitation,evspsblsoi,0.2756120896991549,0.4857249284448143,11876,0.004582073785230361
LPJ-GUESS,2017,HD,precipitation,evspsblveg,0.4349023398027326,0.621218471240164,11876,9.637065612443919e-05
LPJ-GUESS,2017,HD,precipitation,tran,0.41329613205367555,0.6200089910948702,11876,0.035160436408934244
LPJ-GUESS,2017,HW,lai,evapotrans,0.45490416196995076,0.7211009636642836,13259,0.0008133282985455961
LPJ-GUESS,2017,HW,lai,evspsblsoi,0.151285355904416,0.2751696747100936,13259,0.00040297271069761965
LPJ-GUESS,2017,HW,lai,evspsblveg,0.47334682711319226,0.8064738632810042,13259,0.005415603179695956
LPJ-GUESS,2017,HW,lai,tran,0.469345532338261,0.7735164833539744,13259,0.0010172991887272766
LPJ-GUESS,2017,HW,precipitation,evapotrans,0.2829374774282504,0.6124271774418402,13259,0.02229476623312268
LPJ-GUESS,2017,HW,precipitation,evspsblsoi,0.1332797056132907,0.3170864219608025,13259,0.0008358506309198043
LPJ-GUESS,2017,HW,precipitation,evspsblveg,0.33725309362036193,0.6554142284412068,13259,0.0020151384449804363
LPJ-GUESS,2017,HW,precipitation,tran,0.2215384862622542,0.44764061907578184,13259,0.00959166669685885
LPJ-GUESS,2018,CD,lai,evapotrans,0.48348189479431747,0.7470231363964224,10681,0.001026496276746934
LPJ-GUESS,2018,CD,lai,evspsblsoi,0.14742053953483159,0.4767187841338202,10681,0.0005116830674178507
LPJ-GUESS,2018,CD,lai,evspsblveg,0.611525330036054,0.7804498659981829,10681,0.05697736177439219
LPJ-GUESS,2018,CD,lai,tran,0.584867086958641,0.8633134083418718,10681,0.020687570067080368
LPJ-GUESS,2018,CD,precipitation,evapotrans,0.2011671388313653,0.49366216716380823,10681,0.010255552027169811
LPJ-GUESS,2018,CD,precipitation,evspsblsoi,0.1540601500818509,0.33485025564313686,10681,0.0018891800459061613
LPJ-GUESS,2018,CD,precipitation,evspsblveg,0.19977578094197668,0.4702882312640053,10681,3.858340977333919e-05
LPJ-GUESS,2018,CD,precipitation,tran,0.16975167977211375,0.46725734490540016,10681,0.006983283698320716
LPJ-GUESS,2018,CW,lai,evapotrans,0.35093094757020094,0.7650150291714922,22383,0.0010248515966411616
LPJ-GUESS,2018,CW,lai,evspsblsoi,0.1396344794010848,0.3309439745203169,22383,0.0003374898994201199
LPJ-GUESS,2018,CW,lai,evspsblveg,0.5481549035622713,0.8439051146952691,22383,0.022251981474387398
LPJ-GUESS,2018,CW,lai,tran,0.3708786434170226,0.8632934333318627,22383,0.0013433915558869014
LPJ-GUESS,2018,CW,precipitation,evapotrans,0.24103125473334366,0.5730540810128404,22383,0.019526201842220092
LPJ-GUESS,2018,CW,precipitation,evspsblsoi,0.10720406257652348,0.4539500195318669,22383,0.0017027122392895431
LPJ-GUESS,2018,CW,precipitation,evspsblveg,0.2222436453596722,0.5244186648144666,22383,0.0006657030357148092
LPJ-GUESS,2018,CW,precipitation,tran,0.2027222271100965,0.5391403468349547,22383,0.013018433977744145
LPJ-GUESS,2018,HD,lai,evapotrans,0.5003993773997941,0.7887941228011971,11874,0.000711441276367615
LPJ-GUESS,2018,HD,lai,evspsblsoi,0.19609128792506664,0.5078122474534805,11874,0.0008624213745428995
LPJ-GUESS,2018,HD,lai,evspsblveg,0.5692149626682526,0.8122993451442162,11874,0.04903376698429845
LPJ-GUESS,2018,HD,lai,tran,0.5869032167157002,0.868789801331489,11874,0.0009713202036172856
LPJ-GUESS,2018,HD,precipitation,evapotrans,0.48296829759025167,0.6287257789279013,11874,0.049582936956059455
LPJ-GUESS,2018,HD,precipitation,evspsblsoi,0.2262251399875582,0.4667870220720991,11874,0.0035627829004125917
LPJ-GUESS,2018,HD,precipitation,evspsblveg,0.46808534250762124,0.6188855031704956,11874,0.00010415237438071708
LPJ-GUESS,2018,HD,precipitation,tran,0.4673693268223962,0.6052146500973992,11874,0.03833293623538699
LPJ-GUESS,2018,HW,lai,evapotrans,0.43648804006248015,0.7397125742023031,13251,0.0008849326133368088
LPJ-GUESS,2018,HW,lai,evspsblsoi,0.11818460123337077,0.2416947670734711,13251,0.0004095264745556114
LPJ-GUESS,2018,HW,lai,evspsblveg,0.44976786372833377,0.7899303083417935,13251,0.005277228748913318
LPJ-GUESS,2018,HW,lai,tran,0.48025937522693196,0.7782223214776585,13251,0.0011328558581756092
LPJ-GUESS,2018,HW,precipitation,evapotrans,0.30157375479662213,0.6039408631317252,13251,0.021455582720590165
LPJ-GUESS,2018,HW,precipitation,evspsblsoi,0.1656005810701175,0.27015274034141956,13251,0.0005819451194697281
LPJ-GUESS,2018,HW,precipitation,evspsblveg,0.37599805901673344,0.6452990233560159,13251,0.002311829863697203
LPJ-GUESS,2018,HW,precipitation,tran,0.2205438123441363,0.4295297044153307,13251,0.01082061145106032
LPJ-GUESS,2019,CD,lai,evapotrans,0.4775912368812121,0.7068569215419653,10676,0.0010137340748604372
LPJ-GUESS,2019,CD,lai,evspsblsoi,0.1918702104759459,0.4562390289003213,10676,0.0005332649189288013
LPJ-GUESS,2019,CD,lai,evspsblveg,0.6026612164149973,0.7600323031953783,10676,0.05514802376371979
LPJ-GUESS,2019,CD,lai,tran,0.5712161066797458,0.8631534485976456,10676,0.018439157621471247
LPJ-GUESS,2019,CD,precipitation,evapotrans,0.1764293672811571,0.47234407253204014,10676,0.008011796747523876
LPJ-GUESS,2019,CD,precipitation,evspsblsoi,0.22954155081448835,0.38225330925327977,10676,0.003064693871206392
LPJ-GUESS,2019,CD,precipitation,evspsblveg,0.19939926160115518,0.4414230946797956,10676,6.227798003044742e-05
LPJ-GUESS,2019,CD,precipitation,tran,0.1431145921476012,0.42390296131334526,10676,0.005067170668509901
LPJ-GUESS,2019,CW,lai,evapotrans,0.3398087204013954,0.7861180190363362,22343,0.0009712170594163014
LPJ-GUESS,2019,CW,lai,evspsblsoi,0.13885909630137866,0.33965625015957734,22343,0.00036527378389605223
LPJ-GUESS,2019,CW,lai,evspsblveg,0.5543713037367957,0.8447918716140194,22343,0.020741261957448326
LPJ-GUESS,2019,CW,lai,tran,0.36471678174867134,0.8598733534248073,22343,0.001265139296964148
LPJ-GUESS,2019,CW,precipitation,evapotrans,0.1811823907922847,0.527747230713822,22343,0.013293897611983298
LPJ-GUESS,2019,CW,precipitation,evspsblsoi,0.11003075239087845,0.4088400082464557,22343,0.0008259016819982807
LPJ-GUESS,2019,CW,precipitation,evspsblveg,0.21369054993047573,0.48613649245878854,22343,0.0003674724363999579
LPJ-GUESS,2019,CW,precipitation,tran,0.15850843161049608,0.489638352467093,22343,0.007615168520277692
LPJ-GUESS,2019,HD,lai,evapotrans,0.49647914304919427,0.8054713379372298,11874,0.0006995458610208536
LPJ-GUESS,2019,HD,lai,evspsblsoi,0.21896797072531288,0.6147558624819868,11874,0.0012750378205631505
LPJ-GUESS,2019,HD,lai,evspsblveg,0.5554877746810478,0.8323367581831452,11874,0.04861965575043282
LPJ-GUESS,2019,HD,lai,tran,0.5812183855787652,0.8594420710388371,11874,0.000922152525808456
LPJ-GUESS,2019,HD,precipitation,evapotrans,0.4141180599230512,0.618619736929638,11874,0.05476954092959451
LPJ-GUESS,2019,HD,precipitation,evspsblsoi,0.2700676023812847,0.5423963400214031,11874,0.0056214576350112205
LPJ-GUESS,2019,HD,precipitation,evspsblveg,0.4225487188232323,0.628970775635758,11874,0.00010969642464257288
LPJ-GUESS,2019,HD,precipitation,tran,0.3708191927476935,0.6078899998809043,11874,0.03907426329700858
LPJ-GUESS,2019,HW,lai,evapotrans,0.42556636149116234,0.726888457785946,13275,0.0008456823759044383
LPJ-GUESS,2019,HW,lai,evspsblsoi,0.15351314863975676,0.28265905429628113,13275,0.00040254933643700584
LPJ-GUESS,2019,HW,lai,evspsblveg,0.47619690626914435,0.7847239806684365,13275,0.005514023156508238
LPJ-GUESS,2019,HW,lai,tran,0.4745291618451205,0.7851768089306378,13275,0.0011398839791062845
LPJ-GUESS,2019,HW,precipitation,evapotrans,0.26251371983021043,0.5959715724621009,13275,0.017140087077564224
LPJ-GUESS,2019,HW,precipitation,evspsblsoi,0.12604035929206103,0.27817743351143154,13275,0.0005675501550290291
LPJ-GUESS,2019,HW,precipitation,evspsblveg,0.2868182908362746,0.6586483285187174,13275,0.0018577736946407098
LPJ-GUESS,2019,HW,precipitation,tran,0.18513251503965872,0.4655674676105553,13275,0.00856754712139034
LPJ-GUESS,2020,CD,lai,evapotrans,0.4633785674430604,0.7272107856751313,10667,0.0010057563145024072
LPJ-GUESS,2020,CD,lai,evspsblsoi,0.19582684137468412,0.47003690609340126,10667,0.0005144711737756866
LPJ-GUESS,2020,CD,lai,evspsblveg,0.5918913005356949,0.7712671643022402,10667,0.052652011394591
LPJ-GUESS,2020,CD,lai,tran,0.5682574879703706,0.8696944715323007,10667,0.019499932922566306
LPJ-GUESS,2020,CD,precipitation,evapotrans,0.2027169149791461,0.4607131683179887,10667,0.00868939807399754
LPJ-GUESS,2020,CD,precipitation,evspsblsoi,0.1559768330410406,0.37004033408398346,10667,0.0019947065157596335
LPJ-GUESS,2020,CD,precipitation,evspsblveg,0.20936151554805138,0.4470189793448055,10667,3.9230089349368286e-05
LPJ-GUESS,2020,CD,precipitation,tran,0.18574213838414516,0.41673234965390465,10667,0.006596763098929998
LPJ-GUESS,2020,CW,lai,evapotrans,0.3597237581060392,0.7883829178211036,22309,0.001011564634289013
LPJ-GUESS,2020,CW,lai,evspsblsoi,0.14304934183752402,0.39544932038149877,22309,0.00038711531683580276
LPJ-GUESS,2020,CW,lai,evspsblveg,0.5425413268135488,0.8501063834297217,22309,0.021678982526414765
LPJ-GUESS,2020,CW,lai,tran,0.370212014820807,0.8704564725843742,22309,0.0012016878291891372
LPJ-GUESS,2020,CW,precipitation,evapotrans,0.24582901349789807,0.5014687859060526,22309,0.01767580118139715
LPJ-GUESS,2020,CW,precipitation,evspsblsoi,0.10039333047211729,0.38506130199848393,22309,0.0008679769784784641
LPJ-GUESS,2020,CW,precipitation,evspsblveg,0.24766607330690996,0.49491949981936406,22309,0.00047885405507034056
LPJ-GUESS,2020,CW,precipitation,tran,0.20389743470840938,0.49433428396669504,22309,0.011396855371420857
LPJ-GUESS,2020,HD,lai,evapotrans,0.4688711036225779,0.7957034540859309,11870,0.0006549470401476559
LPJ-GUESS,2020,HD,lai,evspsblsoi,0.21743892165122158,0.596882898062342,11870,0.0010338718174368218
LPJ-GUESS,2020,HD,lai,evspsblveg,0.5523588879528223,0.8208087615838248,11870,0.05040893168971088
LPJ-GUESS,2020,HD,lai,tran,0.5919545071609098,0.8623420387531593,11870,0.0009953369785422042
LPJ-GUESS,2020,HD,precipitation,evapotrans,0.5211457455770852,0.677091212850399,11870,0.04917459283138611
LPJ-GUESS,2020,HD,precipitation,evspsblsoi,0.31743892165122156,0.5302946770817639,11870,0.0035360782977397367
LPJ-GUESS,2020,HD,precipitation,evspsblveg,0.4930918281381634,0.6607161550781537,11870,7.487475390673102e-05
LPJ-GUESS,2020,HD,precipitation,tran,0.44780960404380793,0.6750160746457742,11870,0.033584436757803295
LPJ-GUESS,2020,HW,lai,evapotrans,0.42952659904023344,0.7186693051032451,13258,0.0008331214921137103
LPJ-GUESS,2020,HW,lai,evspsblsoi,0.14249805724893244,0.2458661801167547,13258,0.000416342064982711
LPJ-GUESS,2020,HW,lai,evspsblveg,0.4651278024003038,0.774408211826685,13258,0.005132802558776463
LPJ-GUESS,2020,HW,lai,tran,0.4681067943382373,0.7711642044519862,13258,0.0011055068209421869
LPJ-GUESS,2020,HW,precipitation,evapotrans,0.25243853491513313,0.5851871899763073,13258,0.017554295311054537
LPJ-GUESS,2020,HW,precipitation,evspsblsoi,0.16163318978644436,0.3190083928949697,13258,0.0008643711392694808
LPJ-GUESS,2020,HW,precipitation,evspsblveg,0.27470348873852196,0.5962694882192987,13258,0.0015053785436940706
LPJ-GUESS,2020,HW,precipitation,tran,0.18140861250681733,0.4035815934691641,13258,0.006657698309503098
