model,year,climate_zone,output_var,input_var,n_samples,pawn_original,pawn_boot_mean,pawn_boot_std,pawn_ci_lower,pawn_ci_upper,pawn_significant
CLASSIC,1991,HW,evapotrans,precipitation,13251,0.2998676838012248,0.3021518435738253,0.007335374933771419,0.28761044125164503,0.3158868248042405,True
CLASSIC,1991,HW,evapotrans,lai,13251,0.3767861734892205,0.37948736802838184,0.00730520107451275,0.36467698606667426,0.3934544580658195,True
CLASSIC,1991,HW,tran,precipitation,13251,0.2585697947096006,0.26082544771022886,0.008472252020338569,0.24610178655081924,0.27552629291430153,True
CLASSIC,1991,HW,tran,lai,13251,0.42384270037291594,0.42464083521250673,0.005923229034645238,0.41266340641373506,0.434991360475142,True
CLASSIC,1991,HW,evspsblveg,precipitation,13251,0.336548145418638,0.33841010884165895,0.006937968299199516,0.32791090697602376,0.35463177598083256,True
CLASSIC,1991,HW,evspsblveg,lai,13251,0.44007432689309317,0.4423267629334735,0.006654096661670848,0.42855168566843654,0.45451803784544664,True
CLASSIC,1991,HW,evspsblsoi,precipitation,13251,0.1955637866738405,0.20133629970328207,0.009039018914046409,0.18462061287531029,0.21810257177783698,True
CLASSIC,1991,HW,evspsblsoi,lai,13251,0.35935953569897894,0.36242675853109974,0.005676068373623885,0.3518443648289822,0.37352823134094265,True
CLASSIC,1991,HD,evapotrans,precipitation,11829,0.5034718478451842,0.505699678928608,0.005129182221926758,0.49553517730833263,0.5150058343467504,True
CLASSIC,1991,HD,evapotrans,lai,11829,0.4870280619709988,0.4896691697090787,0.0065929990338304805,0.47683099454673333,0.5036700553158358,True
CLASSIC,1991,HD,tran,precipitation,11829,0.44878810462173335,0.45117290514750785,0.0058888258245812074,0.4391889403265516,0.4619714863925062,True
CLASSIC,1991,HD,tran,lai,11829,0.624485134639449,0.627514512481965,0.004405427612402298,0.6178590508078952,0.6356023621450329,True
CLASSIC,1991,HD,evspsblveg,precipitation,11829,0.4912446554310873,0.49123214444406577,0.006270236552889695,0.4791867287184097,0.5016793908340317,True
CLASSIC,1991,HD,evspsblveg,lai,11829,0.6071542015278726,0.6059059400645495,0.005759297818238969,0.5962963168154269,0.6163567811843488,True
CLASSIC,1991,HD,evspsblsoi,precipitation,11829,0.4310436285671686,0.4332288290580875,0.006257068046753032,0.42208573453323106,0.44520900903355354,True
CLASSIC,1991,HD,evspsblsoi,lai,11829,0.3807733719163907,0.38167648252336356,0.010366110137718668,0.3616162215323693,0.40110117795035016,True
CLASSIC,1991,CW,evapotrans,precipitation,22462,0.29940862261014345,0.3003029004987276,0.00700864380445435,0.2880440698920193,0.3132268538970903,True
CLASSIC,1991,CW,evapotrans,lai,22462,0.31290796614414707,0.31397035778341215,0.006150233175883658,0.303627277243511,0.3253830834219221,True
CLASSIC,1991,CW,tran,precipitation,22462,0.31769676676112,0.31592166000922345,0.005693222857551576,0.3030998590177259,0.3262493837681002,True
CLASSIC,1991,CW,tran,lai,22462,0.44450237238504636,0.4457278267591734,0.004044609531160898,0.4385772858813789,0.4539833554498465,True
CLASSIC,1991,CW,evspsblveg,precipitation,22462,0.3465264572545089,0.34956611634469825,0.005847271031812066,0.3389955819437565,0.36044985302627214,True
CLASSIC,1991,CW,evspsblveg,lai,22462,0.5578723318051827,0.5587830608147343,0.00316230022336284,0.5528246235474528,0.5646102003023133,True
CLASSIC,1991,CW,evspsblsoi,precipitation,22462,0.1384724067012917,0.1425410385078311,0.005875230134769676,0.13010136123827978,0.15189934366871014,True
CLASSIC,1991,CW,evspsblsoi,lai,22462,0.19425813991228963,0.19646663496351288,0.005466473142312909,0.18595101441206763,0.20701315267820428,True
CLASSIC,1991,CD,evapotrans,precipitation,13122,0.2728596655153519,0.2748511896888509,0.01119306633397668,0.250683970295488,0.2931976309881893,True
CLASSIC,1991,CD,evapotrans,lai,13122,0.36541116482838354,0.3682435727249425,0.006902026042882497,0.3534091885816682,0.3833621795061434,True
CLASSIC,1991,CD,tran,precipitation,13122,0.26486707913099977,0.26564684883948997,0.012538020661962206,0.24275714952166286,0.2876078282297873,True
CLASSIC,1991,CD,tran,lai,13122,0.4987545352991253,0.49892150260985807,0.010034386165929311,0.48342347879282976,0.5202230027255859,True
CLASSIC,1991,CD,evspsblveg,precipitation,13122,0.28271629352700256,0.2851963517133883,0.009354042896720993,0.269944327677867,0.3042542353885399,True
CLASSIC,1991,CD,evspsblveg,lai,13122,0.5402337026628153,0.5410024955896866,0.004985153867511831,0.5323052269983055,0.5508062280222266,True
CLASSIC,1991,CD,evspsblsoi,precipitation,13122,0.24278081215311464,0.24408462446213336,0.008673456188635733,0.22641566709526506,0.259365084841692,True
CLASSIC,1991,CD,evspsblsoi,lai,13122,0.34046051408730826,0.34514599337951696,0.01102629092538916,0.3256343931896068,0.3656273699107038,True
CLASSIC,1992,HW,evapotrans,precipitation,13257,0.30209908328956864,0.3053043476576349,0.007257846003529212,0.28870935112310664,0.3178226876904597,True
CLASSIC,1992,HW,evapotrans,lai,13257,0.37747659875539963,0.37693047971278154,0.007290148441553276,0.36287360371628813,0.3911935132269226,True
CLASSIC,1992,HW,tran,precipitation,13257,0.25592946979950776,0.2596079128125949,0.008378641353139331,0.24258382087512978,0.27309362926487807,True
CLASSIC,1992,HW,tran,lai,13257,0.43570717846308893,0.4353952367821305,0.005368671939986734,0.42563262479751657,0.44580192226751963,True
CLASSIC,1992,HW,evspsblveg,precipitation,13257,0.34878097864994073,0.3501997081892449,0.00626436251394763,0.336980612707915,0.3612698170499757,True
CLASSIC,1992,HW,evspsblveg,lai,13257,0.4226749165395521,0.4244955441885942,0.006448671449017345,0.4107966380644532,0.43542832767485,True
CLASSIC,1992,HW,evspsblsoi,precipitation,13257,0.20336767617250268,0.21051998063976232,0.007856612151868796,0.19495120623075318,0.2271146751630467,True
CLASSIC,1992,HW,evspsblsoi,lai,13257,0.37176164996839467,0.3745809874202155,0.006240876071727902,0.3632455027872041,0.385408433733497,True
CLASSIC,1992,HD,evapotrans,precipitation,11822,0.44931486537045134,0.4538954186803369,0.006435849532209091,0.44095639663560365,0.46580746992687067,True
CLASSIC,1992,HD,evapotrans,lai,11822,0.4766379525282096,0.47844766374905845,0.008303062387652395,0.4633070858798091,0.49313097791944266,True
CLASSIC,1992,HD,tran,precipitation,11822,0.3978921187851677,0.4006448571261862,0.005544699696114095,0.3910017458400438,0.4120163952860515,True
CLASSIC,1992,HD,tran,lai,11822,0.6263712639917376,0.6267909599924119,0.0041764120399048355,0.6184930025080715,0.6333036349011233,True
CLASSIC,1992,HD,evspsblveg,precipitation,11822,0.4523296604742236,0.45525393463744335,0.004692446878961781,0.44610093187530675,0.46382752423844287,True
CLASSIC,1992,HD,evspsblveg,lai,11822,0.5869477909922164,0.5887707614439263,0.00601280766136072,0.5774081114604112,0.5988886287778061,True
CLASSIC,1992,HD,evspsblsoi,precipitation,11822,0.4308739534911681,0.43421652387457227,0.005654113146557837,0.42377520715779277,0.4439774338374331,True
CLASSIC,1992,HD,evspsblsoi,lai,11822,0.3362015572496683,0.3364604936436863,0.009125178970429948,0.3186957927046112,0.35614616852945946,True
CLASSIC,1992,CW,evapotrans,precipitation,22431,0.24253052845165804,0.24314392847912525,0.00609609638526709,0.23240745231360962,0.25661956640506045,True
CLASSIC,1992,CW,evapotrans,lai,22431,0.26113623945611697,0.2624608033486486,0.004823927263783407,0.2537933101780314,0.2715071620922776,True
CLASSIC,1992,CW,tran,precipitation,22431,0.2470919619475332,0.2489291668336463,0.0055448745867485135,0.23871435075941624,0.25731470456858957,True
CLASSIC,1992,CW,tran,lai,22431,0.3951179235863502,0.39645870675708084,0.004317427671552296,0.3883279246733072,0.4034718850481545,True
CLASSIC,1992,CW,evspsblveg,precipitation,22431,0.29819146410022473,0.2997329084868983,0.0056202933475699044,0.2896679445689549,0.3102069705292807,True
CLASSIC,1992,CW,evspsblveg,lai,22431,0.5209741438613561,0.5228793098031658,0.0034275984499392534,0.5167887702431154,0.529180418901116,True
CLASSIC,1992,CW,evspsblsoi,precipitation,22431,0.13646632815253598,0.13706637578926562,0.00644594222081948,0.12662874341774702,0.14966179098183027,True
CLASSIC,1992,CW,evspsblsoi,lai,22431,0.17677314932124605,0.17939958910128517,0.004373853929210596,0.17082735776031566,0.18702073791196347,True
CLASSIC,1992,CD,evapotrans,precipitation,13396,0.32790283951412486,0.3328344689119145,0.00669731232029311,0.3232911993819437,0.34525248577409573,True
CLASSIC,1992,CD,evapotrans,lai,13396,0.3779268037239898,0.3775491298546207,0.0047892971399530315,0.3676701942926614,0.3857579855445285,True
CLASSIC,1992,CD,tran,precipitation,13396,0.31297760057563473,0.3154334581479901,0.00710390369626221,0.3032412401869876,0.3299528220629414,True
CLASSIC,1992,CD,tran,lai,13396,0.4762307082087324,0.4765418149357236,0.003538760400251382,0.46983254013846004,0.48355041101598606,True
CLASSIC,1992,CD,evspsblveg,precipitation,13396,0.32204223809326976,0.3238543881868213,0.006717184981979754,0.31261838035970185,0.3362568249107913,True
CLASSIC,1992,CD,evspsblveg,lai,13396,0.515460173007759,0.5169565446650429,0.0037643557438234144,0.5091315728295777,0.5245361824340581,True
CLASSIC,1992,CD,evspsblsoi,precipitation,13396,0.3269802243401595,0.3297833297499052,0.00660819650392173,0.3178024237629102,0.3421841409809322,True
CLASSIC,1992,CD,evspsblsoi,lai,13396,0.3426529639054652,0.34475914354094767,0.005579106781516643,0.33446420284170564,0.3549543422032049,True
CLASSIC,1993,HW,evapotrans,precipitation,13246,0.2762638204769542,0.2799483665264813,0.00699220871674166,0.26771679054514363,0.2927507330836336,True
CLASSIC,1993,HW,evapotrans,lai,13246,0.33816385344871935,0.34087080332398606,0.007114169562545915,0.32611744798253334,0.35335347268406314,True
CLASSIC,1993,HW,tran,precipitation,13246,0.26920223691595047,0.27120125839485537,0.007944438943182463,0.257167743181528,0.2854166606041525,True
CLASSIC,1993,HW,tran,lai,13246,0.42673606055994645,0.428611694348778,0.005650558870364074,0.41751388922959776,0.4382831466054448,True
CLASSIC,1993,HW,evspsblveg,precipitation,13246,0.2800985416743823,0.2822221570719629,0.007138488024414911,0.2699884115359278,0.2970501410070527,True
CLASSIC,1993,HW,evspsblveg,lai,13246,0.36746941259641575,0.37135193081454987,0.0052507640851439975,0.3623318612535902,0.3818425169059194,True
CLASSIC,1993,HW,evspsblsoi,precipitation,13246,0.21717100783718263,0.22138097042744673,0.008205939787613876,0.20600230041400708,0.2357063353752492,True
CLASSIC,1993,HW,evspsblsoi,lai,13246,0.39169110034919574,0.3955762221463801,0.0066183736527085455,0.38495997498164364,0.4089658182223991,True
CLASSIC,1993,HD,evapotrans,precipitation,11824,0.5018464552866749,0.5039466508487805,0.004104426214934998,0.49506206091463345,0.5107563125694483,True
CLASSIC,1993,HD,evapotrans,lai,11824,0.46705988451032515,0.4675093148194548,0.010258220232053876,0.4493920227198103,0.48880292268541486,True
CLASSIC,1993,HD,tran,precipitation,11824,0.43225893190367926,0.43546614769882247,0.006487142033720886,0.4235131704107853,0.4486926119432966,True
CLASSIC,1993,HD,tran,lai,11824,0.614674847566909,0.616047734672841,0.004479392874937481,0.6065337550033558,0.6252335343413074,True
CLASSIC,1993,HD,evspsblveg,precipitation,11824,0.46945156142315153,0.4733844226079084,0.005296073630490147,0.4634381924968026,0.4844038981011792,True
CLASSIC,1993,HD,evspsblveg,lai,11824,0.5848188833861097,0.5857721210290343,0.006008206221756199,0.573758805304808,0.5977761468829923,True
CLASSIC,1993,HD,evspsblsoi,precipitation,11824,0.4296927137408466,0.43140475170640763,0.00705126910535892,0.42037773713533416,0.4447854103287199,True
CLASSIC,1993,HD,evspsblsoi,lai,11824,0.36423118101841945,0.3638076493866897,0.008257280689938487,0.3478099259697313,0.3794924656443276,True
CLASSIC,1993,CW,evapotrans,precipitation,22453,0.33427049847924156,0.33566829869915826,0.0056773202631764195,0.32497185302260506,0.3463046724757015,True
CLASSIC,1993,CW,evapotrans,lai,22453,0.28533623861851687,0.2872944646508821,0.005024100816570016,0.2771113418095148,0.2953525709704387,True
CLASSIC,1993,CW,tran,precipitation,22453,0.2691074009054951,0.27045570815023745,0.006491259860472636,0.25649701055356666,0.2839385940210117,True
CLASSIC,1993,CW,tran,lai,22453,0.4314696266797151,0.4336161574419146,0.0036063733305965696,0.4274902952347109,0.4412320602284289,True
CLASSIC,1993,CW,evspsblveg,precipitation,22453,0.31156528151345286,0.31177033968613926,0.0061736342288219856,0.29940075911469305,0.3228350434380804,True
CLASSIC,1993,CW,evspsblveg,lai,22453,0.535088420781366,0.5360136836318642,0.003206746133117664,0.5304547155972474,0.5414228775155147,True
CLASSIC,1993,CW,evspsblsoi,precipitation,22453,0.11282826509207455,0.11488016622890196,0.005984385859958135,0.10398612618366883,0.12503530743828908,True
CLASSIC,1993,CW,evspsblsoi,lai,22453,0.18265167020007247,0.18437511578105392,0.004925299203618624,0.17485049784216206,0.1942066858472236,True
CLASSIC,1993,CD,evapotrans,precipitation,13313,0.32994571415857576,0.33245403804627877,0.007251473672868987,0.3209448509663058,0.3480964516190856,True
CLASSIC,1993,CD,evapotrans,lai,13313,0.38329083896518445,0.38484865946933206,0.006701115733507934,0.3737748220132833,0.3994069667460278,True
CLASSIC,1993,CD,tran,precipitation,13313,0.3004987689181323,0.3031020528710966,0.00740390385425401,0.2888463892576882,0.31730987618431344,True
CLASSIC,1993,CD,tran,lai,13313,0.48886882510855345,0.4919006985062193,0.012476315523917954,0.48041651463432694,0.5425011987965146,True
CLASSIC,1993,CD,evspsblveg,precipitation,13313,0.3183674733621417,0.3211747569474962,0.005305550331793911,0.3111149339167862,0.33185193588347917,True
CLASSIC,1993,CD,evspsblveg,lai,13313,0.5117875665724565,0.5141515917517409,0.008667284609742004,0.5050642678776318,0.547074094442686,True
CLASSIC,1993,CD,evspsblsoi,precipitation,13313,0.3173220604652636,0.32125789153625744,0.006939733036450602,0.30941359430376,0.3339925833654694,True
CLASSIC,1993,CD,evspsblsoi,lai,13313,0.3520726169768025,0.3548858136653108,0.008472900139008943,0.3421310928241456,0.3740032238412037,True
CLASSIC,1994,HW,evapotrans,precipitation,13255,0.3045301406721227,0.30640651689321713,0.0064801701834066375,0.2945976025870792,0.31713369568742333,True
CLASSIC,1994,HW,evapotrans,lai,13255,0.3574458370528666,0.35914920783148674,0.006745764128067319,0.3456595468670502,0.37031278403846607,True
CLASSIC,1994,HW,tran,precipitation,13255,0.24771986721058392,0.25160243449047703,0.007694005296508448,0.2384419260515964,0.26593154627511373,True
CLASSIC,1994,HW,tran,lai,13255,0.41526797831480045,0.4169307313205677,0.0065930963330505885,0.40374225243726514,0.4298137816113513,True
CLASSIC,1994,HW,evspsblveg,precipitation,13255,0.38781633396023985,0.39011037837887663,0.006438235290315897,0.37690769431164284,0.40130506410756867,True
CLASSIC,1994,HW,evspsblveg,lai,13255,0.4573589009639779,0.45835539676596765,0.004128274790566209,0.4500082603842132,0.4662832822880096,True
CLASSIC,1994,HW,evspsblsoi,precipitation,13255,0.1879182042414224,0.19203831866760598,0.006819609419885282,0.18168924131762795,0.20724778490186627,True
CLASSIC,1994,HW,evspsblsoi,lai,13255,0.3419546776181405,0.34533638091158636,0.007281683146651914,0.3329543701346482,0.35846675482510015,True
CLASSIC,1994,HD,evapotrans,precipitation,11822,0.46432292186095625,0.4673368750646172,0.006150656741015354,0.45476017113005396,0.4794056477671255,True
CLASSIC,1994,HD,evapotrans,lai,11822,0.46547003908225826,0.470129243433747,0.0080501865688553,0.45664647123967395,0.48926352438641585,True
CLASSIC,1994,HD,tran,precipitation,11822,0.47796162506885886,0.479421903617409,0.0060105443534669975,0.467917856758692,0.49092347727590646,True
CLASSIC,1994,HD,tran,lai,11822,0.6205339724812582,0.6221889900051597,0.004233510882627278,0.6131659711798311,0.6291607762241035,True
CLASSIC,1994,HD,evspsblveg,precipitation,11822,0.4959488492858267,0.4970694592593931,0.0050076742347831054,0.48826851487169715,0.5065837436146955,True
CLASSIC,1994,HD,evspsblveg,lai,11822,0.5997254537913054,0.6002307341973644,0.005154343020304683,0.5898439170708389,0.6085812801274718,True
CLASSIC,1994,HD,evspsblsoi,precipitation,11822,0.397946755260164,0.401316665700247,0.007406900260792227,0.38845779195171376,0.4154840907191317,True
CLASSIC,1994,HD,evspsblsoi,lai,11822,0.343128124949501,0.3459974640123989,0.011367321842302212,0.3254124686655952,0.3693856349722328,True
CLASSIC,1994,CW,evapotrans,precipitation,22366,0.290269669809422,0.29078279860665773,0.007918581052487154,0.2761640790323409,0.30682177092302787,True
CLASSIC,1994,CW,evapotrans,lai,22366,0.28913805517405355,0.2901044421587672,0.003992806793107204,0.2823908142934275,0.29828933154675075,True
CLASSIC,1994,CW,tran,precipitation,22366,0.28556336168823204,0.28491104653234006,0.0071755488501372275,0.2721004624302453,0.29827374537157797,True
CLASSIC,1994,CW,tran,lai,22366,0.4153639396698754,0.41674492613659736,0.003916699380080906,0.40837357072944125,0.4238368666177449,True
CLASSIC,1994,CW,evspsblveg,precipitation,22366,0.30928972471666655,0.31042220179742147,0.006301562367803186,0.29870642883416676,0.321708373301528,True
CLASSIC,1994,CW,evspsblveg,lai,22366,0.5481969169062462,0.5492014146266936,0.0029595986187013514,0.5437580221149647,0.5551214660405815,True
CLASSIC,1994,CW,evspsblsoi,precipitation,22366,0.1364776942176545,0.13933898908306225,0.0070207548742681584,0.12713315693731872,0.1534889856418339,True
CLASSIC,1994,CW,evspsblsoi,lai,22366,0.15695234132880426,0.16012259256631303,0.00433250261774221,0.15244664059187482,0.16925494539347904,True
CLASSIC,1994,CD,evapotrans,precipitation,13314,0.27077240841931105,0.272689810774976,0.009548377776089169,0.25674522746234324,0.2891820723280026,True
CLASSIC,1994,CD,evapotrans,lai,13314,0.4228274875353635,0.4258248570955261,0.00843670318737025,0.4096684425949618,0.44136621777384877,True
CLASSIC,1994,CD,tran,precipitation,13314,0.23144039890261148,0.2360556008546796,0.008137066370045593,0.2251793007160548,0.2509535029227108,True
CLASSIC,1994,CD,tran,lai,13314,0.5664442968976692,0.5660061093069768,0.007947811510891448,0.5484697296429184,0.5791015036418419,True
CLASSIC,1994,CD,evspsblveg,precipitation,13314,0.2791145749824661,0.2804580315434354,0.007261547111843521,0.2673887758342295,0.29253392689068086,True
CLASSIC,1994,CD,evspsblveg,lai,13314,0.5397959836654207,0.5412987444154633,0.006339092936498336,0.5302895510473659,0.5538316420003595,True
CLASSIC,1994,CD,evspsblsoi,precipitation,13314,0.2551971187621738,0.257839361855541,0.009838809318930171,0.24382665767295264,0.2736937289868126,True
CLASSIC,1994,CD,evspsblsoi,lai,13314,0.4036618498776645,0.40331853222925285,0.008156789584438181,0.38678893420628957,0.41750463064758264,True
CLASSIC,1995,HW,evapotrans,precipitation,13260,0.31816514414183666,0.32039866126497096,0.006557008812553538,0.3088494021837,0.33402210367511154,True
CLASSIC,1995,HW,evapotrans,lai,13260,0.3819381598793364,0.38067262846957844,0.006724410169373136,0.36756221719457016,0.3926753392684229,True
CLASSIC,1995,HW,tran,precipitation,13260,0.26017957255471125,0.2622287003778925,0.00825223470755715,0.2479874532706828,0.28104003614611683,True
CLASSIC,1995,HW,tran,lai,13260,0.4233408748114631,0.42512761495028323,0.006546116067222791,0.41215725760550953,0.4380245007995165,True
CLASSIC,1995,HW,evspsblveg,precipitation,13260,0.3866709354278721,0.38844951626907964,0.007345550990159809,0.3739704110472572,0.40544484501672434,True
CLASSIC,1995,HW,evspsblveg,lai,13260,0.44634238310708896,0.44663518887042,0.004315325784373863,0.43758582413297875,0.4551374368595629,True
CLASSIC,1995,HW,evspsblsoi,precipitation,13260,0.16124861265260823,0.16780232565860717,0.006705484426433369,0.1552132172100539,0.17948073638135967,True
CLASSIC,1995,HW,evspsblsoi,lai,13260,0.3768099547511312,0.3784144729954544,0.005953814541185782,0.3667336079569709,0.38835524124902343,True
CLASSIC,1995,HD,evapotrans,precipitation,11831,0.4607579279743865,0.4636017496156752,0.005189422321504669,0.45420072746320456,0.4728939172147341,True
CLASSIC,1995,HD,evapotrans,lai,11831,0.47340921985759865,0.475528251402392,0.007993032493298493,0.46152405579331,0.49321091004475326,True
CLASSIC,1995,HD,tran,precipitation,11831,0.431022937648296,0.4310474396448874,0.005434236798192284,0.4205447164379805,0.43935435706769554,True
CLASSIC,1995,HD,tran,lai,11831,0.613048174298605,0.6149596613981857,0.004508169403680814,0.6060754952478457,0.6240298310035561,True
CLASSIC,1995,HD,evspsblveg,precipitation,11831,0.45334431035134093,0.456090651278026,0.004736214210814196,0.44723266889879704,0.4645436742560501,True
CLASSIC,1995,HD,evspsblveg,lai,11831,0.5811825216973361,0.5817765262288749,0.005245887131654183,0.5711014745047424,0.5904882533836456,True
CLASSIC,1995,HD,evspsblsoi,precipitation,11831,0.42953744954031037,0.4317278013970131,0.007064818269269164,0.4159120751469573,0.4426417872570586,True
CLASSIC,1995,HD,evspsblsoi,lai,11831,0.36420051538742326,0.36713268975791125,0.011196179400669817,0.343810718783341,0.3855430807690119,True
CLASSIC,1995,CW,evapotrans,precipitation,22400,0.23272937982087077,0.23350150303199957,0.00527197104483994,0.22499116737367975,0.24311030311294096,True
CLASSIC,1995,CW,evapotrans,lai,22400,0.2964285714285714,0.2991376038355147,0.006756574542213099,0.28561542054130673,0.3128464208551299,True
CLASSIC,1995,CW,tran,precipitation,22400,0.23670497466054696,0.23710290606357348,0.005835347774235536,0.22767820366146058,0.24919191031773905,True
CLASSIC,1995,CW,tran,lai,22400,0.38921875,0.3908431722545405,0.0037193795878484393,0.3840459459035746,0.39765583676944427,True
CLASSIC,1995,CW,evspsblveg,precipitation,22400,0.2938116653120418,0.29499055717737444,0.005404318783722763,0.28572169904995864,0.30570744370027814,True
CLASSIC,1995,CW,evspsblveg,lai,22400,0.55140625,0.5531695391232581,0.003310807109517846,0.5461818883497659,0.5591403525599247,True
CLASSIC,1995,CW,evspsblsoi,precipitation,22400,0.1382670708538221,0.14105122952023522,0.005765623150003681,0.13166953843246973,0.15157623870512127,True
CLASSIC,1995,CW,evspsblsoi,lai,22400,0.17569196428571426,0.1770788274767718,0.0044404113776879365,0.1694849467162677,0.18718400588605202,True
CLASSIC,1995,CD,evapotrans,precipitation,13440,0.24987647032543664,0.25394545710402494,0.007543121664076935,0.2404592695261304,0.268818905003503,True
CLASSIC,1995,CD,evapotrans,lai,13440,0.40431547619047614,0.40219914214252384,0.011892899113099523,0.3712787265733514,0.41890997023809523,True
CLASSIC,1995,CD,tran,precipitation,13440,0.24785295447292835,0.2508402798441932,0.00866993178673946,0.23600062638339306,0.2673172708512316,True
CLASSIC,1995,CD,tran,lai,13440,0.5431547619047619,0.5413537531103575,0.012812924064069173,0.5024761365396531,0.5559692508332447,True
CLASSIC,1995,CD,evspsblveg,precipitation,13440,0.27699087681752854,0.2820303069325909,0.007532908892725861,0.26866333389031893,0.29704147373982126,True
CLASSIC,1995,CD,evspsblveg,lai,13440,0.5780505952380953,0.5742353978764052,0.014707978111606181,0.5283286830357142,0.5866345100144488,True
CLASSIC,1995,CD,evspsblsoi,precipitation,13440,0.21880573442202159,0.22213629832355639,0.008291198545250008,0.20786735479225296,0.23915412335934352,True
CLASSIC,1995,CD,evspsblsoi,lai,13440,0.3691220238095238,0.36757141972372076,0.013198809576838269,0.33433779600590396,0.38756506171105054,True
CLASSIC,1996,HW,evapotrans,precipitation,13255,0.30732063511356505,0.3102014357564672,0.007355153591820979,0.29806549814765665,0.3243575381127078,True
CLASSIC,1996,HW,evapotrans,lai,13255,0.3534725221081091,0.3535789992298127,0.007001227088118414,0.34103797714436657,0.3677881669044335,True
CLASSIC,1996,HW,tran,precipitation,13255,0.25876732255505924,0.25960522170684347,0.008072214857838303,0.2449870041673278,0.27358762841033396,True
CLASSIC,1996,HW,tran,lai,13255,0.4315695491555877,0.4312324514973569,0.005329413452586308,0.42195071613556917,0.44157324053164726,True
CLASSIC,1996,HW,evspsblveg,precipitation,13255,0.33050347243595046,0.3347382508309363,0.0076668186594709585,0.3195370585247184,0.3508761783575214,True
CLASSIC,1996,HW,evspsblveg,lai,13255,0.42354579762439176,0.42487365954200784,0.0058101628433887866,0.4141146181250388,0.4342409667283393,True
CLASSIC,1996,HW,evspsblsoi,precipitation,13255,0.18722449139827713,0.1939817848316089,0.007253139114757411,0.17961902818170206,0.2091725104336416,True
CLASSIC,1996,HW,evspsblsoi,lai,13255,0.3605965453424938,0.3640332375339015,0.007467168991465086,0.3498379319726188,0.37843834968246887,True
CLASSIC,1996,HD,evapotrans,precipitation,11826,0.4893361104284884,0.49189436948779075,0.006454102764714591,0.47788744721484494,0.5048042613424243,True
CLASSIC,1996,HD,evapotrans,lai,11826,0.4543727812080464,0.45832110373300894,0.009749812940832537,0.4411392137243912,0.47559164250696084,True
CLASSIC,1996,HD,tran,precipitation,11826,0.42572557079055146,0.42835577072982284,0.007710738859034931,0.4128113190950043,0.4427921691095367,True
CLASSIC,1996,HD,tran,lai,11826,0.6213508096191622,0.6217811899440588,0.004575177780635375,0.6115015016270724,0.6308162923475447,True
CLASSIC,1996,HD,evspsblveg,precipitation,11826,0.47559477169593084,0.4783950077968215,0.006354138948797411,0.4674757057833912,0.4915928043544559,True
CLASSIC,1996,HD,evspsblveg,lai,11826,0.5855044667830056,0.5880998601649162,0.006397420491668475,0.5772540842398648,0.6018855256331415,True
CLASSIC,1996,HD,evspsblsoi,precipitation,11826,0.3806735939102942,0.38305522518574797,0.005813894414944934,0.3731363008113964,0.3945554686110701,True
CLASSIC,1996,HD,evspsblsoi,lai,11826,0.32151388140148235,0.32427929058736493,0.00760065954424502,0.310478268008124,0.3389186169305593,True
CLASSIC,1996,CW,evapotrans,precipitation,22457,0.2543123033904714,0.25521982823008665,0.006610739760388573,0.24287894902248267,0.2687332626117409,True
CLASSIC,1996,CW,evapotrans,lai,22457,0.2663286441896451,0.2688262847094276,0.005339648136495257,0.2592833401406739,0.2809778001310686,True
CLASSIC,1996,CW,tran,precipitation,22457,0.2223490039819973,0.22566968563346868,0.006562891623967691,0.21286576838085217,0.2374957266930818,True
CLASSIC,1996,CW,tran,lai,22457,0.406768142522986,0.40790325937287414,0.004276608501004451,0.3996581830863534,0.4156967194892351,True
CLASSIC,1996,CW,evspsblveg,precipitation,22457,0.28242049812896164,0.2845980039258091,0.006017504209646151,0.27292637801707925,0.2957987319074753,True
CLASSIC,1996,CW,evspsblveg,lai,22457,0.5215034647298799,0.5238613745758891,0.0033097277543374637,0.5179977858923148,0.5296915420775674,True
CLASSIC,1996,CW,evspsblsoi,precipitation,22457,0.12330442129014706,0.12853630109402067,0.0048077624552903195,0.11944325161028463,0.1381086506453786,True
CLASSIC,1996,CW,evspsblsoi,lai,22457,0.1803481557146105,0.18169804854413396,0.0054627067895193565,0.17142540389648608,0.19171947839461503,True
CLASSIC,1996,CD,evapotrans,precipitation,13045,0.32972153759192624,0.3324352744723822,0.00919140453425184,0.31283463285391133,0.348337171359944,True
CLASSIC,1996,CD,evapotrans,lai,13045,0.37607397910856766,0.3761012029082565,0.010090032055824394,0.3588827509899366,0.39738138871457873,True
CLASSIC,1996,CD,tran,precipitation,13045,0.30132730558668097,0.3036091504205952,0.010753090263477755,0.2838798528898792,0.32451701077041045,True
CLASSIC,1996,CD,tran,lai,13045,0.5181066423476648,0.5183435384619959,0.009600863751605607,0.49884595697307,0.5327196416285509,True
CLASSIC,1996,CD,evspsblveg,precipitation,13045,0.355946402986012,0.35762350461727993,0.009031484202339745,0.34082235622869456,0.37430290422371215,True
CLASSIC,1996,CD,evspsblveg,lai,13045,0.5621425393091113,0.5615189035600232,0.005827642473157875,0.5478235868653507,0.5704969847993991,True
CLASSIC,1996,CD,evspsblsoi,precipitation,13045,0.29954568853133545,0.30233526132781535,0.01055633436829434,0.28346544887317976,0.32228863688763776,True
CLASSIC,1996,CD,evspsblsoi,lai,13045,0.3504911527882411,0.3511065833795726,0.011921085975635556,0.3276830458563012,0.3734743795433297,True
CLASSIC,1997,HW,evapotrans,precipitation,13273,0.2812652490182182,0.2833847714748846,0.007665494631460905,0.267929158130587,0.29786414752226065,True
CLASSIC,1997,HW,evapotrans,lai,13273,0.3479059057230198,0.34866146701245104,0.0071459644982762634,0.3335374227353101,0.36095180115847514,True
CLASSIC,1997,HW,tran,precipitation,13273,0.25541692004414696,0.2534248089528643,0.007245053631988811,0.23903690554159096,0.2666027947593879,True
CLASSIC,1997,HW,tran,lai,13273,0.412205177561851,0.4140385950711579,0.005658561095227568,0.4048169898347932,0.42327168065213117,True
CLASSIC,1997,HW,evspsblveg,precipitation,13273,0.3555303369424534,0.35674731031093243,0.007536960304583642,0.3409564986208204,0.37227602915967617,True
CLASSIC,1997,HW,evspsblveg,lai,13273,0.4238823493312829,0.42607471056663065,0.0060591965874963235,0.4135020343651841,0.43725283988075136,True
CLASSIC,1997,HW,evspsblsoi,precipitation,13273,0.20546342537953763,0.2116369648263924,0.006336458458503028,0.1987605419547683,0.2226648958818145,True
CLASSIC,1997,HW,evspsblsoi,lai,13273,0.37346146550518644,0.37628285989026844,0.006895354398751808,0.36378445105801216,0.3908579139240309,True
CLASSIC,1997,HD,evapotrans,precipitation,11823,0.5055813226721919,0.5087388154278275,0.005448765530086274,0.4974840783525717,0.5188460797429361,True
CLASSIC,1997,HD,evapotrans,lai,11823,0.4853123332264265,0.4853328223728825,0.0073010173143015005,0.47026899691336865,0.4990932232085395,True
CLASSIC,1997,HD,tran,precipitation,11823,0.47697407532233516,0.48015688167963916,0.005322488934915777,0.47034389720775793,0.4896555809856478,True
CLASSIC,1997,HD,tran,lai,11823,0.6055069465822231,0.6075331636018863,0.004402606569645135,0.5995100746287683,0.6152002023501469,True
CLASSIC,1997,HD,evspsblveg,precipitation,11823,0.5157768672232452,0.5169222965239957,0.005216627891758683,0.5082510824263762,0.5265349287892505,True
CLASSIC,1997,HD,evspsblveg,lai,11823,0.6077876255135499,0.6101510999412727,0.005987722756948772,0.59674116993907,0.6194077347863942,True
CLASSIC,1997,HD,evspsblsoi,precipitation,11823,0.4146827600633876,0.41756091624797037,0.006011452278061731,0.4049060801656785,0.4278046137487327,True
CLASSIC,1997,HD,evspsblsoi,lai,11823,0.3391520270864971,0.34132274493124476,0.0059084959943516415,0.32909578011367874,0.3513845507187015,True
CLASSIC,1997,CW,evapotrans,precipitation,22370,0.2739671849168117,0.2751271789858569,0.005560270113121573,0.2643421617937584,0.2862783157653592,True
CLASSIC,1997,CW,evapotrans,lai,22370,0.26774698256593654,0.2681079508613241,0.005080879173820411,0.2574119157110817,0.27734183943495816,True
CLASSIC,1997,CW,tran,precipitation,22370,0.29110127588866175,0.2917796488498374,0.006002526278812983,0.2818621723542376,0.3042858713265438,True
CLASSIC,1997,CW,tran,lai,22370,0.4118238712561466,0.41289845445052187,0.0037634368051748593,0.40553810907465354,0.41889273467023547,True
CLASSIC,1997,CW,evspsblveg,precipitation,22370,0.3146305181554302,0.31511286646646786,0.004632596253231926,0.3059092730509804,0.322907415205238,True
CLASSIC,1997,CW,evspsblveg,lai,22370,0.5398524810013411,0.5410733668786188,0.002816527080759389,0.5355929757794314,0.5461031052601275,True
CLASSIC,1997,CW,evspsblsoi,precipitation,22370,0.13101867005271273,0.13015959616876274,0.00508864762136817,0.11917106269785992,0.14067165863302497,True
CLASSIC,1997,CW,evspsblsoi,lai,22370,0.1736700938757264,0.17619709626721605,0.00539740740334582,0.16769486228873107,0.1876413843690798,True
CLASSIC,1997,CD,evapotrans,precipitation,13399,0.24350277125274533,0.2466694268644237,0.006291350327338972,0.23554505259883257,0.25801532002056055,True
CLASSIC,1997,CD,evapotrans,lai,13399,0.3842171336020844,0.38671063688568647,0.009050391695922859,0.3658934316150465,0.4059424804909785,True
CLASSIC,1997,CD,tran,precipitation,13399,0.26817659260380483,0.27313682935437905,0.00612975970273552,0.26161206536177967,0.2855016045890186,True
CLASSIC,1997,CD,tran,lai,13399,0.5149754437009668,0.5150178405486858,0.010440960613676298,0.49383393038380313,0.5320773678501954,True
CLASSIC,1997,CD,evspsblveg,precipitation,13399,0.28328908025207483,0.2878204351014216,0.005748724188781617,0.2775949500978126,0.29861649437852805,True
CLASSIC,1997,CD,evspsblveg,lai,13399,0.5407889093973375,0.541602891847938,0.006100620844277186,0.5310144374876884,0.5532264214993547,True
CLASSIC,1997,CD,evspsblsoi,precipitation,13399,0.23182156075621327,0.23509812798833746,0.006350863667785192,0.22430241704273357,0.24824565930410275,True
CLASSIC,1997,CD,evspsblsoi,lai,13399,0.3617538845068634,0.36404991890302363,0.010543482627823871,0.3413019614982782,0.38520315428459145,True
CLASSIC,1998,HW,evapotrans,precipitation,13255,0.30568979064219487,0.30901210272276275,0.0070188847172783985,0.2956074510868189,0.32333140638171826,True
CLASSIC,1998,HW,evapotrans,lai,13255,0.3653911299017474,0.36753719539499163,0.00684073340603535,0.35567281008092255,0.3804375946385737,True
CLASSIC,1998,HW,tran,precipitation,13255,0.2707336597988294,0.2718758923338863,0.008092877976757307,0.2574575241762276,0.28788976201021355,True
CLASSIC,1998,HW,tran,lai,13255,0.4120331715111605,0.41283502817787576,0.006958838828892539,0.40007720241464434,0.4250700281698283,True
CLASSIC,1998,HW,evspsblveg,precipitation,13255,0.3480601247259778,0.3502530286120213,0.006681234218798132,0.33774398708363496,0.3637324921167459,True
CLASSIC,1998,HW,evspsblveg,lai,13255,0.4505301508352521,0.4504181319159408,0.0041619760244573445,0.4428498580031933,0.4587426712534408,True
CLASSIC,1998,HW,evspsblsoi,precipitation,13255,0.20401779615576185,0.20888743334201074,0.00655606876429783,0.1981834648383451,0.22291501923192036,True
CLASSIC,1998,HW,evspsblsoi,lai,13255,0.32957813700354266,0.33291778222548774,0.005226171693232275,0.32187096308894075,0.3422674384904604,True
CLASSIC,1998,HD,evapotrans,precipitation,11823,0.4844598693675882,0.487246261942415,0.006344275028801227,0.4758259707725138,0.5005867666211363,True
CLASSIC,1998,HD,evapotrans,lai,11823,0.5018060383894251,0.5027681420920205,0.006173184988224033,0.48989372001832443,0.5141523512235366,True
CLASSIC,1998,HD,tran,precipitation,11823,0.4383553351013747,0.441335790815013,0.006562173916707064,0.43042418709089614,0.45507108384960293,True
CLASSIC,1998,HD,tran,lai,11823,0.617348702155439,0.6184039739275664,0.004477105515460309,0.6089311850643009,0.6261787911930113,True
CLASSIC,1998,HD,evspsblveg,precipitation,11823,0.46035377572150304,0.46268904336285116,0.005801649737616619,0.4528457654359097,0.47474948998785,True
CLASSIC,1998,HD,evspsblveg,lai,11823,0.5958621477280582,0.5978918400841243,0.004882834833472608,0.5893857156159207,0.6084978318277097,True
CLASSIC,1998,HD,evspsblsoi,precipitation,11823,0.4286487061676524,0.4315800586608029,0.006676026675306105,0.4207238060863808,0.44491256950132907,True
CLASSIC,1998,HD,evspsblsoi,lai,11823,0.3133572261868477,0.3171545538514894,0.008029407132943115,0.30416182584177276,0.3340021466890949,True
CLASSIC,1998,CW,evapotrans,precipitation,22463,0.3181161802649527,0.3183559705424495,0.005564891718780579,0.3080427879081831,0.3298042350714425,True
CLASSIC,1998,CW,evapotrans,lai,22463,0.27574615726052565,0.27616289467539895,0.005185542626794475,0.26696803468764035,0.28447544361575405,True
CLASSIC,1998,CW,tran,precipitation,22463,0.32553695902433244,0.32521995045081015,0.005469250552153359,0.3137244542481781,0.33669833805834415,True
CLASSIC,1998,CW,tran,lai,22463,0.39297133083080443,0.39485753074385194,0.004004701776842394,0.3878261212789259,0.40152469654751666,True
CLASSIC,1998,CW,evspsblveg,precipitation,22463,0.34778829007489,0.3500834129233708,0.0063833407124603905,0.3381997203056905,0.3642243438235183,True
CLASSIC,1998,CW,evspsblveg,lai,22463,0.5409730868797047,0.5426598405335203,0.0033657702469865164,0.5364656951915934,0.5494252318367908,True
CLASSIC,1998,CW,evspsblsoi,precipitation,22463,0.12556795520184044,0.12712877988050642,0.005723483101480057,0.11720574917788945,0.13890616632462535,True
CLASSIC,1998,CW,evspsblsoi,lai,22463,0.16138102768651197,0.16294042389233163,0.005923332801044014,0.15189262378088214,0.1744082803897923,True
CLASSIC,1998,CD,evapotrans,precipitation,13384,0.2706129473057183,0.27565837886732336,0.0060309242635010205,0.26439875553777625,0.28687696863230955,True
CLASSIC,1998,CD,evapotrans,lai,13384,0.3813791225629603,0.3816984589088125,0.010108673185898896,0.3626683879284201,0.39861126568907845,True
CLASSIC,1998,CD,tran,precipitation,13384,0.27412188989876324,0.27447798757064235,0.006549178816230132,0.2625712931327917,0.2864505838178603,True
CLASSIC,1998,CD,tran,lai,13384,0.5107858076528922,0.5102347865888581,0.008450766528432655,0.49665950257591496,0.5285776207631669,True
CLASSIC,1998,CD,evspsblveg,precipitation,13384,0.28034015644855503,0.28377939148794035,0.005314912913572889,0.27501190111583756,0.2928945661529165,True
CLASSIC,1998,CD,evspsblveg,lai,13384,0.5120901560616742,0.514774677609553,0.006070854466120922,0.501966200067125,0.5277156556043173,True
CLASSIC,1998,CD,evspsblsoi,precipitation,13384,0.2547821799171056,0.25904262683287427,0.006061131597869504,0.24726512476220372,0.2703973567197878,True
CLASSIC,1998,CD,evspsblsoi,lai,13384,0.35633203691443366,0.3572953112927407,0.011031919013073167,0.33612841748795624,0.3773163674994134,True
CLASSIC,1999,HW,evapotrans,precipitation,13252,0.31173010151474057,0.31387412553501015,0.008914513113838882,0.2946730067490526,0.3287449356897536,True
CLASSIC,1999,HW,evapotrans,lai,13252,0.3971251046477855,0.39639070280138483,0.00629759256533583,0.3831852601925582,0.40626626571390045,True
CLASSIC,1999,HW,tran,precipitation,13252,0.23293161382701355,0.23526041356759347,0.009027720719162424,0.21693529439258552,0.25189383133640886,True
CLASSIC,1999,HW,tran,lai,13252,0.42236976689883765,0.42358299573293834,0.006224820999470898,0.41237672795071934,0.4344971479003652,True
CLASSIC,1999,HW,evspsblveg,precipitation,13252,0.36461429382427546,0.3672661824571572,0.007020164106568624,0.3522209349287394,0.3804777128457646,True
CLASSIC,1999,HW,evspsblveg,lai,13252,0.4417490206867372,0.4439792263415304,0.0057332510892218694,0.4324206497943195,0.45409331699792366,True
CLASSIC,1999,HW,evspsblsoi,precipitation,13252,0.17323021614657363,0.1754890579146785,0.007329572209515436,0.1636111620668934,0.19005157470721834,True
CLASSIC,1999,HW,evspsblsoi,lai,13252,0.398554522208111,0.4010023800880683,0.00611541725564924,0.38981591232357765,0.41169872956229103,True
CLASSIC,1999,HD,evapotrans,precipitation,11832,0.46111437841816993,0.46299819001219494,0.004403224965942351,0.4542623976941782,0.4704554484536477,True
CLASSIC,1999,HD,evapotrans,lai,11832,0.46854054823316804,0.47137603271235196,0.009697200779053998,0.4550321962062027,0.48834217220861,True
CLASSIC,1999,HD,tran,precipitation,11832,0.4266242612123405,0.4273490393905652,0.006069718509979317,0.4164308013131989,0.4390175787123373,True
CLASSIC,1999,HD,tran,lai,11832,0.6167971779611662,0.6173549380795478,0.0047516888375019216,0.6100312804166759,0.6285637917618238,True
CLASSIC,1999,HD,evspsblveg,precipitation,11832,0.4481451578795158,0.45149589738293444,0.005173318016125994,0.4427508059381132,0.4608287777433465,True
CLASSIC,1999,HD,evspsblveg,lai,11832,0.5816375723927604,0.5828485636425524,0.0048575495679888,0.5718021799632583,0.5914584966423689,True
CLASSIC,1999,HD,evspsblsoi,precipitation,11832,0.42471635154776055,0.42803626829886204,0.006081826026261491,0.41711720753360043,0.4409811592332535,True
CLASSIC,1999,HD,evspsblsoi,lai,11832,0.3400752425853846,0.34259720787789144,0.008306205463683592,0.3273519304040349,0.36111016253663697,True
CLASSIC,1999,CW,evapotrans,precipitation,22423,0.27352369349352623,0.27495780896768446,0.006359710393608763,0.2639293118952842,0.2876554135920152,True
CLASSIC,1999,CW,evapotrans,lai,22423,0.27508882315186833,0.27716219918339685,0.004092577366570451,0.26910883431466104,0.2848791062469392,True
CLASSIC,1999,CW,tran,precipitation,22423,0.2724852529048735,0.27428069900507057,0.006184980374845676,0.26284042838791044,0.28553065624547386,True
CLASSIC,1999,CW,tran,lai,22423,0.4361990939515359,0.43673578824810505,0.003581291331647161,0.42969751986808963,0.4428854508103463,True
CLASSIC,1999,CW,evspsblveg,precipitation,22423,0.2902299331646465,0.2933580458252582,0.004763608806608564,0.28460415449863163,0.30168731079485156,True
CLASSIC,1999,CW,evspsblveg,lai,22423,0.5401077502499086,0.5423490500440318,0.0037627466316503084,0.5355133759262128,0.5499301495432446,True
CLASSIC,1999,CW,evspsblsoi,precipitation,22423,0.10605262104219756,0.113110508303336,0.006133451046900712,0.10149648734764102,0.12690037620721514,True
CLASSIC,1999,CW,evspsblsoi,lai,22423,0.1758326035420732,0.1773502551657437,0.006461792153061152,0.16529556667788903,0.19039300899098205,True
CLASSIC,1999,CD,evapotrans,precipitation,12999,0.30188643041825747,0.3096529861673518,0.011922978511619838,0.2860222846199611,0.3326799428358394,True
CLASSIC,1999,CD,evapotrans,lai,12999,0.38119358293833255,0.38400731780375513,0.00910523440625984,0.3680793169563884,0.39949735964980854,True
CLASSIC,1999,CD,tran,precipitation,12999,0.2992051085116336,0.30480259561763406,0.01232590805443456,0.2766001171733248,0.3249633039387743,True
CLASSIC,1999,CD,tran,lai,12999,0.513743719931119,0.5169662302953153,0.008027780931370364,0.5010550625838349,0.5343581644235198,True
CLASSIC,1999,CD,evspsblveg,precipitation,12999,0.32759617145891656,0.33110631634278426,0.012150252397469311,0.30899878997418,0.3524882036427973,True
CLASSIC,1999,CD,evspsblveg,lai,12999,0.5511219797972625,0.5517913164593053,0.005067984690523731,0.541270017091695,0.5608589225798435,True
CLASSIC,1999,CD,evspsblsoi,precipitation,12999,0.2854872296980741,0.2900551968277284,0.01203543462178277,0.2664048767328331,0.3118081974047631,True
CLASSIC,1999,CD,evspsblsoi,lai,12999,0.3623471627995053,0.3638055482709664,0.009180716775452787,0.3467044772674821,0.3793757726530019,True
CLASSIC,2000,HW,evapotrans,precipitation,13229,0.311978990704302,0.31473144195748726,0.008292757806603886,0.2977833579790432,0.33199761696075364,True
CLASSIC,2000,HW,evapotrans,lai,13229,0.3570364119644381,0.358741146475497,0.007805434396875647,0.344027329404715,0.3735610381678814,True
CLASSIC,2000,HW,tran,precipitation,13229,0.2070970365788028,0.212226494975388,0.007365530247238571,0.19889888481469742,0.2265638410057479,True
CLASSIC,2000,HW,tran,lai,13229,0.4189757071305185,0.4183307179277657,0.0054625251582271625,0.40837491635160295,0.42759858178206167,True
CLASSIC,2000,HW,evspsblveg,precipitation,13229,0.3320485063193183,0.3359320496904307,0.007929349486361172,0.3187494689882571,0.3513805135663692,True
CLASSIC,2000,HW,evspsblveg,lai,13229,0.4288368844484737,0.4334452059790542,0.005959683653358863,0.421407036038508,0.44501848992173276,True
CLASSIC,2000,HW,evspsblsoi,precipitation,13229,0.17074617955798915,0.17292474555196752,0.009177415773503454,0.1548228620028108,0.19035011802008872,True
CLASSIC,2000,HW,evspsblsoi,lai,13229,0.3765753586439742,0.37927782002067795,0.007358245810294884,0.36473031608235085,0.3929773462355804,True
CLASSIC,2000,HD,evapotrans,precipitation,11830,0.5162496620911303,0.5189437955203666,0.004987648911373897,0.5104571834415929,0.5284767103440293,True
CLASSIC,2000,HD,evapotrans,lai,11830,0.47227387996618764,0.4759212826897258,0.007565719991093908,0.46241225640264105,0.49137151310228233,True
CLASSIC,2000,HD,tran,precipitation,11830,0.418486153960578,0.42126796022184776,0.006247583925452397,0.41153642335797747,0.4354032969672166,True
CLASSIC,2000,HD,tran,lai,11830,0.6102282333051564,0.6119160885620883,0.005106453460028988,0.6019040182141143,0.6209615384615385,True
CLASSIC,2000,HD,evspsblveg,precipitation,11830,0.4545403509675279,0.4578850830983952,0.005591641525614827,0.4479183632477634,0.4678876154432578,True
CLASSIC,2000,HD,evspsblveg,lai,11830,0.5983939137785291,0.5997562322635024,0.006214938033400778,0.5900455157883897,0.6135364927185764,True
CLASSIC,2000,HD,evspsblsoi,precipitation,11830,0.42383770076077765,0.42579062067848034,0.005474157314558466,0.41404028228413736,0.436512045646661,True
CLASSIC,2000,HD,evspsblsoi,lai,11830,0.3142011834319527,0.31861409881089886,0.0075063015142663985,0.30296548878392404,0.3336783794105153,True
CLASSIC,2000,CW,evapotrans,precipitation,22356,0.3040794335222793,0.3053358707366336,0.005857252629433202,0.29411570528512554,0.3142708925634383,True
CLASSIC,2000,CW,evapotrans,lai,22356,0.2708292085594726,0.27293809426066346,0.004971932353774817,0.2636941112696214,0.2825363404966674,True
CLASSIC,2000,CW,tran,precipitation,22356,0.30227452890841733,0.30070774230265557,0.005616287877895348,0.2888784665155822,0.31102663761708105,True
CLASSIC,2000,CW,tran,lai,22356,0.4342232114783876,0.4343438449644362,0.0039010621455398214,0.42707068865716424,0.44203587292252355,True
CLASSIC,2000,CW,evspsblveg,precipitation,22356,0.3182301263241617,0.31917107880108336,0.005629190090934727,0.30951742796872245,0.32986273081463285,True
CLASSIC,2000,CW,evspsblveg,lai,22356,0.5281115352492787,0.5306524137931439,0.0026035379333410502,0.5258284146143969,0.5360143017783107,True
CLASSIC,2000,CW,evspsblsoi,precipitation,22356,0.1324579499375484,0.1363466638672097,0.004860497629209472,0.1281681122092205,0.14589265621497866,True
CLASSIC,2000,CW,evspsblsoi,lai,22356,0.21657186794530914,0.21667005368307168,0.0037152372513754896,0.20918681314973425,0.2235038418876363,True
CLASSIC,2000,CD,evapotrans,precipitation,13548,0.29988401552829447,0.30158499477297523,0.007165083823581552,0.28718827290464805,0.3154352151935771,True
CLASSIC,2000,CD,evapotrans,lai,13548,0.347738763814334,0.3511123507784828,0.005639570514438931,0.33961650109666713,0.36106448634838184,True
CLASSIC,2000,CD,tran,precipitation,13548,0.32753609827345553,0.3286536906204987,0.007777744986064639,0.3142787402907614,0.340212982907054,True
CLASSIC,2000,CD,tran,lai,13548,0.4767140982516685,0.47828819909615383,0.005140059970109053,0.46964941635453994,0.4883649517825866,True
CLASSIC,2000,CD,evspsblveg,precipitation,13548,0.34756182906864896,0.3496429837137818,0.007517557013112989,0.33474387773810377,0.36300857814191057,True
CLASSIC,2000,CD,evspsblveg,lai,13548,0.518570225869108,0.5201151763245689,0.004955029322516859,0.512052915721452,0.5277060092297868,True
CLASSIC,2000,CD,evspsblsoi,precipitation,13548,0.2961648719474552,0.2969911518091145,0.007298687708269407,0.2821034081450524,0.3115126225483225,True
CLASSIC,2000,CD,evspsblsoi,lai,13548,0.31772521468118625,0.31976848839829214,0.005033454547122966,0.310191275543658,0.33017053553808184,True
CLASSIC,2001,HW,evapotrans,precipitation,13234,0.2877700204391195,0.29082314926317737,0.007624860132877822,0.27583325731724384,0.30488644914577834,True
CLASSIC,2001,HW,evapotrans,lai,13234,0.33502813077609594,0.3340390763740573,0.006075942312632815,0.32420410858685395,0.34668417523110423,True
CLASSIC,2001,HW,tran,precipitation,13234,0.24852486626272763,0.251318805546571,0.0077838839458748855,0.2350644326560907,0.26550645918921184,True
CLASSIC,2001,HW,tran,lai,13234,0.41566772797477264,0.4186809075366543,0.006373402660636186,0.40454028415868615,0.4311570769688493,True
CLASSIC,2001,HW,evspsblveg,precipitation,13234,0.3566050066190398,0.35899074637242334,0.007560594765748121,0.3450793017545567,0.3734975159639027,True
CLASSIC,2001,HW,evspsblveg,lai,13234,0.37872575122565155,0.3795056184051954,0.0043086165091635945,0.37110435958242854,0.3879158114977129,True
CLASSIC,2001,HW,evspsblsoi,precipitation,13234,0.21111798414109512,0.20908777952394383,0.007265069501579955,0.1948489121769562,0.22091754088562687,True
CLASSIC,2001,HW,evspsblsoi,lai,13234,0.3440937421431387,0.3505811070527664,0.006039095942275426,0.3392695114379218,0.3640716518046841,True
CLASSIC,2001,HD,evapotrans,precipitation,11827,0.5145687512209227,0.5163715627274945,0.005692284802143305,0.5032822730814898,0.5262302122875265,True
CLASSIC,2001,HD,evapotrans,lai,11827,0.5090533190209617,0.5109408622435255,0.00645239697102677,0.49815202664179287,0.5222638060552032,True
CLASSIC,2001,HD,tran,precipitation,11827,0.4849860508142244,0.4855674991315546,0.0061261204784334175,0.47416315668724796,0.49585019692245524,True
CLASSIC,2001,HD,tran,lai,11827,0.6361609566684507,0.6360085285371588,0.003687113911663031,0.6284374921603296,0.642833243035342,True
CLASSIC,2001,HD,evspsblveg,precipitation,11827,0.5032199799093855,0.5056089177890414,0.006692684039040809,0.4917855996342244,0.5184306987866738,True
CLASSIC,2001,HD,evspsblveg,lai,11827,0.6059662732195125,0.6038310268684604,0.004337168849999376,0.596205260087794,0.6117200608165063,True
CLASSIC,2001,HD,evspsblsoi,precipitation,11827,0.43906305601993845,0.43985353130384025,0.0058317380028614,0.42913346086253046,0.4509894799275266,True
CLASSIC,2001,HD,evspsblsoi,lai,11827,0.38821046531565484,0.39172626051061926,0.009616634188973457,0.37346204341671035,0.40698947042606987,True
CLASSIC,2001,CW,evapotrans,precipitation,22313,0.2308702371721398,0.23247086575981554,0.005677382649267486,0.2233705050848123,0.2420533050161802,True
CLASSIC,2001,CW,evapotrans,lai,22313,0.2453115642948176,0.2466013584677528,0.005364549594533413,0.23740086467367058,0.25770789987957,True
CLASSIC,2001,CW,tran,precipitation,22313,0.27400787389689885,0.27416085228541276,0.0053863000334807365,0.26475064073443644,0.283507755545676,True
CLASSIC,2001,CW,tran,lai,22313,0.454369201007073,0.4552227103876578,0.003743879982562634,0.4489670844608778,0.4617142281789935,True
CLASSIC,2001,CW,evspsblveg,precipitation,22313,0.2720701259742783,0.27335227922308225,0.00561693348422924,0.26237348113675196,0.2823668104705343,True
CLASSIC,2001,CW,evspsblveg,lai,22313,0.5002483211080495,0.500921279625026,0.005329998273259266,0.4893091600839084,0.5115787643224543,True
CLASSIC,2001,CW,evspsblsoi,precipitation,22313,0.11413411262951778,0.11469532479906949,0.0063548279337622094,0.1035413060370038,0.12747306811409836,True
CLASSIC,2001,CW,evspsblsoi,lai,22313,0.18952713084128875,0.1903050123799784,0.005847356954669071,0.17914278153731975,0.2013634104898519,True
CLASSIC,2001,CD,evapotrans,precipitation,13167,0.24825832815402094,0.26617867602673734,0.02394675288778673,0.2394975789736451,0.31125750374422445,True
CLASSIC,2001,CD,evapotrans,lai,13167,0.36794234134659665,0.37076819252085763,0.006747697290602538,0.3584296283193617,0.38407288155723845,True
CLASSIC,2001,CD,tran,precipitation,13167,0.2795007671453752,0.29816150828653143,0.027344399037915825,0.27037052089066654,0.34876511677323546,True
CLASSIC,2001,CD,tran,lai,13167,0.4999507149563141,0.501810921321751,0.005267417062667063,0.49251293173824334,0.5120352545097597,True
CLASSIC,2001,CD,evspsblveg,precipitation,13167,0.3007886127703763,0.31395589620937814,0.02024298952010976,0.2885350298578214,0.3587271966345442,True
CLASSIC,2001,CD,evspsblveg,lai,13167,0.5561453601767151,0.5571814552375813,0.005306478514024012,0.5472151324474952,0.565114925046336,True
CLASSIC,2001,CD,evspsblsoi,precipitation,13167,0.2336631147273916,0.24288464553172256,0.01302632058827925,0.2240878095827715,0.2724254312957428,True
CLASSIC,2001,CD,evspsblsoi,lai,13167,0.3514641697732403,0.3518245929916576,0.006314748076058606,0.33850394037964027,0.36560561567974525,True
CLASSIC,2002,HW,evapotrans,precipitation,13266,0.22293272876238407,0.22649403849255442,0.006608339632333978,0.21387297398428698,0.2404064521410381,True
CLASSIC,2002,HW,evapotrans,lai,13266,0.36211735827800634,0.3654279626083381,0.006601666619950836,0.35018020003544986,0.3775856055412565,True
CLASSIC,2002,HW,tran,precipitation,13266,0.187457096136195,0.19150573043292696,0.008484514500008138,0.1758255280264543,0.2071362079862295,True
CLASSIC,2002,HW,tran,lai,13266,0.42153825690561536,0.4243587922499365,0.004827091155244713,0.4154288668361664,0.4327033093001701,True
CLASSIC,2002,HW,evspsblveg,precipitation,13266,0.3316860233706143,0.33414893451720645,0.006767873963666431,0.32108846298589266,0.3478476141401884,True
CLASSIC,2002,HW,evspsblveg,lai,13266,0.42726585950837714,0.43142024312093225,0.006109460497312851,0.42120499836035397,0.4456914765902376,True
CLASSIC,2002,HW,evspsblsoi,precipitation,13266,0.1838268618411633,0.18836596976291986,0.006884930417216415,0.17662535322747902,0.20058569051743166,True
CLASSIC,2002,HW,evspsblsoi,lai,13266,0.33951008809472816,0.34318586319292677,0.006288593598884603,0.33007933972019804,0.3545045634734576,True
CLASSIC,2002,HD,evapotrans,precipitation,11825,0.500215335004162,0.5030582600479704,0.004787915711375373,0.49263095545569313,0.5103011029116601,True
CLASSIC,2002,HD,evapotrans,lai,11825,0.46988417664625176,0.4736594508416592,0.007790246612231942,0.45994783928057636,0.4883160831661284,True
CLASSIC,2002,HD,tran,precipitation,11825,0.4456005075715763,0.44776123750696617,0.005250702374896289,0.436961817858146,0.45726678065946247,True
CLASSIC,2002,HD,tran,lai,11825,0.6257146788810474,0.6268309352144021,0.00392351359557972,0.6189343004366393,0.6329952737590818,True
CLASSIC,2002,HD,evspsblveg,precipitation,11825,0.47766564280925494,0.4794961797233761,0.004828935003267645,0.4713133335915788,0.4892061014821956,True
CLASSIC,2002,HD,evspsblveg,lai,11825,0.5496151076115298,0.5530098787481199,0.007203760099059667,0.5396467021350742,0.5671803062769074,True
CLASSIC,2002,HD,evspsblsoi,precipitation,11825,0.44693122622801257,0.4494037886138429,0.005812731419330258,0.436667059392161,0.4612359542585671,True
CLASSIC,2002,HD,evspsblsoi,lai,11825,0.3877932443227613,0.38790186215210637,0.01031813826340273,0.36990241524557066,0.405547992258189,True
CLASSIC,2002,CW,evapotrans,precipitation,22365,0.21084667742202448,0.2134943001565457,0.005239409049050044,0.2027744558517681,0.2240471898286046,True
CLASSIC,2002,CW,evapotrans,lai,22365,0.28643354689304057,0.2886138051962923,0.004761302630460393,0.2794949259914207,0.29738628162957775,True
CLASSIC,2002,CW,tran,precipitation,22365,0.21345842945086704,0.21590399182652464,0.005337154797909105,0.20768234954424145,0.22534144231396716,True
CLASSIC,2002,CW,tran,lai,22365,0.3920427807862044,0.3924741546521562,0.004159822666917245,0.38501995771383146,0.4006080985715615,True
CLASSIC,2002,CW,evspsblveg,precipitation,22365,0.2968635235642734,0.297811110261737,0.006132359144300494,0.28652599500179476,0.3101968494936068,True
CLASSIC,2002,CW,evspsblveg,lai,22365,0.5600566794198859,0.5606922332152375,0.002855257795241956,0.5549556078700512,0.5656701160586557,True
CLASSIC,2002,CW,evspsblsoi,precipitation,22365,0.0936821289601581,0.09567744847023349,0.005636690623797235,0.08369756911004607,0.10613750282244845,True
CLASSIC,2002,CW,evspsblsoi,lai,22365,0.1306927800191679,0.133744148080787,0.0039066139961034165,0.1266747554003439,0.14179288827503067,True
CLASSIC,2002,CD,evapotrans,precipitation,13613,0.2504456830770193,0.2527532706594616,0.006977270632402519,0.23955336008821998,0.2660341549771817,True
CLASSIC,2002,CD,evapotrans,lai,13613,0.3720208883186551,0.37390464879271124,0.005696344411676429,0.3626892011148261,0.38556021480634717,True
CLASSIC,2002,CD,tran,precipitation,13613,0.24460764874644375,0.2446912471826831,0.006555155350211026,0.23112997700787244,0.25785459522364,True
CLASSIC,2002,CD,tran,lai,13613,0.4818740924537654,0.4834037207772035,0.004582718965586157,0.4754028247687551,0.4927642726141673,True
CLASSIC,2002,CD,evspsblveg,precipitation,13613,0.28189042751782617,0.2826900911887368,0.00675542985693633,0.2702326444000874,0.2947379912292196,True
CLASSIC,2002,CD,evspsblveg,lai,13613,0.5092513245189138,0.5117962064794281,0.0034255255253026963,0.5062936259167932,0.518592149516287,True
CLASSIC,2002,CD,evspsblsoi,precipitation,13613,0.24589373090896172,0.24879795756678597,0.0076629489664596945,0.23435399314550917,0.26334411879879643,True
CLASSIC,2002,CD,evspsblsoi,lai,13613,0.3385129711070041,0.34183388486101185,0.00604957321429408,0.33065291053660245,0.3529621755939769,True
CLASSIC,2003,HW,evapotrans,precipitation,13254,0.26144113770040095,0.263693201731219,0.00846151883018903,0.2471572276772547,0.27703880456625846,True
CLASSIC,2003,HW,evapotrans,lai,13254,0.3686268450958607,0.3679444641429817,0.007819240984800167,0.35311983849151324,0.3812070502349871,True
CLASSIC,2003,HW,tran,precipitation,13254,0.21160508416745827,0.21204924713111556,0.01046325257764914,0.19064230239779062,0.2298173171837384,True
CLASSIC,2003,HW,tran,lai,13254,0.4249707457485245,0.4271711895576821,0.00659358108215275,0.4151579989677503,0.43928170740425293,True
CLASSIC,2003,HW,evspsblveg,precipitation,13254,0.294324676762036,0.2974080295597647,0.008901565285339304,0.2801086159877459,0.3136441546606106,True
CLASSIC,2003,HW,evspsblveg,lai,13254,0.4057135310686392,0.40981810218574394,0.0066222325184757905,0.3981432496698863,0.421312411717258,True
CLASSIC,2003,HW,evspsblsoi,precipitation,13254,0.1601013084527353,0.16421025269550873,0.007671040117463334,0.14960905084608309,0.1772219177874583,True
CLASSIC,2003,HW,evspsblsoi,lai,13254,0.3760901230244483,0.37943674473063993,0.0065441916583388335,0.36704035771927085,0.39320831016707825,True
CLASSIC,2003,HD,evapotrans,precipitation,11832,0.5398606218034951,0.541149206544464,0.003478938400964635,0.5335642304833776,0.5471626940859448,True
CLASSIC,2003,HD,evapotrans,lai,11832,0.46456998428834906,0.4679714900865192,0.008286670882040683,0.4538313691744392,0.4840875846655067,True
CLASSIC,2003,HD,tran,precipitation,11832,0.4807423490525379,0.48259120051236887,0.005817773323770965,0.4726954469155149,0.4928664922798027,True
CLASSIC,2003,HD,tran,lai,11832,0.6172199036725484,0.6180423330007818,0.0047301045465798774,0.6089675629994907,0.6274218655640289,True
CLASSIC,2003,HD,evspsblveg,precipitation,11832,0.5017568578576537,0.5041304443383706,0.004001798567628544,0.49726976961394426,0.5119835252317676,True
CLASSIC,2003,HD,evspsblveg,lai,11832,0.6116395242038868,0.6124660164960468,0.0050882579195904755,0.602098423537635,0.6222221801250072,True
CLASSIC,2003,HD,evspsblsoi,precipitation,11832,0.4494718631357538,0.4509514204011914,0.006747593339538409,0.4363654315830686,0.4617886301382877,True
CLASSIC,2003,HD,evspsblsoi,lai,11832,0.35793507757250154,0.36123634551948647,0.010357031494551623,0.3401854199475221,0.37862534663212905,True
CLASSIC,2003,CW,evapotrans,precipitation,22432,0.2063295510459181,0.20939785110684883,0.006593327663094202,0.19682382541653815,0.22333042606150585,True
CLASSIC,2003,CW,evapotrans,lai,22432,0.31471820636464176,0.3155789712091147,0.005858981513502026,0.304224890323437,0.32525424653844026,True
CLASSIC,2003,CW,tran,precipitation,22432,0.21009222834669583,0.21177761925946456,0.006182577638928489,0.2003572894224728,0.22472492301708757,True
CLASSIC,2003,CW,tran,lai,22432,0.39365248827704896,0.39560241967794274,0.0034375953725409724,0.3884813716932861,0.4019202099846886,True
CLASSIC,2003,CW,evspsblveg,precipitation,22432,0.2552723160674863,0.2576527133905858,0.0057786325279838915,0.24404177638041738,0.26879599995148007,True
CLASSIC,2003,CW,evspsblveg,lai,22432,0.5505479521643815,0.5513788950617933,0.004088828480419437,0.5448162744825715,0.5592162309626408,True
CLASSIC,2003,CW,evspsblsoi,precipitation,22432,0.09142349211843409,0.09266355205727762,0.005921867728225219,0.08238690325279026,0.10307628421493331,True
CLASSIC,2003,CW,evspsblsoi,lai,22432,0.12880470239723302,0.13141616611898305,0.004555981396414438,0.12291016202794222,0.14010417814031803,True
CLASSIC,2003,CD,evapotrans,precipitation,13321,0.2685356984489933,0.26926534354436715,0.007897767584263384,0.2582785329256199,0.2882810798344883,True
CLASSIC,2003,CD,evapotrans,lai,13321,0.37800835705459984,0.3882529780605111,0.01744052402963215,0.36994671158207804,0.4232632147010759,True
CLASSIC,2003,CD,tran,precipitation,13321,0.24707733595016834,0.24856104823776787,0.006520594771023667,0.23606612397978072,0.2625409123626073,True
CLASSIC,2003,CD,tran,lai,13321,0.5066389112631886,0.5193169775225505,0.02291869576393714,0.49501105488108665,0.561451766870842,True
CLASSIC,2003,CD,evspsblveg,precipitation,13321,0.267802221559447,0.26992743061974045,0.007187453969701107,0.2588474759234582,0.2833440765149968,True
CLASSIC,2003,CD,evspsblveg,lai,13321,0.5147484677831499,0.5283397916251011,0.018768188368111803,0.5100082613016138,0.5637158910280297,True
CLASSIC,2003,CD,evspsblsoi,precipitation,13321,0.2611012032977351,0.2616493915907888,0.006940464622040142,0.24820959454271688,0.2759778767850273,True
CLASSIC,2003,CD,evspsblsoi,lai,13321,0.33254749945501394,0.3514579344306859,0.026027313955848154,0.32139679556900574,0.40213803408788595,True
CLASSIC,2004,HW,evapotrans,precipitation,13259,0.3079100662836653,0.31052635143519697,0.007340041161033282,0.2957805481473625,0.3253580770148737,True
CLASSIC,2004,HW,evapotrans,lai,13259,0.36524136768365995,0.367989374076301,0.007632796320922939,0.3546812831572671,0.3829545849562476,True
CLASSIC,2004,HW,tran,precipitation,13259,0.24104372455282222,0.2434094423709715,0.006972995764672357,0.2296637028445854,0.25564139781049827,True
CLASSIC,2004,HW,tran,lai,13259,0.4293386705544042,0.43124137948581726,0.005788871494641405,0.42121236242946114,0.4440758494770945,True
CLASSIC,2004,HW,evspsblveg,precipitation,13259,0.35994893667859545,0.3619207891185086,0.007645540001555946,0.34774436104221046,0.37618008835565936,True
CLASSIC,2004,HW,evspsblveg,lai,13259,0.4202115709105412,0.4226584725159785,0.006192980719714171,0.41132072636986783,0.43503898759957904,True
CLASSIC,2004,HW,evspsblsoi,precipitation,13259,0.17343647723705868,0.17872572238327752,0.007148726568549293,0.1674226710647477,0.19249081163540077,True
CLASSIC,2004,HW,evspsblsoi,lai,13259,0.35762375810755825,0.36244685410850885,0.007103076261990233,0.3482162168336017,0.37471393449984647,True
CLASSIC,2004,HD,evapotrans,precipitation,11828,0.523686219869982,0.5226773107941194,0.004419562864114399,0.5141646363987709,0.5301164446512797,True
CLASSIC,2004,HD,evapotrans,lai,11828,0.5077057577317716,0.5087926202035483,0.007894857369107033,0.493634977114158,0.5239365059404889,True
CLASSIC,2004,HD,tran,precipitation,11828,0.4452790223618409,0.44857654569620664,0.005363881485903575,0.43780555464520854,0.4581195855773338,True
CLASSIC,2004,HD,tran,lai,11828,0.6353610685248781,0.6373555301947537,0.0035799461008092313,0.6301364154981602,0.6431701906570013,True
CLASSIC,2004,HD,evspsblveg,precipitation,11828,0.4947996940791093,0.4980606753176032,0.004475694730117779,0.4898535886909694,0.5064527740687776,True
CLASSIC,2004,HD,evspsblveg,lai,11828,0.6181140014482019,0.6145099587444784,0.0045836007612031614,0.6069615453952579,0.6232813500980953,True
CLASSIC,2004,HD,evspsblsoi,precipitation,11828,0.4210182165847991,0.4233691482415609,0.006571009253436146,0.4113951924913956,0.43487129626864957,True
CLASSIC,2004,HD,evspsblsoi,lai,11828,0.3234113666444074,0.325746170890734,0.008075528968874816,0.31077577821532576,0.3417472543645051,True
CLASSIC,2004,CW,evapotrans,precipitation,22319,0.2946163901191946,0.29390252851875615,0.006695019892597535,0.28216790848966156,0.30657264415678975,True
CLASSIC,2004,CW,evapotrans,lai,22319,0.28778600645800445,0.2900208599430894,0.00391939778958968,0.2838579634456048,0.2995269765995701,True
CLASSIC,2004,CW,tran,precipitation,22319,0.2507062872805738,0.25167281918687723,0.006241948107708594,0.24017931518643992,0.2628565595087422,True
CLASSIC,2004,CW,tran,lai,22319,0.41679940512294766,0.4174612776829821,0.003249052228949984,0.4094965280834373,0.42236693191881775,True
CLASSIC,2004,CW,evspsblveg,precipitation,22319,0.3287517593514964,0.32918780846326434,0.005537085466318171,0.3199503712518263,0.3384338140585706,True
CLASSIC,2004,CW,evspsblveg,lai,22319,0.5453441090663065,0.5470959762060076,0.0024518307107488915,0.5426942664833693,0.5521446245211091,True
CLASSIC,2004,CW,evspsblsoi,precipitation,22319,0.08846806402475675,0.09148811512934958,0.00505017650536137,0.08075283289349951,0.1010166533233808,True
CLASSIC,2004,CW,evspsblsoi,lai,22319,0.16061490715996352,0.1634164830301201,0.005396307922095006,0.15444808219413853,0.17293103148976421,True
CLASSIC,2004,CD,evapotrans,precipitation,13146,0.29778204282507087,0.3031061687560127,0.009145671799641313,0.2882942319052965,0.3239299997410425,True
CLASSIC,2004,CD,evapotrans,lai,13146,0.3579407982534843,0.3611392224466641,0.006635646267600924,0.3489266674324621,0.37300853633281444,True
CLASSIC,2004,CD,tran,precipitation,13146,0.27990533538896534,0.2858650091484875,0.013816427433112592,0.2663945554136712,0.3242025322806711,True
CLASSIC,2004,CD,tran,lai,13146,0.48852680541841,0.48980396343603383,0.0055075420608642475,0.47939969661350534,0.5000692413774752,True
CLASSIC,2004,CD,evspsblveg,precipitation,13146,0.31077702962024867,0.31332386398269263,0.008615500201376454,0.3000002801776561,0.3376156771676293,True
CLASSIC,2004,CD,evspsblveg,lai,13146,0.5369072348627495,0.5389184144763131,0.005595011814219871,0.5285262582568396,0.5491957463387206,True
CLASSIC,2004,CD,evspsblsoi,precipitation,13146,0.27831947338204627,0.2861294182236223,0.010594027773510296,0.2695216140303155,0.31063557249983076,True
CLASSIC,2004,CD,evspsblsoi,lai,13146,0.33246262073385824,0.33358113026442276,0.008717525430952066,0.31661218349753195,0.34928225937540314,True
CLASSIC,2005,HW,evapotrans,precipitation,13259,0.31076659436891707,0.3145974667388095,0.007199496259567322,0.30226782286037623,0.3286100180205047,True
CLASSIC,2005,HW,evapotrans,lai,13259,0.36436951047337773,0.36768581232009384,0.006883386549296119,0.35538051786627517,0.38029702445122543,True
CLASSIC,2005,HW,tran,precipitation,13259,0.2517061058584396,0.25662104187301005,0.007774912666306541,0.2426844686758234,0.2718866058512905,True
CLASSIC,2005,HW,tran,lai,13259,0.4339422199577122,0.43327333897691633,0.005643262002922978,0.4229923329422932,0.4431538694742865,True
CLASSIC,2005,HW,evspsblveg,precipitation,13259,0.36023966274406183,0.3640693410939741,0.006665622376835301,0.3517238257552242,0.3740417139754651,True
CLASSIC,2005,HW,evspsblveg,lai,13259,0.4504551790257837,0.45243220466546424,0.005366133777710587,0.443078764563048,0.46319818490536957,True
CLASSIC,2005,HW,evspsblsoi,precipitation,13259,0.17711469354697548,0.18022820379174262,0.007930111826032532,0.16402890063871953,0.19673188671348654,True
CLASSIC,2005,HW,evspsblsoi,lai,13259,0.350271229297906,0.35437462001876135,0.00610537700752397,0.34427246172617526,0.3666807283671224,True
CLASSIC,2005,HD,evapotrans,precipitation,11828,0.5035325098797343,0.5049462470872469,0.0049270276457889055,0.49563079542296556,0.5145258380078388,True
CLASSIC,2005,HD,evapotrans,lai,11828,0.507707615866873,0.5076932897053988,0.009692062773315795,0.4885840375689553,0.524300565787845,True
CLASSIC,2005,HD,tran,precipitation,11828,0.46171856248635856,0.46260480571877866,0.006961736811030887,0.45072985672429944,0.4743886995355506,True
CLASSIC,2005,HD,tran,lai,11828,0.6222565707230518,0.621221955683337,0.004008262793662125,0.6142036957988745,0.6284419300514583,True
CLASSIC,2005,HD,evspsblveg,precipitation,11828,0.48657756138804953,0.48925916665081925,0.005232418243032096,0.48176294692800486,0.5013221017632236,True
CLASSIC,2005,HD,evspsblveg,lai,11828,0.5767772847843606,0.578393312436669,0.007052453135074719,0.5638050063881792,0.5901830273794777,True
CLASSIC,2005,HD,evspsblsoi,precipitation,11828,0.42643882547566114,0.4275254336159619,0.00735910263816247,0.4144717707615024,0.4420590303694533,True
CLASSIC,2005,HD,evspsblsoi,lai,11828,0.37854521457315354,0.3782306427020022,0.009419960511868298,0.35905216957283764,0.3960425759607959,True
CLASSIC,2005,CW,evapotrans,precipitation,22361,0.26673449809296645,0.26799665394858163,0.006070155142885662,0.2581692961389388,0.28019273091308783,True
CLASSIC,2005,CW,evapotrans,lai,22361,0.29744285962235395,0.3002575872506858,0.00490301020670589,0.29203783035872033,0.3077793227044952,True
CLASSIC,2005,CW,tran,precipitation,22361,0.23198293096114508,0.23547163494260379,0.0054658779035840445,0.22643002045542904,0.2460651750370604,True
CLASSIC,2005,CW,tran,lai,22361,0.4200511486289965,0.42164887133821466,0.003580318005793593,0.4163558725341642,0.4287661243196243,True
CLASSIC,2005,CW,evspsblveg,precipitation,22361,0.3198102881064797,0.3226786210478001,0.005531663698663066,0.31433038898889054,0.33388532009194716,True
CLASSIC,2005,CW,evspsblveg,lai,22361,0.5493476935109116,0.54986277762488,0.003063574627254691,0.5440327169597007,0.5556117672392049,True
CLASSIC,2005,CW,evspsblsoi,precipitation,22361,0.1250175202817261,0.1247624405225874,0.005547703651512259,0.1150166448005327,0.13522439758156019,True
CLASSIC,2005,CW,evspsblsoi,lai,22361,0.15900763544805294,0.15870451666055005,0.00536278080139081,0.14831514213434574,0.16877401246465562,True
CLASSIC,2005,CD,evapotrans,precipitation,13277,0.2232395523775626,0.23107022693132617,0.005686007546495547,0.22140305306730906,0.2414760592574213,True
CLASSIC,2005,CD,evapotrans,lai,13277,0.3674404961738716,0.38128466141894257,0.017527053356015246,0.35630508188108945,0.41504057800909905,True
CLASSIC,2005,CD,tran,precipitation,13277,0.28576739315708033,0.2868924491559418,0.007146875073167154,0.27223545461682197,0.2997437543221307,True
CLASSIC,2005,CD,tran,lai,13277,0.48388303542787325,0.5041193669760345,0.025848037583522464,0.4731797708045783,0.5484466899205576,True
CLASSIC,2005,CD,evspsblveg,precipitation,13277,0.2869067099272927,0.2922472935099676,0.006201552713788588,0.27930653930754157,0.3041262858524133,True
CLASSIC,2005,CD,evspsblveg,lai,13277,0.5159206929483804,0.5387206618960938,0.024268508570687852,0.5127494583183863,0.5758192444744821,True
CLASSIC,2005,CD,evspsblsoi,precipitation,13277,0.2217513900364815,0.22632386680190245,0.006038195197901021,0.2150310367307432,0.23742494673667888,True
CLASSIC,2005,CD,evspsblsoi,lai,13277,0.3312698430147455,0.3512616014602955,0.02230934195846995,0.3214107599425906,0.38883638316944036,True
CLASSIC,2006,HW,evapotrans,precipitation,13256,0.3084799193814691,0.30955503084347014,0.006706285367138424,0.29711635605350023,0.32290480211006367,True
CLASSIC,2006,HW,evapotrans,lai,13256,0.3412341074089018,0.341830568295655,0.007292540323510887,0.3269869619898241,0.35720386844867413,True
CLASSIC,2006,HW,tran,precipitation,13256,0.2388366962343858,0.24027717735579077,0.00797737970686516,0.22425641461951704,0.2574694662854437,True
CLASSIC,2006,HW,tran,lai,13256,0.4169331180867816,0.41737108865306255,0.006283704913852099,0.4055676182707767,0.42975778782328977,True
CLASSIC,2006,HW,evspsblveg,precipitation,13256,0.3744935721524465,0.3751006949796805,0.007285971679966704,0.3606708405391399,0.3860203512769144,True
CLASSIC,2006,HW,evspsblveg,lai,13256,0.3723255515473911,0.37644820502516146,0.005152247211280481,0.3677269651986302,0.38576089766620986,True
CLASSIC,2006,HW,evspsblsoi,precipitation,13256,0.17579551898750312,0.18198707659883734,0.007645272009576136,0.16576487816773983,0.19596338540854086,True
CLASSIC,2006,HW,evspsblsoi,lai,13256,0.35640845865294724,0.3609506312696992,0.005185026018463459,0.35151003007661663,0.36975271979478047,True
CLASSIC,2006,HD,evapotrans,precipitation,11829,0.48359723891818124,0.48530576765537686,0.006735262558209277,0.47196979065056416,0.499694023596983,True
CLASSIC,2006,HD,evapotrans,lai,11829,0.5105302690702328,0.5089552465147844,0.006773718495717469,0.49636810337617315,0.5221135701912706,True
CLASSIC,2006,HD,tran,precipitation,11829,0.4784144466030902,0.4788055651312482,0.005679507826918005,0.46722725307719315,0.489527198683033,True
CLASSIC,2006,HD,tran,lai,11829,0.6265973698034408,0.6281612287864649,0.00386801992499476,0.6208494826606075,0.6342130917606347,True
CLASSIC,2006,HD,evspsblveg,precipitation,11829,0.49883667883195504,0.49891633725110873,0.004616535061727377,0.4920640235642108,0.5090492894615222,True
CLASSIC,2006,HD,evspsblveg,lai,11829,0.6190732734364097,0.6194739303396843,0.004113470918988123,0.6103987492377824,0.6266068168390422,True
CLASSIC,2006,HD,evspsblsoi,precipitation,11829,0.3944305465306655,0.3986864255789416,0.006652389278153884,0.3830957992643848,0.41247496730687083,True
CLASSIC,2006,HD,evspsblsoi,lai,11829,0.3661409374942608,0.36952155750366744,0.009270382297840548,0.3550189984210448,0.3880898221319373,True
CLASSIC,2006,CW,evapotrans,precipitation,22439,0.2785505150268493,0.280551450617561,0.006348157194644327,0.26795162208995227,0.2907325549187082,True
CLASSIC,2006,CW,evapotrans,lai,22439,0.2999726868938955,0.3007177340656491,0.0045669126742889825,0.2918032825496956,0.3089709888336878,True
CLASSIC,2006,CW,tran,precipitation,22439,0.2299187196919234,0.23299527590474295,0.004643179045418643,0.22462664218431716,0.24169248049037004,True
CLASSIC,2006,CW,tran,lai,22439,0.4246642948571445,0.4258822690907323,0.003482382119887992,0.42033611873761717,0.43218867881735806,True
CLASSIC,2006,CW,evspsblveg,precipitation,22439,0.3075315478073144,0.31017175896129684,0.006203546072045605,0.29760338280737214,0.32241850144391987,True
CLASSIC,2006,CW,evspsblveg,lai,22439,0.5527229337703747,0.5536714741834418,0.003151496933109632,0.547750485835091,0.558931083658765,True
CLASSIC,2006,CW,evspsblsoi,precipitation,22439,0.11375416019515477,0.11749583928209105,0.004615019117575225,0.10915544033156489,0.12511092779166538,True
CLASSIC,2006,CW,evspsblsoi,lai,22439,0.16848279061816154,0.1711216051885479,0.003613707354443492,0.16377080000155267,0.17716283156855367,True
CLASSIC,2006,CD,evapotrans,precipitation,13372,0.2607403795018498,0.26106687954443203,0.00960175872962397,0.24405437052456264,0.279370621002047,True
CLASSIC,2006,CD,evapotrans,lai,13372,0.35673898909318547,0.36032768505426666,0.008194108082089873,0.3482221589636717,0.3805381744492842,True
CLASSIC,2006,CD,tran,precipitation,13372,0.2791744287427142,0.28092344553623305,0.00835366905786971,0.26639150056494315,0.29718237449373214,True
CLASSIC,2006,CD,tran,lai,13372,0.4881731907908352,0.4934560053474292,0.014347628339893543,0.4805241457997591,0.541504140498777,True
CLASSIC,2006,CD,evspsblveg,precipitation,13372,0.3013703360478994,0.30306479327145014,0.007344353670597377,0.29119668710416097,0.31819632394302416,True
CLASSIC,2006,CD,evspsblveg,lai,13372,0.5110265402360081,0.5173078914646976,0.016360289974550263,0.5074597429608212,0.5728264025588782,True
CLASSIC,2006,CD,evspsblsoi,precipitation,13372,0.22121781982162364,0.2233438349807672,0.0067515615930150725,0.21112839763690366,0.23800743213018022,True
CLASSIC,2006,CD,evspsblsoi,lai,13372,0.31138067219125865,0.3184555915038149,0.012299402613334585,0.305090591840803,0.35959119142108176,True
CLASSIC,2007,HW,evapotrans,precipitation,13254,0.3045223798582699,0.3074530164090259,0.00818937190416989,0.29223865179008796,0.3211135694884563,True
CLASSIC,2007,HW,evapotrans,lai,13254,0.3522995407580766,0.35505964686570457,0.006479761052981088,0.3424949530063306,0.36631999204345794,True
CLASSIC,2007,HW,tran,precipitation,13254,0.23841807813091676,0.24206485621862633,0.009690328109536689,0.22593984975268366,0.25996086462522333,True
CLASSIC,2007,HW,tran,lai,13254,0.4189642429056661,0.4191233065717971,0.005737336199117777,0.4071745333568107,0.43018429573594846,True
CLASSIC,2007,HW,evspsblveg,precipitation,13254,0.3377004022993414,0.33845175699837327,0.00775681826701152,0.32549396701718175,0.35380297476376427,True
CLASSIC,2007,HW,evspsblveg,lai,13254,0.4416044634017723,0.4436727144072154,0.00527583573848167,0.43296220308582156,0.45430587957215923,True
CLASSIC,2007,HW,evspsblsoi,precipitation,13254,0.18624623304529792,0.19289842324161274,0.0071475516116150505,0.17925120472146466,0.2049817294788896,True
CLASSIC,2007,HW,evspsblsoi,lai,13254,0.35636714997391655,0.3627080711003658,0.005801923212389618,0.3515363476926858,0.3738552192823403,True
CLASSIC,2007,HD,evapotrans,precipitation,11829,0.530818853074457,0.531389230000912,0.0049415553061501315,0.5221176189849908,0.5402956281327514,True
CLASSIC,2007,HD,evapotrans,lai,11829,0.5134051327500282,0.5154291714154327,0.0068779362961717,0.5015571797181014,0.5300076902424783,True
CLASSIC,2007,HD,tran,precipitation,11829,0.4544391632610287,0.45629459150576873,0.005551729280493713,0.44652284068559595,0.4669440353986035,True
CLASSIC,2007,HD,tran,lai,11829,0.6123111624389448,0.6143845341988013,0.004826836834212145,0.6041249241588481,0.6224248083930957,True
CLASSIC,2007,HD,evspsblveg,precipitation,11829,0.4972127471298349,0.4996037473234017,0.004443632100687708,0.49174154469539155,0.5071134993069044,True
CLASSIC,2007,HD,evspsblveg,lai,11829,0.6223713273402108,0.6241976598308424,0.004265351120400796,0.6155046461856809,0.6315491581322947,True
CLASSIC,2007,HD,evspsblsoi,precipitation,11829,0.4722856495423264,0.4758457569501819,0.007302428039112085,0.4635852137537667,0.4884375040904661,True
CLASSIC,2007,HD,evspsblsoi,lai,11829,0.3209985745735565,0.3255272638553209,0.007986014586820057,0.3116693251522651,0.33940738862118525,True
CLASSIC,2007,CW,evapotrans,precipitation,22403,0.2327804093114803,0.23475081430569283,0.006320360127384854,0.2242683071130636,0.24930527146417472,True
CLASSIC,2007,CW,evapotrans,lai,22403,0.28819402375957304,0.2900380004044636,0.006035018990734615,0.27844069320986303,0.30178978142276863,True
CLASSIC,2007,CW,tran,precipitation,22403,0.25445384304154006,0.2591641321812144,0.005956363932378027,0.24527297091706263,0.2698491152970713,True
CLASSIC,2007,CW,tran,lai,22403,0.40208171258951286,0.40354183602192273,0.0037926587444264306,0.395559723048093,0.4108949354371591,True
CLASSIC,2007,CW,evspsblveg,precipitation,22403,0.31077835598908193,0.3113744886613517,0.006171204125571007,0.30212505353608293,0.3237512277826957,True
CLASSIC,2007,CW,evspsblveg,lai,22403,0.5525788359020795,0.5531367699586912,0.00220659187400732,0.5496838744943394,0.5571524524400128,True
CLASSIC,2007,CW,evspsblsoi,precipitation,22403,0.12023278958023724,0.12159407690474515,0.004808615029052472,0.11375282700830748,0.13202868864338557,True
CLASSIC,2007,CW,evspsblsoi,lai,22403,0.15346139895015581,0.15732042680161182,0.005634327474768983,0.14689471816743302,0.1688702645063177,True
CLASSIC,2007,CD,evapotrans,precipitation,13097,0.29835863408982344,0.3068010729649928,0.015505430891777878,0.28264807434692707,0.3364682505167924,True
CLASSIC,2007,CD,evapotrans,lai,13097,0.38230945650696024,0.38705923668902015,0.00933062427842328,0.37380621196901137,0.4037432338388781,True
CLASSIC,2007,CD,tran,precipitation,13097,0.28274787907022225,0.3008790396612229,0.019384264134909557,0.2731872693234714,0.33791553045695893,True
CLASSIC,2007,CD,tran,lai,13097,0.5379151612056319,0.5352125794661192,0.010619540235519311,0.5185722619376639,0.5549808622104052,True
CLASSIC,2007,CD,evspsblveg,precipitation,13097,0.3210798909800807,0.3284490106592617,0.011694215966858464,0.3098337440723259,0.35090800080497114,True
CLASSIC,2007,CD,evspsblveg,lai,13097,0.559806119619997,0.5622845370312683,0.007047092438548756,0.547584466169259,0.576555841119725,True
CLASSIC,2007,CD,evspsblsoi,precipitation,13097,0.2655544946941025,0.28066452512672874,0.02106084911851966,0.2503741514930231,0.3201131929606047,True
CLASSIC,2007,CD,evspsblsoi,lai,13097,0.36444481101317644,0.3653157048104708,0.011345939559197424,0.34647219900544646,0.3871318553173176,True
CLASSIC,2008,HW,evapotrans,precipitation,13243,0.33843844988841487,0.33874778201633127,0.0076021382936574955,0.3261913330298238,0.35416059129596617,True
CLASSIC,2008,HW,evapotrans,lai,13243,0.35167857422287724,0.35389830213981555,0.006755588607765711,0.33818300108874466,0.36634212975249447,True
CLASSIC,2008,HW,tran,precipitation,13243,0.22433351705263246,0.22548728923820552,0.00917642379276655,0.20807097089484725,0.24065110219361033,True
CLASSIC,2008,HW,tran,lai,13243,0.4101105799951773,0.41289024877023395,0.0055392258963589906,0.4028063367430861,0.4228492396216532,True
CLASSIC,2008,HW,evspsblveg,precipitation,13243,0.3681445479626647,0.3685809302435468,0.007193831999393495,0.3564650112983941,0.3826248748854329,True
CLASSIC,2008,HW,evspsblveg,lai,13243,0.4123464249819977,0.4161256846313152,0.006273114372269149,0.40454268788752556,0.42869206992279,True
CLASSIC,2008,HW,evspsblsoi,precipitation,13243,0.12462037449123567,0.12965100408716423,0.007092165129366356,0.11727294696304535,0.1437089173440848,True
CLASSIC,2008,HW,evspsblsoi,lai,13243,0.35448662612158094,0.3581442742994511,0.007066744681620265,0.3453167492872144,0.37168867960039204,True
CLASSIC,2008,HD,evapotrans,precipitation,11830,0.5144125105663567,0.5164448461184203,0.005564971210784385,0.5057680081305339,0.5274391304349231,True
CLASSIC,2008,HD,evapotrans,lai,11830,0.47438715131022824,0.4774056727305381,0.008297030915737419,0.4628261434511435,0.4932768471278819,True
CLASSIC,2008,HD,tran,precipitation,11830,0.5013947590870668,0.5025426015942592,0.004335217364129601,0.49301075157936747,0.5104753168752351,True
CLASSIC,2008,HD,tran,lai,11830,0.6144547759932375,0.6160478028091517,0.004027597325853835,0.6085757329856759,0.622764158918005,True
CLASSIC,2008,HD,evspsblveg,precipitation,11830,0.5327134404057481,0.5333397324388334,0.005508574974124848,0.5225456245953759,0.5436947295455455,True
CLASSIC,2008,HD,evspsblveg,lai,11830,0.6156382079459003,0.6164816881875786,0.004153240204965045,0.608231191885038,0.6252577260556158,True
CLASSIC,2008,HD,evspsblsoi,precipitation,11830,0.3787827557058327,0.385078938117812,0.007589457314597595,0.3703928977209891,0.399733685163948,True
CLASSIC,2008,HD,evspsblsoi,lai,11830,0.36010143702451397,0.35946496024309754,0.009079897295753796,0.3395193755873178,0.37580938292476757,True
CLASSIC,2008,CW,evapotrans,precipitation,22360,0.2066484582758656,0.20952486162405973,0.00685945929856552,0.19623881163090404,0.2230780055191971,True
CLASSIC,2008,CW,evapotrans,lai,22360,0.2933810375670841,0.2934647125619411,0.0063349044360198345,0.2796670814920605,0.304484463133339,True
CLASSIC,2008,CW,tran,precipitation,22360,0.25105374283376897,0.25063022551585923,0.0068059537701863305,0.23445818037078023,0.2623638339842353,True
CLASSIC,2008,CW,tran,lai,22360,0.4347495527728086,0.4361847953543287,0.003667678421983614,0.42953656082289804,0.4451494096501023,True
CLASSIC,2008,CW,evspsblveg,precipitation,22360,0.32304198055720734,0.3230372005463736,0.006530031152832615,0.3106992917241961,0.33391690508069194,True
CLASSIC,2008,CW,evspsblveg,lai,22360,0.5381708407871199,0.5404846537047048,0.0027329926227936127,0.5353759864688284,0.5467537306084929,True
CLASSIC,2008,CW,evspsblsoi,precipitation,22360,0.13595394521824242,0.13760112120446957,0.00613979188950163,0.12642250338892647,0.1502516777150534,True
CLASSIC,2008,CW,evspsblsoi,lai,22360,0.1553890876565295,0.1571490202003753,0.004921846622641299,0.14869323781762575,0.16810823648413392,True
CLASSIC,2008,CD,evapotrans,precipitation,13131,0.2503398876170173,0.25802045018754977,0.008618100334498158,0.24241919127748404,0.27661313021895906,True
CLASSIC,2008,CD,evapotrans,lai,13131,0.36508699638878317,0.36586559446391703,0.005504570514837209,0.3547792502944511,0.37531462365601703,True
CLASSIC,2008,CD,tran,precipitation,13131,0.2549320276053386,0.25905932645175406,0.007112827477717024,0.2455828810732518,0.274186983224848,True
CLASSIC,2008,CD,tran,lai,13131,0.5016349106835606,0.504622028024637,0.006364363029572106,0.49200143747545105,0.5160349081779059,True
CLASSIC,2008,CD,evspsblveg,precipitation,13131,0.2848808235554303,0.28905874402834014,0.006711321171676387,0.27887666337710215,0.3020241238285266,True
CLASSIC,2008,CD,evspsblveg,lai,13131,0.5472523263292745,0.5485547258224102,0.0061368746549559094,0.5387576126984261,0.5587942815454753,True
CLASSIC,2008,CD,evspsblsoi,precipitation,13131,0.2389828128813397,0.24647645057964618,0.007752172671408886,0.23363667449090278,0.26604185912526945,True
CLASSIC,2008,CD,evspsblsoi,lai,13131,0.32736633709767354,0.33381920030211476,0.010718556857814813,0.317966620039449,0.35823128209617333,True
CLASSIC,2009,HW,evapotrans,precipitation,13263,0.27932205799306487,0.28256019388346293,0.008407781852347288,0.26744444781944854,0.29765505669612913,True
CLASSIC,2009,HW,evapotrans,lai,13263,0.3395942442538235,0.3429066872741635,0.006571469968786445,0.3304944252689152,0.35638967456828746,True
CLASSIC,2009,HW,tran,precipitation,13263,0.2590533091446983,0.26305631129971857,0.007904880783897191,0.24870251292813111,0.2779939063585307,True
CLASSIC,2009,HW,tran,lai,13263,0.416779677959608,0.41803300876923977,0.005176255707692728,0.4064641674973949,0.426571909768063,True
CLASSIC,2009,HW,evspsblveg,precipitation,13263,0.32185285103108796,0.32554171392048936,0.007148369778078558,0.31210768693326274,0.33877694785092044,True
CLASSIC,2009,HW,evspsblveg,lai,13263,0.36826337550488325,0.3713525504982801,0.004247772092123192,0.3632372725565542,0.3796763768850163,True
CLASSIC,2009,HW,evspsblsoi,precipitation,13263,0.22579095308005948,0.22989983434290082,0.006975959214643755,0.21655731437890466,0.24233695467722072,True
CLASSIC,2009,HW,evspsblsoi,lai,13263,0.3718453643876426,0.3760861559661641,0.006497051471281457,0.364513259982977,0.3867050865618108,True
CLASSIC,2009,HD,evapotrans,precipitation,11832,0.5198103471137486,0.521637477653506,0.004781670756869348,0.5125335430333643,0.5312312501390547,True
CLASSIC,2009,HD,evapotrans,lai,11832,0.48283670742322643,0.48701864321299676,0.006911469165725464,0.4731019449228292,0.5003107055411432,True
CLASSIC,2009,HD,tran,precipitation,11832,0.4731891736494639,0.47423846760949573,0.005393437338035504,0.4637601726873446,0.48457042493488295,True
CLASSIC,2009,HD,tran,lai,11832,0.6173896512287836,0.6187600883926097,0.004489196230419177,0.6104299876786002,0.6269366729106753,True
CLASSIC,2009,HD,evspsblveg,precipitation,11832,0.5038739021419627,0.5065143698758756,0.00544393808456756,0.49736708224758436,0.5167213049113241,True
CLASSIC,2009,HD,evspsblveg,lai,11832,0.5863703571614323,0.5875111593330817,0.004961014185391789,0.5782558008058769,0.5964473174411103,True
CLASSIC,2009,HD,evspsblsoi,precipitation,11832,0.41175134708642275,0.41469503337712355,0.006725465004471951,0.4014753878554999,0.4279610433350535,True
CLASSIC,2009,HD,evspsblsoi,lai,11832,0.3166515637064865,0.3236747424654697,0.007885779005589335,0.3120851561674575,0.34127426240771613,True
CLASSIC,2009,CW,evapotrans,precipitation,22375,0.285218365027896,0.28695588116296217,0.004850831548475606,0.27940607194633954,0.29754040754927485,True
CLASSIC,2009,CW,evapotrans,lai,22375,0.2912789189685705,0.29079047066009084,0.004164627724971069,0.28336006814457204,0.29934247311160583,True
CLASSIC,2009,CW,tran,precipitation,22375,0.2681251953109318,0.2679827560839043,0.006493257507237711,0.2566288312520253,0.2798923048994274,True
CLASSIC,2009,CW,tran,lai,22375,0.42657002949050726,0.42729818004685427,0.0037524083884498136,0.4207304274814814,0.4346808698501193,True
CLASSIC,2009,CW,evspsblveg,precipitation,22375,0.35207575159313675,0.35130184702912126,0.006012539732921684,0.33891142683082726,0.3634988767423579,True
CLASSIC,2009,CW,evspsblveg,lai,22375,0.5455983996923254,0.5460776037414871,0.0028356528268136455,0.5403468541202121,0.551125770425483,True
CLASSIC,2009,CW,evspsblsoi,precipitation,22375,0.10317178500551408,0.1046512238768361,0.006186595436863075,0.09306092361189727,0.11628590410250396,True
CLASSIC,2009,CW,evspsblsoi,lai,22375,0.18297799570252044,0.18540999157784196,0.0048423561964928055,0.17737247388537777,0.19624451602118356,True
CLASSIC,2009,CD,evapotrans,precipitation,13607,0.270050250792536,0.27201789097130313,0.006739835800645228,0.25923622338926433,0.28403411941200035,True
CLASSIC,2009,CD,evapotrans,lai,13607,0.38144858635646717,0.3834815206462531,0.004373922083180319,0.37597931978703686,0.3907355641806687,True
CLASSIC,2009,CD,tran,precipitation,13607,0.2651391380501137,0.26682962412404304,0.007345744871378934,0.25390146731311536,0.2809466658538835,True
CLASSIC,2009,CD,tran,lai,13607,0.47516084306575385,0.4775089218955037,0.005151038335822809,0.46878929609130277,0.4872754934721974,True
CLASSIC,2009,CD,evspsblveg,precipitation,13607,0.29912096058053605,0.3008389539253809,0.005496263728571643,0.2899880487050451,0.31124392543594476,True
CLASSIC,2009,CD,evspsblveg,lai,13607,0.5173384737336065,0.5188138986562358,0.00333548770199636,0.5118177037830067,0.5249889979236899,True
CLASSIC,2009,CD,evspsblsoi,precipitation,13607,0.26833603201245426,0.2690578878560649,0.006750483480266086,0.2569271651932775,0.28010864916015005,True
CLASSIC,2009,CD,evspsblsoi,lai,13607,0.34251004106536476,0.34657610960027774,0.005534188394641246,0.33632932708165086,0.35894003924494455,True
CLASSIC,2010,HW,evapotrans,precipitation,13248,0.27702667828821437,0.2834344065056788,0.007256449064095988,0.26866809612959985,0.2972832438598924,True
CLASSIC,2010,HW,evapotrans,lai,13248,0.33604750592471067,0.33656776905178715,0.007887527697359915,0.32051361140153756,0.3495727953807432,True
CLASSIC,2010,HW,tran,precipitation,13248,0.2116958914410719,0.2170965126410246,0.008348041344271754,0.19930158958322872,0.2312588735133064,True
CLASSIC,2010,HW,tran,lai,13248,0.41872476301157596,0.4212263733170873,0.00561074405118293,0.41190300104371586,0.4315827275845,True
CLASSIC,2010,HW,evspsblveg,precipitation,13248,0.33913382440069273,0.34247325051511324,0.008675764165089271,0.3246851529031082,0.35838711882563506,True
CLASSIC,2010,HW,evspsblveg,lai,13248,0.38007810363686084,0.38088571231784035,0.005976591798346904,0.3699978737718084,0.39133169841247545,True
CLASSIC,2010,HW,evspsblsoi,precipitation,13248,0.17551445287576337,0.1770194540888796,0.006979838116125251,0.1643765646001209,0.18973105231975207,True
CLASSIC,2010,HW,evspsblsoi,lai,13248,0.3758230505423389,0.3779036467826089,0.005566708151456074,0.3679444088392125,0.38813763335403406,True
CLASSIC,2010,HD,evapotrans,precipitation,11830,0.5088126270818578,0.5116953774356232,0.005391691809798103,0.5005683975102659,0.5222330301688715,True
CLASSIC,2010,HD,evapotrans,lai,11830,0.47852916314454774,0.48174482603458624,0.007942756605059158,0.4667941673710904,0.49694695581653797,True
CLASSIC,2010,HD,tran,precipitation,11830,0.39949281487743027,0.40260201552889635,0.007173266307855061,0.3904829819150959,0.41606569813148764,True
CLASSIC,2010,HD,tran,lai,11830,0.625781910397295,0.6251428063164067,0.003681343618935121,0.617972323953213,0.6320117554777478,True
CLASSIC,2010,HD,evspsblveg,precipitation,11830,0.44598478444632295,0.4520430069768707,0.006008178953170714,0.44063515026942124,0.4648267324722874,True
CLASSIC,2010,HD,evspsblveg,lai,11830,0.613693998309383,0.6122700324663922,0.005275188185163305,0.6022950626556396,0.6219258770469531,True
CLASSIC,2010,HD,evspsblsoi,precipitation,11830,0.4266272189349113,0.4295665186217491,0.005554166026092234,0.4186063110940509,0.44151672595367364,True
CLASSIC,2010,HD,evspsblsoi,lai,11830,0.34623837700760784,0.3468758243661897,0.01124023154223152,0.3268955507592759,0.36636094674556213,True
CLASSIC,2010,CW,evapotrans,precipitation,22422,0.26541808790768534,0.26660623877054285,0.005676057378231752,0.2575949219654979,0.27655190454688744,True
CLASSIC,2010,CW,evapotrans,lai,22422,0.3080949034460309,0.30960402876439436,0.005356638585236469,0.3000253724764928,0.3184841664578907,True
CLASSIC,2010,CW,tran,precipitation,22422,0.2533152192737898,0.25387151878135866,0.008091036296796377,0.23765745482315107,0.2678726660724537,True
CLASSIC,2010,CW,tran,lai,22422,0.4214779139991777,0.42424465800155425,0.0038099096087756508,0.41607076485514616,0.42946330408892563,True
CLASSIC,2010,CW,evspsblveg,precipitation,22422,0.30192992002126984,0.3019919215700717,0.006542242033107029,0.29177082798047216,0.3147510809889331,True
CLASSIC,2010,CW,evspsblveg,lai,22422,0.5525118259107537,0.554514129465898,0.0030216791172140117,0.5492949210522937,0.5600664504741538,True
CLASSIC,2010,CW,evspsblsoi,precipitation,22422,0.10499538538633059,0.10844272557504452,0.0046296933190115965,0.10079649976319638,0.11787153759837771,True
CLASSIC,2010,CW,evspsblsoi,lai,22422,0.17798786412382828,0.17947314221567937,0.005528377560664279,0.16998238832716542,0.19107165633529719,True
CLASSIC,2010,CD,evapotrans,precipitation,13662,0.25410640879480395,0.2597344382165926,0.005099132414241863,0.2478751246192574,0.26893811988836386,True
CLASSIC,2010,CD,evapotrans,lai,13662,0.3670683107948369,0.36917994532785764,0.005248488330148881,0.360368257156906,0.3781580795382577,True
CLASSIC,2010,CD,tran,precipitation,13662,0.2623677858415907,0.26945765658345705,0.006145868403053835,0.25898033079178234,0.2814296093488172,True
CLASSIC,2010,CD,tran,lai,13662,0.4639475687123532,0.46603976268130837,0.00425258611053956,0.4583452500203249,0.47590467086615784,True
CLASSIC,2010,CD,evspsblveg,precipitation,13662,0.32080871952919826,0.32284733442098196,0.0048394714840515225,0.3135532463212796,0.33162904677016375,True
CLASSIC,2010,CD,evspsblveg,lai,13662,0.4987883589003965,0.5001060158458932,0.004027872015669532,0.4927962744605296,0.5086651340489259,True
CLASSIC,2010,CD,evspsblsoi,precipitation,13662,0.23574105391853178,0.23975375169521065,0.004956795169262218,0.23093793765604112,0.2485119365016883,True
CLASSIC,2010,CD,evspsblsoi,lai,13662,0.3287417215420271,0.3318250632502944,0.00631321518344474,0.32112956564513656,0.343441571232681,True
CLASSIC,2011,HW,evapotrans,precipitation,13244,0.2937101541050111,0.2958448844444119,0.007430475147193085,0.28118459352468467,0.3099736884623742,True
CLASSIC,2011,HW,evapotrans,lai,13244,0.37669741044281874,0.3790140149616004,0.006778893850802579,0.365500162265187,0.3923087535480193,True
CLASSIC,2011,HW,tran,precipitation,13244,0.19848240005620738,0.20291111681559998,0.009552579816786365,0.18496107987258456,0.2212237224629072,True
CLASSIC,2011,HW,tran,lai,13244,0.4197629023825188,0.42092932848652476,0.00687851927574784,0.40806522251231986,0.43228794079699545,True
CLASSIC,2011,HW,evspsblveg,precipitation,13244,0.33505362058723964,0.33725881972710586,0.008423173901950534,0.3213120032696577,0.3529673745927432,True
CLASSIC,2011,HW,evspsblveg,lai,13244,0.43942270175919984,0.4406050756009284,0.005343284254879389,0.43026057018322134,0.4510488922003841,True
CLASSIC,2011,HW,evspsblsoi,precipitation,13244,0.17133267210552394,0.171950956402029,0.008204222443820349,0.15711916639522389,0.18664882785623063,True
CLASSIC,2011,HW,evspsblsoi,lai,13244,0.36167581471685406,0.3648440211792223,0.005400063350722181,0.353602077205751,0.3739406906415108,True
CLASSIC,2011,HD,evapotrans,precipitation,11827,0.4359772590775967,0.4394733733366968,0.006092813200376616,0.4285661145280129,0.4517898371536707,True
CLASSIC,2011,HD,evapotrans,lai,11827,0.4919012206003728,0.49054787488214585,0.005812272932376798,0.4791349166358716,0.5031618332985808,True
CLASSIC,2011,HD,tran,precipitation,11827,0.42879862614518605,0.43067919419216644,0.005914953515732004,0.4185225608557208,0.4408823524930844,True
CLASSIC,2011,HD,tran,lai,11827,0.6256664573603917,0.627887339039667,0.004858920770161413,0.6187608216220499,0.6380927219692777,True
CLASSIC,2011,HD,evspsblveg,precipitation,11827,0.44779124493220607,0.44843115492731045,0.006503641610040727,0.43544743619852433,0.45994980982364375,True
CLASSIC,2011,HD,evspsblveg,lai,11827,0.6080015371063686,0.6066789317558158,0.005623558602075128,0.5959699484845662,0.6173996072570642,True
CLASSIC,2011,HD,evspsblsoi,precipitation,11827,0.3503926725592612,0.35748494342386705,0.0061865446592929635,0.34558331773982254,0.36741218272713655,True
CLASSIC,2011,HD,evspsblsoi,lai,11827,0.382480635701753,0.3842350707412723,0.010388870910499845,0.3653505594269377,0.4039497099112315,True
CLASSIC,2011,CW,evapotrans,precipitation,22393,0.25509552878003916,0.2549810756304739,0.006595581557008043,0.241734745315149,0.2662465829910826,True
CLASSIC,2011,CW,evapotrans,lai,22393,0.3069279270361537,0.3101635991785086,0.0052087256002016045,0.29960421039361895,0.319213687227579,True
CLASSIC,2011,CW,tran,precipitation,22393,0.24714383384857538,0.24824320544598566,0.006350978476314025,0.2365329582108022,0.2607611110442047,True
CLASSIC,2011,CW,tran,lai,22393,0.44205201184324994,0.4425154418178925,0.0037975984453451545,0.43529252427960463,0.4506992791355334,True
CLASSIC,2011,CW,evspsblveg,precipitation,22393,0.28047112917133565,0.2809707751796679,0.005576671841460123,0.269510905745939,0.29130826717174696,True
CLASSIC,2011,CW,evspsblveg,lai,22393,0.559143161224037,0.5596700380901647,0.002672874373349629,0.5541853019528067,0.5644591776119757,True
CLASSIC,2011,CW,evspsblsoi,precipitation,22393,0.11564425647962324,0.11827606801749288,0.006362362032122681,0.10549360066340786,0.13020681421246091,True
CLASSIC,2011,CW,evspsblsoi,lai,22393,0.1995538453292554,0.20084366064338538,0.0066039601837143275,0.1862222160645572,0.21188369800620194,True
CLASSIC,2011,CD,evapotrans,precipitation,13361,0.27084850581749453,0.2766993803952723,0.005815522542079179,0.26617080679705046,0.2906884163712366,True
CLASSIC,2011,CD,evapotrans,lai,13361,0.3682310086062438,0.3693155270657718,0.005818158883290417,0.3571327240915346,0.380743605885034,True
CLASSIC,2011,CD,tran,precipitation,13361,0.2949181907123557,0.2967959061152457,0.005713148966793491,0.2878510420595986,0.3088117291104449,True
CLASSIC,2011,CD,tran,lai,13361,0.46466579601817243,0.46897199887041585,0.00936893693366937,0.45891978745923845,0.4938733058981145,True
CLASSIC,2011,CD,evspsblveg,precipitation,13361,0.3101568238248908,0.3154088423944584,0.00676977461519178,0.30280878331457484,0.32953935542633667,True
CLASSIC,2011,CD,evspsblveg,lai,13361,0.5081931974685462,0.5103374141912028,0.006982968545956201,0.5034590093261647,0.5302291143048693,True
CLASSIC,2011,CD,evspsblsoi,precipitation,13361,0.2649356626915318,0.26819917358778517,0.007184168715698545,0.2545727106625187,0.2804337419915695,True
CLASSIC,2011,CD,evspsblsoi,lai,13361,0.33084518598459095,0.33419910292988925,0.007224869524950966,0.32144631345034047,0.34886101275431763,True
CLASSIC,2012,HW,evapotrans,precipitation,13238,0.3067214952469066,0.31067500317493674,0.007462951763117427,0.297845722525903,0.3250189845333465,True
CLASSIC,2012,HW,evapotrans,lai,13238,0.38166088058317876,0.38077607091964166,0.007376599703660855,0.36612007638160593,0.3951843839533296,True
CLASSIC,2012,HW,tran,precipitation,13238,0.22940465034969826,0.23673970169790853,0.007977809678949168,0.2237295805415152,0.2548741087287505,True
CLASSIC,2012,HW,tran,lai,13238,0.43622754279198994,0.43822515186548405,0.006119444785961036,0.4254110253579755,0.44883572287107637,True
CLASSIC,2012,HW,evspsblveg,precipitation,13238,0.3622728034145043,0.3645274818018322,0.0068643951493053005,0.3525402078769317,0.37827420911552945,True
CLASSIC,2012,HW,evspsblveg,lai,13238,0.42115169915043615,0.42289624128475145,0.006850841184488576,0.41095180118806046,0.43681968500435436,True
CLASSIC,2012,HW,evspsblsoi,precipitation,13238,0.17819986544274952,0.18107077092302645,0.008177028218053403,0.16639260811946532,0.1972950114683248,True
CLASSIC,2012,HW,evspsblsoi,lai,13238,0.3695006912718992,0.37112437931853415,0.006860735475436259,0.35798161021090474,0.3823388005036545,True
CLASSIC,2012,HD,evapotrans,precipitation,11827,0.518892875336537,0.519580368762666,0.005874148935888318,0.5074997506194233,0.5300169838772743,True
CLASSIC,2012,HD,evapotrans,lai,11827,0.47055899082042485,0.47331360060286953,0.00774391934623967,0.4567860836853124,0.48762906013265916,True
CLASSIC,2012,HD,tran,precipitation,11827,0.47320868313892595,0.47525550547087625,0.004704167098673783,0.466880334687598,0.48402119504349866,True
CLASSIC,2012,HD,tran,lai,11827,0.6274520702221837,0.6278080310839793,0.003901727125272137,0.6204413323268723,0.6355387479850872,True
CLASSIC,2012,HD,evspsblveg,precipitation,11827,0.5031940634240459,0.5037097846377993,0.004362765007627224,0.4961035723936942,0.511217142221427,True
CLASSIC,2012,HD,evspsblveg,lai,11827,0.5869359979180964,0.5878656310982149,0.006549642216680917,0.5740857662474098,0.5999189895330448,True
CLASSIC,2012,HD,evspsblsoi,precipitation,11827,0.4297003053531466,0.43048562571174354,0.007107300946451625,0.4158986981237659,0.4425252416024305,True
CLASSIC,2012,HD,evspsblsoi,lai,11827,0.3383115313964544,0.34041798946118107,0.007402489012254211,0.32657360800736646,0.3556326302103565,True
CLASSIC,2012,CW,evapotrans,precipitation,22433,0.25402989476367455,0.2551463992625005,0.005510311292682573,0.24576153755184507,0.2672346211420321,True
CLASSIC,2012,CW,evapotrans,lai,22433,0.26214030230883784,0.26362696001897157,0.004624939531568307,0.25498175521581445,0.27145542577834275,True
CLASSIC,2012,CW,tran,precipitation,22433,0.258690499478362,0.25866446335864723,0.005596056140273171,0.24688725474880527,0.2688440467966989,True
CLASSIC,2012,CW,tran,lai,22433,0.3975553378655525,0.39847951209319066,0.00346492016078823,0.39214578916232545,0.40572814524161654,True
CLASSIC,2012,CW,evspsblveg,precipitation,22433,0.2906081174339465,0.29087883801780356,0.006491349782880558,0.2801169502887638,0.304632451395996,True
CLASSIC,2012,CW,evspsblveg,lai,22433,0.5221721116979856,0.524130833516627,0.0024797834099238923,0.5197680503562486,0.528897467373881,True
CLASSIC,2012,CW,evspsblsoi,precipitation,22433,0.0764879651729008,0.08078249744860065,0.004666061629809137,0.07154681906985302,0.08911297251224884,True
CLASSIC,2012,CW,evspsblsoi,lai,22433,0.17600924961252262,0.1786333961509109,0.004199164786831597,0.1711164216544994,0.1861733734312255,True
CLASSIC,2012,CD,evapotrans,precipitation,12999,0.23836306934852974,0.24370668404755647,0.007811114873021227,0.22751246314285953,0.2584181846014521,True
CLASSIC,2012,CD,evapotrans,lai,12999,0.3741142809801937,0.37538779205280604,0.008599983738005735,0.3604128090924149,0.39150599823848836,True
CLASSIC,2012,CD,tran,precipitation,12999,0.23932699170323457,0.2436660972740896,0.008730444580060484,0.22614991524485722,0.26015432918166176,True
CLASSIC,2012,CD,tran,lai,12999,0.4971944587453473,0.5006046123407193,0.006492067107408633,0.48923087278903105,0.515342237091204,True
CLASSIC,2012,CD,evspsblveg,precipitation,12999,0.26745583833831477,0.2666360772507686,0.00602285398334336,0.25625635037817196,0.2784832402811595,True
CLASSIC,2012,CD,evspsblveg,lai,12999,0.5568147253930776,0.5568736272408773,0.006357162135258222,0.5478959860863182,0.566223282176073,True
CLASSIC,2012,CD,evspsblsoi,precipitation,12999,0.23281631131388808,0.23802009662583692,0.008164840025868297,0.2230248169977572,0.25261150377692915,True
CLASSIC,2012,CD,evspsblsoi,lai,12999,0.3511978436211069,0.35408536795141793,0.010574842671079582,0.33306801128979047,0.37461729331733234,True
CLASSIC,2013,HW,evapotrans,precipitation,13248,0.28279162109196976,0.28170104740312946,0.00742388484050263,0.26668819925184434,0.29939436568567135,True
CLASSIC,2013,HW,evapotrans,lai,13248,0.33846080006380463,0.3408709332256506,0.007030095041893192,0.32730240835697666,0.3539728386521754,True
CLASSIC,2013,HW,tran,precipitation,13248,0.2346652823352475,0.23603766775380755,0.007407079144543734,0.22173011644058738,0.2490686270943099,True
CLASSIC,2013,HW,tran,lai,13248,0.4256668147844317,0.4290230810239912,0.0057661755378513495,0.4180129534396689,0.4386183660261705,True
CLASSIC,2013,HW,evspsblveg,precipitation,13248,0.36223278985507246,0.36356494748867946,0.008442656008194546,0.3460444767314621,0.37829852196417185,True
CLASSIC,2013,HW,evspsblveg,lai,13248,0.36791877888520164,0.37209576572315184,0.004891924353479675,0.36390061867673473,0.38041154728801924,True
CLASSIC,2013,HW,evspsblsoi,precipitation,13248,0.18034827613708876,0.18488584477027964,0.008025639468588804,0.16988045144999053,0.2000876800200529,True
CLASSIC,2013,HW,evspsblsoi,lai,13248,0.39209016953787257,0.3942555796379525,0.006652085639924614,0.38280479495369013,0.40614664148016444,True
CLASSIC,2013,HD,evapotrans,precipitation,11830,0.49191930924168153,0.4935704681110307,0.00463268648322748,0.4840035901315274,0.5020508945344663,True
CLASSIC,2013,HD,evapotrans,lai,11830,0.471513102282333,0.47042770780645715,0.010368683289307236,0.4499380706489094,0.4870369544047429,True
CLASSIC,2013,HD,tran,precipitation,11830,0.4577845459818449,0.46008341965460475,0.00823291372546859,0.4445197140879614,0.47541554917085405,True
CLASSIC,2013,HD,tran,lai,11830,0.6177514792899409,0.6181519579277989,0.0042842621978584645,0.6103900649261959,0.6259309228452141,True
CLASSIC,2013,HD,evspsblveg,precipitation,11830,0.49532567321762866,0.49530153265437077,0.006247784424275229,0.48232056561745734,0.507235785788925,True
CLASSIC,2013,HD,evspsblveg,lai,11830,0.5886728655959426,0.5885283544173133,0.005835923415535879,0.5776534320813899,0.5997828610754402,True
CLASSIC,2013,HD,evspsblsoi,precipitation,11830,0.4421922241652131,0.44418496212410025,0.005156723522427297,0.43526759390787384,0.4530974236194234,True
CLASSIC,2013,HD,evspsblsoi,lai,11830,0.3563820794590025,0.3582281188163663,0.0077784254104567765,0.3421724429416737,0.37362576217222837,True
CLASSIC,2013,CW,evapotrans,precipitation,22435,0.2863750880479975,0.28788014815965424,0.0058094581728826145,0.2778274922696374,0.3001231654346183,True
CLASSIC,2013,CW,evapotrans,lai,22435,0.2847327747488193,0.28631869398112886,0.004892412253987265,0.2769805465271981,0.2947355279726386,True
CLASSIC,2013,CW,tran,precipitation,22435,0.22237002837542963,0.2263939074235416,0.005977224472206243,0.21499614210121964,0.23947695555759252,True
CLASSIC,2013,CW,tran,lai,22435,0.4322961687642261,0.43374252471206476,0.004175995083447891,0.42638086982157514,0.4417351205607997,True
CLASSIC,2013,CW,evspsblveg,precipitation,22435,0.2874428769045754,0.28819054646474757,0.006313406561660341,0.2759647964439658,0.30174263261446516,True
CLASSIC,2013,CW,evspsblveg,lai,22435,0.5362933549250766,0.5372923866891022,0.00324628590661816,0.5305778828439934,0.5445526676125927,True
CLASSIC,2013,CW,evspsblsoi,precipitation,22435,0.12612513621521834,0.12873461317753385,0.005280407247271924,0.11705171350469804,0.1386390282869024,True
CLASSIC,2013,CW,evspsblsoi,lai,22435,0.17756331290536959,0.1842666940879511,0.005277673657801377,0.17546685639722698,0.19409621713534372,True
CLASSIC,2013,CD,evapotrans,precipitation,13315,0.31683535626858583,0.3198831982213807,0.00726808382553933,0.30916083303715863,0.33538068805201066,True
CLASSIC,2013,CD,evapotrans,lai,13315,0.38266734995824786,0.3839009380788934,0.005653953359968276,0.37333855115908454,0.39403675729891,True
CLASSIC,2013,CD,tran,precipitation,13315,0.3038322053622796,0.3043547770802949,0.006637355595704732,0.29067716315478537,0.3159609852486893,True
CLASSIC,2013,CD,tran,lai,13315,0.48845749575073677,0.48878699061358694,0.005037577279166035,0.47957819092264314,0.49752626946760464,True
CLASSIC,2013,CD,evspsblveg,precipitation,13315,0.3276707530936087,0.32935505989657765,0.007202947486294013,0.3164604933077168,0.34196313055071254,True
CLASSIC,2013,CD,evspsblveg,lai,13315,0.5121286103919249,0.5126112940988687,0.0036491423524589246,0.5065021143181827,0.5200138030947459,True
CLASSIC,2013,CD,evspsblsoi,precipitation,13315,0.316566033569029,0.31935356053390157,0.007228512195955749,0.30734756670532326,0.33607716102303015,True
CLASSIC,2013,CD,evspsblsoi,lai,13315,0.35135520506567886,0.3538274140561824,0.00624273935836733,0.3429267591055171,0.3664820184224176,True
CLASSIC,2014,HW,evapotrans,precipitation,13234,0.2824480874579106,0.285357417157556,0.006300485528618345,0.2738039624403233,0.2976730210034587,True
CLASSIC,2014,HW,evapotrans,lai,13234,0.3626519840384561,0.36317258584909284,0.0061587249310862255,0.3523517913348295,0.37535492480232535,True
CLASSIC,2014,HW,tran,precipitation,13234,0.23732216006984463,0.24342717738883593,0.0073477465710508226,0.22818648493935426,0.25801002190066996,True
CLASSIC,2014,HW,tran,lai,13234,0.41879022527352583,0.41788975877807466,0.005071053058791837,0.4080217558444599,0.4272672601851525,True
CLASSIC,2014,HW,evspsblveg,precipitation,13234,0.35545251465824024,0.35963764675565346,0.0058946183047196106,0.3498159663420779,0.3705756546646311,True
CLASSIC,2014,HW,evspsblveg,lai,13234,0.4566069942157509,0.45817729093443693,0.004161165888931466,0.44968796547785356,0.46624433704545054,True
CLASSIC,2014,HW,evspsblsoi,precipitation,13234,0.19892978768926,0.20254299895213884,0.007622083643366968,0.18702572862016442,0.2156639718654528,True
CLASSIC,2014,HW,evspsblsoi,lai,13234,0.3439767423769669,0.3445338233977525,0.006846592882922337,0.329485604150902,0.3561850845177439,True
CLASSIC,2014,HD,evapotrans,precipitation,11830,0.536244141125047,0.5365965994475872,0.005492649183313798,0.5260424904116097,0.5487408711475319,True
CLASSIC,2014,HD,evapotrans,lai,11830,0.46382079459002534,0.4664463886869413,0.008001143377290845,0.454010989010989,0.4811136939983094,True
CLASSIC,2014,HD,tran,precipitation,11830,0.4597502263453064,0.4616823022743652,0.006964441377365945,0.44879594542703793,0.4748463025069385,True
CLASSIC,2014,HD,tran,lai,11830,0.6201183431952663,0.6217301629204663,0.004136447246941721,0.6145237201299286,0.630120455562885,True
CLASSIC,2014,HD,evspsblveg,precipitation,11830,0.5086759979575286,0.5110657162762657,0.006372213046383124,0.49935169146750547,0.5231523561562407,True
CLASSIC,2014,HD,evspsblveg,lai,11830,0.5975486052409129,0.5983673690715223,0.004920549515542413,0.588585463410727,0.6084974640743872,True
CLASSIC,2014,HD,evspsblsoi,precipitation,11830,0.4084854817185938,0.41396671922412875,0.005898378299098679,0.40267946048091746,0.425675737284972,True
CLASSIC,2014,HD,evspsblsoi,lai,11830,0.3447168216398986,0.34644151027939585,0.01055725432023626,0.32226965342349956,0.36390995247106134,True
CLASSIC,2014,CW,evapotrans,precipitation,22324,0.2030067055290934,0.20636345007456713,0.005951430944267657,0.19359448981784416,0.21851643315242691,True
CLASSIC,2014,CW,evapotrans,lai,22324,0.2905690726793865,0.2916752629004727,0.004225813854781927,0.2837567632690874,0.29925268344927686,True
CLASSIC,2014,CW,tran,precipitation,22324,0.19772307348473026,0.20045532606957578,0.0065083981498122966,0.18709962491062998,0.21171617227957645,True
CLASSIC,2014,CW,tran,lai,22324,0.4152333522145991,0.41606584469721564,0.004360794907878485,0.40809012332184463,0.42394245444573525,True
CLASSIC,2014,CW,evspsblveg,precipitation,22324,0.2855195649318858,0.2882518391177445,0.005496179989527117,0.2776408334913436,0.29768072785624755,True
CLASSIC,2014,CW,evspsblveg,lai,22324,0.5477456394872773,0.548280492628769,0.002836920698019633,0.5432803547808299,0.5533422321129419,True
CLASSIC,2014,CW,evspsblsoi,precipitation,22324,0.13538975718469193,0.1358781198120393,0.006202654627844406,0.12500007735907842,0.1465914060200977,True
CLASSIC,2014,CW,evspsblsoi,lai,22324,0.15763648796818502,0.16167239568707412,0.004174518090099242,0.1542745983843871,0.17035793685595907,True
CLASSIC,2014,CD,evapotrans,precipitation,13357,0.27665868685410133,0.2780069764348829,0.007228949433293504,0.2641559840482814,0.2925701085638896,True
CLASSIC,2014,CD,evapotrans,lai,13357,0.41723782981836455,0.4179297140457172,0.00896100686987,0.3997703167882824,0.4339300528763213,True
CLASSIC,2014,CD,tran,precipitation,13357,0.29842874207383424,0.2999195154739836,0.005798798381013704,0.2890445143105889,0.3096147121363517,True
CLASSIC,2014,CD,tran,lai,13357,0.558156968010994,0.555920903217721,0.010149267872520313,0.532208536954439,0.5717570180950462,True
CLASSIC,2014,CD,evspsblveg,precipitation,13357,0.33295984769250153,0.3360265079188953,0.005827701251517167,0.32409300837121185,0.34631583839690705,True
CLASSIC,2014,CD,evspsblveg,lai,13357,0.5398467158995031,0.5395272477198535,0.007810351783088296,0.5184736153477544,0.5508319259507092,True
CLASSIC,2014,CD,evspsblsoi,precipitation,13357,0.24890666559372088,0.25007884754841264,0.007358463023147046,0.2373342144440701,0.2623502403771346,True
CLASSIC,2014,CD,evspsblsoi,lai,13357,0.39880403295386646,0.3974334860918019,0.009518003586273468,0.36753716944511916,0.412087149632008,True
CLASSIC,2015,HW,evapotrans,precipitation,13262,0.2566515359435423,0.2614799551897452,0.00836110734075202,0.24540765922894506,0.2750080663087641,True
CLASSIC,2015,HW,evapotrans,lai,13262,0.38019843680527016,0.3804334001346087,0.006568270498303527,0.36748725415840683,0.3911022772439422,True
CLASSIC,2015,HW,tran,precipitation,13262,0.22820562861990384,0.23135720161796075,0.008760080559046845,0.21474188978067377,0.24861432282406792,True
CLASSIC,2015,HW,tran,lai,13262,0.42077188751676675,0.42204081201386806,0.0058192422221156285,0.4114660329602731,0.4336362668628138,True
CLASSIC,2015,HW,evspsblveg,precipitation,13262,0.31478875786362015,0.3180296437180193,0.006713895196887437,0.3043804800837597,0.3307066685250174,True
CLASSIC,2015,HW,evspsblveg,lai,13262,0.44598152550445364,0.44707535098145046,0.004619937601192033,0.43726771247711155,0.4548250869468305,True
CLASSIC,2015,HW,evspsblsoi,precipitation,13262,0.20226390634736208,0.20686725771712375,0.007602840207462955,0.1891780549633863,0.22067555254194182,True
CLASSIC,2015,HW,evspsblsoi,lai,13262,0.3781668009825417,0.37717862448351136,0.00532655975459038,0.36693428446095144,0.38597507066444736,True
CLASSIC,2015,HD,evapotrans,precipitation,11827,0.49706337492896224,0.4965039480067992,0.005126800146318128,0.48590921024880185,0.5052134604716769,True
CLASSIC,2015,HD,evapotrans,lai,11827,0.4749797453616771,0.4772561009104432,0.0077059900807387475,0.46339601827359667,0.4916924827604609,True
CLASSIC,2015,HD,tran,precipitation,11827,0.46167547485262495,0.46292296841939395,0.005506086380765088,0.4517079599635665,0.47196993458587866,True
CLASSIC,2015,HD,tran,lai,11827,0.6074912189365095,0.6106365937331899,0.004328111210373051,0.6022714738151842,0.6186136245508964,True
CLASSIC,2015,HD,evspsblveg,precipitation,11827,0.4918820373553085,0.4944308272256016,0.004624430622826749,0.4856982177128149,0.5036691191087468,True
CLASSIC,2015,HD,evspsblveg,lai,11827,0.5808572458241396,0.5822338620496568,0.005236913209238377,0.5725862879086566,0.5918765033575293,True
CLASSIC,2015,HD,evspsblsoi,precipitation,11827,0.461896075579889,0.46232923321479175,0.006546035397495357,0.44882402885825035,0.47483809916577346,True
CLASSIC,2015,HD,evspsblsoi,lai,11827,0.3646197315897025,0.3680655156850902,0.011375959760781571,0.3491064578137009,0.3873046641054032,True
CLASSIC,2015,CW,evapotrans,precipitation,22368,0.21873304021064183,0.21926977274809192,0.005713106809420502,0.20754151808111565,0.22944256349923078,True
CLASSIC,2015,CW,evapotrans,lai,22368,0.2997306644718204,0.30145490298596633,0.006312036382765216,0.28873080669432893,0.3119912462954059,True
CLASSIC,2015,CW,tran,precipitation,22368,0.25904867687274424,0.25968285299964267,0.006697982647292435,0.24763163640065194,0.2721120801386042,True
CLASSIC,2015,CW,tran,lai,22368,0.39047450201865747,0.39145798828411765,0.0036500971848194286,0.38315520034245126,0.39762460363600344,True
CLASSIC,2015,CW,evspsblveg,precipitation,22368,0.300008785530459,0.3034218233755048,0.006189803174846022,0.29318218903769844,0.3152706273163892,True
CLASSIC,2015,CW,evspsblveg,lai,22368,0.5519751838311708,0.5542041555840372,0.002726813191465386,0.5495385606714371,0.5593836095469173,True
CLASSIC,2015,CW,evspsblsoi,precipitation,22368,0.11516016501952966,0.11583990578280788,0.006007702502524794,0.10335655800038225,0.12484617069170767,True
CLASSIC,2015,CW,evspsblsoi,lai,22368,0.17447648366367946,0.17586157724261775,0.0034804304535391655,0.16891225273874394,0.18279687798599362,True
CLASSIC,2015,CD,evapotrans,precipitation,13646,0.3259031298374034,0.3284176267387541,0.006975862452840293,0.314641469380092,0.34435124450072135,True
CLASSIC,2015,CD,evapotrans,lai,13646,0.3755237483216378,0.3772398722580008,0.005883061794752686,0.3649253275063508,0.386223305525608,True
CLASSIC,2015,CD,tran,precipitation,13646,0.31864147051629615,0.3194690864753357,0.006391550165369391,0.3083114779236007,0.3318248906051867,True
CLASSIC,2015,CD,tran,lai,13646,0.5073724189728879,0.5098172992941237,0.0034100293852834095,0.5039767814498274,0.5166601951597808,True
CLASSIC,2015,CD,evspsblveg,precipitation,13646,0.33178736079243376,0.33614960747582806,0.0058934726333215405,0.3243696494779806,0.3495009991448824,True
CLASSIC,2015,CD,evspsblveg,lai,13646,0.5289225626100901,0.5310287608621472,0.0035947160872922975,0.5243757486187611,0.537999072192154,True
CLASSIC,2015,CD,evspsblsoi,precipitation,13646,0.2726794529773352,0.27846486588579766,0.005640786996236301,0.2660039557579533,0.28771563068288936,True
CLASSIC,2015,CD,evspsblsoi,lai,13646,0.33631521770619605,0.3388275002438611,0.00521461310517308,0.3278120451412488,0.34757428746079266,True
CLASSIC,2016,HW,evapotrans,precipitation,13249,0.2608102354710199,0.26240940990296263,0.00774608979494192,0.24842185423181543,0.28129332021159886,True
CLASSIC,2016,HW,evapotrans,lai,13249,0.3591025595381353,0.36039116101072416,0.007392166561058344,0.3460604317591787,0.3752164703119287,True
CLASSIC,2016,HW,tran,precipitation,13249,0.21559918976212328,0.2221293518520019,0.00802685667580882,0.20715376123506493,0.23985035889276635,True
CLASSIC,2016,HW,tran,lai,13249,0.43717070850487827,0.4368101181100766,0.005840968673428579,0.42608702072539145,0.44659347041522734,True
CLASSIC,2016,HW,evspsblveg,precipitation,13249,0.3551942030955286,0.3564608852729171,0.0074477293559085,0.34315343443538815,0.3702380342590444,True
CLASSIC,2016,HW,evspsblveg,lai,13249,0.42347529254610883,0.4259831065621972,0.005853916246700554,0.41529066745445564,0.43704956294256014,True
CLASSIC,2016,HW,evspsblsoi,precipitation,13249,0.20065270700237142,0.20542513333610787,0.007429879854825709,0.18969561648529362,0.21749732042844944,True
CLASSIC,2016,HW,evspsblsoi,lai,13249,0.36234703366719023,0.3652027608188122,0.006795443973349892,0.3519422124224468,0.37813036182410686,True
CLASSIC,2016,HD,evapotrans,precipitation,11826,0.5329614933584024,0.5351402219113459,0.00486354040247045,0.5258132793821275,0.5428929931659819,True
CLASSIC,2016,HD,evapotrans,lai,11826,0.4534429132251401,0.45617296443917277,0.009884674601306785,0.4367843634536305,0.47607684522015936,True
CLASSIC,2016,HD,tran,precipitation,11826,0.4221991988939653,0.42210364636577047,0.006621033483429093,0.409613658866152,0.433100449748924,True
CLASSIC,2016,HD,tran,lai,11826,0.6199975725792375,0.6226918347722562,0.004546379033734445,0.614088364734236,0.6302293798254459,True
CLASSIC,2016,HD,evspsblveg,precipitation,11826,0.470611329871077,0.4724483374954604,0.006140669829567462,0.4615688289878957,0.48330700481259936,True
CLASSIC,2016,HD,evspsblveg,lai,11826,0.5831368023148845,0.5852492581983263,0.006964801455540402,0.5742192025398469,0.5986842951838477,True
CLASSIC,2016,HD,evspsblsoi,precipitation,11826,0.43871849203667784,0.4398347745059858,0.006688844094450113,0.4277463175470717,0.45200733714139013,True
CLASSIC,2016,HD,evspsblsoi,lai,11826,0.3174555998581288,0.31808047241789233,0.007999205184679893,0.30142990343640147,0.3327632486352191,True
CLASSIC,2016,CW,evapotrans,precipitation,22364,0.3338135317384522,0.3356353647649837,0.005770756804993195,0.32370978900026964,0.3467059769501988,True
CLASSIC,2016,CW,evapotrans,lai,22364,0.2659503565818948,0.26852786028042047,0.00510682118975747,0.25919832964110173,0.2772818129923998,True
CLASSIC,2016,CW,tran,precipitation,22364,0.32330907690155886,0.3241704913374149,0.006391513068306279,0.31253723203819034,0.3386589996118137,True
CLASSIC,2016,CW,tran,lai,22364,0.4036052622906287,0.40403762070354765,0.0038527267538813314,0.3951885868054955,0.4112701961473524,True
CLASSIC,2016,CW,evspsblveg,precipitation,22364,0.31831574538101903,0.3208586665506201,0.006079864846636652,0.3100459363971278,0.3304887273736548,True
CLASSIC,2016,CW,evspsblveg,lai,22364,0.5221473448415211,0.5230140546788471,0.0029872688069631963,0.5178993504800105,0.5289439687377,True
CLASSIC,2016,CW,evspsblsoi,precipitation,22364,0.09478883953767182,0.10005602354694869,0.004917943267676036,0.09195634924175583,0.11072513706200643,True
CLASSIC,2016,CW,evspsblsoi,lai,22364,0.18431082922815642,0.18665323949384865,0.00568307888710939,0.17676776192840998,0.1993195815750871,True
CLASSIC,2016,CD,evapotrans,precipitation,13403,0.28963253284374246,0.2918480661031996,0.007652884710542905,0.27981240657311784,0.3065083452289201,True
CLASSIC,2016,CD,evapotrans,lai,13403,0.3658627607318923,0.37098924389837895,0.00550633539689754,0.3615659402022714,0.3810067752147364,True
CLASSIC,2016,CD,tran,precipitation,13403,0.2854133284583559,0.2889452371620419,0.008140827131517606,0.27430376860184047,0.3039274765100821,True
CLASSIC,2016,CD,tran,lai,13403,0.47457711628383487,0.4775480642631468,0.0049443741513004276,0.47030939902448804,0.48665856206184704,True
CLASSIC,2016,CD,evspsblveg,precipitation,13403,0.32198163865646656,0.32503019802912897,0.008621475825625646,0.308292286429098,0.33986310236979683,True
CLASSIC,2016,CD,evspsblveg,lai,13403,0.5165952487803465,0.517438147076225,0.0033279932089234376,0.5115071427175201,0.5234758655224074,True
CLASSIC,2016,CD,evspsblsoi,precipitation,13403,0.280703447043011,0.2826882774716439,0.005250307065812453,0.2726678175316367,0.2929074233108266,True
CLASSIC,2016,CD,evspsblsoi,lai,13403,0.3306463467189903,0.3363433337755615,0.006441372689966031,0.3246342195053235,0.3473583498815292,True
CLASSIC,2017,HW,evapotrans,precipitation,13231,0.2663386265074065,0.2690115391957817,0.007520738767748222,0.25235328465644535,0.2824173323272227,True
CLASSIC,2017,HW,evapotrans,lai,13231,0.3495778227145039,0.35023323389186806,0.007373740003423155,0.3378158263678285,0.3633105019170809,True
CLASSIC,2017,HW,tran,precipitation,13231,0.21317704517364128,0.2145803778526467,0.007569519162867483,0.2007287712406986,0.23001340452515895,True
CLASSIC,2017,HW,tran,lai,13231,0.41783682964027824,0.41908640134474806,0.005902361308489079,0.4087892148968763,0.4303185645102068,True
CLASSIC,2017,HW,evspsblveg,precipitation,13231,0.34478957279430833,0.3470227297507623,0.006958316574603415,0.3341029830180717,0.36042386090547884,True
CLASSIC,2017,HW,evspsblveg,lai,13231,0.4260715732475777,0.4289472666050907,0.006322776329832158,0.4162540460305055,0.4406591696540559,True
CLASSIC,2017,HW,evspsblsoi,precipitation,13231,0.18141180256334616,0.18505299539773135,0.007622951341422242,0.16974846186048162,0.201849986255445,True
CLASSIC,2017,HW,evspsblsoi,lai,13231,0.374900918974901,0.3777966238502122,0.006950172460881011,0.36657388903502125,0.3911387649729293,True
CLASSIC,2017,HD,evapotrans,precipitation,11825,0.4668699359944626,0.47067354166959213,0.006116279784333525,0.4591098957809885,0.4820690395616114,True
CLASSIC,2017,HD,evapotrans,lai,11825,0.48053599352347115,0.48180849257793873,0.00891696309767649,0.46473303908262353,0.5000033163081118,True
CLASSIC,2017,HD,tran,precipitation,11825,0.44651261748069504,0.44751151250491616,0.004980151893582503,0.4374982215698353,0.4576779657345273,True
CLASSIC,2017,HD,tran,lai,11825,0.606691126404901,0.6077716611233859,0.004771280878141836,0.5982087198342976,0.6164875680017755,True
CLASSIC,2017,HD,evspsblveg,precipitation,11825,0.5037739466424704,0.5049060216497104,0.004191631646048731,0.496033898739663,0.5130283715999288,True
CLASSIC,2017,HD,evspsblveg,lai,11825,0.608306112492159,0.6068048681682124,0.008140853547746619,0.592215854053367,0.6212979482294286,True
CLASSIC,2017,HD,evspsblsoi,precipitation,11825,0.3852963822424663,0.3886463956499536,0.005866214696606047,0.37919621845954093,0.39996637441270716,True
CLASSIC,2017,HD,evspsblsoi,lai,11825,0.33629130402120605,0.33937159858002697,0.00624569889585768,0.3270429093198542,0.3506207584901681,True
CLASSIC,2017,CW,evapotrans,precipitation,22293,0.23439200658030795,0.23729806868345674,0.005331126000438282,0.22734012634982048,0.24674125981784809,True
CLASSIC,2017,CW,evapotrans,lai,22293,0.26721706304853765,0.2679656804418014,0.004418385736025661,0.25908405636251186,0.2762950244844146,True
CLASSIC,2017,CW,tran,precipitation,22293,0.30145347019442437,0.30164656937755874,0.005183958815534169,0.29271926487974065,0.3100804951872425,True
CLASSIC,2017,CW,tran,lai,22293,0.41126634817500607,0.412010609275155,0.0034512543730670195,0.4059923895924455,0.4186731731666379,True
CLASSIC,2017,CW,evspsblveg,precipitation,22293,0.35146808964605314,0.35300627668835177,0.005471780544788973,0.34249514006787285,0.36230913421090466,True
CLASSIC,2017,CW,evspsblveg,lai,22293,0.5387059376048792,0.540059063261334,0.002727918860253381,0.5348646924196024,0.5454156450767755,True
CLASSIC,2017,CW,evspsblsoi,precipitation,22293,0.10264078994122333,0.10747209457943972,0.004140558928512701,0.09998814265588905,0.11568458013658181,True
CLASSIC,2017,CW,evspsblsoi,lai,22293,0.17406738434993813,0.1777873462989389,0.0055208536307957135,0.1681754881318227,0.1899885162928787,True
CLASSIC,2017,CD,evapotrans,precipitation,13474,0.2403466920646423,0.24331565915225553,0.007101572678570084,0.2298770176148377,0.25569782235778377,True
CLASSIC,2017,CD,evapotrans,lai,13474,0.3820312628275039,0.38000144072754627,0.00964523945651286,0.3654820529384392,0.39811697732351226,True
CLASSIC,2017,CD,tran,precipitation,13474,0.2650790011701714,0.26927685152612024,0.007049667468254812,0.2561716008171557,0.2840107316503105,True
CLASSIC,2017,CD,tran,lai,13474,0.5145731464012353,0.504957564460619,0.016615159628851472,0.47265101293376816,0.5274418451770955,True
CLASSIC,2017,CD,evspsblveg,precipitation,13474,0.3003194361843355,0.3027385392551692,0.006458772635225197,0.29089249983775495,0.31445404306147906,True
CLASSIC,2017,CD,evspsblveg,lai,13474,0.5422208837080603,0.5357623963072221,0.014484524342189655,0.5078528778075712,0.5525639188647139,True
CLASSIC,2017,CD,evspsblsoi,precipitation,13474,0.23236649009960508,0.23502512145610446,0.0069869396780821505,0.22286080275707523,0.24781457860139353,True
CLASSIC,2017,CD,evspsblsoi,lai,13474,0.35827675043877294,0.3547233199467815,0.012793676785441287,0.3327406097398443,0.37609217522819816,True
CLASSIC,2018,HW,evapotrans,precipitation,13236,0.2815095258274608,0.28344805738079026,0.008403038198145103,0.26837756783748395,0.29874909185923626,True
CLASSIC,2018,HW,evapotrans,lai,13236,0.37265265288570304,0.37374603661211714,0.008150291991962183,0.35778100952570213,0.38851248657061654,True
CLASSIC,2018,HW,tran,precipitation,13236,0.2305967986839514,0.23363567083350495,0.00818755452931006,0.21818503022344463,0.2474962790934191,True
CLASSIC,2018,HW,tran,lai,13236,0.4140811097636873,0.4155130830245847,0.006043240183852309,0.40451958764225476,0.426848567243676,True
CLASSIC,2018,HW,evspsblveg,precipitation,13236,0.3744720349874966,0.37501775885173877,0.006806044350876301,0.36112955997912244,0.3871348216096433,True
CLASSIC,2018,HW,evspsblveg,lai,13236,0.4513934349147569,0.45118708383617473,0.004178920640236809,0.44423168475019453,0.4594181174179489,True
CLASSIC,2018,HW,evspsblsoi,precipitation,13236,0.21282750787698837,0.21638939895179735,0.008748307987962013,0.19897331978996516,0.23292771607454493,True
CLASSIC,2018,HW,evspsblsoi,lai,13236,0.32856740548151664,0.3332897675103181,0.005520747793013221,0.3221472425304062,0.3438550449288257,True
CLASSIC,2018,HD,evapotrans,precipitation,11826,0.5023215147297135,0.5022515947695332,0.004227210709653717,0.4932925430774783,0.5101371041461876,True
CLASSIC,2018,HD,evapotrans,lai,11826,0.4988410423956613,0.49946581369416765,0.00737223111164201,0.4880379386951546,0.5126888470451871,True
CLASSIC,2018,HD,tran,precipitation,11826,0.44066558014359514,0.44108820828578615,0.00726768949139585,0.4267115308858674,0.45365663042614973,True
CLASSIC,2018,HD,tran,lai,11826,0.6155193529622753,0.6171255107561866,0.004713316845164483,0.6073859040515279,0.6262134102997847,True
CLASSIC,2018,HD,evspsblveg,precipitation,11826,0.4905613820555008,0.49256911288545924,0.005548706986202111,0.4833413826163051,0.5043250895856616,True
CLASSIC,2018,HD,evspsblveg,lai,11826,0.592100961261481,0.594681791358219,0.004813567077374805,0.5856815326346212,0.603660721361268,True
CLASSIC,2018,HD,evspsblsoi,precipitation,11826,0.4407542788294457,0.4445748479052852,0.005554460753969526,0.43370926340104976,0.45442704599881345,True
CLASSIC,2018,HD,evspsblsoi,lai,11826,0.31689256118479864,0.32094177970381793,0.009535497572653437,0.30268372594505366,0.34145441313771496,True
CLASSIC,2018,CW,evapotrans,precipitation,22416,0.2543416954927558,0.254556676141475,0.007204447963396688,0.24083705692496093,0.2677901279630303,True
CLASSIC,2018,CW,evapotrans,lai,22416,0.27434670727754734,0.2764869337371864,0.004387803441338615,0.2682648532205466,0.2848770516586049,True
CLASSIC,2018,CW,tran,precipitation,22416,0.1993894253298842,0.20028484346312644,0.0064575955135035635,0.1866529210030248,0.2124987984286498,True
CLASSIC,2018,CW,tran,lai,22416,0.3913054734035697,0.39261547923976126,0.004279559268287345,0.3848518658197203,0.4003894230786258,True
CLASSIC,2018,CW,evspsblveg,precipitation,22416,0.2748324020735401,0.2763147893796005,0.005307264495173372,0.2656400331438754,0.28548481135530734,True
CLASSIC,2018,CW,evspsblveg,lai,22416,0.5425591235791332,0.5432861931362748,0.003091959733017889,0.5369311445579884,0.5493235086912274,True
CLASSIC,2018,CW,evspsblsoi,precipitation,22416,0.09855046140511878,0.10048206481901654,0.0057110825487513865,0.08927779639837105,0.11114941022041938,True
CLASSIC,2018,CW,evspsblsoi,lai,22416,0.16129991655635292,0.1634439567884879,0.00531161102254123,0.15414936710804672,0.17394446927008375,True
CLASSIC,2018,CD,evapotrans,precipitation,13125,0.23834569031273836,0.24516423211234417,0.011422958925675398,0.22807496885736772,0.2759594429333043,True
CLASSIC,2018,CD,evapotrans,lai,13125,0.37841732129256883,0.3796785874877131,0.010579971494620845,0.3610113023610053,0.3989644574796706,True
CLASSIC,2018,CD,tran,precipitation,13125,0.23331485234826196,0.23584608576149296,0.01029747146293147,0.22174509747907437,0.26239482247125806,True
CLASSIC,2018,CD,tran,lai,13125,0.5118251042686686,0.512154712339416,0.00872662215188196,0.497555684183803,0.530657556305081,True
CLASSIC,2018,CD,evspsblveg,precipitation,13125,0.2608430518424312,0.26822843668718055,0.00996711121312838,0.2565327132253125,0.29947436134897487,True
CLASSIC,2018,CD,evspsblveg,lai,13125,0.5109490008341494,0.5106386730869498,0.005283212056975933,0.5001748224712581,0.5192093522930495,True
CLASSIC,2018,CD,evspsblsoi,precipitation,13125,0.23814832734008934,0.2454049509057435,0.010019334501186115,0.2276019516439391,0.269644290211163,True
CLASSIC,2018,CD,evspsblsoi,lai,13125,0.3522324592898851,0.3544985137127258,0.010845744656864865,0.3325034795835447,0.3758860977161994,True
CLASSIC,2019,HW,evapotrans,precipitation,13237,0.26361839197648557,0.26732386188771534,0.007292468813650227,0.25403008090348256,0.2803078774244964,True
CLASSIC,2019,HW,evapotrans,lai,13237,0.39589006764348605,0.39421673959027664,0.0069160654710040525,0.3803619014731582,0.40839868572996607,True
CLASSIC,2019,HW,tran,precipitation,13237,0.22107848017370382,0.2243228495264865,0.00852860221200817,0.2095988386040008,0.2438487872994386,True
CLASSIC,2019,HW,tran,lai,13237,0.42122111849176336,0.42226716777067774,0.0058161880919346855,0.4097720202384199,0.43182877825306704,True
CLASSIC,2019,HW,evspsblveg,precipitation,13237,0.3438712062942302,0.3458382938693094,0.006296724894746828,0.3349103049674046,0.3601249876650175,True
CLASSIC,2019,HW,evspsblveg,lai,13237,0.4423094294536309,0.44489482798546975,0.005706115287071589,0.4341344970175938,0.45746706147019034,True
CLASSIC,2019,HW,evspsblsoi,precipitation,13237,0.18124069091363687,0.1851955664441058,0.0066528848267278905,0.17275802761843087,0.19696380059868263,True
CLASSIC,2019,HW,evspsblsoi,lai,13237,0.39887131001005594,0.39935829781298965,0.0064211606066891325,0.38824148306484135,0.4120971524673311,True
CLASSIC,2019,HD,evapotrans,precipitation,11825,0.41199803869376816,0.4143503578392535,0.005747596980214484,0.4042872507394751,0.4269817887454462,True
CLASSIC,2019,HD,evapotrans,lai,11825,0.47049043979276534,0.4714541308552237,0.010138308789126178,0.4531497971761836,0.49219785509115527,True
CLASSIC,2019,HD,tran,precipitation,11825,0.41698675120471335,0.41970203123882877,0.005570133014373705,0.40881514229234817,0.42998002899618964,True
CLASSIC,2019,HD,tran,lai,11825,0.6168401902212278,0.6186414916871559,0.004716444053895504,0.610023136304829,0.6274373459174847,True
CLASSIC,2019,HD,evspsblveg,precipitation,11825,0.41933988968290276,0.41992575113162495,0.0055363369308063445,0.4083547674337655,0.43019006650943364,True
CLASSIC,2019,HD,evspsblveg,lai,11825,0.582423372691709,0.580673639739659,0.005096858901832809,0.5721853282809068,0.5911184642576637,True
CLASSIC,2019,HD,evspsblsoi,precipitation,11825,0.3691729488998714,0.3724381447808749,0.008149330780363175,0.3563071995487188,0.3895819022433149,True
CLASSIC,2019,HD,evspsblsoi,lai,11825,0.34194242251487333,0.34328952382861105,0.008786796946277894,0.3266763576316349,0.3599717652651463,True
CLASSIC,2019,CW,evapotrans,precipitation,22359,0.19091830882746424,0.1918441494081135,0.007541632749463504,0.18083289486451762,0.20690895734621587,True
CLASSIC,2019,CW,evapotrans,lai,22359,0.27597663105410886,0.2772795621466829,0.004007118927318028,0.2695930067338562,0.28478303120781073,True
CLASSIC,2019,CW,tran,precipitation,22359,0.21850657641125837,0.21848762017474477,0.008165546812053753,0.2044789141482424,0.23465631244074972,True
CLASSIC,2019,CW,tran,lai,22359,0.43550870487853877,0.43615069848392596,0.003647884015361685,0.42932273778294183,0.4439373435681578,True
CLASSIC,2019,CW,evspsblveg,precipitation,22359,0.2838624897336751,0.28435499374385126,0.00606003383468703,0.27314839546156455,0.2952486357501399,True
CLASSIC,2019,CW,evspsblveg,lai,22359,0.5418869499109547,0.5434529775418585,0.003163672806386474,0.537123501727607,0.5490240150141908,True
CLASSIC,2019,CW,evspsblsoi,precipitation,22359,0.11012520929799113,0.11637584598242064,0.0051605706849015024,0.10709150797502928,0.1256503655911795,True
CLASSIC,2019,CW,evspsblsoi,lai,22359,0.17890412702388625,0.18035700609489796,0.007002855474201276,0.16735064053054854,0.19374818341637473,True
CLASSIC,2019,CD,evapotrans,precipitation,13402,0.21089158683957956,0.21351764939796797,0.0063633997676802055,0.20027204955382857,0.22486286467331762,True
CLASSIC,2019,CD,evapotrans,lai,13402,0.37478294618535435,0.38048022719182323,0.007659445186151884,0.36644604100317724,0.3940699205064069,True
CLASSIC,2019,CD,tran,precipitation,13402,0.21397726154320867,0.2181415476565078,0.005950174606778554,0.20696363096632978,0.2275319732389674,True
CLASSIC,2019,CD,tran,lai,13402,0.4770140678490847,0.48916361032566813,0.015377497121226017,0.47373134214591445,0.5196303188774398,True
CLASSIC,2019,CD,evspsblveg,precipitation,13402,0.2348507222902872,0.23733825870866493,0.0062912394133295526,0.22655542238129098,0.25187255843833356,True
CLASSIC,2019,CD,evspsblveg,lai,13402,0.5047340339044963,0.5203106747873357,0.023249492098135503,0.49928164681368564,0.560984850439005,True
CLASSIC,2019,CD,evspsblsoi,precipitation,13402,0.20359709689248395,0.2057391180509055,0.00530415011774822,0.1951627188076648,0.21717645861944776,True
CLASSIC,2019,CD,evspsblsoi,lai,13402,0.34008206616521924,0.35020517848499005,0.013008545567533369,0.3309169325124572,0.37803004022540726,True
CLASSIC,2020,HW,evapotrans,precipitation,13225,0.23168759207106493,0.234166642827778,0.006818127795223973,0.222524118222869,0.2470658370796105,True
CLASSIC,2020,HW,evapotrans,lai,13225,0.3596744238548182,0.36388308730247404,0.0074376977843342495,0.3500133770187338,0.3772753797764671,True
CLASSIC,2020,HW,tran,precipitation,13225,0.17758317071382534,0.18166311384115905,0.006742279152317871,0.16872544096210998,0.19470404470422192,True
CLASSIC,2020,HW,tran,lai,13225,0.41910311530619393,0.42114507271941015,0.005546821815688169,0.41123486415905636,0.4320061691606843,True
CLASSIC,2020,HW,evspsblveg,precipitation,13225,0.2896049963778832,0.2910457702969211,0.007630935043355126,0.2763116683693824,0.30829308774887326,True
CLASSIC,2020,HW,evspsblveg,lai,13225,0.42816012185172325,0.43211065547926764,0.004846555011689829,0.4220247632764511,0.4401162735603735,True
CLASSIC,2020,HW,evspsblsoi,precipitation,13225,0.1361017346051315,0.14157946574474572,0.006723559631338567,0.1285630795534852,0.15375686226005936,True
CLASSIC,2020,HW,evspsblsoi,lai,13225,0.37416809003522644,0.3764396140368868,0.007723134390089931,0.3623425389795506,0.39108355914650356,True
CLASSIC,2020,HD,evapotrans,precipitation,11825,0.5280845036629024,0.5290677398496277,0.004765985189337739,0.5206077702020457,0.5383674051926961,True
CLASSIC,2020,HD,evapotrans,lai,11825,0.4724204596834293,0.47368911224703053,0.007335681714525698,0.45946784510495997,0.4869404395310473,True
CLASSIC,2020,HD,tran,precipitation,11825,0.48165243281731207,0.4825517977090375,0.005327536677955243,0.47341485865378735,0.49177929581055285,True
CLASSIC,2020,HD,tran,lai,11825,0.6115135669339604,0.6112181757310361,0.004925530548022108,0.6024926465039611,0.6217363013236323,True
CLASSIC,2020,HD,evspsblveg,precipitation,11825,0.5096022244602469,0.5106158783302778,0.005211240136363208,0.5001433559388283,0.519823991140851,True
CLASSIC,2020,HD,evspsblveg,lai,11825,0.5976478619770211,0.5989808689860606,0.006380732860922292,0.5862730668258397,0.6117948538929644,True
CLASSIC,2020,HD,evspsblsoi,precipitation,11825,0.4038994279423618,0.40787609532625546,0.0064819215012827305,0.395124126586253,0.41966457995812156,True
CLASSIC,2020,HD,evspsblsoi,lai,11825,0.31675658867072104,0.3213056915066375,0.0088805233120319,0.3055560074987624,0.3373562626997332,True
CLASSIC,2020,CW,evapotrans,precipitation,22333,0.24846306633888643,0.2487606080902179,0.0057097618763589765,0.23900568567190483,0.25963917132944486,True
CLASSIC,2020,CW,evapotrans,lai,22333,0.270726875250566,0.27176044621166356,0.005216608494815222,0.26005134687394355,0.280749048462168,True
CLASSIC,2020,CW,tran,precipitation,22333,0.30142208357593814,0.3019458280305319,0.005751721571782239,0.29198683015182136,0.3114749519789712,True
CLASSIC,2020,CW,tran,lai,22333,0.43273768508499233,0.43333576247705674,0.0038961921051478537,0.4263000697784076,0.4404561014101038,True
CLASSIC,2020,CW,evspsblveg,precipitation,22333,0.3684494472172209,0.3706221049257115,0.004677929286620761,0.36078579064582755,0.37899188405705103,True
CLASSIC,2020,CW,evspsblveg,lai,22333,0.5290323627892741,0.5310161672778921,0.002439541751371157,0.5264732393424726,0.5349046973798,True
CLASSIC,2020,CW,evspsblsoi,precipitation,22333,0.1630388511924572,0.16404778859493857,0.003993836599231755,0.15485447779788694,0.17117544972903032,True
CLASSIC,2020,CW,evspsblsoi,lai,22333,0.2108323446940313,0.2111645860379224,0.003935738724210121,0.2037619941705285,0.21770279918615063,True
CLASSIC,2020,CD,evapotrans,precipitation,13367,0.2717404535811398,0.2754935050744609,0.005925731648584021,0.2653599732633512,0.28921710396834494,True
CLASSIC,2020,CD,evapotrans,lai,13367,0.36320823603037056,0.3635679905587401,0.011682345297409837,0.34503846159340507,0.384003722958714,True
CLASSIC,2020,CD,tran,precipitation,13367,0.2757855343262431,0.2752016043290504,0.005950882840799631,0.26286369669747395,0.2866933443831473,True
CLASSIC,2020,CD,tran,lai,13367,0.5117094493589316,0.5055499952833911,0.017087437552474077,0.47353160346451245,0.5295498409033923,True
CLASSIC,2020,CD,evspsblveg,precipitation,13367,0.2924496077555525,0.2938079072582761,0.006257914624621785,0.2825737333147314,0.30575716324626506,True
CLASSIC,2020,CD,evspsblveg,lai,13367,0.552536768312705,0.5436179613462606,0.01673977277562076,0.5124906834193993,0.5632540525835489,True
CLASSIC,2020,CD,evspsblsoi,precipitation,13367,0.2533214362233671,0.25851437794388366,0.00609786946044166,0.24728608222005236,0.26973460106129254,True
CLASSIC,2020,CD,evspsblsoi,lai,13367,0.3393140964274787,0.33899890391649834,0.014718236457464267,0.3152197797970693,0.36448163565655656,True
LPJ-GUESS,1991,HW,evapotrans,precipitation,13298,0.3054826507254016,0.30924490215272477,0.007377252805245835,0.2935623093516086,0.3221795600817036,True
LPJ-GUESS,1991,HW,evapotrans,lai,13298,0.4219592634767849,0.42392918964771625,0.006105447232093448,0.4125677886055035,0.4368472892451841,True
LPJ-GUESS,1991,HW,tran,precipitation,13298,0.2570453460695946,0.2612249583929513,0.008246636809306384,0.24577482307726667,0.27562293943675875,True
LPJ-GUESS,1991,HW,tran,lai,13298,0.4688387761402303,0.4719682799454389,0.0039124087383023715,0.4653190102005206,0.48067827618966713,True
LPJ-GUESS,1991,HW,evspsblveg,precipitation,13298,0.33738101193812375,0.33988467758761864,0.007303334179844138,0.32403473349192496,0.35192552921138837,True
LPJ-GUESS,1991,HW,evspsblveg,lai,13298,0.45674249166305747,0.45869912037713945,0.005905271289843854,0.4466480043298197,0.46902721754254945,True
LPJ-GUESS,1991,HW,evspsblsoi,precipitation,13298,0.10121643962882455,0.10921820190849768,0.006077890181643588,0.09670979833945383,0.11956023266987001,True
LPJ-GUESS,1991,HW,evspsblsoi,lai,13298,0.12243641137736808,0.13033601278587037,0.008306618190804613,0.11396281358528647,0.1456794523307387,True
LPJ-GUESS,1991,HD,evapotrans,precipitation,11879,0.49874304257038493,0.4998026319772094,0.0045942178546882345,0.49013172492129903,0.5066226373949893,True
LPJ-GUESS,1991,HD,evapotrans,lai,11879,0.5172634034596322,0.5187920866446644,0.0047671756467761875,0.5081110850011087,0.5277942085359588,True
LPJ-GUESS,1991,HD,tran,precipitation,11879,0.476815890192437,0.4774741686597877,0.00605474808918473,0.465112462818425,0.4882384897260821,True
LPJ-GUESS,1991,HD,tran,lai,11879,0.5775765271198389,0.5802153854653974,0.003861932619435079,0.5739283513569938,0.5887004923098028,True
LPJ-GUESS,1991,HD,evspsblveg,precipitation,11879,0.48123389519971727,0.48399697257334956,0.005074688206320769,0.4726489150579266,0.49403683020140543,True
LPJ-GUESS,1991,HD,evspsblveg,lai,11879,0.5824171081978978,0.5836089592200642,0.004355391597740147,0.5745036966371396,0.5911718377621468,True
LPJ-GUESS,1991,HD,evspsblsoi,precipitation,11879,0.28102229114417054,0.2834323953351885,0.007208958606310871,0.270632934040957,0.2974211557446678,True
LPJ-GUESS,1991,HD,evspsblsoi,lai,11879,0.2232701768647556,0.2262961311049619,0.006810073727858462,0.21346990068312865,0.2377256160108252,True
LPJ-GUESS,1991,CW,evapotrans,precipitation,22403,0.2661470064261655,0.2671341922905647,0.005869997384076964,0.2534283593670871,0.2780391300543392,True
LPJ-GUESS,1991,CW,evapotrans,lai,22403,0.35554722820923224,0.3577821984321227,0.0036453401005885253,0.35153397754999377,0.36489244752165884,True
LPJ-GUESS,1991,CW,tran,precipitation,22403,0.22926782267729406,0.23115190964284882,0.005755190980497261,0.22094496005862735,0.24151411559812977,True
LPJ-GUESS,1991,CW,tran,lai,22403,0.37434132705441236,0.3768982911374954,0.0036874994007313824,0.3708067700607272,0.3833135898242656,True
LPJ-GUESS,1991,CW,evspsblveg,precipitation,22403,0.24836295171464923,0.25057233146754787,0.007460583895783406,0.23658302008708298,0.266532447331764,True
LPJ-GUESS,1991,CW,evspsblveg,lai,22403,0.5420416928376939,0.5434799904317764,0.0035826708393011633,0.5369810840006017,0.5496736131073678,True
LPJ-GUESS,1991,CW,evspsblsoi,precipitation,22403,0.11822865754811168,0.12144069480125302,0.004676632421821832,0.11270961312918369,0.13009310849711678,True
LPJ-GUESS,1991,CW,evspsblsoi,lai,22403,0.1688409172611087,0.17231035041836493,0.006356082093250319,0.16087621645781172,0.18515399861393086,True
LPJ-GUESS,1991,CD,evapotrans,precipitation,10713,0.2593298825026127,0.26139877842609294,0.009134108488408465,0.2419481151522245,0.28014597080960435,True
LPJ-GUESS,1991,CD,evapotrans,lai,10713,0.5031985537610919,0.5049149518601501,0.005361185767043448,0.49532709021432136,0.515589698869619,True
LPJ-GUESS,1991,CD,tran,precipitation,10713,0.2321414199747421,0.23238952035258323,0.008426734517359652,0.2147222387748416,0.24946421853689874,True
LPJ-GUESS,1991,CD,tran,lai,10713,0.5816197290080038,0.5853943911286348,0.004390353402508806,0.5771206662446552,0.5940075292695254,True
LPJ-GUESS,1991,CD,evspsblveg,precipitation,10713,0.2343764765847923,0.23554788923408018,0.008327685641250466,0.21980449832845853,0.2519933941473161,True
LPJ-GUESS,1991,CD,evspsblveg,lai,10713,0.6047257697067439,0.6057950041304734,0.0061637451436458305,0.5961555190855589,0.6181636876647407,True
LPJ-GUESS,1991,CD,evspsblsoi,precipitation,10713,0.18973818976800602,0.19357378007717166,0.00818544396150237,0.17874917641281182,0.2103576578857252,True
LPJ-GUESS,1991,CD,evspsblsoi,lai,10713,0.21703126763271288,0.21964782040471217,0.00827080408183826,0.20595485247102158,0.23624524068114844,True
LPJ-GUESS,1992,HW,evapotrans,precipitation,13294,0.3231807611710814,0.325129500532952,0.007445613227012638,0.31268915805394565,0.33959337859300537,True
LPJ-GUESS,1992,HW,evapotrans,lai,13294,0.4361422913169471,0.43729720109495923,0.005223499343775991,0.42800458226823873,0.4474851558701086,True
LPJ-GUESS,1992,HW,tran,precipitation,13294,0.26251758183339713,0.2659765748472715,0.007137401097742458,0.25077455460716497,0.2804991709801976,True
LPJ-GUESS,1992,HW,tran,lai,13294,0.48497534430859973,0.48605044387495616,0.003946426008687447,0.4783173030035401,0.4933350548854099,True
LPJ-GUESS,1992,HW,evspsblveg,precipitation,13294,0.3492892737984802,0.3502119875776852,0.006713978530750826,0.3375113634840925,0.3624815466304175,True
LPJ-GUESS,1992,HW,evspsblveg,lai,13294,0.4743593204920656,0.4751209065946353,0.0046991516240588995,0.46589418372853453,0.48414721870917565,True
LPJ-GUESS,1992,HW,evspsblsoi,precipitation,13294,0.09428639095693664,0.10015040773773758,0.006854393739435669,0.08674519978060272,0.11244816337686017,True
LPJ-GUESS,1992,HW,evspsblsoi,lai,13294,0.1280046564562118,0.13257765673954347,0.007576261746152881,0.11937537867274699,0.145804313578176,True
LPJ-GUESS,1992,HD,evapotrans,precipitation,11876,0.4297423355335882,0.43326990932942855,0.00617485677691792,0.4219443635162538,0.44461016459112684,True
LPJ-GUESS,1992,HD,evapotrans,lai,11876,0.5258374694572752,0.528165452620621,0.004922428523666349,0.5185953602551625,0.5366672932130223,True
LPJ-GUESS,1992,HD,tran,precipitation,11876,0.42772847272158887,0.4302429390350247,0.005945936423906291,0.41966405984949096,0.44056309257678994,True
LPJ-GUESS,1992,HD,tran,lai,11876,0.5959961645114076,0.5982569802651183,0.004182355495189659,0.5891462881738211,0.6049367184523132,True
LPJ-GUESS,1992,HD,evspsblveg,precipitation,11876,0.4137014486129209,0.4191395548065933,0.0057391920135698845,0.40805329422537734,0.4300249529904505,True
LPJ-GUESS,1992,HD,evspsblveg,lai,11876,0.5676463208854221,0.5700747463097408,0.003899538293884748,0.5628040114323256,0.5768418834940803,True
LPJ-GUESS,1992,HD,evspsblsoi,precipitation,11876,0.25093490942663077,0.2539319591457027,0.006549149028927359,0.242865414201105,0.2665366016023265,True
LPJ-GUESS,1992,HD,evspsblsoi,lai,11876,0.237406576544,0.23967264657205486,0.008885343031365355,0.221731839834586,0.2548898066221641,True
LPJ-GUESS,1992,CW,evapotrans,precipitation,22396,0.22786668174909502,0.2301311213567987,0.005492179983488034,0.2212886779931895,0.24208692073257865,True
LPJ-GUESS,1992,CW,evapotrans,lai,22396,0.34528485089625355,0.34691012347480166,0.0031589128192993214,0.3408976777563757,0.35254400559451704,True
LPJ-GUESS,1992,CW,tran,precipitation,22396,0.19754166731156497,0.20189309832814345,0.0052552163416611985,0.19188016570940913,0.21202005038019023,True
LPJ-GUESS,1992,CW,tran,lai,22396,0.3674771106198016,0.36921962952251164,0.0037416476152305907,0.3628240078685529,0.37524693638309353,True
LPJ-GUESS,1992,CW,evspsblveg,precipitation,22396,0.19674905926133826,0.20042419645266946,0.006578960483435504,0.18759688848178874,0.21536060800417012,True
LPJ-GUESS,1992,CW,evspsblveg,lai,22396,0.5370599679954995,0.5377254816394335,0.003197314216022027,0.5325699249862891,0.5445269991345018,True
LPJ-GUESS,1992,CW,evspsblsoi,precipitation,22396,0.13851161711268248,0.14377554824228034,0.0067778258896566985,0.13210760138089472,0.1557456642153624,True
LPJ-GUESS,1992,CW,evspsblsoi,lai,22396,0.17371251592977424,0.17897034764497316,0.005872900875317395,0.1685652202157455,0.18938854030877236,True
LPJ-GUESS,1992,CD,evapotrans,precipitation,10716,0.31378915916229716,0.3154909446468543,0.008465322106703947,0.3000459448000996,0.3315308385431485,True
LPJ-GUESS,1992,CD,evapotrans,lai,10716,0.5033971347337328,0.5056346511538624,0.004909004730586191,0.49714565094809915,0.5161359006941263,True
LPJ-GUESS,1992,CD,tran,precipitation,10716,0.2802604066034051,0.28691506048541304,0.009180841532563745,0.2673621328726615,0.29968853319579336,True
LPJ-GUESS,1992,CD,tran,lai,10716,0.6091776408350997,0.6104183582907399,0.005364157404792667,0.6004602617644195,0.620871842824397,True
LPJ-GUESS,1992,CD,evspsblveg,precipitation,10716,0.2737857611497408,0.27662973291360726,0.007347404205534799,0.2642387082791354,0.2927006873315768,True
LPJ-GUESS,1992,CD,evspsblveg,lai,10716,0.6025171393511581,0.6052353810621662,0.00447234958092278,0.5965276731679869,0.6146057577913097,True
LPJ-GUESS,1992,CD,evspsblsoi,precipitation,10716,0.14204759918151658,0.14526070960365234,0.007353686543564668,0.1332630299921332,0.15922233099647334,True
LPJ-GUESS,1992,CD,evspsblsoi,lai,10716,0.21577060108193635,0.218986536721879,0.009404066349648944,0.20096054080729012,0.23462857300377576,True
LPJ-GUESS,1993,HW,evapotrans,precipitation,13276,0.31299300198891,0.3143773312431878,0.007892045205609238,0.29903927754552007,0.3309104120273661,True
LPJ-GUESS,1993,HW,evapotrans,lai,13276,0.3998889114146514,0.40328645215120096,0.006073830363226123,0.39462252321804403,0.41526859474697964,True
LPJ-GUESS,1993,HW,tran,precipitation,13276,0.23930292703186176,0.23950223837538773,0.00791590377318275,0.2248667780766022,0.25573953563037377,True
LPJ-GUESS,1993,HW,tran,lai,13276,0.45413000990740243,0.4554420305376439,0.005109063147742756,0.44525941156770277,0.4647933433417942,True
LPJ-GUESS,1993,HW,evspsblveg,precipitation,13276,0.3514611247719042,0.3513627298931338,0.00651753223932073,0.3396159809729272,0.3636536914192114,True
LPJ-GUESS,1993,HW,evspsblveg,lai,13276,0.466062373925095,0.4674029548439782,0.006209001780645051,0.4545736341575639,0.4775597868343212,True
LPJ-GUESS,1993,HW,evspsblsoi,precipitation,13276,0.12310112773346042,0.12726901806332866,0.007902140570444034,0.1140861182062044,0.1415590175382462,True
LPJ-GUESS,1993,HW,evspsblsoi,lai,13276,0.13438636740849252,0.1385119977211453,0.008835965684571996,0.12241268358008937,0.15561012975336472,True
LPJ-GUESS,1993,HD,evapotrans,precipitation,11874,0.4680960300715802,0.4705653735646067,0.005410186827049996,0.4600692960646593,0.4805308984980763,True
LPJ-GUESS,1993,HD,evapotrans,lai,11874,0.4777388782724079,0.4797577036888389,0.005983728710013541,0.46974004283231624,0.49365877109993617,True
LPJ-GUESS,1993,HD,tran,precipitation,11874,0.44666695624738406,0.4483616605442583,0.005070771810827298,0.4385198926439184,0.4578521322404786,True
LPJ-GUESS,1993,HD,tran,lai,11874,0.584540156904447,0.5841597207216842,0.00314590723480931,0.5779860450877118,0.5901967949745217,True
LPJ-GUESS,1993,HD,evspsblveg,precipitation,11874,0.4589199814405756,0.4597035054707274,0.005531335220727946,0.44865813859640097,0.4698666096113416,True
LPJ-GUESS,1993,HD,evspsblveg,lai,11874,0.556664692838409,0.5592279535417329,0.004287507338213496,0.5514111500960449,0.5681190552285923,True
LPJ-GUESS,1993,HD,evspsblsoi,precipitation,11874,0.2604274759351884,0.26347356751508466,0.008409868418336764,0.2445068459962286,0.2771792256178658,True
LPJ-GUESS,1993,HD,evspsblsoi,lai,11874,0.19014062640894375,0.1928233764110169,0.00840786363761351,0.17819947483876086,0.21091411236324478,True
LPJ-GUESS,1993,CW,evapotrans,precipitation,22450,0.32504483045078436,0.32489888743452916,0.005430034172862482,0.3131712573890785,0.33539751577083554,True
LPJ-GUESS,1993,CW,evapotrans,lai,22450,0.3647884187082405,0.3667379734155806,0.003896337251502714,0.3596675946547884,0.3736752046898727,True
LPJ-GUESS,1993,CW,tran,precipitation,22450,0.2991239877160076,0.29941455997237054,0.005714693108664784,0.2892312106721612,0.30948366101983416,True
LPJ-GUESS,1993,CW,tran,lai,22450,0.390467706013363,0.39175425792337504,0.003964035999822861,0.38404691438578265,0.39791638291019654,True
LPJ-GUESS,1993,CW,evspsblveg,precipitation,22450,0.22275075788817672,0.2246187369881417,0.004462226939200944,0.21628269601501451,0.2330792146325599,True
LPJ-GUESS,1993,CW,evspsblveg,lai,22450,0.5383518930957684,0.5382238997665143,0.0036349721727982486,0.5308343786627848,0.5443235293861004,True
LPJ-GUESS,1993,CW,evspsblsoi,precipitation,22450,0.1608151319772514,0.16103066779693054,0.004724853358744031,0.14979308922383994,0.16832933121420934,True
LPJ-GUESS,1993,CW,evspsblsoi,lai,22450,0.14808463251670373,0.1510997303891119,0.005737648356088568,0.13963946360552007,0.16267105372791352,True
LPJ-GUESS,1993,CD,evapotrans,precipitation,10760,0.3378728278723956,0.33739790551799337,0.006861519149061355,0.32504716469872785,0.348990823591379,True
LPJ-GUESS,1993,CD,evapotrans,lai,10760,0.5100371747211896,0.5118816543965417,0.00510308243118065,0.5027123065617705,0.5237838720402297,True
LPJ-GUESS,1993,CD,tran,precipitation,10760,0.29285866529979665,0.29021686557689497,0.007359164864629063,0.27217061437365564,0.30348341319473515,True
LPJ-GUESS,1993,CD,tran,lai,10760,0.6062267657992565,0.6082417709756174,0.004638463499932703,0.5992318060871228,0.6172525534119425,True
LPJ-GUESS,1993,CD,evspsblveg,precipitation,10760,0.324342742284084,0.327876123427424,0.006956869996790018,0.3145533207473009,0.34269192960932704,True
LPJ-GUESS,1993,CD,evspsblveg,lai,10760,0.6094330855018588,0.6102155128722002,0.004981537193864203,0.5996659427044038,0.6182909084032161,True
LPJ-GUESS,1993,CD,evspsblsoi,precipitation,10760,0.1091050453379724,0.1168687201561582,0.006417316297547833,0.106299208802398,0.12985408248652494,True
LPJ-GUESS,1993,CD,evspsblsoi,lai,10760,0.17690520446096653,0.18234469048190433,0.010561522564714813,0.16127291737073335,0.20007944087440965,True
LPJ-GUESS,1994,HW,evapotrans,precipitation,13305,0.34018187408573797,0.342930501751419,0.0066713755502001105,0.32977730657941345,0.35589108653628515,True
LPJ-GUESS,1994,HW,evapotrans,lai,13305,0.4222124907991466,0.4241501452693575,0.006769277332440268,0.4086141515589954,0.4348670157851794,True
LPJ-GUESS,1994,HW,tran,precipitation,13305,0.2472431885450045,0.25006531511778723,0.00755568629349684,0.23746081937458582,0.26434426006620676,True
LPJ-GUESS,1994,HW,tran,lai,13305,0.4647756459937924,0.46631688959306417,0.0058196568873857095,0.45488031830060294,0.47754716563099897,True
LPJ-GUESS,1994,HW,evspsblveg,precipitation,13305,0.355206447811291,0.35816440152254714,0.007374586807852728,0.34597796579324414,0.37306619063769153,True
LPJ-GUESS,1994,HW,evspsblveg,lai,13305,0.47455996133029865,0.4769853278122891,0.005304914748482449,0.46601025218992825,0.48640872623960424,True
LPJ-GUESS,1994,HW,evspsblsoi,precipitation,13305,0.12621774116109186,0.13088026263029026,0.007408422469961651,0.11835400409978612,0.1465838903961656,True
LPJ-GUESS,1994,HW,evspsblsoi,lai,13305,0.09164552623234967,0.09766106652138598,0.006478511110689468,0.08585587496321984,0.10926740664889772,True
LPJ-GUESS,1994,HD,evapotrans,precipitation,11875,0.4768760653020413,0.4817174530264417,0.005655717397851747,0.4698453689017196,0.4917060666738448,True
LPJ-GUESS,1994,HD,evapotrans,lai,11875,0.49034485202906253,0.49217231183060245,0.005750543768659574,0.48127908086069254,0.5027402956582183,True
LPJ-GUESS,1994,HD,tran,precipitation,11875,0.437802356926402,0.44325273214879174,0.007236412319073535,0.43027959418748896,0.45503493789814975,True
LPJ-GUESS,1994,HD,tran,lai,11875,0.5890257664362927,0.5909160139525842,0.00412202449068939,0.5831078914999869,0.5996367550943598,True
LPJ-GUESS,1994,HD,evspsblveg,precipitation,11875,0.4620191114271636,0.46701049465032185,0.00533753977824637,0.45722061097485245,0.4765718345037992,True
LPJ-GUESS,1994,HD,evspsblveg,lai,11875,0.5612352294878611,0.5631434995827387,0.004448680587772034,0.555540190146189,0.5716032380792267,True
LPJ-GUESS,1994,HD,evspsblsoi,precipitation,11875,0.3066720668037092,0.30735985026540413,0.007984502159892127,0.2910523197644852,0.3235019211211596,True
LPJ-GUESS,1994,HD,evspsblsoi,lai,11875,0.18930398147812239,0.1923536868118129,0.00855790848912111,0.1773980112456108,0.21027709617611787,True
LPJ-GUESS,1994,CW,evapotrans,precipitation,22368,0.2946390280772792,0.2972361766088195,0.006313482295511323,0.28622841940312516,0.31074564524363246,True
LPJ-GUESS,1994,CW,evapotrans,lai,22368,0.34920735797930885,0.3509709904228396,0.0036528802964666102,0.3445526049701618,0.3570547101366765,True
LPJ-GUESS,1994,CW,tran,precipitation,22368,0.2660599297630117,0.2687821602411147,0.006984637751054776,0.25484371175606435,0.2825383405578655,True
LPJ-GUESS,1994,CW,tran,lai,22368,0.37542859099115344,0.3760748098906122,0.003584828172698461,0.3700866955551115,0.3822773017773777,True
LPJ-GUESS,1994,CW,evspsblveg,precipitation,22368,0.2569810107531366,0.25917384271728816,0.005689467346346519,0.2479119658565418,0.2681489258778305,True
LPJ-GUESS,1994,CW,evspsblveg,lai,22368,0.5608049816360686,0.5614651368948855,0.0030663700876511356,0.5548714193049148,0.5667509072385148,True
LPJ-GUESS,1994,CW,evspsblsoi,precipitation,22368,0.12770760467568779,0.1318776429402511,0.005637674241594256,0.11955601376288931,0.14226933681902199,True
LPJ-GUESS,1994,CW,evspsblsoi,lai,22368,0.2061788769383173,0.2055653727231088,0.006745210940987605,0.19298234673077733,0.21753862282159267,True
LPJ-GUESS,1994,CD,evapotrans,precipitation,10748,0.26009644978900626,0.2606956098892013,0.007297642689179602,0.24496156044416392,0.2733807285680016,True
LPJ-GUESS,1994,CD,evapotrans,lai,10748,0.48866723610345614,0.4903934138893821,0.006452335251546003,0.4775580680168239,0.5026556632339882,True
LPJ-GUESS,1994,CD,tran,precipitation,10748,0.2306119429494206,0.2311190689736425,0.007059213129390176,0.21803256737722598,0.24339076190251316,True
LPJ-GUESS,1994,CD,tran,lai,10748,0.6021601813713633,0.6042136843871995,0.004226954183366384,0.5966027139156815,0.6117230420612016,True
LPJ-GUESS,1994,CD,evspsblveg,precipitation,10748,0.25808409985572134,0.2576634425033078,0.006991981660080336,0.243311974615597,0.2705011672368427,True
LPJ-GUESS,1994,CD,evspsblveg,lai,10748,0.6044436606918756,0.6063932673412719,0.005071489831673213,0.5967822402604043,0.6162735354986477,True
LPJ-GUESS,1994,CD,evspsblsoi,precipitation,10748,0.1555836907025085,0.15710221439125485,0.006561792539253423,0.143137157433414,0.16773278834508545,True
LPJ-GUESS,1994,CD,evspsblsoi,lai,10748,0.18246479604642507,0.18866946442289326,0.008140112572260898,0.1733394100933739,0.20408343558101905,True
LPJ-GUESS,1995,HW,evapotrans,precipitation,13296,0.3485576310745735,0.35338067514934723,0.006239887711518794,0.34142333933718566,0.36615691498675557,True
LPJ-GUESS,1995,HW,evapotrans,lai,13296,0.4292277269070518,0.4299992225120031,0.005969003670541084,0.41888551724464923,0.4423144430339356,True
LPJ-GUESS,1995,HW,tran,precipitation,13296,0.2955420789558546,0.29864408209040205,0.007108224189968821,0.28556597382445287,0.31295188343964336,True
LPJ-GUESS,1995,HW,tran,lai,13296,0.46909070069049297,0.4691171450418144,0.004311701448968955,0.4608831902968219,0.4776275675182397,True
LPJ-GUESS,1995,HW,evspsblveg,precipitation,13296,0.37443742532554386,0.37810053024712414,0.0063616089404887124,0.365161479288551,0.3913148949483926,True
LPJ-GUESS,1995,HW,evspsblveg,lai,13296,0.48291524471306535,0.4856774614286946,0.0055025513216030355,0.4749375987345966,0.49595039195455154,True
LPJ-GUESS,1995,HW,evspsblsoi,precipitation,13296,0.0943007628445733,0.10099272221499504,0.007693377073831346,0.0889597466591692,0.11569076913571649,True
LPJ-GUESS,1995,HW,evspsblsoi,lai,13296,0.11828383156880068,0.1209764518414815,0.006099691257376127,0.11110944922512142,0.13207713008850397,True
LPJ-GUESS,1995,HD,evapotrans,precipitation,11879,0.44050498755887135,0.44329073684793885,0.0054110487860727025,0.43355763061961394,0.4540926173506742,True
LPJ-GUESS,1995,HD,evapotrans,lai,11879,0.494491913834872,0.4958082636040901,0.005266515423146931,0.48729884346527974,0.5064790686518125,True
LPJ-GUESS,1995,HD,tran,precipitation,11879,0.4297850860051676,0.43175166827995576,0.005588593710842295,0.4216974172422994,0.4421867585727328,True
LPJ-GUESS,1995,HD,tran,lai,11879,0.5854465325590841,0.5857101818796137,0.0028496104591046964,0.5816634302926387,0.5917792370880727,True
LPJ-GUESS,1995,HD,evspsblveg,precipitation,11879,0.43214565063167354,0.43316584078089226,0.005837120756065681,0.42288783485815606,0.4467312594747863,True
LPJ-GUESS,1995,HD,evspsblveg,lai,11879,0.5749664901108625,0.5769022096758005,0.003756882946013305,0.5693266035976255,0.5844234731006844,True
LPJ-GUESS,1995,HD,evspsblsoi,precipitation,11879,0.26941093455530696,0.2701341058147916,0.0076539650406364885,0.25606025587333986,0.28436833063303585,True
LPJ-GUESS,1995,HD,evspsblsoi,lai,11879,0.22210027145206873,0.22305653334186484,0.008007441647954519,0.20915154989383533,0.2385295246066121,True
LPJ-GUESS,1995,CW,evapotrans,precipitation,22386,0.23622042496243068,0.2377781958914275,0.0063732709096383814,0.22486956612625628,0.24896420617312934,True
LPJ-GUESS,1995,CW,evapotrans,lai,22386,0.35166801111290014,0.35251475515554026,0.0037091940786818283,0.34495251746241,0.3588301085942981,True
LPJ-GUESS,1995,CW,tran,precipitation,22386,0.20079105807505945,0.20299309138355973,0.006397439361069415,0.19155715474941862,0.21399797250935973,True
LPJ-GUESS,1995,CW,tran,lai,22386,0.3769077981896496,0.37843694738070466,0.003509167341129807,0.3719190851422781,0.38582396863800117,True
LPJ-GUESS,1995,CW,evspsblveg,precipitation,22386,0.2070923700124417,0.2105823394840863,0.007037413930510262,0.19898595439861969,0.22468509170164241,True
LPJ-GUESS,1995,CW,evspsblveg,lai,22386,0.5303741502258489,0.531585311979694,0.003117240233789467,0.5261141448623442,0.5371048626729408,True
LPJ-GUESS,1995,CW,evspsblsoi,precipitation,22386,0.12321355428264769,0.12560986046993786,0.005058053519714165,0.11606578705772734,0.13587505999538707,True
LPJ-GUESS,1995,CW,evspsblsoi,lai,22386,0.17047775222541706,0.17323661406022095,0.0055467987891231335,0.1611204272046448,0.1812880867816085,True
LPJ-GUESS,1995,CD,evapotrans,precipitation,10734,0.23069214132086097,0.23470474313120784,0.006725487367747783,0.22077237577243022,0.24860078962385182,True
LPJ-GUESS,1995,CD,evapotrans,lai,10734,0.47545450912260795,0.4805844475408086,0.0055415428316196395,0.4689392594096003,0.4903177020350397,True
LPJ-GUESS,1995,CD,tran,precipitation,10734,0.2019549763136047,0.20397388696855856,0.007019310098298201,0.19273931917215092,0.21799601350614545,True
LPJ-GUESS,1995,CD,tran,lai,10734,0.586726182543733,0.5890968787498208,0.004335987535363294,0.5818462884142157,0.5972903829518001,True
LPJ-GUESS,1995,CD,evspsblveg,precipitation,10734,0.2317653646479811,0.23343663537929152,0.005732089958255289,0.2240440015576732,0.2442902167689385,True
LPJ-GUESS,1995,CD,evspsblveg,lai,10734,0.5988266387087099,0.6005923287618853,0.005792279547148952,0.5895244677726128,0.6129621794413174,True
LPJ-GUESS,1995,CD,evspsblsoi,precipitation,10734,0.23497959692497647,0.23777981813170093,0.0085961613490119,0.22256944574834553,0.25288752143927073,True
LPJ-GUESS,1995,CD,evspsblsoi,lai,10734,0.22802503164292642,0.22777625834349746,0.008596528176099863,0.21108505108779987,0.24549171342189655,True
LPJ-GUESS,1996,HW,evapotrans,precipitation,13295,0.330531422610793,0.3335480273369062,0.0063096579035632075,0.32075019913691794,0.345573461872231,True
LPJ-GUESS,1996,HW,evapotrans,lai,13295,0.42779890681951216,0.4334546287521974,0.006715650836534648,0.42058584258579357,0.4471304314923961,True
LPJ-GUESS,1996,HW,tran,precipitation,13295,0.26258767220750573,0.2666237568098991,0.006984273945434487,0.2522988283514352,0.27822665349978987,True
LPJ-GUESS,1996,HW,tran,lai,13295,0.4431260550775208,0.44484728947191443,0.004190953688401842,0.4370512330605705,0.453883338290777,True
LPJ-GUESS,1996,HW,evspsblveg,precipitation,13295,0.36981140531569884,0.3736360421552813,0.00683040109324705,0.36034999295747805,0.38661794014841033,True
LPJ-GUESS,1996,HW,evspsblveg,lai,13295,0.46551306811594606,0.4685516769392266,0.005035088992645402,0.4593345350604213,0.4782860537144827,True
LPJ-GUESS,1996,HW,evspsblsoi,precipitation,13295,0.09469499246423693,0.09993042560107583,0.008290620987943283,0.0873261785372805,0.11758711895386711,True
LPJ-GUESS,1996,HW,evspsblsoi,lai,13295,0.130726216783281,0.1321665203119218,0.008630807135756006,0.11628175890471601,0.14741528275370636,True
LPJ-GUESS,1996,HD,evapotrans,precipitation,11871,0.4743539803736534,0.4788544131281337,0.0057496328998729055,0.4657349235527407,0.48967610572199727,True
LPJ-GUESS,1996,HD,evapotrans,lai,11871,0.49451794235376545,0.4974347368736696,0.005051477014981829,0.4880844060894956,0.5067613626100802,True
LPJ-GUESS,1996,HD,tran,precipitation,11871,0.46917907707976964,0.4708536381364534,0.00556531548181806,0.4605532648811986,0.4807102707706538,True
LPJ-GUESS,1996,HD,tran,lai,11871,0.5951884683969635,0.5957883251841274,0.003626886246482637,0.58961957461009,0.603271729225293,True
LPJ-GUESS,1996,HD,evspsblveg,precipitation,11871,0.46655154825402867,0.4701152866868473,0.005390198453998458,0.4576772199999041,0.4804871662349125,True
LPJ-GUESS,1996,HD,evspsblveg,lai,11871,0.5644391048193806,0.5644155312241691,0.004439210378255416,0.555002498492213,0.572312942288262,True
LPJ-GUESS,1996,HD,evspsblsoi,precipitation,11871,0.2703453735639091,0.27268421894673317,0.007611896552185848,0.2596882521933035,0.28691463249359406,True
LPJ-GUESS,1996,HD,evspsblsoi,lai,11871,0.22532681961527304,0.2295192120474089,0.0068554313696976964,0.21613540870521913,0.24202135296980634,True
LPJ-GUESS,1996,CW,evapotrans,precipitation,22423,0.23735718413336945,0.23813925077975806,0.007095801089649069,0.22534662048371024,0.2513076433868053,True
LPJ-GUESS,1996,CW,evapotrans,lai,22423,0.3521541635816384,0.3532424814241101,0.0034241642167557925,0.346851653199997,0.3597822634990251,True
LPJ-GUESS,1996,CW,tran,precipitation,22423,0.20979417053680857,0.2107484872832391,0.006808212470819538,0.19833915706675695,0.22255339154565645,True
LPJ-GUESS,1996,CW,tran,lai,22423,0.3674963000547856,0.368978820401032,0.0032960630138674915,0.3631649302612008,0.37619168010386095,True
LPJ-GUESS,1996,CW,evspsblveg,precipitation,22423,0.22866952810967794,0.22974195183713572,0.005942193149176401,0.2181459885298551,0.2417047975266754,True
LPJ-GUESS,1996,CW,evspsblveg,lai,22423,0.5313671132963984,0.5323594074117834,0.0033611944342764504,0.5261320544548914,0.538766872579699,True
LPJ-GUESS,1996,CW,evspsblsoi,precipitation,22423,0.14181761407449972,0.14568216068192333,0.006992870909720831,0.13133204953905384,0.15917229855929946,True
LPJ-GUESS,1996,CW,evspsblsoi,lai,22423,0.1636841423979233,0.16360394426567126,0.006507338130651259,0.1510577075997434,0.1760275085357252,True
LPJ-GUESS,1996,CD,evapotrans,precipitation,10685,0.28761454995805436,0.2905414487319301,0.008056548936697822,0.2755219973165017,0.30791143465497045,True
LPJ-GUESS,1996,CD,evapotrans,lai,10685,0.47387460336004417,0.47774999874790014,0.00512878930224887,0.4681122664956193,0.48575421157187465,True
LPJ-GUESS,1996,CD,tran,precipitation,10685,0.256741942572064,0.2598675074888364,0.007797700477014938,0.24667891963470234,0.2753615213812221,True
LPJ-GUESS,1996,CD,tran,lai,10685,0.5847235001638686,0.5866684159657534,0.004717026083787887,0.5787076814068753,0.5964424213618582,True
LPJ-GUESS,1996,CD,evspsblveg,precipitation,10685,0.2716138605601125,0.27403756184480954,0.008404269250270796,0.25831803822956323,0.28804465957561565,True
LPJ-GUESS,1996,CD,evspsblveg,lai,10685,0.6079181318241172,0.6116263686978227,0.004370084686841639,0.6048521994548033,0.6199302989169335,True
LPJ-GUESS,1996,CD,evspsblsoi,precipitation,10685,0.14599033604207312,0.15544597218140105,0.008238197618876,0.14002210575988344,0.17071886231823508,True
LPJ-GUESS,1996,CD,evspsblsoi,lai,10685,0.16818132559588583,0.17051200388360574,0.01101750903358264,0.15032137533547454,0.1898738951543608,True
LPJ-GUESS,1997,HW,evapotrans,precipitation,13333,0.29614130263234073,0.29861717888913264,0.006996147613814371,0.2832382664911777,0.3134283316224388,True
LPJ-GUESS,1997,HW,evapotrans,lai,13333,0.4439085845863326,0.4468346097104476,0.00617104883798706,0.4351621065776623,0.4585906447173558,True
LPJ-GUESS,1997,HW,tran,precipitation,13333,0.2597847485571986,0.26012411235743405,0.006763778437437776,0.24910412021963516,0.2739654090809543,True
LPJ-GUESS,1997,HW,tran,lai,13333,0.4650685659489574,0.46916456820555175,0.0049419694632283915,0.45975000470322835,0.4798720790797255,True
LPJ-GUESS,1997,HW,evspsblveg,precipitation,13333,0.33450273616180237,0.3370115089799696,0.00796920387696865,0.32562781910329675,0.35138485447394185,True
LPJ-GUESS,1997,HW,evspsblveg,lai,13333,0.47252129352746197,0.47309855688787317,0.0058607750220832965,0.46259560326311916,0.483793709659481,True
LPJ-GUESS,1997,HW,evspsblsoi,precipitation,13333,0.11034261483050528,0.11137214452044977,0.0068813334018301905,0.09958441325771407,0.12441678699566056,True
LPJ-GUESS,1997,HW,evspsblsoi,lai,13333,0.16361048561097746,0.16155023959026177,0.007937914777593074,0.14540647961265823,0.17506092198197562,True
LPJ-GUESS,1997,HD,evapotrans,precipitation,11875,0.4957579925535674,0.49866345462821443,0.005696243320849734,0.4893305891304871,0.5097191455293865,True
LPJ-GUESS,1997,HD,evapotrans,lai,11875,0.507815878079036,0.51009747551192,0.005203360211852015,0.5020221883805436,0.5202226304060945,True
LPJ-GUESS,1997,HD,tran,precipitation,11875,0.44983434498698993,0.45481475772394203,0.005891077584828181,0.44260859343054687,0.46596591903298984,True
LPJ-GUESS,1997,HD,tran,lai,11875,0.5758317470512033,0.577907281603535,0.00436954391611245,0.5691583884701968,0.5860258408016842,True
LPJ-GUESS,1997,HD,evspsblveg,precipitation,11875,0.47470801794082956,0.4766972241079835,0.005414198400612642,0.46629293955356754,0.48792783299383374,True
LPJ-GUESS,1997,HD,evspsblveg,lai,11875,0.5768608895977317,0.5785068020346764,0.003968330959225728,0.5715207582625688,0.5856708427233396,True
LPJ-GUESS,1997,HD,evspsblsoi,precipitation,11875,0.2756144548397109,0.2816441252838553,0.006205348605304882,0.269605552897395,0.2925212826449511,True
LPJ-GUESS,1997,HD,evspsblsoi,lai,11875,0.23415301438093972,0.23754634737152178,0.006908516481494159,0.22595941401438574,0.25076455175979534,True
LPJ-GUESS,1997,CW,evapotrans,precipitation,22380,0.24709562109025918,0.24972244500264573,0.006189006464571781,0.23861008753933294,0.2596805393450566,True
LPJ-GUESS,1997,CW,evapotrans,lai,22380,0.35268096514745306,0.3551078661988996,0.0037026530908375096,0.34870352705410784,0.3619550906906209,True
LPJ-GUESS,1997,CW,tran,precipitation,22380,0.2215817694369973,0.22327543192368424,0.005936871900035823,0.21213936738083236,0.233738249846503,True
LPJ-GUESS,1997,CW,tran,lai,22380,0.3789320822162645,0.38093970691183754,0.0038812872115486013,0.3736260755625136,0.38898518727181736,True
LPJ-GUESS,1997,CW,evspsblveg,precipitation,22380,0.23210455764075066,0.2331322813856137,0.005497300622531835,0.22218770931740192,0.24363689270919592,True
LPJ-GUESS,1997,CW,evspsblveg,lai,22380,0.5393208221626452,0.5395557599159975,0.0035693863695775477,0.5324265495403029,0.5460587963873316,True
LPJ-GUESS,1997,CW,evspsblsoi,precipitation,22380,0.10862676872559035,0.11022910466145813,0.004494525067420825,0.1024541613283842,0.11965015294942169,True
LPJ-GUESS,1997,CW,evspsblsoi,lai,22380,0.12258713136729224,0.1258193890658352,0.006555183374289352,0.11456224825373941,0.13869424018946924,True
LPJ-GUESS,1997,CD,evapotrans,precipitation,10708,0.21301162380691147,0.21629134123359284,0.009035140416262912,0.19953609912055242,0.23218292722542117,True
LPJ-GUESS,1997,CD,evapotrans,lai,10708,0.48721341446505906,0.48893373853632227,0.005184717887928905,0.4801494220721576,0.4982056419597461,True
LPJ-GUESS,1997,CD,tran,precipitation,10708,0.19266291812445643,0.19385577278648106,0.009514908824301402,0.1760168912848338,0.21073554851808085,True
LPJ-GUESS,1997,CD,tran,lai,10708,0.5790215226920055,0.5813153456514076,0.0047337500259817126,0.5733374647636825,0.590868457121746,True
LPJ-GUESS,1997,CD,evspsblveg,precipitation,10708,0.2150647331299972,0.2148423682812122,0.008992769693452833,0.1959343945451997,0.23038076208409106,True
LPJ-GUESS,1997,CD,evspsblveg,lai,10708,0.6103424248543895,0.6122203420404586,0.0053062432508802215,0.6029438648178824,0.6232041549747738,True
LPJ-GUESS,1997,CD,evspsblsoi,precipitation,10708,0.15063499097936775,0.15484069836451547,0.00811021344173359,0.14003989564634034,0.16968408383682898,True
LPJ-GUESS,1997,CD,evspsblsoi,lai,10708,0.24410551793871577,0.24563733281307357,0.009274177121981598,0.23055037472173495,0.2648811317423956,True
LPJ-GUESS,1998,HW,evapotrans,precipitation,13303,0.31219881433268204,0.3158175226078347,0.006519343760052849,0.3019862907606688,0.32925693381955223,True
LPJ-GUESS,1998,HW,evapotrans,lai,13303,0.43401895326906303,0.43450890526128794,0.004991803462344266,0.42319893802630226,0.4434733407384809,True
LPJ-GUESS,1998,HW,tran,precipitation,13303,0.2523787386982076,0.25550143835965694,0.007871120550640967,0.23704513087932835,0.2696704205211673,True
LPJ-GUESS,1998,HW,tran,lai,13303,0.47724398193860956,0.48119809944698405,0.004646313329500203,0.47264567841331123,0.49012555083015324,True
LPJ-GUESS,1998,HW,evspsblveg,precipitation,13303,0.3524380559758413,0.35478335572134456,0.007780365884805978,0.34049095211302954,0.3713638267857626,True
LPJ-GUESS,1998,HW,evspsblveg,lai,13303,0.44577448469704667,0.44746714013564687,0.0055045352683362365,0.4366707863902739,0.45785795839083954,True
LPJ-GUESS,1998,HW,evspsblsoi,precipitation,13303,0.11779912057170648,0.12190218555291002,0.007843985342623087,0.10703383485866029,0.13914078845047265,True
LPJ-GUESS,1998,HW,evspsblsoi,lai,13303,0.126789845877187,0.1341917156472706,0.007518429295831393,0.11897567142539088,0.14669050405696865,True
LPJ-GUESS,1998,HD,evapotrans,precipitation,11875,0.46954538366117315,0.4735922337908318,0.006290046903630042,0.4618607720851359,0.4843410542536466,True
LPJ-GUESS,1998,HD,evapotrans,lai,11875,0.5086965443912812,0.5109260901768825,0.004046527887885855,0.5030716319441179,0.5182548817076656,True
LPJ-GUESS,1998,HD,tran,precipitation,11875,0.44270047846889954,0.44632336113295373,0.006787572351402886,0.43450222550583234,0.4602926786793727,True
LPJ-GUESS,1998,HD,tran,lai,11875,0.594198688640794,0.5952579382510391,0.0030541046767275956,0.5890581643195579,0.601710768145143,True
LPJ-GUESS,1998,HD,evspsblveg,precipitation,11875,0.47098103845472267,0.4741281693145467,0.005788499009255492,0.4616524049209839,0.48462810789573857,True
LPJ-GUESS,1998,HD,evspsblveg,lai,11875,0.5710063087010455,0.5717195701117563,0.004028582030479131,0.5641921663702958,0.5790960517270467,True
LPJ-GUESS,1998,HD,evspsblsoi,precipitation,11875,0.25606297253263954,0.25690356627776934,0.007521287968775336,0.2433808076741275,0.27262472364759643,True
LPJ-GUESS,1998,HD,evspsblsoi,lai,11875,0.20418998802820024,0.2121444506830966,0.0066650083466295775,0.19999408714195357,0.22347849897383507,True
LPJ-GUESS,1998,CW,evapotrans,precipitation,22424,0.3093260392428755,0.3101085382994789,0.0057588247111172415,0.29981084224488913,0.32252043507399025,True
LPJ-GUESS,1998,CW,evapotrans,lai,22424,0.3487943456466135,0.35081197881757625,0.0035932975327824684,0.343149161158124,0.35762827639486744,True
LPJ-GUESS,1998,CW,tran,precipitation,22424,0.2689837735761064,0.27068730702640964,0.005083257384839124,0.26298641228086117,0.2838384548487919,True
LPJ-GUESS,1998,CW,tran,lai,22424,0.36790023305601904,0.3689724551480608,0.004071867611193938,0.3615805025226941,0.3763116500625218,True
LPJ-GUESS,1998,CW,evspsblveg,precipitation,22424,0.25570680461387274,0.2546387034582238,0.0055581043890395665,0.24480625705579573,0.2641807880195711,True
LPJ-GUESS,1998,CW,evspsblveg,lai,22424,0.5419991340360129,0.5439266321157477,0.0039048198231709692,0.5373289875146015,0.5521905957712461,True
LPJ-GUESS,1998,CW,evspsblsoi,precipitation,22424,0.15065115571829368,0.15107312179277022,0.005281592607341003,0.14046116639908912,0.16069149333568955,True
LPJ-GUESS,1998,CW,evspsblsoi,lai,22424,0.15351799461071886,0.15508393972839754,0.005909298675631781,0.14372507014831926,0.16708946269006947,True
LPJ-GUESS,1998,CD,evapotrans,precipitation,10722,0.2802391034257331,0.2826277194889984,0.010416798641452393,0.2640429464568794,0.302852655449194,True
LPJ-GUESS,1998,CD,evapotrans,lai,10722,0.4860455695779635,0.48709905644982787,0.004350540455817748,0.4789214230373602,0.4949011678519147,True
LPJ-GUESS,1998,CD,tran,precipitation,10722,0.251641894144618,0.25094603550386485,0.010289185109871167,0.23293437435264386,0.2675871545123113,True
LPJ-GUESS,1998,CD,tran,lai,10722,0.5897651327859862,0.5913862408692387,0.0038183721180517446,0.5832805675909998,0.5995071366119288,True
LPJ-GUESS,1998,CD,evspsblveg,precipitation,10722,0.25008408090536804,0.2545450044355691,0.008823302877243961,0.23785049673656522,0.27359611993543753,True
LPJ-GUESS,1998,CD,evspsblveg,lai,10722,0.6136859943427797,0.6165823774409889,0.005352837216748625,0.607129605014745,0.6285281019846194,True
LPJ-GUESS,1998,CD,evspsblsoi,precipitation,10722,0.1657792459081203,0.17183762666699962,0.006998394887650765,0.15894091616504502,0.18545344948663203,True
LPJ-GUESS,1998,CD,evspsblsoi,lai,10722,0.14479531205193952,0.1532750411428677,0.008345874921133796,0.13744829840089032,0.17072623347535074,True
LPJ-GUESS,1999,HW,evapotrans,precipitation,13289,0.3255856195891973,0.3297593557846133,0.006895352105291546,0.31678545186446966,0.34322901838393205,True
LPJ-GUESS,1999,HW,evapotrans,lai,13289,0.4293452082576372,0.43034849575761625,0.005215094903745503,0.42031145465990105,0.43952528263246443,True
LPJ-GUESS,1999,HW,tran,precipitation,13289,0.2811512783390779,0.2839783060623652,0.007878327817772963,0.26763032134340803,0.2977188432259978,True
LPJ-GUESS,1999,HW,tran,lai,13289,0.4772046512894652,0.4774965404637779,0.004267347307385308,0.46945528742107223,0.4864789320760119,True
LPJ-GUESS,1999,HW,evspsblveg,precipitation,13289,0.38047651216819633,0.38169931989334926,0.0065732466358683905,0.3703880152399762,0.3936449107252864,True
LPJ-GUESS,1999,HW,evspsblveg,lai,13289,0.48142106929921225,0.48339463011921774,0.006148473257723476,0.4721546368652284,0.4951276626060502,True
LPJ-GUESS,1999,HW,evspsblsoi,precipitation,13289,0.10581897563348473,0.11110116637020095,0.006280984391380531,0.10078781391437647,0.12431621903265991,True
LPJ-GUESS,1999,HW,evspsblsoi,lai,13289,0.1505649908972163,0.15031899101808732,0.008107458042094815,0.13654656066992515,0.1653745710999189,True
LPJ-GUESS,1999,HD,evapotrans,precipitation,11879,0.4452383873103653,0.4461754245711097,0.005667772641128844,0.435042807523887,0.45542850328520207,True
LPJ-GUESS,1999,HD,evapotrans,lai,11879,0.49895502149479765,0.5016094714876375,0.005191468512924356,0.4923270568121894,0.5115211106054028,True
LPJ-GUESS,1999,HD,tran,precipitation,11879,0.41385137395257005,0.41657755405891095,0.0057815994925697325,0.4049678438353194,0.42745368216432816,True
LPJ-GUESS,1999,HD,tran,lai,11879,0.5784606879185548,0.5796516385539203,0.003649044609730758,0.5732973075072522,0.5860882940213695,True
LPJ-GUESS,1999,HD,evspsblveg,precipitation,11879,0.4302314061761896,0.43383278384574164,0.0056471988126524306,0.4226547332522778,0.44448732922138984,True
LPJ-GUESS,1999,HD,evspsblveg,lai,11879,0.5591416947486483,0.5607036227002734,0.0040788472446224725,0.553545484845242,0.5690831191608003,True
LPJ-GUESS,1999,HD,evspsblsoi,precipitation,11879,0.29910251205617094,0.30323394738099124,0.006444653229420776,0.2910269070363255,0.31917986901478074,True
LPJ-GUESS,1999,HD,evspsblsoi,lai,11879,0.21973661609784179,0.23025418911209658,0.007550017806143823,0.21845967802947516,0.24539842135046908,True
LPJ-GUESS,1999,CW,evapotrans,precipitation,22360,0.24241753635298144,0.24472668182156598,0.006387230938059412,0.2342360980154496,0.2581228696511598,True
LPJ-GUESS,1999,CW,evapotrans,lai,22360,0.3360241502683363,0.3384780669858109,0.0035534199188633647,0.33237425438005386,0.3460825019712383,True
LPJ-GUESS,1999,CW,tran,precipitation,22360,0.21591812357650367,0.21933173317750806,0.006152028726171377,0.20865619485482326,0.23229329700802892,True
LPJ-GUESS,1999,CW,tran,lai,22360,0.3591234347048301,0.3606845571697045,0.0035714035550830922,0.35458519237752617,0.36815276924703233,True
LPJ-GUESS,1999,CW,evspsblveg,precipitation,22360,0.21732538712290114,0.21557194139357436,0.006139928483296714,0.20412326802794717,0.22677099383432367,True
LPJ-GUESS,1999,CW,evspsblveg,lai,22360,0.5541368515205725,0.5556021768253383,0.003557847278736854,0.5479119949209345,0.5607625089940415,True
LPJ-GUESS,1999,CW,evspsblsoi,precipitation,22360,0.1499193230427281,0.1517209426901505,0.004941455111076508,0.1432775118443786,0.1612408141685709,True
LPJ-GUESS,1999,CW,evspsblsoi,lai,22360,0.14800983899821113,0.14988379157030643,0.006723645462602256,0.13601343750338626,0.1618384175564499,True
LPJ-GUESS,1999,CD,evapotrans,precipitation,10698,0.25663943482930246,0.2599058755394196,0.008689521589503762,0.24451215864256223,0.27540238677708795,True
LPJ-GUESS,1999,CD,evapotrans,lai,10698,0.4807635171970404,0.48358830206704917,0.005311822715155606,0.4740476471439825,0.49264475869526203,True
LPJ-GUESS,1999,CD,tran,precipitation,10698,0.24413945732129466,0.24402073946399216,0.007548692456922365,0.22872241958809708,0.25916686613881534,True
LPJ-GUESS,1999,CD,tran,lai,10698,0.5720704150619828,0.5742518887579366,0.004226878523208041,0.5661161342818177,0.5820266331390972,True
LPJ-GUESS,1999,CD,evspsblveg,precipitation,10698,0.266664242910022,0.2689842178668795,0.008322509804001762,0.2515969181585343,0.2827849217819824,True
LPJ-GUESS,1999,CD,evspsblveg,lai,10698,0.5997472669360855,0.6014398534521144,0.004344055342118454,0.5940524363777032,0.6100132371567007,True
LPJ-GUESS,1999,CD,evspsblsoi,precipitation,10698,0.17432564818466414,0.1774748848368274,0.008896837959904114,0.16129509130014585,0.19501106016184486,True
LPJ-GUESS,1999,CD,evspsblsoi,lai,10698,0.1861039621345941,0.19097290741008596,0.007622256165556832,0.17578904853831187,0.2079909719758771,True
LPJ-GUESS,2000,HW,evapotrans,precipitation,13256,0.34554228556886574,0.3457919143400616,0.007885531363883258,0.3321734077588716,0.36193966195846994,True
LPJ-GUESS,2000,HW,evapotrans,lai,13256,0.42996442694701753,0.4326888109641143,0.005219473643628569,0.42315329090145193,0.44198684200290395,True
LPJ-GUESS,2000,HW,tran,precipitation,13256,0.27702622443212577,0.277006051521738,0.009300643284004413,0.26104867798876735,0.29656681249090017,True
LPJ-GUESS,2000,HW,tran,lai,13256,0.4723487772236145,0.47408077220330713,0.0046514834017076425,0.4656802911719515,0.48319974657227033,True
LPJ-GUESS,2000,HW,evspsblveg,precipitation,13256,0.388910333000591,0.3902421860200162,0.006994921408090884,0.37822049716889905,0.40334709970856536,True
LPJ-GUESS,2000,HW,evspsblveg,lai,13256,0.460627566634538,0.46488835736079964,0.006094593541855061,0.45155399046459466,0.4767361777494991,True
LPJ-GUESS,2000,HW,evspsblsoi,precipitation,13256,0.11902597618814036,0.12278899081400002,0.0059571236169161795,0.11080896027420976,0.1345138162562955,True
LPJ-GUESS,2000,HW,evspsblsoi,lai,13256,0.14682948839115928,0.14647484365757316,0.008162731227633202,0.13174246869439804,0.16276319376647796,True
LPJ-GUESS,2000,HD,evapotrans,precipitation,11881,0.49441149768690834,0.4957593644391236,0.0046298743892984485,0.4862328052641699,0.5056403107967496,True
LPJ-GUESS,2000,HD,evapotrans,lai,11881,0.4737731663916328,0.4753855349054952,0.006392074943553308,0.46384708841283395,0.4863689123648167,True
LPJ-GUESS,2000,HD,tran,precipitation,11881,0.4248501752837699,0.4269373227732168,0.006683904385813678,0.4148933217775861,0.44046609917123825,True
LPJ-GUESS,2000,HD,tran,lai,11881,0.5931294469822371,0.5944953673029435,0.003571948075019264,0.588888028604,0.6014639820993715,True
LPJ-GUESS,2000,HD,evspsblveg,precipitation,11881,0.4375514248231953,0.44008216139108475,0.005280943748700017,0.4297904053752003,0.4508992689321491,True
LPJ-GUESS,2000,HD,evspsblveg,lai,11881,0.5507913846542749,0.5519131362588605,0.0044105271878728675,0.5426997828503861,0.5595631358605765,True
LPJ-GUESS,2000,HD,evspsblsoi,precipitation,11881,0.30317021733443295,0.3076422284773793,0.0075437639991746555,0.29549537152566546,0.3226416188401731,True
LPJ-GUESS,2000,HD,evspsblsoi,lai,11881,0.21738479398819438,0.22199431156412675,0.00883294020860639,0.20753760121398718,0.24169199548489773,True
LPJ-GUESS,2000,CW,evapotrans,precipitation,22368,0.28212226539349206,0.28495232476597293,0.007048703672156272,0.2697199436709365,0.29729303753904224,True
LPJ-GUESS,2000,CW,evapotrans,lai,22368,0.35944909484972143,0.36110304171556046,0.004110737171053652,0.3533120329592225,0.3687630861184165,True
LPJ-GUESS,2000,CW,tran,precipitation,22368,0.2502554955847129,0.2517086003739525,0.0059484500530766465,0.24134287514149366,0.2640559800225477,True
LPJ-GUESS,2000,CW,tran,lai,22368,0.3650608279245592,0.36746490246453745,0.003963144453792586,0.36083746227685404,0.3752025130155123,True
LPJ-GUESS,2000,CW,evspsblveg,precipitation,22368,0.24407917419836303,0.24587969968654483,0.006212367049979804,0.23410518719781626,0.25911736758815673,True
LPJ-GUESS,2000,CW,evspsblveg,lai,22368,0.5405994210389322,0.5421981854901978,0.003501758491728461,0.5353942977906702,0.547749415867516,True
LPJ-GUESS,2000,CW,evspsblsoi,precipitation,22368,0.11301311225730298,0.11712211684967955,0.00559539007697976,0.10702310400924048,0.12816198971028833,True
LPJ-GUESS,2000,CW,evspsblsoi,lai,22368,0.1358703589744082,0.14210917995482222,0.00643402816509933,0.13045056328673443,0.1544333694652793,True
LPJ-GUESS,2000,CD,evapotrans,precipitation,10683,0.2635750163904408,0.26627528071903844,0.009140766229901098,0.25141982095125015,0.2852778516641335,True
LPJ-GUESS,2000,CD,evapotrans,lai,10683,0.4663242135199577,0.46915640027651667,0.005371039997073406,0.459842562400649,0.4792780953829403,True
LPJ-GUESS,2000,CD,tran,precipitation,10683,0.24047436819633483,0.2438545585725475,0.008427349103251198,0.22865108308319662,0.26017715902506766,True
LPJ-GUESS,2000,CD,tran,lai,10683,0.5609232141373409,0.5630179860526647,0.0048931701933989154,0.5542212468705536,0.5722758749443101,True
LPJ-GUESS,2000,CD,evspsblveg,precipitation,10683,0.29044520047675393,0.2919103620623283,0.006863681991611079,0.279912338423202,0.30512433574263975,True
LPJ-GUESS,2000,CD,evspsblveg,lai,10683,0.5935983821823395,0.5960162847487213,0.0048751675428911345,0.5876225943966654,0.6058410783792584,True
LPJ-GUESS,2000,CD,evspsblsoi,precipitation,10683,0.15629768098592095,0.15967847164461124,0.005929776181449338,0.14910167530350815,0.1714587390151027,True
LPJ-GUESS,2000,CD,evspsblsoi,lai,10683,0.2011927677572817,0.20218627434831904,0.01095365983552441,0.1779892529936065,0.21968295360694973,True
LPJ-GUESS,2001,HW,evapotrans,precipitation,13274,0.32341174115025256,0.324415706520728,0.008473416873308085,0.30755325516045473,0.33790228919785736,True
LPJ-GUESS,2001,HW,evapotrans,lai,13274,0.4340060726903901,0.43728973304375446,0.006313462853316338,0.42372513754484054,0.44831072333126093,True
LPJ-GUESS,2001,HW,tran,precipitation,13274,0.25599763107219314,0.25577277464223247,0.00859744413445097,0.23869898146317187,0.2700876505997506,True
LPJ-GUESS,2001,HW,tran,lai,13274,0.4706406867758208,0.47486337939444373,0.004458959675703399,0.4663521678155812,0.4844228982456915,True
LPJ-GUESS,2001,HW,evspsblveg,precipitation,13274,0.37630586672818966,0.3766126673130357,0.007539283895343739,0.3635109541358076,0.39032379086520513,True
LPJ-GUESS,2001,HW,evspsblveg,lai,13274,0.4723973263539707,0.47449468824101876,0.00635618169073592,0.4616980390353631,0.48628755780288296,True
LPJ-GUESS,2001,HW,evspsblsoi,precipitation,13274,0.1361940908125496,0.13803795726761645,0.007132922169405728,0.12310351970423446,0.1497033843721605,True
LPJ-GUESS,2001,HW,evspsblsoi,lai,13274,0.13207372089899522,0.13111419778791006,0.007261659241452338,0.11656617526041037,0.14503250995332798,True
LPJ-GUESS,2001,HD,evapotrans,precipitation,11874,0.504728638346559,0.507849464819505,0.0052384859869339375,0.49765678890321735,0.519612245694661,True
LPJ-GUESS,2001,HD,evapotrans,lai,11874,0.527146133815339,0.5285446764692633,0.004165985504467849,0.5203519965116228,0.5370039089013898,True
LPJ-GUESS,2001,HD,tran,precipitation,11874,0.46805456166467935,0.4704006427897316,0.005787434393021958,0.46013836955682835,0.48060190195346036,True
LPJ-GUESS,2001,HD,tran,lai,11874,0.5997486739095237,0.600192581585726,0.003146169371429041,0.5951479455175989,0.6068805998736587,True
LPJ-GUESS,2001,HD,evspsblveg,precipitation,11874,0.501033737339186,0.5012360912635746,0.0051043486443655165,0.4905111403859209,0.5130892106862657,True
LPJ-GUESS,2001,HD,evspsblveg,lai,11874,0.5725458155905188,0.5759011419026067,0.0032833109090662656,0.5696019073592197,0.5824442960838715,True
LPJ-GUESS,2001,HD,evspsblsoi,precipitation,11874,0.2894998296491141,0.28701184846650757,0.008370032876631994,0.2703314517792785,0.3035361402980291,True
LPJ-GUESS,2001,HD,evspsblsoi,lai,11874,0.2122857612343252,0.21790793214626825,0.006755923908496253,0.20779313977564226,0.23284816878892872,True
LPJ-GUESS,2001,CW,evapotrans,precipitation,22323,0.26403755660804984,0.2651783746838594,0.006924517188585207,0.2536714778724384,0.2775077270532681,True
LPJ-GUESS,2001,CW,evapotrans,lai,22323,0.35666538538052517,0.3586204035115499,0.003953018998301731,0.3508101822379994,0.36661323927846295,True
LPJ-GUESS,2001,CW,tran,precipitation,22323,0.24294955817782915,0.24400659387496104,0.0071354868910595325,0.23081911669367264,0.2582961285639907,True
LPJ-GUESS,2001,CW,tran,lai,22323,0.37574932359170515,0.3785987250800644,0.0035077883373597616,0.37247800449799745,0.38602881483243284,True
LPJ-GUESS,2001,CW,evspsblveg,precipitation,22323,0.22944998621384466,0.23210559031193626,0.0057552699814943,0.22121759982307718,0.2428239794154212,True
LPJ-GUESS,2001,CW,evspsblveg,lai,22323,0.5458867523683322,0.5468883475345007,0.004039856407818722,0.5386834823295459,0.5531576717507477,True
LPJ-GUESS,2001,CW,evspsblsoi,precipitation,22323,0.10523844798225032,0.11099817830215825,0.005305124310729787,0.10036504022156646,0.12059460834963362,True
LPJ-GUESS,2001,CW,evspsblsoi,lai,22323,0.16007168579202993,0.16342301276333274,0.008099653722136363,0.1486875062585162,0.1804641781762589,True
LPJ-GUESS,2001,CD,evapotrans,precipitation,10661,0.2218879505392671,0.22849023303811833,0.008084358914745116,0.21377138830548775,0.24415878062781537,True
LPJ-GUESS,2001,CD,evapotrans,lai,10661,0.48812578610154,0.4902667739315921,0.0061363420481900105,0.47565557796475816,0.5001762954660892,True
LPJ-GUESS,2001,CD,tran,precipitation,10661,0.22017513579153006,0.2232563150047055,0.00858020620101713,0.20595678131042944,0.23788029594493695,True
LPJ-GUESS,2001,CD,tran,lai,10661,0.5830559668219615,0.5859060235236075,0.004283724525208648,0.5780273016635074,0.5944649417876772,True
LPJ-GUESS,2001,CD,evspsblveg,precipitation,10661,0.2240634847686385,0.22847458401144904,0.008422312543578652,0.21268678460011034,0.24136553021064988,True
LPJ-GUESS,2001,CD,evspsblveg,lai,10661,0.5933265643761616,0.5948206756056476,0.005130418937722243,0.5831862339968413,0.6044160242059436,True
LPJ-GUESS,2001,CD,evspsblsoi,precipitation,10661,0.1531152282655959,0.15574478876316047,0.007754903211969789,0.142068847888159,0.169475661881313,True
LPJ-GUESS,2001,CD,evspsblsoi,lai,10661,0.1979826879137403,0.19898600411258802,0.0075838666435709984,0.18237123252134566,0.21109054263910387,True
LPJ-GUESS,2002,HW,evapotrans,precipitation,13301,0.2579324693208097,0.26311010220793163,0.006906200019374605,0.24943875071585236,0.2753958539045658,True
LPJ-GUESS,2002,HW,evapotrans,lai,13301,0.44774190193173335,0.4497903905836009,0.0043351751962420505,0.44117146694645554,0.4567177699569386,True
LPJ-GUESS,2002,HW,tran,precipitation,13301,0.18695436998631457,0.19349667331462053,0.007138512718480773,0.18130574947633338,0.2072470852756283,True
LPJ-GUESS,2002,HW,tran,lai,13301,0.48484771058538767,0.4873787593728344,0.004639501688241453,0.477927470287916,0.4947515570031696,True
LPJ-GUESS,2002,HW,evspsblveg,precipitation,13301,0.3273382124584448,0.33038967930141583,0.0052115760064237815,0.3214694855160012,0.33998023503807223,True
LPJ-GUESS,2002,HW,evspsblveg,lai,13301,0.466346812071906,0.46850307944253106,0.006236958158773656,0.4527583490605003,0.4780546102166523,True
LPJ-GUESS,2002,HW,evspsblsoi,precipitation,13301,0.1557935041347448,0.15495324612959455,0.006688433221320228,0.14239541696137611,0.1676470145098855,True
LPJ-GUESS,2002,HW,evspsblsoi,lai,13301,0.1322928967407618,0.13658540180495335,0.00720305311530595,0.12451416160865995,0.15151108804620766,True
LPJ-GUESS,2002,HD,evapotrans,precipitation,11875,0.489739356953368,0.4911180156122784,0.005688072749951851,0.48068724270399366,0.5013348048187678,True
LPJ-GUESS,2002,HD,evapotrans,lai,11875,0.5120258727627148,0.5151998872514355,0.004716697579065622,0.5066646851587304,0.5246563000010002,True
LPJ-GUESS,2002,HD,tran,precipitation,11875,0.4580568569490686,0.46008781822412864,0.00554769041419259,0.4502112716396443,0.4708917449193004,True
LPJ-GUESS,2002,HD,tran,lai,11875,0.5904118731171363,0.59116450144336,0.0039027841859139256,0.5834200478468899,0.5982392870247577,True
LPJ-GUESS,2002,HD,evspsblveg,precipitation,11875,0.47444805292446224,0.4781794680610033,0.005739450122724741,0.4680101972938032,0.4904046215648257,True
LPJ-GUESS,2002,HD,evspsblveg,lai,11875,0.572477334751019,0.5747348239533804,0.0036969934953489034,0.5685847516853695,0.5819232893574208,True
LPJ-GUESS,2002,HD,evspsblsoi,precipitation,11875,0.2543177759056445,0.25745514477062287,0.008023198924868833,0.2422229812011588,0.27365600857323485,True
LPJ-GUESS,2002,HD,evspsblsoi,lai,11875,0.21208750103198737,0.21571161296523214,0.007330896483205604,0.2014607047609907,0.2266486161107921,True
LPJ-GUESS,2002,CW,evapotrans,precipitation,22359,0.21564484593041885,0.2176730771735362,0.007032015939223988,0.20470824198408183,0.23255138376758835,True
LPJ-GUESS,2002,CW,evapotrans,lai,22359,0.35797824386429256,0.3587440731230908,0.0033377602442612015,0.3519113970227551,0.36423600744234136,True
LPJ-GUESS,2002,CW,tran,precipitation,22359,0.19726331645894804,0.1992551191499115,0.00786800513518529,0.18543486099234535,0.21549409820119184,True
LPJ-GUESS,2002,CW,tran,lai,22359,0.3658502245156909,0.3660203672707641,0.003417992382804779,0.3591062543919634,0.3721882601988299,True
LPJ-GUESS,2002,CW,evspsblveg,precipitation,22359,0.2354956550988415,0.23746215729712192,0.006428841426368126,0.22587275495152612,0.25044257131402636,True
LPJ-GUESS,2002,CW,evspsblveg,lai,22359,0.5345964806206351,0.5371360722863003,0.0031999237084940537,0.5319334394155204,0.5435581233602239,True
LPJ-GUESS,2002,CW,evspsblsoi,precipitation,22359,0.13102545954618944,0.13391299693379038,0.005474166134162039,0.12388318121871521,0.14433972863683767,True
LPJ-GUESS,2002,CW,evspsblsoi,lai,22359,0.1675807231179034,0.16956441614415005,0.006759520218524611,0.1563590249434778,0.18229817948376487,True
LPJ-GUESS,2002,CD,evapotrans,precipitation,10697,0.21785094220938328,0.21693663764345977,0.006972241663183868,0.2028058241045231,0.22982730668886478,True
LPJ-GUESS,2002,CD,evapotrans,lai,10697,0.4901842354197625,0.49418112496946337,0.006268880689640779,0.48240725789295613,0.5059169452103615,True
LPJ-GUESS,2002,CD,tran,precipitation,10697,0.18379308838817598,0.1899129336408112,0.006831490681240456,0.17889333521975695,0.20236296663986117,True
LPJ-GUESS,2002,CD,tran,lai,10697,0.5945004052784876,0.5968823626728392,0.00460571499778855,0.5877908630901447,0.6059500611213671,True
LPJ-GUESS,2002,CD,evspsblveg,precipitation,10697,0.20493615234482782,0.20431491792086387,0.007583075659648819,0.18752597005013227,0.21699510815738587,True
LPJ-GUESS,2002,CD,evspsblveg,lai,10697,0.6095423098001914,0.6131414314203987,0.00622967648438038,0.5997914446345124,0.6242319908345948,True
LPJ-GUESS,2002,CD,evspsblsoi,precipitation,10697,0.147711616439066,0.15159789715989935,0.00718093479127023,0.13896450187306014,0.16355463201048784,True
LPJ-GUESS,2002,CD,evspsblsoi,lai,10697,0.2363375122332369,0.23774722616372915,0.009342365634199537,0.21826313232180508,0.25464208249958714,True
LPJ-GUESS,2003,HW,evapotrans,precipitation,13299,0.30095331256767216,0.3046512558158821,0.006908802188675486,0.29051614425145184,0.31769048273002143,True
LPJ-GUESS,2003,HW,evapotrans,lai,13299,0.4309453704190547,0.433362798686767,0.007365359202833137,0.41901182281761906,0.4466719556267256,True
LPJ-GUESS,2003,HW,tran,precipitation,13299,0.2348817109248188,0.23801726731280218,0.007857985136914939,0.22427025394854905,0.25088611172972874,True
LPJ-GUESS,2003,HW,tran,lai,13299,0.48767135524351146,0.4891612397670958,0.003567974720836505,0.48127613665268537,0.4953729812247663,True
LPJ-GUESS,2003,HW,evspsblveg,precipitation,13299,0.34518829552689595,0.34867152687917896,0.006568314503796994,0.3372279454877955,0.3620206382200026,True
LPJ-GUESS,2003,HW,evspsblveg,lai,13299,0.4665461872592603,0.46988310523329296,0.006032439273686853,0.45817846543243396,0.4807152308505106,True
LPJ-GUESS,2003,HW,evspsblsoi,precipitation,13299,0.08658186748169769,0.09140739899940932,0.005610093130916347,0.08023175555415266,0.10220399573443824,True
LPJ-GUESS,2003,HW,evspsblsoi,lai,13299,0.15691416676136544,0.15780762223585904,0.007068315415032199,0.14698596023018334,0.1726601156372909,True
LPJ-GUESS,2003,HD,evapotrans,precipitation,11878,0.5282088955416802,0.5297317192885543,0.004164253663738657,0.5201570573566323,0.5386806952371931,True
LPJ-GUESS,2003,HD,evapotrans,lai,11878,0.46162918685649784,0.4640528983318692,0.007408092545953556,0.44889767848870576,0.4795043383033721,True
LPJ-GUESS,2003,HD,tran,precipitation,11878,0.46915306705792104,0.4713453921270751,0.006349604622690618,0.4598553852627004,0.4846690738732563,True
LPJ-GUESS,2003,HD,tran,lai,11878,0.5795652262650075,0.5816983226834386,0.0034024066313708898,0.5753468103983385,0.5879231775985679,True
LPJ-GUESS,2003,HD,evspsblveg,precipitation,11878,0.48634045476941623,0.48772739373897733,0.00514839744941183,0.4754458620876334,0.4970806582576227,True
LPJ-GUESS,2003,HD,evspsblveg,lai,11878,0.5303198256346934,0.5317632643404473,0.005884079074304688,0.5209801883629952,0.5448777603007839,True
LPJ-GUESS,2003,HD,evspsblsoi,precipitation,11878,0.29076185167948765,0.29592079748409117,0.0072692479411379,0.28187782197651046,0.31087492309348375,True
LPJ-GUESS,2003,HD,evspsblsoi,lai,11878,0.22227983658780087,0.2258092235487208,0.0070406723689980496,0.21307960993888655,0.23986274099957106,True
LPJ-GUESS,2003,CW,evapotrans,precipitation,22382,0.19891786367013137,0.2018504043532143,0.005890193124497796,0.19054847265750793,0.21399379179777966,True
LPJ-GUESS,2003,CW,evapotrans,lai,22382,0.3664055374830838,0.367755973883182,0.0045136475941685555,0.35792585914928926,0.3755550746622651,True
LPJ-GUESS,2003,CW,tran,precipitation,22382,0.17923279741979564,0.1804239667692825,0.005982599922475862,0.1701621141554615,0.19210156613554813,True
LPJ-GUESS,2003,CW,tran,lai,22382,0.3834966403888481,0.38530360485625664,0.0037614630122434606,0.37787295510136304,0.3918146252930316,True
LPJ-GUESS,2003,CW,evspsblveg,precipitation,22382,0.18212661553244505,0.1843771239768249,0.0069533350109019475,0.17243857674558627,0.19704441551491572,True
LPJ-GUESS,2003,CW,evspsblveg,lai,22382,0.5310014694081457,0.5314525692901211,0.0035420846976280626,0.5251372005988865,0.5379358826116105,True
LPJ-GUESS,2003,CW,evspsblsoi,precipitation,22382,0.12668416298591179,0.1296980836193012,0.005053036702037015,0.11967126799484092,0.13944413524259577,True
LPJ-GUESS,2003,CW,evspsblsoi,lai,22382,0.15383488992107391,0.15744933863639132,0.005702025979553607,0.14671737438367746,0.16788992984192058,True
LPJ-GUESS,2003,CD,evapotrans,precipitation,10675,0.2636070402472295,0.2667742813031246,0.007367317110077929,0.2500053932407197,0.2795611961539392,True
LPJ-GUESS,2003,CD,evapotrans,lai,10675,0.4972835774659695,0.4990316686587615,0.005942510688474202,0.4892661366964898,0.5107559074495908,True
LPJ-GUESS,2003,CD,tran,precipitation,10675,0.24005575116017697,0.2381763088060285,0.007804015696757894,0.2235624254338063,0.25274476388721023,True
LPJ-GUESS,2003,CD,tran,lai,10675,0.5759802197664348,0.579965264753824,0.003942305401851349,0.5728602570970999,0.5878741070842524,True
LPJ-GUESS,2003,CD,evspsblveg,precipitation,10675,0.2586969089723864,0.2619794409274284,0.007809830110935137,0.24812613081970733,0.2773079864655353,True
LPJ-GUESS,2003,CD,evspsblveg,lai,10675,0.5920488733345612,0.5941116725709902,0.004650167749621017,0.5852420009082816,0.6033481722588597,True
LPJ-GUESS,2003,CD,evspsblsoi,precipitation,10675,0.15232499257524298,0.1543031428597061,0.008126287763052763,0.13734287931257613,0.17019235447238373,True
LPJ-GUESS,2003,CD,evspsblsoi,lai,10675,0.19296354244645494,0.19688174019637728,0.011724543946637318,0.17613295884178762,0.21851374093393647,True
LPJ-GUESS,2004,HW,evapotrans,precipitation,13297,0.342029115381268,0.34219747403581624,0.0071477217347558596,0.33032000813629225,0.35527901473949036,True
LPJ-GUESS,2004,HW,evapotrans,lai,13297,0.45609828543503395,0.45959693251283673,0.0052560372978130016,0.4502376686769062,0.46964983445879005,True
LPJ-GUESS,2004,HW,tran,precipitation,13297,0.28242294727155154,0.28260269318657805,0.0074649772510611825,0.26689305776346234,0.29752260185234464,True
LPJ-GUESS,2004,HW,tran,lai,13297,0.48269940503944464,0.48390815087276806,0.0038445374516989108,0.4753108727966373,0.48977400292043555,True
LPJ-GUESS,2004,HW,evspsblveg,precipitation,13297,0.3920072659265359,0.39456042483722237,0.006736581362908708,0.3805167877061297,0.40586502828919974,True
LPJ-GUESS,2004,HW,evspsblveg,lai,13297,0.4734381720662847,0.47520658149746375,0.005363785685993834,0.4639915950543261,0.4845704067149881,True
LPJ-GUESS,2004,HW,evspsblsoi,precipitation,13297,0.11682059510526951,0.11792401214979323,0.00806117036673307,0.1030273499388896,0.1328164240937224,True
LPJ-GUESS,2004,HW,evspsblsoi,lai,13297,0.13867272339682019,0.14504547556788933,0.006993429259014307,0.1308933557177724,0.1584460690586032,True
LPJ-GUESS,2004,HD,evapotrans,precipitation,11875,0.5100598465733874,0.5110185848938239,0.004085027247236843,0.5040555390898698,0.5177354968467833,True
LPJ-GUESS,2004,HD,evapotrans,lai,11875,0.5071821726032253,0.5107751243773019,0.004580862694401224,0.5018603492658998,0.5188045475119573,True
LPJ-GUESS,2004,HD,tran,precipitation,11875,0.4422844327048544,0.4461620426840103,0.0057118155229293355,0.4332579786153362,0.45547114710908976,True
LPJ-GUESS,2004,HD,tran,lai,11875,0.6060773347510191,0.6081957540672227,0.003946281300800174,0.6000945098375319,0.6159646088102217,True
LPJ-GUESS,2004,HD,evspsblveg,precipitation,11875,0.4947823570871688,0.4941296579940385,0.005141280746558186,0.4851181499348718,0.5037293833410891,True
LPJ-GUESS,2004,HD,evspsblveg,lai,11875,0.5693718234981393,0.5719037527308201,0.004116694502597548,0.5642655528935322,0.5793364409050001,True
LPJ-GUESS,2004,HD,evspsblsoi,precipitation,11875,0.2584341715086095,0.26499572507760144,0.0068838436546525585,0.25203891707613985,0.2779540311315226,True
LPJ-GUESS,2004,HD,evspsblsoi,lai,11875,0.2072304704473906,0.21304564039298277,0.006378957807088925,0.20200988544807263,0.2274156425684427,True
LPJ-GUESS,2004,CW,evapotrans,precipitation,22331,0.28656129162996047,0.2889895821733872,0.0061845353187576285,0.27831534477392234,0.2997952956745322,True
LPJ-GUESS,2004,CW,evapotrans,lai,22331,0.3653602357931652,0.36667974025597777,0.004719504607955295,0.35730560567663006,0.3746424487687808,True
LPJ-GUESS,2004,CW,tran,precipitation,22331,0.2508426958818032,0.25342290781871607,0.006129747991563393,0.2422852704306103,0.2655076856532807,True
LPJ-GUESS,2004,CW,tran,lai,22331,0.3707309850948362,0.3715597739166089,0.004342514656920172,0.36347374787176584,0.37945624254706045,True
LPJ-GUESS,2004,CW,evspsblveg,precipitation,22331,0.23502849734030712,0.2369834517426974,0.006304831704533088,0.22350208406319877,0.24748972129119642,True
LPJ-GUESS,2004,CW,evspsblveg,lai,22331,0.5524278505839568,0.5531774021347226,0.0029772193873465035,0.5478836773526897,0.5588324821621392,True
LPJ-GUESS,2004,CW,evspsblsoi,precipitation,22331,0.1591612894764574,0.16152053429465354,0.005370017581329677,0.15135754841727664,0.17175840762729813,True
LPJ-GUESS,2004,CW,evspsblsoi,lai,22331,0.14541035023617613,0.1509562450885817,0.006260978736431152,0.13886925052513502,0.1632496516641171,True
LPJ-GUESS,2004,CD,evapotrans,precipitation,10737,0.2762802963859649,0.2823504037672738,0.00875600918571216,0.26659237718524814,0.30137548666111674,True
LPJ-GUESS,2004,CD,evapotrans,lai,10737,0.4952414728200984,0.49673789510108163,0.004582643605610196,0.48777932332609597,0.5053148278889977,True
LPJ-GUESS,2004,CD,tran,precipitation,10737,0.25752310031463155,0.26264059129914474,0.00955055455350009,0.24561660903092192,0.283988964282757,True
LPJ-GUESS,2004,CD,tran,lai,10737,0.598382258472107,0.5993096533495388,0.0048671704685568805,0.590827196390368,0.6087141238531489,True
LPJ-GUESS,2004,CD,evspsblveg,precipitation,10737,0.2723027618968721,0.2730384129863978,0.008729870492400751,0.25712899314591486,0.288567910693963,True
LPJ-GUESS,2004,CD,evspsblveg,lai,10737,0.6084388142803612,0.6120779819813551,0.0051490599825995634,0.6029046193713348,0.6211959768162681,True
LPJ-GUESS,2004,CD,evspsblsoi,precipitation,10737,0.1438308738961773,0.14884104249724245,0.006963292702123217,0.13710861133489158,0.16463998440477687,True
LPJ-GUESS,2004,CD,evspsblsoi,lai,10737,0.20411886597082363,0.20861222011850353,0.010008016603831564,0.18719277093092287,0.2269466236670703,True
LPJ-GUESS,2005,HW,evapotrans,precipitation,13281,0.34341550752365685,0.3462583783474603,0.005624680743921778,0.3350809785742446,0.3560315280935303,True
LPJ-GUESS,2005,HW,evapotrans,lai,13281,0.4403236959584442,0.4423014584684784,0.004680944876152561,0.43379552045488956,0.4504090295592267,True
LPJ-GUESS,2005,HW,tran,precipitation,13281,0.26916552022410856,0.2712968590002861,0.007969339293070265,0.2563042744037311,0.28457801563827706,True
LPJ-GUESS,2005,HW,tran,lai,13281,0.48094589222033834,0.4838810691926673,0.00388997320106865,0.47657326914071735,0.49190498059026744,True
LPJ-GUESS,2005,HW,evspsblveg,precipitation,13281,0.387838824237542,0.3900686241456779,0.006577785715138185,0.3781495487790381,0.4019730601987176,True
LPJ-GUESS,2005,HW,evspsblveg,lai,13281,0.48274944140691967,0.4843826766266446,0.005404798493921761,0.4733616427454307,0.49492194307685516,True
LPJ-GUESS,2005,HW,evspsblsoi,precipitation,13281,0.1074044030198046,0.11227955580081582,0.007257851882814355,0.0963217067187798,0.1274369993970782,True
LPJ-GUESS,2005,HW,evspsblsoi,lai,13281,0.15432131734527899,0.1566197332964059,0.006819019542288171,0.14345840026527173,0.16981565580434838,True
LPJ-GUESS,2005,HD,evapotrans,precipitation,11875,0.4878370627751375,0.48912508999313387,0.00537867169373105,0.4794478514921827,0.5001581442530957,True
LPJ-GUESS,2005,HD,evapotrans,lai,11875,0.495855325181641,0.4979625027374338,0.005354799031140477,0.4868098571418666,0.5067570673074262,True
LPJ-GUESS,2005,HD,tran,precipitation,11875,0.44834463206086494,0.45163531755577396,0.00573378835337517,0.4411408053077073,0.46252518401740267,True
LPJ-GUESS,2005,HD,tran,lai,11875,0.5776394359056355,0.5786089187720951,0.00476210854357485,0.5688558996272305,0.5876101915154769,True
LPJ-GUESS,2005,HD,evspsblveg,precipitation,11875,0.4788196225546378,0.4800510575103731,0.005983276893564441,0.46828232204237596,0.4908289578117802,True
LPJ-GUESS,2005,HD,evspsblveg,lai,11875,0.5834241715399611,0.5855910626050064,0.003517602980844935,0.5791697806138552,0.592086034024455,True
LPJ-GUESS,2005,HD,evspsblsoi,precipitation,11875,0.27421957651269935,0.27711401509959765,0.009717674590821406,0.2599964732319582,0.29578085786361646,True
LPJ-GUESS,2005,HD,evspsblsoi,lai,11875,0.16795509480772638,0.17500567769602246,0.008232445900728384,0.15911984527579703,0.19177327073779518,True
LPJ-GUESS,2005,CW,evapotrans,precipitation,22323,0.25482120348459764,0.25701602151817193,0.006873857903462898,0.24244287296580866,0.26912612644060624,True
LPJ-GUESS,2005,CW,evapotrans,lai,22323,0.36600631057509037,0.36803339880622477,0.003470187386537925,0.3614122472229568,0.3742004723723229,True
LPJ-GUESS,2005,CW,tran,precipitation,22323,0.22402789295907452,0.22666593205954985,0.006853251163195226,0.21115598402821817,0.238392954980239,True
LPJ-GUESS,2005,CW,tran,lai,22323,0.3865681533439401,0.3880787607640221,0.0034962824831431664,0.3815446887344807,0.39451895123258435,True
LPJ-GUESS,2005,CW,evspsblveg,precipitation,22323,0.21644314640546464,0.21917872860210605,0.00521648947347143,0.20968113183503018,0.22862862655756389,True
LPJ-GUESS,2005,CW,evspsblveg,lai,22323,0.5531675946357462,0.5548970708598384,0.003404186448063556,0.5487397742000595,0.5613348951479349,True
LPJ-GUESS,2005,CW,evspsblsoi,precipitation,22323,0.13619601683180507,0.14038197899859997,0.005187647895426047,0.13161776484002216,0.151971992466399,True
LPJ-GUESS,2005,CW,evspsblsoi,lai,22323,0.13834653997347832,0.1452293618533253,0.005946346210282908,0.13528335157278198,0.15670356931967483,True
LPJ-GUESS,2005,CD,evapotrans,precipitation,10673,0.22244549152267923,0.2244375928931521,0.009820120172426013,0.20360454288031504,0.24178476448160832,True
LPJ-GUESS,2005,CD,evapotrans,lai,10673,0.4981535974730093,0.49890697136777995,0.005539251950154694,0.4886674243329499,0.5078689554710348,True
LPJ-GUESS,2005,CD,tran,precipitation,10673,0.18637545575293513,0.1861531910860287,0.007370702171100151,0.17311887421163205,0.2009415630254113,True
LPJ-GUESS,2005,CD,tran,lai,10673,0.5847748318835879,0.5891826471854604,0.004312191445992604,0.5816581520168789,0.5996062398850582,True
LPJ-GUESS,2005,CD,evspsblveg,precipitation,10673,0.21950228532596028,0.22134550765973593,0.009140768531689346,0.2056026591113889,0.2372004454938831,True
LPJ-GUESS,2005,CD,evspsblveg,lai,10673,0.6055399890991388,0.6085309948421423,0.004793858659046158,0.6009908861660193,0.6181189100785509,True
LPJ-GUESS,2005,CD,evspsblsoi,precipitation,10673,0.2161448305954001,0.2195404050353823,0.008538999270815499,0.203422805296934,0.23550574068964097,True
LPJ-GUESS,2005,CD,evspsblsoi,lai,10673,0.2076864304211411,0.21211897126438545,0.008710920290287137,0.19609031742451288,0.22845006375977203,True
LPJ-GUESS,2006,HW,evapotrans,precipitation,13288,0.3242544073124647,0.32656149322023525,0.005880158281031495,0.3153633340723643,0.3362275412418364,True
LPJ-GUESS,2006,HW,evapotrans,lai,13288,0.42859735516104647,0.4299140397380398,0.0052464453578890055,0.4208662646907606,0.4407846633332348,True
LPJ-GUESS,2006,HW,tran,precipitation,13288,0.27097003566773237,0.2716116237299043,0.00724468701996032,0.25630713495513624,0.28428281048213033,True
LPJ-GUESS,2006,HW,tran,lai,13288,0.46053792261635385,0.46333398603842135,0.004960023994980634,0.454080692217384,0.47172839103363323,True
LPJ-GUESS,2006,HW,evspsblveg,precipitation,13288,0.38311111902227957,0.3843406670385633,0.006552934153270087,0.371145541129746,0.3960759429124485,True
LPJ-GUESS,2006,HW,evspsblveg,lai,13288,0.4640472301083277,0.4670967345295844,0.006004565705021955,0.455318108366891,0.4784602202857609,True
LPJ-GUESS,2006,HW,evspsblsoi,precipitation,13288,0.08685792450624663,0.09475178452218685,0.005314143605960099,0.0853889953986906,0.10331489250709718,True
LPJ-GUESS,2006,HW,evspsblsoi,lai,13288,0.15217090885807416,0.15741022760501366,0.008096226750123172,0.14369436021180354,0.17330353074417323,True
LPJ-GUESS,2006,HD,evapotrans,precipitation,11878,0.4668529233323391,0.47033367955987676,0.006216183076240487,0.45936045911097495,0.4824815975133063,True
LPJ-GUESS,2006,HD,evapotrans,lai,11878,0.5227002726371306,0.5235166134473402,0.005569463519881806,0.5118583448192654,0.5334243248824888,True
LPJ-GUESS,2006,HD,tran,precipitation,11878,0.4393335072404985,0.4411239045647115,0.006275950616402749,0.42928673243267157,0.45168307676989494,True
LPJ-GUESS,2006,HD,tran,lai,11878,0.6049892481530805,0.6049189463752367,0.004125813602916547,0.5977814584405157,0.6141600980143783,True
LPJ-GUESS,2006,HD,evspsblveg,precipitation,11878,0.44560596046160084,0.4484301954181148,0.005410188647576371,0.43916570697572205,0.4585168709389456,True
LPJ-GUESS,2006,HD,evspsblveg,lai,11878,0.5681986843798597,0.5688178945945805,0.003908049434556217,0.5606768213012427,0.5751726840616164,True
LPJ-GUESS,2006,HD,evspsblsoi,precipitation,11878,0.2696024300254395,0.27840034331275043,0.0072899196703587,0.2635531341720661,0.29254656815335583,True
LPJ-GUESS,2006,HD,evspsblsoi,lai,11878,0.2481707710125507,0.25096301864188386,0.00578249886050748,0.2386851834530485,0.2599237376752331,True
LPJ-GUESS,2006,CW,evapotrans,precipitation,22404,0.23901442392067654,0.24110546865722912,0.004289145815395923,0.23294584719536024,0.24864244270873384,True
LPJ-GUESS,2006,CW,evapotrans,lai,22404,0.3583619076312903,0.35978270048726996,0.004074866496175508,0.3522260236723047,0.367010882053928,True
LPJ-GUESS,2006,CW,tran,precipitation,22404,0.2139442552529886,0.21681765559656063,0.005327564414412706,0.20589007191487535,0.22717162757762221,True
LPJ-GUESS,2006,CW,tran,lai,22404,0.38996711365317416,0.3907325271918627,0.0039492746778326945,0.3835287616983019,0.39783785548564293,True
LPJ-GUESS,2006,CW,evspsblveg,precipitation,22404,0.2185272670402389,0.22204894053291896,0.005363291069677976,0.21263454616400476,0.2339375426035659,True
LPJ-GUESS,2006,CW,evspsblveg,lai,22404,0.5440667482847452,0.5450651655060149,0.0035714068485434253,0.5369773809014217,0.5521369297082462,True
LPJ-GUESS,2006,CW,evspsblsoi,precipitation,22404,0.11723079970632505,0.12009389038402234,0.005769929063531297,0.10801307239370803,0.12920828611527818,True
LPJ-GUESS,2006,CW,evspsblsoi,lai,22404,0.14776335380161706,0.1499519743715951,0.006451784334107188,0.1400175486159199,0.16402009945639817,True
LPJ-GUESS,2006,CD,evapotrans,precipitation,10726,0.22956502309297452,0.23148558603055164,0.008211761915676673,0.2166692179819036,0.2448645179940048,True
LPJ-GUESS,2006,CD,evapotrans,lai,10726,0.4950369702036615,0.4960729297855419,0.004702176619610832,0.48745095947648415,0.5038365402201169,True
LPJ-GUESS,2006,CD,tran,precipitation,10726,0.20137029601309392,0.2044098408350895,0.008501525995357997,0.18947173774330303,0.21882118416905075,True
LPJ-GUESS,2006,CD,tran,lai,10726,0.5902044966267833,0.5920722866404976,0.005071740563353976,0.582271269147673,0.6009641991819183,True
LPJ-GUESS,2006,CD,evspsblveg,precipitation,10726,0.23987809840692423,0.24145942140131219,0.007808219037629898,0.22556973463015398,0.25529721879256345,True
LPJ-GUESS,2006,CD,evspsblveg,lai,10726,0.6141208786046711,0.6175951619356101,0.005276582456301223,0.6084333918471488,0.6289369545893528,True
LPJ-GUESS,2006,CD,evspsblsoi,precipitation,10726,0.17896995864548781,0.18328132181706916,0.006829247250958514,0.17008429410695575,0.19601555124414527,True
LPJ-GUESS,2006,CD,evspsblsoi,lai,10726,0.19125745093845883,0.1939787954695381,0.008129269446525604,0.17706766051034303,0.20905159087506878,True
LPJ-GUESS,2007,HW,evapotrans,precipitation,13288,0.3270487320546744,0.329700309594743,0.0074577720555988325,0.3163518819542416,0.3431070817256767,True
LPJ-GUESS,2007,HW,evapotrans,lai,13288,0.42581294459854246,0.4287808016551595,0.005862131221680051,0.41879128570140367,0.4407252402838173,True
LPJ-GUESS,2007,HW,tran,precipitation,13288,0.2638823580308489,0.26628698048837146,0.008106312811184662,0.2505022908553681,0.2829298618996698,True
LPJ-GUESS,2007,HW,tran,lai,13288,0.46712309436735017,0.46900789625006745,0.004282051755642351,0.46265951513271625,0.4773951106435678,True
LPJ-GUESS,2007,HW,evspsblveg,precipitation,13288,0.3782158718876686,0.3796911500262481,0.00725706530721409,0.3662715841749911,0.39430933085729464,True
LPJ-GUESS,2007,HW,evspsblveg,lai,13288,0.4716803780709944,0.47401735950708823,0.00560770983361755,0.4636633935249308,0.48472089757597225,True
LPJ-GUESS,2007,HW,evspsblsoi,precipitation,13288,0.10091440869174673,0.10450736108048028,0.0074155161420413835,0.09110227259910961,0.12084010897538607,True
LPJ-GUESS,2007,HW,evspsblsoi,lai,13288,0.14228586268894208,0.1479300273867559,0.009276549765875755,0.12954374444759123,0.16630558977313192,True
LPJ-GUESS,2007,HD,evapotrans,precipitation,11879,0.5077596562231653,0.5100891820172194,0.0054826410803591585,0.49940199692963805,0.5208062425076885,True
LPJ-GUESS,2007,HD,evapotrans,lai,11879,0.48708264279861213,0.48933349668065435,0.004857092680206637,0.47931539515636623,0.49775597206074557,True
LPJ-GUESS,2007,HD,tran,precipitation,11879,0.4551256119425991,0.4587697555258666,0.006755898042209251,0.4458672595229047,0.47043158172580557,True
LPJ-GUESS,2007,HD,tran,lai,11879,0.5917603370461355,0.5920046490118424,0.0035801689606849243,0.5849562443507449,0.5990098595778911,True
LPJ-GUESS,2007,HD,evspsblveg,precipitation,11879,0.477167960258703,0.4805071225968539,0.005843377886766165,0.46909044429303365,0.49060855050664237,True
LPJ-GUESS,2007,HD,evspsblveg,lai,11879,0.5439478050703743,0.5454849230430131,0.004550258373430854,0.5380070171638754,0.554256041245363,True
LPJ-GUESS,2007,HD,evspsblsoi,precipitation,11879,0.2699949556468729,0.27438363145444156,0.007423139652909052,0.2590307380540316,0.28662892269072293,True
LPJ-GUESS,2007,HD,evspsblsoi,lai,11879,0.20288072573735513,0.2075293134892264,0.006950797351035509,0.19481307179471744,0.2210760850763226,True
LPJ-GUESS,2007,CW,evapotrans,precipitation,22401,0.2281677787673016,0.23021759007576548,0.006431210324697595,0.21898107122585186,0.2428576983703512,True
LPJ-GUESS,2007,CW,evapotrans,lai,22401,0.3443344565293641,0.34514768177096544,0.004018586347964971,0.3367725944414655,0.352707860788023,True
LPJ-GUESS,2007,CW,tran,precipitation,22401,0.2067207325025104,0.207209140458504,0.006655077809953511,0.19289908049055082,0.21949485754201578,True
LPJ-GUESS,2007,CW,tran,lai,22401,0.36982562560982607,0.37062207098065447,0.003976511453346806,0.36308361244102044,0.37899438412169184,True
LPJ-GUESS,2007,CW,evspsblveg,precipitation,22401,0.22102930510978408,0.2240203512921123,0.005901649000465816,0.2121229643497185,0.2347896327916842,True
LPJ-GUESS,2007,CW,evspsblveg,lai,22401,0.5347290279611241,0.5362308879902773,0.0028117675230795005,0.531427483763507,0.541353286356419,True
LPJ-GUESS,2007,CW,evspsblsoi,precipitation,22401,0.10583864062366605,0.1079675021228651,0.005101246809530102,0.09777212768241489,0.11711919833885648,True
LPJ-GUESS,2007,CW,evspsblsoi,lai,22401,0.10305811841945833,0.10636601153198183,0.00604731833471662,0.09489368715794623,0.11825085571856196,True
LPJ-GUESS,2007,CD,evapotrans,precipitation,10701,0.2844966974734946,0.28709059547299587,0.008210968445946341,0.2691619959583675,0.3026320070568292,True
LPJ-GUESS,2007,CD,evapotrans,lai,10701,0.5110019172537003,0.5112437906239561,0.00454256523107974,0.5023052339089054,0.5213180942916921,True
LPJ-GUESS,2007,CD,tran,precipitation,10701,0.2445381475888816,0.24622495724769133,0.008447043156416255,0.2309316130837816,0.2602917837616155,True
LPJ-GUESS,2007,CD,tran,lai,10701,0.6005263492095785,0.603423048210993,0.005260355993145486,0.5937174396416482,0.6137557692209037,True
LPJ-GUESS,2007,CD,evspsblveg,precipitation,10701,0.2858108760745678,0.2851107647270297,0.006071303617840907,0.2700875031219718,0.29530246649147124,True
LPJ-GUESS,2007,CD,evspsblveg,lai,10701,0.611454586314848,0.6122584525773282,0.004127721974045399,0.6041686785181821,0.6195885618544587,True
LPJ-GUESS,2007,CD,evspsblsoi,precipitation,10701,0.16983720932651575,0.17721981843738088,0.008838172534033599,0.1621125505114365,0.19387119079600257,True
LPJ-GUESS,2007,CD,evspsblsoi,lai,10701,0.215327766555139,0.2139440528709474,0.01009830065299961,0.19342358640236593,0.23300893676768303,True
LPJ-GUESS,2008,HW,evapotrans,precipitation,13278,0.3405878554207281,0.34398172139322886,0.006195579163122442,0.3328259195330405,0.35495129602203024,True
LPJ-GUESS,2008,HW,evapotrans,lai,13278,0.4335120078143573,0.43404566975147324,0.0053887720329058204,0.4216921187361776,0.4442926492424615,True
LPJ-GUESS,2008,HW,tran,precipitation,13278,0.28185676844259544,0.2835266841820881,0.00693135624182472,0.27032433831895886,0.29406639052525224,True
LPJ-GUESS,2008,HW,tran,lai,13278,0.4796059520504068,0.4805413137436287,0.004560065427313461,0.4720174421912943,0.48831050883132865,True
LPJ-GUESS,2008,HW,evspsblveg,precipitation,13278,0.3829661515613301,0.3848062446459691,0.006490505206449307,0.37230553291039714,0.397858906693538,True
LPJ-GUESS,2008,HW,evspsblveg,lai,13278,0.4799846698134608,0.4826656347278478,0.005739410324935084,0.47058708162765334,0.49149416492507725,True
LPJ-GUESS,2008,HW,evspsblsoi,precipitation,13278,0.10435880807503836,0.10915900255570227,0.007174047800189388,0.09652216526144176,0.12143985764476531,True
LPJ-GUESS,2008,HW,evspsblsoi,lai,13278,0.13239605507434163,0.13777936992466905,0.007999133211587345,0.12363594909879488,0.15357099338701702,True
LPJ-GUESS,2008,HD,evapotrans,precipitation,11876,0.5097089112750952,0.5110278833481103,0.005399992014670392,0.5012209010350431,0.5214916562296937,True
LPJ-GUESS,2008,HD,evapotrans,lai,11876,0.5259758296560517,0.5282273357277993,0.004390500603756334,0.5204866295767132,0.5380625064758912,True
LPJ-GUESS,2008,HD,tran,precipitation,11876,0.4699612399934643,0.4716980311137647,0.004262505827356157,0.46482409968532445,0.4789333617423642,True
LPJ-GUESS,2008,HD,tran,lai,11876,0.5865524702091083,0.5879479013776142,0.003893286673699476,0.5802118484677163,0.5950524820335455,True
LPJ-GUESS,2008,HD,evspsblveg,precipitation,11876,0.48411900525406754,0.48669531849312764,0.005650642543785031,0.47649566641652813,0.4976307342314243,True
LPJ-GUESS,2008,HD,evspsblveg,lai,11876,0.5795243245679912,0.5816294753370987,0.0037341132511197394,0.5746609667249605,0.5880356111793936,True
LPJ-GUESS,2008,HD,evspsblsoi,precipitation,11876,0.2851189318406161,0.29075577365434285,0.007778189842217487,0.2778297442097343,0.3051740294779652,True
LPJ-GUESS,2008,HD,evspsblsoi,lai,11876,0.23712591896664298,0.2436660164050791,0.00970955984565035,0.22486068570076984,0.26138868388579745,True
LPJ-GUESS,2008,CW,evapotrans,precipitation,22390,0.21027145917531243,0.2115675271591812,0.006302913936286236,0.1978660479629094,0.22209667079092166,True
LPJ-GUESS,2008,CW,evapotrans,lai,22390,0.3371371147833854,0.33830792409207305,0.004104376598267698,0.33059798866823553,0.3446982956888344,True
LPJ-GUESS,2008,CW,tran,precipitation,22390,0.18087075319994717,0.18484513928576532,0.006019962458794903,0.17411167435194044,0.19629213191675263,True
LPJ-GUESS,2008,CW,tran,lai,22390,0.3626172398392139,0.3639470737373181,0.003960303058072131,0.35615270099370017,0.3717347159525936,True
LPJ-GUESS,2008,CW,evspsblveg,precipitation,22390,0.22499511500669944,0.22751380501080015,0.007264850249475028,0.21501486189820598,0.24339268727495944,True
LPJ-GUESS,2008,CW,evspsblveg,lai,22390,0.5446404644930773,0.54466994037358,0.003474399428641744,0.5374497022604112,0.5503192998048204,True
LPJ-GUESS,2008,CW,evspsblsoi,precipitation,22390,0.08592900411544319,0.09050044092174964,0.0041752232334905,0.08391260103734838,0.09821002106355027,True
LPJ-GUESS,2008,CW,evspsblsoi,lai,22390,0.14642697632871818,0.15177403362121095,0.005313056563952056,0.14126369718943693,0.16127946487265113,True
LPJ-GUESS,2008,CD,evapotrans,precipitation,10675,0.23988787416601326,0.23849115226023815,0.009225699418604842,0.22083921119544891,0.25516284086892366,True
LPJ-GUESS,2008,CD,evapotrans,lai,10675,0.4898804746280122,0.49239440529440237,0.005298254347858901,0.48264133176882645,0.5025672072412494,True
LPJ-GUESS,2008,CD,tran,precipitation,10675,0.22959745428815798,0.22647039335273333,0.007657333418439795,0.2126067750678878,0.2386845914961617,True
LPJ-GUESS,2008,CD,tran,lai,10675,0.5935367220922553,0.5969851593986504,0.004820734673931311,0.5869274152262627,0.6059179669770854,True
LPJ-GUESS,2008,CD,evspsblveg,precipitation,10675,0.22288891226062846,0.2212358842831142,0.008435977167361448,0.204555663860315,0.23807171487445303,True
LPJ-GUESS,2008,CD,evspsblveg,lai,10675,0.6024338378044325,0.605537811018744,0.004404571723256593,0.597193149097644,0.6136943418792451,True
LPJ-GUESS,2008,CD,evspsblsoi,precipitation,10675,0.18806592072409414,0.18694460806525157,0.007583138893517221,0.17320404580293125,0.20136556240035405,True
LPJ-GUESS,2008,CD,evspsblsoi,lai,10675,0.19629738840598943,0.19996506185509402,0.010364336739299375,0.17709192515492128,0.21845560470673303,True
LPJ-GUESS,2009,HW,evapotrans,precipitation,13284,0.3149905014009148,0.31824185450474035,0.0064096960162864924,0.3070739088496588,0.3304445037317346,True
LPJ-GUESS,2009,HW,evapotrans,lai,13284,0.4246558274652358,0.4266312648251593,0.005897841753596848,0.4163214828645312,0.4377611058853588,True
LPJ-GUESS,2009,HW,tran,precipitation,13284,0.2510591940970298,0.25413469303077896,0.0059785198517736055,0.24301625617744688,0.26467635185759597,True
LPJ-GUESS,2009,HW,tran,lai,13284,0.46724114162159025,0.469858163565847,0.0036071795508928407,0.4626894811495297,0.47601790971473973,True
LPJ-GUESS,2009,HW,evspsblveg,precipitation,13284,0.36697806184945825,0.3690431964623423,0.005131439722062627,0.3591910737659165,0.3785717050462091,True
LPJ-GUESS,2009,HW,evspsblveg,lai,13284,0.4700111421294936,0.4723039568543416,0.0060628856174657466,0.4607947332334154,0.48250678989899115,True
LPJ-GUESS,2009,HW,evspsblsoi,precipitation,13284,0.08975872745735686,0.09171516653110774,0.006328082525789778,0.07797155990435671,0.10348677466804372,True
LPJ-GUESS,2009,HW,evspsblsoi,lai,13284,0.15792528741887152,0.15692619219918869,0.009078389037054997,0.13772947409324043,0.1710721159253092,True
LPJ-GUESS,2009,HD,evapotrans,precipitation,11879,0.4968987782589826,0.49923804531994803,0.004482035885177979,0.4903145954165206,0.5074376785410538,True
LPJ-GUESS,2009,HD,evapotrans,lai,11879,0.48712547791805305,0.4903085865875294,0.004597385474388142,0.48246049116398104,0.49846686984723093,True
LPJ-GUESS,2009,HD,tran,precipitation,11879,0.4609880251414451,0.46171939268416573,0.0052941588640463095,0.45311123359701394,0.472568136288835,True
LPJ-GUESS,2009,HD,tran,lai,11879,0.5850284206943017,0.5870798185665845,0.004003914467298094,0.5791605494085307,0.59345918941436,True
LPJ-GUESS,2009,HD,evspsblveg,precipitation,11879,0.47997920771908664,0.4830717955945093,0.005650986470892869,0.4715664004773137,0.49340369799703143,True
LPJ-GUESS,2009,HD,evspsblveg,lai,11879,0.5789225560881425,0.5787492046506473,0.0033024334700287113,0.5725950756999347,0.584745275609822,True
LPJ-GUESS,2009,HD,evspsblsoi,precipitation,11879,0.27617711931908795,0.2825971696755493,0.008581857366621707,0.26408828728820377,0.29734383432679373,True
LPJ-GUESS,2009,HD,evspsblsoi,lai,11879,0.18993382487784377,0.1980522635825796,0.0075493510438247435,0.1834669760547697,0.21228675567933872,True
LPJ-GUESS,2009,CW,evapotrans,precipitation,22339,0.279145224654459,0.28292763163403684,0.006215215068301987,0.2722116517127225,0.29550510518964135,True
LPJ-GUESS,2009,CW,evapotrans,lai,22339,0.3501753600407299,0.35129858228375765,0.003968537189592755,0.34273764950673824,0.3592979331554157,True
LPJ-GUESS,2009,CW,tran,precipitation,22339,0.2545666725034102,0.25641816407606266,0.006101246827414686,0.24696494186049447,0.27006711049390636,True
LPJ-GUESS,2009,CW,tran,lai,22339,0.3711695421045842,0.37206800965170184,0.004015606847093842,0.36561931816716775,0.3801963707468373,True
LPJ-GUESS,2009,CW,evspsblveg,precipitation,22339,0.2423878265017245,0.24527166511667362,0.006124455712096201,0.23505918352980337,0.2567347258188175,True
LPJ-GUESS,2009,CW,evspsblveg,lai,22339,0.5470273152809382,0.5474455224692784,0.0030637764403686272,0.5419613328713841,0.5532947857470227,True
LPJ-GUESS,2009,CW,evspsblsoi,precipitation,22339,0.14574537460248324,0.14997115060017163,0.0050692105503798105,0.13981310993263482,0.1602170181540807,True
LPJ-GUESS,2009,CW,evspsblsoi,lai,22339,0.15783923543551243,0.15600273025325756,0.007176493060044847,0.1429136031618273,0.16908357637745544,True
LPJ-GUESS,2009,CD,evapotrans,precipitation,10735,0.2561665831027003,0.2583648028351767,0.00966463396038282,0.23954217745651313,0.27637531846213514,True
LPJ-GUESS,2009,CD,evapotrans,lai,10735,0.4943992952192222,0.49524158646530464,0.004899902291165859,0.4851476468020344,0.504637703294856,True
LPJ-GUESS,2009,CD,tran,precipitation,10735,0.22063150673054208,0.22007526127030272,0.008743507955515421,0.20358219512238426,0.2396767290121348,True
LPJ-GUESS,2009,CD,tran,lai,10735,0.5822960991801278,0.584124079519041,0.004263913327739417,0.5750860942594048,0.5909487217868962,True
LPJ-GUESS,2009,CD,evspsblveg,precipitation,10735,0.25192000762378475,0.25170544376115234,0.007412070153556515,0.23769362950921505,0.26551334728136083,True
LPJ-GUESS,2009,CD,evspsblveg,lai,10735,0.6153802586259984,0.618419324245739,0.0064236079194890565,0.606157416457557,0.6315001460480771,True
LPJ-GUESS,2009,CD,evspsblsoi,precipitation,10735,0.18712918854997984,0.19180348508907993,0.008254844925015105,0.17625869845576508,0.20675180202719948,True
LPJ-GUESS,2009,CD,evspsblsoi,lai,10735,0.22607585005978484,0.22879037093562649,0.008908950288668326,0.21242152329857175,0.24865710892696313,True
LPJ-GUESS,2010,HW,evapotrans,precipitation,13283,0.3171979952703143,0.3201456123233091,0.008468724698795477,0.3013984114435913,0.33791355871672185,True
LPJ-GUESS,2010,HW,evapotrans,lai,13283,0.4377543109273652,0.44092894740268224,0.005890845221953725,0.43090234711969616,0.4535000510644706,True
LPJ-GUESS,2010,HW,tran,precipitation,13283,0.25263087670031786,0.25515509466059,0.00875230915890225,0.23710737510240817,0.2705959391675845,True
LPJ-GUESS,2010,HW,tran,lai,13283,0.4770599752015667,0.47874071876156066,0.004668660734220123,0.46914022618633716,0.4864462243167256,True
LPJ-GUESS,2010,HW,evspsblveg,precipitation,13283,0.35064797717031604,0.35433949119937347,0.008392238842633796,0.33734132251573995,0.36864250446719915,True
LPJ-GUESS,2010,HW,evspsblveg,lai,13283,0.46990244914008217,0.4738309091123865,0.005828486092316128,0.4624123922390836,0.48463673951801267,True
LPJ-GUESS,2010,HW,evspsblsoi,precipitation,13283,0.1377916274216215,0.14173161416115648,0.005435656606044373,0.1307699975009519,0.1514555441311226,True
LPJ-GUESS,2010,HW,evspsblsoi,lai,13283,0.13447801406635346,0.13545143453178823,0.0074877553813691294,0.12254486954616338,0.1505035197523208,True
LPJ-GUESS,2010,HD,evapotrans,precipitation,11877,0.4915283986383278,0.493189462214871,0.0062301501757503226,0.48254990290992844,0.5055845039743602,True
LPJ-GUESS,2010,HD,evapotrans,lai,11877,0.49145297144651523,0.49509464492052835,0.004677905573793747,0.48586610063034247,0.503978490531846,True
LPJ-GUESS,2010,HD,tran,precipitation,11877,0.4280822502798899,0.43271153128226364,0.006735388862569624,0.4204148363702399,0.44492691843711263,True
LPJ-GUESS,2010,HD,tran,lai,11877,0.5917115613357611,0.5938597014721183,0.0035565463299511452,0.5880649374425406,0.6012933503939907,True
LPJ-GUESS,2010,HD,evspsblveg,precipitation,11877,0.4392397644588435,0.44320259199910195,0.006832212063884029,0.4307225074631664,0.45506943119627485,True
LPJ-GUESS,2010,HD,evspsblveg,lai,11877,0.5647261359573086,0.567272659009138,0.004430346944520168,0.5593208753670315,0.5751821441628739,True
LPJ-GUESS,2010,HD,evspsblsoi,precipitation,11877,0.2600436035015474,0.26237002124430364,0.007975736113013757,0.24713003243108397,0.2796362009688006,True
LPJ-GUESS,2010,HD,evspsblsoi,lai,11877,0.22738970219758983,0.2298636581236495,0.006584793284166676,0.21785340981740559,0.24296395619843053,True
LPJ-GUESS,2010,CW,evapotrans,precipitation,22416,0.2613525132543152,0.2628469043524809,0.005675698166877082,0.25217430204885494,0.27346895187167,True
LPJ-GUESS,2010,CW,evapotrans,lai,22416,0.3438597529752291,0.34502390194600274,0.003949126496581475,0.33858476895537,0.3518757390390069,True
LPJ-GUESS,2010,CW,tran,precipitation,22416,0.23449131700420417,0.23629037552255697,0.0068929927904798766,0.2227917044002373,0.2501972282970434,True
LPJ-GUESS,2010,CW,tran,lai,22416,0.3642462605437442,0.3651444194931225,0.004160593333443166,0.3577804334021177,0.3738756183561692,True
LPJ-GUESS,2010,CW,evspsblveg,precipitation,22416,0.2153415308588542,0.2158009343853594,0.006500187357834438,0.201514952795742,0.23068091043616004,True
LPJ-GUESS,2010,CW,evspsblveg,lai,22416,0.5477771160693972,0.5484898245931732,0.003293834660674181,0.5421564376878469,0.5544086110308148,True
LPJ-GUESS,2010,CW,evspsblsoi,precipitation,22416,0.15223074497399855,0.15455212666440818,0.006788206786957222,0.14209695523881533,0.16661462307371092,True
LPJ-GUESS,2010,CW,evspsblsoi,lai,22416,0.17644368410961253,0.17879839111635498,0.006045992105580973,0.16687373015439053,0.19020103409593578,True
LPJ-GUESS,2010,CD,evapotrans,precipitation,10721,0.22137153460618075,0.22682433324230244,0.010101970333317535,0.20656209864648745,0.24485268004524086,True
LPJ-GUESS,2010,CD,evapotrans,lai,10721,0.4820242411550113,0.485919048656433,0.005079487722703472,0.47718536359020525,0.496152706541139,True
LPJ-GUESS,2010,CD,tran,precipitation,10721,0.19474389482447452,0.1999506128001628,0.009204678783219367,0.18050821229224526,0.21487104542885896,True
LPJ-GUESS,2010,CD,tran,lai,10721,0.5863694945197526,0.5885006329371775,0.004060497076894696,0.579807232905202,0.5951319324066527,True
LPJ-GUESS,2010,CD,evspsblveg,precipitation,10721,0.20942690633254532,0.2130884114055076,0.00901985524535978,0.19535226889738855,0.22877927426718406,True
LPJ-GUESS,2010,CD,evspsblveg,lai,10721,0.6085417533575905,0.6104023866355126,0.006059361260226657,0.5981591016804064,0.6208477541154114,True
LPJ-GUESS,2010,CD,evspsblsoi,precipitation,10721,0.1656380448835892,0.1680735049642588,0.008479354309643377,0.1531407347588384,0.18350143396175314,True
LPJ-GUESS,2010,CD,evspsblsoi,lai,10721,0.16229636435652833,0.17115785969674693,0.0063932796095333855,0.15725617695822933,0.18148881659707122,True
LPJ-GUESS,2011,HW,evapotrans,precipitation,13278,0.32040725032983264,0.32292541189125806,0.007708193798799639,0.30621069969015224,0.3383783751136493,True
LPJ-GUESS,2011,HW,evapotrans,lai,13278,0.42334464382609516,0.42693903732589833,0.005702007685370524,0.4161090404886605,0.4391073065816639,True
LPJ-GUESS,2011,HW,tran,precipitation,13278,0.27213440295297775,0.27653987309419065,0.008984760151327138,0.25918469215071305,0.2948505976863906,True
LPJ-GUESS,2011,HW,tran,lai,13278,0.4685642706388138,0.4719301482000573,0.004602248513642455,0.4632124218635914,0.48057521944594345,True
LPJ-GUESS,2011,HW,evspsblveg,precipitation,13278,0.3890020656507639,0.39024780910492574,0.006720538417589133,0.37603242242751406,0.40335310325003965,True
LPJ-GUESS,2011,HW,evspsblveg,lai,13278,0.46017582530755646,0.4622736370126079,0.006188138555704845,0.4497901291221811,0.4731679089915274,True
LPJ-GUESS,2011,HW,evspsblsoi,precipitation,13278,0.07742088987068552,0.08298891700538763,0.007956875830714772,0.06767594804108949,0.09967974843958796,True
LPJ-GUESS,2011,HW,evspsblsoi,lai,13278,0.1431408530643132,0.14164864827081436,0.008159931990031169,0.12575007855914888,0.15573861059037394,True
LPJ-GUESS,2011,HD,evapotrans,precipitation,11878,0.42825767870144693,0.4318031587969397,0.006669512122142536,0.4189052483549008,0.4436380189905519,True
LPJ-GUESS,2011,HD,evapotrans,lai,11878,0.5157970369916826,0.5179774869657215,0.005014486733010329,0.5084512788274033,0.5260799098039575,True
LPJ-GUESS,2011,HD,tran,precipitation,11878,0.4189642726032716,0.4235249849499844,0.006257092798687477,0.40994247180512766,0.43391480819386447,True
LPJ-GUESS,2011,HD,tran,lai,11878,0.5794351864607801,0.5817528389828622,0.0036731379275048155,0.5753408248086358,0.5895671387807955,True
LPJ-GUESS,2011,HD,evspsblveg,precipitation,11878,0.44893721484486726,0.4510913042902795,0.005679175025486048,0.44139624725924825,0.46246186433713565,True
LPJ-GUESS,2011,HD,evspsblveg,lai,11878,0.5801952992346998,0.5827807303404148,0.003500517473263979,0.5764230698289249,0.5894054950736479,True
LPJ-GUESS,2011,HD,evspsblsoi,precipitation,11878,0.22750283040315034,0.23213102506301359,0.007872171067116435,0.2176701019431324,0.24665946588587317,True
LPJ-GUESS,2011,HD,evspsblsoi,lai,11878,0.22473656132521264,0.22943018449743094,0.0074594015885283875,0.213440409979317,0.24425785732692828,True
LPJ-GUESS,2011,CW,evapotrans,precipitation,22363,0.22267391860190483,0.2255790233580436,0.006017456638082731,0.21507998628545497,0.23768923260387775,True
LPJ-GUESS,2011,CW,evapotrans,lai,22363,0.35508713080808396,0.3575777235503512,0.0039219952009907815,0.35050086274743303,0.36383725383625126,True
LPJ-GUESS,2011,CW,tran,precipitation,22363,0.19828743985205044,0.2005910030805821,0.006174562477274433,0.18946902020002535,0.2125147032791378,True
LPJ-GUESS,2011,CW,tran,lai,22363,0.3749206458214226,0.37651563567788016,0.003615457501267951,0.3700084824684056,0.3827741071965251,True
LPJ-GUESS,2011,CW,evspsblveg,precipitation,22363,0.19217506936666034,0.19661476826764748,0.005372686046616929,0.1878659751947215,0.20617749461856397,True
LPJ-GUESS,2011,CW,evspsblveg,lai,22363,0.5419369335065579,0.5428874863661395,0.0032667812130488523,0.5371595146577097,0.5485118646617855,True
LPJ-GUESS,2011,CW,evspsblsoi,precipitation,22363,0.10283274024736938,0.10469734178572515,0.005274858701871875,0.09609271647523986,0.11558643383125426,True
LPJ-GUESS,2011,CW,evspsblsoi,lai,22363,0.17180762416318757,0.1727260455027093,0.006280786237025172,0.1617999319291886,0.18269317036556193,True
LPJ-GUESS,2011,CD,evapotrans,precipitation,10676,0.24405556112938626,0.2451306435345905,0.007999639070370605,0.2306914997264243,0.2604392143542038,True
LPJ-GUESS,2011,CD,evapotrans,lai,10676,0.4964671011179824,0.49859553519112587,0.005058093784362006,0.48969598123653063,0.5089127377552856,True
LPJ-GUESS,2011,CD,tran,precipitation,10676,0.23200982429655137,0.23421087619814884,0.007386586508938845,0.21839283900110582,0.24862970518293526,True
LPJ-GUESS,2011,CD,tran,lai,10676,0.5853190296061894,0.5855985040636104,0.003671292124898949,0.5782239294885085,0.5926385816919021,True
LPJ-GUESS,2011,CD,evspsblveg,precipitation,10676,0.24714748449265878,0.2505076203005221,0.008005521760890736,0.23523851037973484,0.264357376982466,True
LPJ-GUESS,2011,CD,evspsblveg,lai,10676,0.5993821353382016,0.6022032130238625,0.005546692961413823,0.5917074793156951,0.6136981681439545,True
LPJ-GUESS,2011,CD,evspsblsoi,precipitation,10676,0.20976308043020928,0.21516276601653705,0.00850891748868488,0.19868746336697127,0.2303184476819812,True
LPJ-GUESS,2011,CD,evspsblsoi,lai,10676,0.2137804800947229,0.22003772207414607,0.009001908935290966,0.20312085942763555,0.23588985293991044,True
LPJ-GUESS,2012,HW,evapotrans,precipitation,13274,0.32413586730733224,0.32538749174582926,0.0058092332176041105,0.3134969436132415,0.33619371927439873,True
LPJ-GUESS,2012,HW,evapotrans,lai,13274,0.4333379336843225,0.4336710912212297,0.0054064328115119836,0.42384227551541626,0.4447845692678844,True
LPJ-GUESS,2012,HW,tran,precipitation,13274,0.23522980768564802,0.24019320413444767,0.0082841557065383,0.2233904325465941,0.2559753978220435,True
LPJ-GUESS,2012,HW,tran,lai,13274,0.48179473071142465,0.48250208854661764,0.003816092663586257,0.4752099176194448,0.49032842431687335,True
LPJ-GUESS,2012,HW,evspsblveg,precipitation,13274,0.3598397760766383,0.3614165511472175,0.006648955415838035,0.34779337715767855,0.3746736913435006,True
LPJ-GUESS,2012,HW,evspsblveg,lai,13274,0.47835460110982947,0.4778951811468291,0.005619299137008533,0.46831395984203067,0.48995053999482785,True
LPJ-GUESS,2012,HW,evspsblsoi,precipitation,13274,0.13419573923855657,0.13393416781946846,0.007790613360443849,0.1211663432002862,0.14900874552104523,True
LPJ-GUESS,2012,HW,evspsblsoi,lai,13274,0.12364168061059355,0.12877501849853368,0.009263285596270019,0.10845010557727207,0.14344915317260343,True
LPJ-GUESS,2012,HD,evapotrans,precipitation,11878,0.5108808704748392,0.5110940644487125,0.0054796447069034694,0.5023428344304541,0.5219588890876004,True
LPJ-GUESS,2012,HD,evapotrans,lai,11878,0.5287173242216179,0.5288949880056603,0.005497620708645919,0.5168882516815796,0.5392129719480659,True
LPJ-GUESS,2012,HD,tran,precipitation,11878,0.45958450521307903,0.46121478320033726,0.006942034792938668,0.4481685540123493,0.4749814723058407,True
LPJ-GUESS,2012,HD,tran,lai,11878,0.6006536431271234,0.6011809707414192,0.003978123859763887,0.5932040509395224,0.6089672160994911,True
LPJ-GUESS,2012,HD,evspsblveg,precipitation,11878,0.49459244744869746,0.49584381925677706,0.005285602893650473,0.4860044501221958,0.5039736892308683,True
LPJ-GUESS,2012,HD,evspsblveg,lai,11878,0.5692509792316157,0.5702621472388208,0.004469887280230613,0.5618025999901565,0.5782751466674698,True
LPJ-GUESS,2012,HD,evspsblsoi,precipitation,11878,0.3207305596577218,0.3267533205802692,0.006193871461001896,0.3157930385198036,0.3380855459226439,True
LPJ-GUESS,2012,HD,evspsblsoi,lai,11878,0.23490199439701065,0.23725028692282873,0.008556095254115947,0.22249007349422514,0.25413315145462184,True
LPJ-GUESS,2012,CW,evapotrans,precipitation,22412,0.23455393803691332,0.23505643777470148,0.0070747726566283056,0.22239902073736215,0.24685745936121267,True
LPJ-GUESS,2012,CW,evapotrans,lai,22412,0.34869394089336503,0.3507040527513093,0.0037735057632306795,0.3435548053618849,0.35825327501104665,True
LPJ-GUESS,2012,CW,tran,precipitation,22412,0.2040483641977,0.2065914738514319,0.006098540200440846,0.1950497724200554,0.21744579262121902,True
LPJ-GUESS,2012,CW,tran,lai,22412,0.36997646524384564,0.3717283314459883,0.0037016210082443522,0.3651579854924925,0.3792677421373505,True
LPJ-GUESS,2012,CW,evspsblveg,precipitation,22412,0.2236330307554153,0.2250551297612533,0.005606671826030456,0.21298572134936325,0.234361897606933,True
LPJ-GUESS,2012,CW,evspsblveg,lai,22412,0.5370956230578012,0.5386641696284117,0.0034520751636910067,0.5333714948722875,0.5458590081467322,True
LPJ-GUESS,2012,CW,evspsblsoi,precipitation,22412,0.15297342262661545,0.15693758743761627,0.006297471736271083,0.14517782615910946,0.16941833491241037,True
LPJ-GUESS,2012,CW,evspsblsoi,lai,22412,0.17178260876999274,0.17715670403131667,0.005224450540150505,0.16912904582059013,0.18636875061971933,True
LPJ-GUESS,2012,CD,evapotrans,precipitation,10689,0.19535215685790486,0.20058817449358782,0.00877687472781688,0.18308643883582454,0.21704056623891124,True
LPJ-GUESS,2012,CD,evapotrans,lai,10689,0.50407568659667,0.5058031799242685,0.005800339216951329,0.4923734301353609,0.5151866668799698,True
LPJ-GUESS,2012,CD,tran,precipitation,10689,0.2107713949018596,0.21125643176848186,0.007573386260357444,0.1985043351399202,0.2279332948583579,True
LPJ-GUESS,2012,CD,tran,lai,10689,0.6098857913344029,0.6113238008324867,0.004754187543361918,0.6000294940902376,0.619641696046679,True
LPJ-GUESS,2012,CD,evspsblveg,precipitation,10689,0.193341920116146,0.1970720951415637,0.008734947392159157,0.1819832242750746,0.21517985194325737,True
LPJ-GUESS,2012,CD,evspsblveg,lai,10689,0.6034265750238852,0.6067114263964466,0.0047410738987934044,0.5977320612158714,0.6175382888774501,True
LPJ-GUESS,2012,CD,evspsblsoi,precipitation,10689,0.18364018210703112,0.18565867724240312,0.008207850843151732,0.1724585440975062,0.20100561026051278,True
LPJ-GUESS,2012,CD,evspsblsoi,lai,10689,0.21561159991609483,0.21929400100494237,0.008381102929159794,0.20361358023394366,0.23293883110966535,True
LPJ-GUESS,2013,HW,evapotrans,precipitation,13285,0.31496865354559656,0.3171796595637087,0.007509956312176908,0.30306684502926395,0.33160422544230517,True
LPJ-GUESS,2013,HW,evapotrans,lai,13285,0.4023064704361437,0.40414917875537243,0.007114928930423598,0.3898710683763845,0.4172051758385599,True
LPJ-GUESS,2013,HW,tran,precipitation,13285,0.22288131565829145,0.2262554212590771,0.007887848378361945,0.2113738437558497,0.24128861359105078,True
LPJ-GUESS,2013,HW,tran,lai,13285,0.4463917309728579,0.4496251434015112,0.004611667341220329,0.44135433661850937,0.45870148650190534,True
LPJ-GUESS,2013,HW,evspsblveg,precipitation,13285,0.37480010247361134,0.3769612618526732,0.00706542002377122,0.36270259234345525,0.3882024947646337,True
LPJ-GUESS,2013,HW,evspsblveg,lai,13285,0.46096623397513503,0.4634733533680653,0.005341954288227218,0.45576207814023034,0.47316449771281655,True
LPJ-GUESS,2013,HW,evspsblsoi,precipitation,13285,0.0868595328494687,0.09334920557936995,0.0076780670116536115,0.07869319128535132,0.10867047290502989,True
LPJ-GUESS,2013,HW,evspsblsoi,lai,13285,0.1357672125790075,0.13918072627169503,0.01051054347943933,0.12006034721251342,0.15584499608436736,True
LPJ-GUESS,2013,HD,evapotrans,precipitation,11879,0.48318648661158653,0.4854994214748642,0.005711656197948643,0.4756540944991446,0.4958460989716144,True
LPJ-GUESS,2013,HD,evapotrans,lai,11879,0.4818233475422633,0.48440374602935377,0.0059947631613151125,0.47044292145007255,0.49487587515017156,True
LPJ-GUESS,2013,HD,tran,precipitation,11879,0.4405463293792664,0.4433803966268524,0.006608635186739203,0.4319723951279405,0.45588559184179206,True
LPJ-GUESS,2013,HD,tran,lai,11879,0.5860361974828681,0.5867909610470811,0.0035154549675406087,0.5799440075596659,0.593642153081738,True
LPJ-GUESS,2013,HD,evspsblveg,precipitation,11879,0.4629681801056541,0.4657195981513796,0.005968511820076414,0.4551318932943673,0.4770807662227045,True
LPJ-GUESS,2013,HD,evspsblveg,lai,11879,0.5582994833142152,0.5604854197176842,0.004203353753582379,0.5532757546272373,0.5687542002139729,True
LPJ-GUESS,2013,HD,evspsblsoi,precipitation,11879,0.245492888023825,0.2503330943996367,0.007554051295351098,0.23724006464178604,0.26576232940804645,True
LPJ-GUESS,2013,HD,evspsblsoi,lai,11879,0.17862358183513163,0.18189667154676695,0.008084245572862322,0.1684013750366109,0.20098120362084468,True
LPJ-GUESS,2013,CW,evapotrans,precipitation,22416,0.2637463992556337,0.26535541498574916,0.006537001738858894,0.25394492157247534,0.2790689593051766,True
LPJ-GUESS,2013,CW,evapotrans,lai,22416,0.3643177143290473,0.3663096367257372,0.0036627656750855757,0.3592051460894769,0.3722048781458863,True
LPJ-GUESS,2013,CW,tran,precipitation,22416,0.2384964183746304,0.24119034078734547,0.005986260780403984,0.23086415573778118,0.25259721507012756,True
LPJ-GUESS,2013,CW,tran,lai,22416,0.39268749944483117,0.3935405892487925,0.0034997418914802657,0.3865357268725291,0.3998632450674178,True
LPJ-GUESS,2013,CW,evspsblveg,precipitation,22416,0.21676449219944938,0.219985643265479,0.007120185085138105,0.20723273348827043,0.23460508227292426,True
LPJ-GUESS,2013,CW,evspsblveg,lai,22416,0.5394840088268631,0.5407015180250248,0.0034559712417032078,0.5347342358739411,0.5483862626343838,True
LPJ-GUESS,2013,CW,evspsblsoi,precipitation,22416,0.14092378437596564,0.1443373009610495,0.004944609295628798,0.13705900389750608,0.154365071688465,True
LPJ-GUESS,2013,CW,evspsblsoi,lai,22416,0.14752982641559603,0.15058126693990462,0.005416223934954111,0.14017706488429127,0.16004313108777973,True
LPJ-GUESS,2013,CD,evapotrans,precipitation,10727,0.30622428508331456,0.3095966642101824,0.009224222873613446,0.2918689402637434,0.3279869623151109,True
LPJ-GUESS,2013,CD,evapotrans,lai,10727,0.505069102725441,0.5049327239780276,0.0054526026447857465,0.495405573393394,0.5164155459867139,True
LPJ-GUESS,2013,CD,tran,precipitation,10727,0.2638177536489307,0.2648879666463226,0.0072977291123077995,0.2517951744756784,0.2809833418940465,True
LPJ-GUESS,2013,CD,tran,lai,10727,0.602152124531353,0.6039573266588993,0.004826769836664607,0.5947941546085819,0.6129364134250653,True
LPJ-GUESS,2013,CD,evspsblveg,precipitation,10727,0.3163115513534438,0.31858651932140775,0.008573132047565336,0.30300821418737933,0.33266667471338895,True
LPJ-GUESS,2013,CD,evspsblveg,lai,10727,0.6098005242733846,0.6108440869125774,0.004369698906925347,0.601384819936975,0.6178244173925792,True
LPJ-GUESS,2013,CD,evspsblsoi,precipitation,10727,0.13820392593581743,0.14566091117539418,0.008384011829823124,0.13101728726155906,0.16318112748054342,True
LPJ-GUESS,2013,CD,evspsblsoi,lai,10727,0.18373747081331138,0.18815258617580524,0.007365609725148704,0.17329951943775176,0.20093899069431576,True
LPJ-GUESS,2014,HW,evapotrans,precipitation,13268,0.32259660505277665,0.32505662400860785,0.006005665032291511,0.31481404440669764,0.3356256942391537,True
LPJ-GUESS,2014,HW,evapotrans,lai,13268,0.4263418349763123,0.42943611860882286,0.006362359927395098,0.41768956398490803,0.44276412897876377,True
LPJ-GUESS,2014,HW,tran,precipitation,13268,0.23619421109177247,0.23884744021387871,0.006325822396211532,0.22815276876175664,0.2499153307602892,True
LPJ-GUESS,2014,HW,tran,lai,13268,0.46586554069726893,0.46749571014733576,0.004851458840911359,0.4590844753751113,0.47737100368479424,True
LPJ-GUESS,2014,HW,evspsblveg,precipitation,13268,0.36314620237505907,0.36550562671081044,0.006079926599497961,0.35319662123778034,0.37523186349844795,True
LPJ-GUESS,2014,HW,evspsblveg,lai,13268,0.47039428769925157,0.47253667006475913,0.004694277820988782,0.4638857762462272,0.48086386900499567,True
LPJ-GUESS,2014,HW,evspsblsoi,precipitation,13268,0.12118740343129715,0.12265796279996533,0.0067215149585166285,0.10973846104703733,0.13597439233784267,True
LPJ-GUESS,2014,HW,evspsblsoi,lai,13268,0.09529338824293296,0.10177337242989626,0.00695311862636116,0.08988945283913062,0.11578467887687298,True
LPJ-GUESS,2014,HD,evapotrans,precipitation,11878,0.5261414851033828,0.5301476953035675,0.0053100391821921215,0.5216167080635628,0.5422070331896719,True
LPJ-GUESS,2014,HD,evapotrans,lai,11878,0.4910855765376728,0.49208557068190856,0.0047592787622960965,0.48290377613592506,0.501236142173171,True
LPJ-GUESS,2014,HD,tran,precipitation,11878,0.48194316174038127,0.48348946254515435,0.005815473938272691,0.47328485132172565,0.4953877133403304,True
LPJ-GUESS,2014,HD,tran,lai,11878,0.5893715030985616,0.59060061925891,0.0034393387851464883,0.5847354763173412,0.5968990158753087,True
LPJ-GUESS,2014,HD,evspsblveg,precipitation,11878,0.4937214245446654,0.4956745577022163,0.005068314794004175,0.4868734661668895,0.5049884996370687,True
LPJ-GUESS,2014,HD,evspsblveg,lai,11878,0.5570011588070183,0.558609959465975,0.003955447855457761,0.5508164235488405,0.5652188714358719,True
LPJ-GUESS,2014,HD,evspsblsoi,precipitation,11878,0.27049471515673346,0.27485946801398287,0.009306202089128888,0.25767390593248485,0.29723420575774073,True
LPJ-GUESS,2014,HD,evspsblsoi,lai,11878,0.18564754269136427,0.19296569928358945,0.007343541593307119,0.17914093987950674,0.20802611605117682,True
LPJ-GUESS,2014,CW,evapotrans,precipitation,22352,0.1836766227999666,0.18692700937200069,0.007286423570045651,0.1746410535786062,0.20093836020716038,True
LPJ-GUESS,2014,CW,evapotrans,lai,22352,0.3534096614029103,0.35540754209548714,0.0035983941435953227,0.3483328444101214,0.36251178112514715,True
LPJ-GUESS,2014,CW,tran,precipitation,22352,0.1551650210839692,0.16029443019953873,0.006648990286330825,0.14871086209621076,0.17339159843996818,True
LPJ-GUESS,2014,CW,tran,lai,22352,0.3795824765917378,0.38118120127748656,0.0039304538964327965,0.3731730068046902,0.38903088947001807,True
LPJ-GUESS,2014,CW,evspsblveg,precipitation,22352,0.2187439776070704,0.22107892585833716,0.006442399844259751,0.206299485177103,0.23212715811829918,True
LPJ-GUESS,2014,CW,evspsblveg,lai,22352,0.5553820386926924,0.5564870711697979,0.0030922468263512993,0.5510316051779237,0.5625621698092678,True
LPJ-GUESS,2014,CW,evspsblsoi,precipitation,22352,0.10429596491031107,0.10675409306760061,0.0047258070331287,0.09713024482210783,0.11551103507470528,True
LPJ-GUESS,2014,CW,evspsblsoi,lai,22352,0.1984669129598581,0.19859434764488235,0.006786350713222016,0.1843970392524231,0.21098329397501464,True
LPJ-GUESS,2014,CD,evapotrans,precipitation,10681,0.2526983648709329,0.2529960940569806,0.008796106625537845,0.23495265411708907,0.2684413423394982,True
LPJ-GUESS,2014,CD,evapotrans,lai,10681,0.4878595484193411,0.488674773869663,0.00528302861090656,0.478336907034698,0.498182460638417,True
LPJ-GUESS,2014,CD,tran,precipitation,10681,0.2240793161816603,0.22749983092091086,0.008075962797770076,0.21061641842978837,0.24137883278256675,True
LPJ-GUESS,2014,CD,tran,lai,10681,0.5964751280494924,0.59954423858648,0.0046798924996986,0.5912786663153808,0.6082520549594695,True
LPJ-GUESS,2014,CD,evspsblveg,precipitation,10681,0.2523644028029022,0.251818577758772,0.009273041966092584,0.2323930181411748,0.2670827681885868,True
LPJ-GUESS,2014,CD,evspsblveg,lai,10681,0.602909058228221,0.602808282003579,0.004566898264549534,0.5949414092772382,0.6111877819371637,True
LPJ-GUESS,2014,CD,evspsblsoi,precipitation,10681,0.16041509436808543,0.16709578803434139,0.0077221727280843136,0.1517189968420679,0.17944460782670416,True
LPJ-GUESS,2014,CD,evspsblsoi,lai,10681,0.18663675952293043,0.1926598612841017,0.007850124401199797,0.1762675972841434,0.20801223653291595,True
LPJ-GUESS,2015,HW,evapotrans,precipitation,13287,0.2778775125337657,0.28182973361164,0.006991093527721546,0.2697950090392424,0.2954834425262073,True
LPJ-GUESS,2015,HW,evapotrans,lai,13287,0.43160480599299433,0.43459739844419737,0.005326130608697922,0.42378115521793935,0.4445468069931669,True
LPJ-GUESS,2015,HW,tran,precipitation,13287,0.19356832953851988,0.19809649868425513,0.008409813861939912,0.1826354549372097,0.21460694291622656,True
LPJ-GUESS,2015,HW,tran,lai,13287,0.4731444688213227,0.47325700473078697,0.004808346505516502,0.4645406082204733,0.48353846937786416,True
LPJ-GUESS,2015,HW,evspsblveg,precipitation,13287,0.3074541051993025,0.31064792237182287,0.007195841635381749,0.29545136642721886,0.3224309118504903,True
LPJ-GUESS,2015,HW,evspsblveg,lai,13287,0.4832593526057266,0.4865788376303849,0.006597104279889424,0.4749478623784339,0.49949997839905663,True
LPJ-GUESS,2015,HW,evspsblsoi,precipitation,13287,0.17434997607858538,0.17621427728779548,0.007262958483159757,0.16252657572359763,0.1903385199315764,True
LPJ-GUESS,2015,HW,evspsblsoi,lai,13287,0.11564227241736752,0.11852262964430926,0.00654857033244599,0.10550913836281159,0.129616783862551,True
LPJ-GUESS,2015,HD,evapotrans,precipitation,11878,0.47892710287473717,0.47932540304868104,0.005380798612229756,0.4683938796156844,0.4884854627506225,True
LPJ-GUESS,2015,HD,evapotrans,lai,11878,0.497314872925245,0.49843425808202957,0.004523635464555459,0.48977624068089753,0.5065048641767792,True
LPJ-GUESS,2015,HD,tran,precipitation,11878,0.4758557540381079,0.47554439471433924,0.006025688796796594,0.46204739176379894,0.48687812524044144,True
LPJ-GUESS,2015,HD,tran,lai,11878,0.5888231390630785,0.5887957756622637,0.003026476187094133,0.5828815163419344,0.5945482440126921,True
LPJ-GUESS,2015,HD,evspsblveg,precipitation,11878,0.4824150751495422,0.481929886181755,0.005514690732353058,0.4707771251480021,0.4909791563960185,True
LPJ-GUESS,2015,HD,evspsblveg,lai,11878,0.5685355831424193,0.5704810949367344,0.0033937689937110125,0.5641386611040408,0.5771921327415425,True
LPJ-GUESS,2015,HD,evspsblsoi,precipitation,11878,0.24149605316828374,0.2497931632582852,0.005999457064627515,0.23838807239720602,0.26046135656561764,True
LPJ-GUESS,2015,HD,evspsblsoi,lai,11878,0.22261174939019246,0.22793453673018796,0.007067901388872331,0.2153287330600631,0.24091783142037154,True
LPJ-GUESS,2015,CW,evapotrans,precipitation,22341,0.23738754114992539,0.23823383975925,0.00651880873359251,0.2257295618056812,0.25097575257298327,True
LPJ-GUESS,2015,CW,evapotrans,lai,22341,0.3518176712971406,0.35321454460927926,0.0036072621406745076,0.34584533093978725,0.3602137923794869,True
LPJ-GUESS,2015,CW,tran,precipitation,22341,0.21039134728050252,0.21225664604219563,0.0069537637178721575,0.19955447419054834,0.2261772782460065,True
LPJ-GUESS,2015,CW,tran,lai,22341,0.3768166524590344,0.37854503390703725,0.003381152439912838,0.3724091058190538,0.3854034236444988,True
LPJ-GUESS,2015,CW,evspsblveg,precipitation,22341,0.2660813617484302,0.2697745989707618,0.006389654122400717,0.26056177394979535,0.28330158141677725,True
LPJ-GUESS,2015,CW,evspsblveg,lai,22341,0.529562364052234,0.5302724584262725,0.0027484102500381974,0.524151048776075,0.5357472178055479,True
LPJ-GUESS,2015,CW,evspsblsoi,precipitation,22341,0.08911795042889585,0.09352356252135274,0.004123802250280351,0.08637242911655413,0.10156491142816498,True
LPJ-GUESS,2015,CW,evspsblsoi,lai,22341,0.18000557165192865,0.18036663002657854,0.006131877398476877,0.16926297620702666,0.19126885371436314,True
LPJ-GUESS,2015,CD,evapotrans,precipitation,10698,0.2750996973855648,0.2807874846834285,0.0070714012730946595,0.2673619890084683,0.29429474608854617,True
LPJ-GUESS,2015,CD,evapotrans,lai,10698,0.4808755234361377,0.48466752671205254,0.005307939248229209,0.4729994756410231,0.4932243878746188,True
LPJ-GUESS,2015,CD,tran,precipitation,10698,0.2599988527619669,0.2615508531483482,0.007784213231480464,0.2458329292556148,0.2746897984962496,True
LPJ-GUESS,2015,CD,tran,lai,10698,0.582075342504252,0.58528987989674,0.00420238186414502,0.5775408005393442,0.5936003576094752,True
LPJ-GUESS,2015,CD,evspsblveg,precipitation,10698,0.2765861496371774,0.2768241263738124,0.006230170419268471,0.2652119393185359,0.2882112609101207,True
LPJ-GUESS,2015,CD,evspsblveg,lai,10698,0.5969400342102551,0.5982493818430132,0.005097854622839447,0.5901800101643752,0.6097369792109938,True
LPJ-GUESS,2015,CD,evspsblsoi,precipitation,10698,0.20717817085131157,0.212326186362815,0.008092810751585428,0.19696277443415494,0.2260886171888864,True
LPJ-GUESS,2015,CD,evspsblsoi,lai,10698,0.22280625429156986,0.22462143702806425,0.007852047305534644,0.2106506533875049,0.23972396318498457,True
LPJ-GUESS,2016,HW,evapotrans,precipitation,13265,0.27962597119582244,0.28392836303231783,0.006342121659550887,0.2727653515625148,0.29626761724298845,True
LPJ-GUESS,2016,HW,evapotrans,lai,13265,0.4390167846839014,0.4405644661215322,0.005343173702551273,0.43139765836361926,0.4502561074196643,True
LPJ-GUESS,2016,HW,tran,precipitation,13265,0.208828185293639,0.21102071477445006,0.007719976932622934,0.19689221563609724,0.22378888976578937,True
LPJ-GUESS,2016,HW,tran,lai,13265,0.45294266688746665,0.4546267074086316,0.005608657154305435,0.44440292245686797,0.4658234302269378,True
LPJ-GUESS,2016,HW,evspsblveg,precipitation,13265,0.3337118463095482,0.3354129867036307,0.006502421755118879,0.323547489470329,0.3482236380977641,True
LPJ-GUESS,2016,HW,evspsblveg,lai,13265,0.47056384392013595,0.47164159578186826,0.0059232467402409545,0.4590747242931162,0.482215514086868,True
LPJ-GUESS,2016,HW,evspsblsoi,precipitation,13265,0.13569545382134146,0.13741645567001642,0.006173330633659713,0.12697771674039443,0.15011089798659302,True
LPJ-GUESS,2016,HW,evspsblsoi,lai,13265,0.13103190016387778,0.13203716089315182,0.008755292266296524,0.1122845876603208,0.14695964032295708,True
LPJ-GUESS,2016,HD,evapotrans,precipitation,11877,0.5187468047304751,0.5216445597014051,0.004837237392744988,0.5115641607828386,0.5302827407671847,True
LPJ-GUESS,2016,HD,evapotrans,lai,11877,0.4900483394842062,0.4931390989212948,0.005991378277424533,0.48136642565373994,0.5043794076682931,True
LPJ-GUESS,2016,HD,tran,precipitation,11877,0.4486508297734274,0.45118334033264823,0.005532808727319544,0.4410525885813706,0.462840427161102,True
LPJ-GUESS,2016,HD,tran,lai,11877,0.5931052697620421,0.5940193046357045,0.0033640237462971975,0.5883344765980025,0.599994178466767,True
LPJ-GUESS,2016,HD,evspsblveg,precipitation,11877,0.4640127932483199,0.46705023635941834,0.005244551569690764,0.45690302612924505,0.4765115795893366,True
LPJ-GUESS,2016,HD,evspsblveg,lai,11877,0.556590513306179,0.5590720507341438,0.004507176428786767,0.5496535289166379,0.5669483825966278,True
LPJ-GUESS,2016,HD,evspsblsoi,precipitation,11877,0.31190569333830837,0.31660394514398355,0.007921121635908555,0.30201670635147065,0.3306884334064833,True
LPJ-GUESS,2016,HD,evspsblsoi,lai,11877,0.2269826193888662,0.22780798788189668,0.006043774547272752,0.21697656281719843,0.23891132985754399,True
LPJ-GUESS,2016,CW,evapotrans,precipitation,22380,0.3282201701930204,0.3314752570715897,0.006306973399853216,0.3186193029490617,0.343773918050955,True
LPJ-GUESS,2016,CW,evapotrans,lai,22380,0.35420017873100984,0.3552161900922562,0.0034869512388888,0.3483764276812575,0.3611096359882352,True
LPJ-GUESS,2016,CW,tran,precipitation,22380,0.28511239495504836,0.28849910497411047,0.006565088005849466,0.2755974731573706,0.30047423152010566,True
LPJ-GUESS,2016,CW,tran,lai,22380,0.3694816800714924,0.3705738884810597,0.003328046617678632,0.3640865772333764,0.37570895343885413,True
LPJ-GUESS,2016,CW,evspsblveg,precipitation,22380,0.2646718145128941,0.26660306686049023,0.006598614794498285,0.25445312017584754,0.2797813545938594,True
LPJ-GUESS,2016,CW,evspsblveg,lai,22380,0.5366398570151921,0.537722694566083,0.003485409162356589,0.5310105624490951,0.5438889077813505,True
LPJ-GUESS,2016,CW,evspsblsoi,precipitation,22380,0.1859912831249782,0.18960903846212662,0.005868615724933695,0.17719048443265353,0.1996838895477693,True
LPJ-GUESS,2016,CW,evspsblsoi,lai,22380,0.1636058981233244,0.16315641229405553,0.006250733898804897,0.1501937838887666,0.17452418313900533,True
LPJ-GUESS,2016,CD,evapotrans,precipitation,10690,0.25761326687263547,0.262454801558156,0.006288428419942277,0.2502359197462327,0.2760546184240459,True
LPJ-GUESS,2016,CD,evapotrans,lai,10690,0.48077642656688496,0.48111001281150834,0.0050789825361400864,0.4721585598674712,0.4907931248524693,True
LPJ-GUESS,2016,CD,tran,precipitation,10690,0.23920348044831702,0.23960567256284127,0.008200459792466598,0.22469984613098098,0.2554147835616249,True
LPJ-GUESS,2016,CD,tran,lai,10690,0.590598690364827,0.5919917017705676,0.004312598726409357,0.5839937184933749,0.5997947173780558,True
LPJ-GUESS,2016,CD,evspsblveg,precipitation,10690,0.269869106554132,0.27178087666483963,0.006111932822161765,0.2595088152391158,0.28395239772527625,True
LPJ-GUESS,2016,CD,evspsblveg,lai,10690,0.6104770813844715,0.6131416456279818,0.003931805985855641,0.6055862905418349,0.6210774514546703,True
LPJ-GUESS,2016,CD,evspsblsoi,precipitation,10690,0.1144730803053713,0.12036187359941865,0.006759553725140516,0.10854050278968154,0.13405275735304367,True
LPJ-GUESS,2016,CD,evspsblsoi,lai,10690,0.17619270346117866,0.17910537840272892,0.010138288020856636,0.16112928713182906,0.19786375945570625,True
LPJ-GUESS,2017,HW,evapotrans,precipitation,13259,0.2829374774282504,0.28763394988627033,0.006438639791217912,0.27509919441836156,0.2994395599953156,True
LPJ-GUESS,2017,HW,evapotrans,lai,13259,0.45490416196995076,0.45518004726566924,0.005374381510257699,0.44390559815232716,0.4653373583049929,True
LPJ-GUESS,2017,HW,tran,precipitation,13259,0.2215384862622542,0.22477460490744494,0.007529522626512116,0.21156887061248886,0.23852413238642492,True
LPJ-GUESS,2017,HW,tran,lai,13259,0.469345532338261,0.47092578308131744,0.004318626664276356,0.46170075882894146,0.4786606699233918,True
LPJ-GUESS,2017,HW,evspsblveg,precipitation,13259,0.33725309362036193,0.3411676443758855,0.008132285269655442,0.32600255143214,0.35716621749340816,True
LPJ-GUESS,2017,HW,evspsblveg,lai,13259,0.47334682711319226,0.473576238338178,0.006358429245170531,0.46179126860600933,0.4842735461814635,True
LPJ-GUESS,2017,HW,evspsblsoi,precipitation,13259,0.1332797056132907,0.1395187928461047,0.007794797825957177,0.12309948247111129,0.15421218348618695,True
LPJ-GUESS,2017,HW,evspsblsoi,lai,13259,0.151285355904416,0.15497194565019454,0.009274185483822237,0.13752905669452808,0.17052511713412283,True
LPJ-GUESS,2017,HD,evapotrans,precipitation,11876,0.4520421468063971,0.45540740420949755,0.006225035259823111,0.4430950555550319,0.466367963543096,True
LPJ-GUESS,2017,HD,evapotrans,lai,11876,0.5048671254792894,0.509120728504896,0.004635088084122837,0.5006437153814568,0.5190144868197052,True
LPJ-GUESS,2017,HD,tran,precipitation,11876,0.41329613205367555,0.4179906594085652,0.006026403666296309,0.40601697699276773,0.4289509529813239,True
LPJ-GUESS,2017,HD,tran,lai,11876,0.5768768046245394,0.5789263236341486,0.004268731687625115,0.5705975760991726,0.5868422250983482,True
LPJ-GUESS,2017,HD,evspsblveg,precipitation,11876,0.4349023398027326,0.4380895960780883,0.00531653389154237,0.4286001558825173,0.44714559309580065,True
LPJ-GUESS,2017,HD,evspsblveg,lai,11876,0.5780509779773585,0.5804351289481133,0.0038661877051501706,0.5736644598706535,0.5878508512310335,True
LPJ-GUESS,2017,HD,evspsblsoi,precipitation,11876,0.2756120896991549,0.27860117554290376,0.008079576158356278,0.26191513980886433,0.2967610338572136,True
LPJ-GUESS,2017,HD,evspsblsoi,lai,11876,0.23613761040439502,0.2375990559296973,0.0072495147313512065,0.22509515456820714,0.2520878403841318,True
LPJ-GUESS,2017,CW,evapotrans,precipitation,22323,0.23268066117985856,0.23499964554995187,0.006136589857089757,0.22361290741431597,0.24776273321345638,True
LPJ-GUESS,2017,CW,evapotrans,lai,22323,0.3553462266363975,0.35659283976018213,0.003414813433493769,0.3504609236065591,0.3627225930043931,True
LPJ-GUESS,2017,CW,tran,precipitation,22323,0.204351450958557,0.20666585438089066,0.0062517327808725275,0.19703319450036136,0.21836562749734736,True
LPJ-GUESS,2017,CW,tran,lai,22323,0.38070151259200813,0.3817093783312346,0.00341963033925606,0.37507681318270486,0.38785772825679093,True
LPJ-GUESS,2017,CW,evspsblveg,precipitation,22323,0.23748909903014445,0.23844316026125736,0.00719984543978579,0.22584230256250262,0.2528808568219801,True
LPJ-GUESS,2017,CW,evspsblveg,lai,22323,0.5383845450398572,0.5395407859897425,0.003201451496543553,0.533144338974802,0.5458974360861482,True
LPJ-GUESS,2017,CW,evspsblsoi,precipitation,22323,0.09660503900975209,0.0977760529751648,0.004599985759264809,0.08888010359515881,0.1066352419797692,True
LPJ-GUESS,2017,CW,evspsblsoi,lai,22323,0.12253512202911135,0.12573690731908685,0.006507043525207828,0.11355953724484667,0.13790844401920896,True
LPJ-GUESS,2017,CD,evapotrans,precipitation,10707,0.1987428078813593,0.1992810991717039,0.008781224762193588,0.1812309699194948,0.21515647366252255,True
LPJ-GUESS,2017,CD,evapotrans,lai,10707,0.489672868455198,0.4910570341594307,0.006002828075243265,0.4804400305413961,0.5026522521320458,True
LPJ-GUESS,2017,CD,tran,precipitation,10707,0.14183841090372823,0.14614396086189965,0.009104884431865927,0.12775750230631425,0.1629850436762446,True
LPJ-GUESS,2017,CD,tran,lai,10707,0.5714304622751558,0.5746964098888068,0.005950507258568548,0.5641804004543711,0.5867892062053814,True
LPJ-GUESS,2017,CD,evspsblveg,precipitation,10707,0.18667452037320015,0.18809661461341545,0.007158343221506929,0.17363046762575537,0.20193833570293773,True
LPJ-GUESS,2017,CD,evspsblveg,lai,10707,0.6076578705274305,0.6098571909640519,0.006010937238155387,0.59919856814842,0.6219381805683721,True
LPJ-GUESS,2017,CD,evspsblsoi,precipitation,10707,0.17489163233908137,0.18406021106211004,0.007256838208474495,0.16888551073411948,0.20243117212219322,True
LPJ-GUESS,2017,CD,evspsblsoi,lai,10707,0.24205392719397856,0.24175269241109354,0.00891661439093929,0.22664154283883176,0.25735828416894385,True
LPJ-GUESS,2018,HW,evapotrans,precipitation,13251,0.30157375479662213,0.3042475624341071,0.008118078850017236,0.2900126914873037,0.3224028424068801,True
LPJ-GUESS,2018,HW,evapotrans,lai,13251,0.43648804006248015,0.43748110303880994,0.005233732603222861,0.4266609943186783,0.4467898533800344,True
LPJ-GUESS,2018,HW,tran,precipitation,13251,0.2205438123441363,0.2237302581937689,0.008449050449261461,0.20767874361203145,0.2405974922902721,True
LPJ-GUESS,2018,HW,tran,lai,13251,0.48025937522693196,0.48160621733846504,0.003736574195374544,0.47532652351794147,0.4884087636947169,True
LPJ-GUESS,2018,HW,evspsblveg,precipitation,13251,0.37599805901673344,0.37668945820961375,0.008390140083956466,0.3624138429435098,0.3913989403834782,True
LPJ-GUESS,2018,HW,evspsblveg,lai,13251,0.44976786372833377,0.45220446263498554,0.0060949984240491065,0.44020393864678137,0.46471006912382534,True
LPJ-GUESS,2018,HW,evspsblsoi,precipitation,13251,0.1656005810701175,0.16546476136562846,0.007286329686880145,0.14882765238494639,0.17907265744089296,True
LPJ-GUESS,2018,HW,evspsblsoi,lai,13251,0.11818460123337077,0.12422156674401737,0.0069610003807172366,0.1128130287513191,0.13869223131495526,True
LPJ-GUESS,2018,HD,evapotrans,precipitation,11874,0.48296829759025167,0.4860447045697223,0.005804694316655583,0.4721738615751194,0.49650915596754963,True
LPJ-GUESS,2018,HD,evapotrans,lai,11874,0.5003993773997941,0.5037383073973478,0.0050848342395013214,0.49428547274724316,0.5142708835496557,True
LPJ-GUESS,2018,HD,tran,precipitation,11874,0.4673693268223962,0.4678952365660218,0.005834757931675417,0.4555687804942289,0.47820989087846144,True
LPJ-GUESS,2018,HD,tran,lai,11874,0.5869032167157002,0.5897359333838219,0.003371246593835403,0.5834009587126391,0.595908723716301,True
LPJ-GUESS,2018,HD,evspsblveg,precipitation,11874,0.46808534250762124,0.46979335514383286,0.006233733944817006,0.4562688829344197,0.4819790155459268,True
LPJ-GUESS,2018,HD,evspsblveg,lai,11874,0.5692149626682526,0.5717034519881653,0.004064551122199353,0.5643133178212251,0.5792804197297731,True
LPJ-GUESS,2018,HD,evspsblsoi,precipitation,11874,0.2262251399875582,0.229813564585094,0.00796258111835742,0.21306727520887173,0.24534548930270736,True
LPJ-GUESS,2018,HD,evspsblsoi,lai,11874,0.19609128792506664,0.20366483991792714,0.007014032296403356,0.18803853787069563,0.21564743156628438,True
LPJ-GUESS,2018,CW,evapotrans,precipitation,22383,0.24103125473334366,0.24195995038452317,0.0064185841046188455,0.22900848640063304,0.2538164788666908,True
LPJ-GUESS,2018,CW,evapotrans,lai,22383,0.35093094757020094,0.3523033582314294,0.003829764141113008,0.3445256116483676,0.3596422481547067,True
LPJ-GUESS,2018,CW,tran,precipitation,22383,0.2027222271100965,0.20391229550615528,0.006142475474417967,0.19143041373685693,0.21459232667102535,True
LPJ-GUESS,2018,CW,tran,lai,22383,0.3708786434170226,0.37228093353899366,0.0038069110705415145,0.3649409442730327,0.37980171608839125,True
LPJ-GUESS,2018,CW,evspsblveg,precipitation,22383,0.2222436453596722,0.22432704273658122,0.006642451554150555,0.2123750429813679,0.23739380857909126,True
LPJ-GUESS,2018,CW,evspsblveg,lai,22383,0.5481549035622713,0.5493873939560024,0.0038442460375876547,0.5420365087154143,0.5555877698528966,True
LPJ-GUESS,2018,CW,evspsblsoi,precipitation,22383,0.10720406257652348,0.11391701478088855,0.004656919810647485,0.10547833938949655,0.12229648429610342,True
LPJ-GUESS,2018,CW,evspsblsoi,lai,22383,0.1396344794010848,0.14486594137684125,0.005737455519770753,0.134318070830645,0.15502038734281126,True
LPJ-GUESS,2018,CD,evapotrans,precipitation,10681,0.2011671388313653,0.20728986546464095,0.008595466851427461,0.19120418719889948,0.22464112189294344,True
LPJ-GUESS,2018,CD,evapotrans,lai,10681,0.48348189479431747,0.4869960154580113,0.00447827658010456,0.4796173706191346,0.4953322409738744,True
LPJ-GUESS,2018,CD,tran,precipitation,10681,0.16975167977211375,0.1743680689552397,0.008256461066397127,0.1586101050550219,0.18856583146963057,True
LPJ-GUESS,2018,CD,tran,lai,10681,0.584867086958641,0.5877544686013088,0.004099722705740762,0.5797399193885906,0.5946865381312147,True
LPJ-GUESS,2018,CD,evspsblveg,precipitation,10681,0.19977578094197668,0.2026621237922251,0.008816828729987037,0.18505791602222293,0.21842655053974008,True
LPJ-GUESS,2018,CD,evspsblveg,lai,10681,0.611525330036054,0.613213635423906,0.004433557914414908,0.6052042206113317,0.6207607505934027,True
LPJ-GUESS,2018,CD,evspsblsoi,precipitation,10681,0.1540601500818509,0.1588519853345365,0.00738347144475721,0.14478699727919492,0.17491876767590864,True
LPJ-GUESS,2018,CD,evspsblsoi,lai,10681,0.14742053953483159,0.1525843535858769,0.00864192437905825,0.13829276289298278,0.1724061038436777,True
LPJ-GUESS,2019,HW,evapotrans,precipitation,13275,0.26251371983021043,0.26500765160705997,0.007842705425337628,0.25197472399865883,0.2804007772940757,True
LPJ-GUESS,2019,HW,evapotrans,lai,13275,0.42556636149116234,0.4275065056452801,0.004863958979830134,0.41699822675763193,0.4351814439279305,True
LPJ-GUESS,2019,HW,tran,precipitation,13275,0.18513251503965872,0.19053959959850464,0.00833756332007688,0.17604332387760288,0.2060451854224559,True
LPJ-GUESS,2019,HW,tran,lai,13275,0.4745291618451205,0.4753132000265641,0.00455816352726399,0.46701901008252594,0.48423203251786257,True
LPJ-GUESS,2019,HW,evspsblveg,precipitation,13275,0.2868182908362746,0.2893233043778387,0.007948894966908366,0.27460376539198694,0.3050622337030332,True
LPJ-GUESS,2019,HW,evspsblveg,lai,13275,0.47619690626914435,0.479146759303875,0.005110670479692353,0.47044209215768806,0.48750703139465784,True
LPJ-GUESS,2019,HW,evspsblsoi,precipitation,13275,0.12604035929206103,0.12801602420610186,0.006160799109742338,0.11696860125194333,0.13833435312535447,True
LPJ-GUESS,2019,HW,evspsblsoi,lai,13275,0.15351314863975676,0.15764724076180606,0.008536409531958389,0.14400757400649417,0.1734090540706013,True
LPJ-GUESS,2019,HD,evapotrans,precipitation,11874,0.4141180599230512,0.4168882970167228,0.006203186488412024,0.4046891244277196,0.4288462122595857,True
LPJ-GUESS,2019,HD,evapotrans,lai,11874,0.49647914304919427,0.4977450183689235,0.00537027116751405,0.4857115249753756,0.5067865376672093,True
LPJ-GUESS,2019,HD,tran,precipitation,11874,0.3708191927476935,0.3739492578468861,0.0067346692727346235,0.35995081218984926,0.3855987099517764,True
LPJ-GUESS,2019,HD,tran,lai,11874,0.5812183855787652,0.5818828726828797,0.0034855716594951176,0.5751540610457475,0.5881531042599925,True
LPJ-GUESS,2019,HD,evspsblveg,precipitation,11874,0.4225487188232323,0.42582152041764737,0.0060469840318881085,0.41471561321105377,0.43646534421778077,True
LPJ-GUESS,2019,HD,evspsblveg,lai,11874,0.5554877746810478,0.5567518600813366,0.003967762219654887,0.548903976274402,0.5644438434584463,True
LPJ-GUESS,2019,HD,evspsblsoi,precipitation,11874,0.2700676023812847,0.2745262976994409,0.008079930372607272,0.25807812375968225,0.2887272341315391,True
LPJ-GUESS,2019,HD,evspsblsoi,lai,11874,0.21896797072531288,0.22440096406041732,0.007840040402788781,0.2116434678559267,0.24088445285002394,True
LPJ-GUESS,2019,CW,evapotrans,precipitation,22343,0.1811823907922847,0.18406724114345324,0.005775890579106443,0.1733413356236799,0.19592548718101468,True
LPJ-GUESS,2019,CW,evapotrans,lai,22343,0.3398087204013954,0.34113926974404174,0.004013446704000843,0.334820508881192,0.3489937899205521,True
LPJ-GUESS,2019,CW,tran,precipitation,22343,0.15850843161049608,0.16116210355686567,0.005955227403475139,0.15046536812003972,0.17259635921267197,True
LPJ-GUESS,2019,CW,tran,lai,22343,0.36471678174867134,0.36526769187335195,0.0036442627944030196,0.35843994477679636,0.37274471376161145,True
LPJ-GUESS,2019,CW,evspsblveg,precipitation,22343,0.21369054993047573,0.21622457833260292,0.00836445773290187,0.20087834191672213,0.23054509395678519,True
LPJ-GUESS,2019,CW,evspsblveg,lai,22343,0.5543713037367957,0.5547062354400917,0.0039667002981884246,0.5478508828791362,0.5633993228571356,True
LPJ-GUESS,2019,CW,evspsblsoi,precipitation,22343,0.11003075239087845,0.1105879076460932,0.004223615838740054,0.10245783457894951,0.11900831594533168,True
LPJ-GUESS,2019,CW,evspsblsoi,lai,22343,0.13885909630137866,0.1413622258737367,0.006245947774007535,0.13097175353544166,0.1542101360620697,True
LPJ-GUESS,2019,CD,evapotrans,precipitation,10676,0.1764293672811571,0.17849342070335714,0.009198974802495392,0.1630191639539094,0.19603988539992098,True
LPJ-GUESS,2019,CD,evapotrans,lai,10676,0.4775912368812121,0.4798463965109764,0.004665771485529385,0.471650989909119,0.4885616252912105,True
LPJ-GUESS,2019,CD,tran,precipitation,10676,0.1431145921476012,0.14781851314035532,0.005270874693618662,0.13798349517482394,0.15713791694058207,True
LPJ-GUESS,2019,CD,tran,lai,10676,0.5712161066797458,0.5721629603516426,0.003998004243540282,0.5641389863153256,0.5791317586512218,True
LPJ-GUESS,2019,CD,evspsblveg,precipitation,10676,0.19939926160115518,0.19995615263943997,0.008212053936474372,0.1863744657223968,0.21735972466947276,True
LPJ-GUESS,2019,CD,evspsblveg,lai,10676,0.6026612164149973,0.60334003708192,0.0039968011992398385,0.5963183808568366,0.6108905753062447,True
LPJ-GUESS,2019,CD,evspsblsoi,precipitation,10676,0.22954155081448835,0.2340578219000922,0.008997471108408308,0.2167777231397327,0.25163910809673745,True
LPJ-GUESS,2019,CD,evspsblsoi,lai,10676,0.1918702104759459,0.19478360187397498,0.008874779258193346,0.1777860565196492,0.21103544157060222,True
LPJ-GUESS,2020,HW,evapotrans,precipitation,13258,0.25243853491513313,0.2569151045701242,0.005919336813358608,0.24713470343458127,0.26788515327468915,True
LPJ-GUESS,2020,HW,evapotrans,lai,13258,0.42952659904023344,0.43247842784227264,0.005325683384470401,0.4231404356920086,0.4430670178476719,True
LPJ-GUESS,2020,HW,tran,precipitation,13258,0.18140861250681733,0.18572331163018738,0.007029808769088289,0.17181268245962014,0.19963993076909609,True
LPJ-GUESS,2020,HW,tran,lai,13258,0.4681067943382373,0.47019954621386084,0.005106791853606021,0.45974971445147417,0.4790792156518261,True
LPJ-GUESS,2020,HW,evspsblveg,precipitation,13258,0.27470348873852196,0.2784723102140191,0.007419314233661288,0.2649296672423679,0.29248312116536207,True
LPJ-GUESS,2020,HW,evspsblveg,lai,13258,0.4651278024003038,0.46765002134781414,0.005300825007950248,0.45821041962455283,0.47736830357839544,True
LPJ-GUESS,2020,HW,evspsblsoi,precipitation,13258,0.16163318978644436,0.16717115203264338,0.006094319859297665,0.15679661377761234,0.1786186646248632,True
LPJ-GUESS,2020,HW,evspsblsoi,lai,13258,0.14249805724893244,0.1408077718057404,0.007050119619331129,0.12604767580137688,0.15192709737305984,True
LPJ-GUESS,2020,HD,evapotrans,precipitation,11870,0.5211457455770852,0.521232805995879,0.004820838405514839,0.5136634116645901,0.5301400246840761,True
LPJ-GUESS,2020,HD,evapotrans,lai,11870,0.4688711036225779,0.47382610468657105,0.005751086685834568,0.462217224548206,0.48429516430811015,True
LPJ-GUESS,2020,HD,tran,precipitation,11870,0.44780960404380793,0.44717571339526185,0.006128417600314652,0.436592332269028,0.46064336292726077,True
LPJ-GUESS,2020,HD,tran,lai,11870,0.5919545071609098,0.59428583735318,0.00361123208833548,0.5874481422622745,0.6016259584225399,True
LPJ-GUESS,2020,HD,evspsblveg,precipitation,11870,0.4930918281381634,0.49316439927361644,0.004748383842962702,0.4849919342729531,0.5024960589466697,True
LPJ-GUESS,2020,HD,evspsblveg,lai,11870,0.5523588879528223,0.55406254447486,0.00502266437291446,0.5450366023333588,0.5628896377422072,True
LPJ-GUESS,2020,HD,evspsblsoi,precipitation,11870,0.31743892165122156,0.31619610294701084,0.0068811426063777196,0.30265005207611284,0.329459799128607,True
LPJ-GUESS,2020,HD,evspsblsoi,lai,11870,0.21743892165122158,0.22270777022412172,0.008663696913510379,0.20532353470806125,0.23996406759001035,True
LPJ-GUESS,2020,CW,evapotrans,precipitation,22309,0.24582901349789807,0.2474689939118527,0.005657901077285803,0.23649317037484321,0.25749129892973843,True
LPJ-GUESS,2020,CW,evapotrans,lai,22309,0.3597237581060392,0.3618412428006997,0.004027674567119332,0.3542792481426786,0.36931767676209126,True
LPJ-GUESS,2020,CW,tran,precipitation,22309,0.20389743470840938,0.20696229014158796,0.005505278044002538,0.1975487085461872,0.21718349298795558,True
LPJ-GUESS,2020,CW,tran,lai,22309,0.370212014820807,0.3724752805911324,0.0038175689626780184,0.36595376376434097,0.38016260312768546,True
LPJ-GUESS,2020,CW,evspsblveg,precipitation,22309,0.24766607330690996,0.25063660014358075,0.005588148553621822,0.24013645672704817,0.2613902902818884,True
LPJ-GUESS,2020,CW,evspsblveg,lai,22309,0.5425413268135488,0.5439443238554488,0.0033774233987031222,0.5367916263912137,0.5503054266920114,True
LPJ-GUESS,2020,CW,evspsblsoi,precipitation,22309,0.10039333047211729,0.10329746820150038,0.005458434082157732,0.0924972304741285,0.11304738404695935,True
LPJ-GUESS,2020,CW,evspsblsoi,lai,22309,0.14304934183752402,0.14600521996327634,0.007783730795833142,0.1324521536376017,0.16058432784231272,True
LPJ-GUESS,2020,CD,evapotrans,precipitation,10667,0.2027169149791461,0.20795634731703205,0.007422972359983076,0.1956880446137997,0.22348277081948975,True
LPJ-GUESS,2020,CD,evapotrans,lai,10667,0.4633785674430604,0.463991850912615,0.005029839688774851,0.4534736769193964,0.4731085864443108,True
LPJ-GUESS,2020,CD,tran,precipitation,10667,0.18574213838414516,0.18732522745520394,0.008471216910679868,0.1709790750653726,0.20191993098402813,True
LPJ-GUESS,2020,CD,tran,lai,10667,0.5682574879703706,0.569164416033371,0.004299496069504654,0.5613406049782075,0.5771610906032698,True
LPJ-GUESS,2020,CD,evspsblveg,precipitation,10667,0.20936151554805138,0.20871744548195406,0.00580464990888943,0.19742761205508474,0.2195190938624127,True
LPJ-GUESS,2020,CD,evspsblveg,lai,10667,0.5918913005356949,0.5937675077747854,0.004790874091925468,0.585333051309334,0.6037032013128824,True
LPJ-GUESS,2020,CD,evspsblsoi,precipitation,10667,0.1559768330410406,0.15984385537764656,0.008229621332867112,0.14648357213975186,0.17913078114608225,True
LPJ-GUESS,2020,CD,evspsblsoi,lai,10667,0.19582684137468412,0.19797785849983968,0.00895813559193783,0.18021171501518168,0.2154308882802977,True
