model,year,climate_zone,output_var,input_var,n_samples,pawn_original,pawn_boot_mean,pawn_boot_std,pawn_ci_lower,pawn_ci_upper,pawn_significant
CLASSIC,1991,HW,evapotrans,precipitation,13251,0.29828693772021403,0.3013685782354299,0.007869117192445879,0.28601585616606495,0.3168570440661601,True
CLASSIC,1991,HW,evapotrans,lai,13251,0.3962261303169714,0.396903836945785,0.005921290028863331,0.3855493622331957,0.40861119658650685,True
CLASSIC,1991,HW,tran,precipitation,13251,0.24125504072854353,0.24280940366924347,0.008870352747716914,0.22692848837969667,0.25921177390879335,True
CLASSIC,1991,HW,tran,lai,13251,0.41226339628337055,0.4115007223661414,0.005595402800253445,0.3994425448113458,0.4223219672623208,True
CLASSIC,1991,HW,evspsblveg,precipitation,13251,0.33874340349790233,0.3414374751726828,0.007049544666470897,0.33041926358006,0.3569796327253169,True
CLASSIC,1991,HW,evspsblveg,lai,13251,0.46044627461366394,0.4620519472037747,0.005762444416652075,0.44890879839362113,0.4727893923496167,True
CLASSIC,1991,HW,evspsblsoi,precipitation,13251,0.2447020886287346,0.244787655939933,0.007956520907329085,0.23072427981817,0.2614178300659737,True
CLASSIC,1991,HW,evspsblsoi,lai,13251,0.3998086011308509,0.40257175070119156,0.004822731462150339,0.3935326875333531,0.4125394020688741,True
CLASSIC,1991,HD,evapotrans,precipitation,11829,0.5030846265834692,0.5055858665377307,0.005144135970037223,0.4954815034564049,0.5145239200023394,True
CLASSIC,1991,HD,evapotrans,lai,11829,0.48778633138452876,0.49069914813291277,0.005558790043893705,0.4812618611351517,0.5025658999456296,True
CLASSIC,1991,HD,tran,precipitation,11829,0.4447132037591227,0.4476200244481592,0.005300874676176569,0.43677891084501125,0.45832625171836283,True
CLASSIC,1991,HD,tran,lai,11829,0.6247380340320117,0.6257197754704015,0.004367946904902035,0.6147227164333718,0.6331931042289223,True
CLASSIC,1991,HD,evspsblveg,precipitation,11829,0.4916245054117595,0.4921079629661411,0.006136367349936296,0.48044053963532446,0.5027971463638095,True
CLASSIC,1991,HD,evspsblveg,lai,11829,0.6084221286039504,0.6098698743231504,0.0042490777468979155,0.6014815516717621,0.6175506961807904,True
CLASSIC,1991,HD,evspsblsoi,precipitation,11829,0.43433853738430195,0.43623028699153643,0.006326318910658236,0.4241487910910441,0.44963336358699313,True
CLASSIC,1991,HD,evspsblsoi,lai,11829,0.395309262942264,0.397598439897701,0.008968707741080915,0.3796674402124329,0.41298040549992276,True
CLASSIC,1991,CW,evapotrans,precipitation,22462,0.29437921288098745,0.29499864671960546,0.0068892481665216426,0.28322554517139253,0.30842620370392315,True
CLASSIC,1991,CW,evapotrans,lai,22462,0.30951137185247585,0.311641865575892,0.0058073002722107666,0.3008326607147073,0.3233394135837049,True
CLASSIC,1991,CW,tran,precipitation,22462,0.30946035459835064,0.30929640958428956,0.00592774032677298,0.2967834767068236,0.3200918950828117,True
CLASSIC,1991,CW,tran,lai,22462,0.4341078309122925,0.4350564525964296,0.0038764307992395666,0.42804929903183475,0.44238844686816975,True
CLASSIC,1991,CW,evspsblveg,precipitation,22462,0.34872196923921395,0.35173094724146764,0.005613657541521001,0.34086143599571167,0.3625193348227246,True
CLASSIC,1991,CW,evspsblveg,lai,22462,0.5599428118949166,0.5602141906125712,0.0028076074532126577,0.5547049231161703,0.5653074912517174,True
CLASSIC,1991,CW,evspsblsoi,precipitation,22462,0.13882634260133686,0.14359953624710858,0.005379593278288333,0.1319475460402703,0.15362163389769812,True
CLASSIC,1991,CW,evspsblsoi,lai,22462,0.18922728275435732,0.19033217481162132,0.006136243924176182,0.17944565226999484,0.20227800601035553,True
CLASSIC,1991,CD,evapotrans,precipitation,13122,0.2731871676367914,0.2738575712044387,0.011737671489648787,0.25054456632463945,0.2940735228274312,True
CLASSIC,1991,CD,evapotrans,lai,13122,0.3796429892453931,0.3838852206537072,0.009198559995188925,0.36722301741862085,0.4042147714682933,True
CLASSIC,1991,CD,tran,precipitation,13122,0.2652894487466156,0.26513051661671555,0.013139010456917838,0.2412206038278563,0.28846336739727485,True
CLASSIC,1991,CD,tran,lai,13122,0.5095784959907212,0.5116238366080549,0.01051728626636115,0.49017907706569364,0.5313834715892198,True
CLASSIC,1991,CD,evspsblveg,precipitation,13122,0.28218074559572426,0.28376085604130763,0.00943482218050204,0.26820943799930114,0.30280581104477133,True
CLASSIC,1991,CD,evspsblveg,lai,13122,0.5483880636131464,0.5495703669766329,0.006137772549231768,0.538540957202085,0.5625984253705322,True
CLASSIC,1991,CD,evspsblsoi,precipitation,13122,0.2416376937260456,0.2426061127516914,0.008814599364870933,0.22560572450166727,0.259021911163899,True
CLASSIC,1991,CD,evspsblsoi,lai,13122,0.3642434182400809,0.36750484597030925,0.010780022397297303,0.3480326234449169,0.3892551073468918,True
CLASSIC,1992,HW,evapotrans,precipitation,13257,0.29880066209236555,0.30182614873168395,0.007381763586284498,0.28592898529505956,0.3142801676724394,True
CLASSIC,1992,HW,evapotrans,lai,13257,0.37866758892774344,0.3801665979337937,0.007126962943129974,0.36623419103080296,0.394595130233796,True
CLASSIC,1992,HW,tran,precipitation,13257,0.2579226353894917,0.2596786838515358,0.007903940264712873,0.24306712722790805,0.27302146517371956,True
CLASSIC,1992,HW,tran,lai,13257,0.42712273046208415,0.4305319591243782,0.005881128388413401,0.4185624167920106,0.44213274975510947,True
CLASSIC,1992,HW,evspsblveg,precipitation,13257,0.34785148750179684,0.34936896303287623,0.006884123016412898,0.3359563614009813,0.3620583247800047,True
CLASSIC,1992,HW,evspsblveg,lai,13257,0.4296861540558406,0.4305831514882006,0.004999018359729375,0.4209020596909881,0.4393296012176306,True
CLASSIC,1992,HW,evspsblsoi,precipitation,13257,0.2424295601754004,0.2478361167123446,0.00813349246093563,0.23387511528196422,0.26294672437686684,True
CLASSIC,1992,HW,evspsblsoi,lai,13257,0.41022031489708277,0.4117730020807713,0.0062895869984798776,0.40020231597474126,0.4236701999905048,True
CLASSIC,1992,HD,evapotrans,precipitation,11822,0.4487228205407853,0.45246207024703694,0.006097943820336475,0.43991375215384176,0.46472427643824005,True
CLASSIC,1992,HD,evapotrans,lai,11822,0.4792614704123575,0.48044539350078297,0.008704413389080505,0.4608051500875748,0.4978391693307624,True
CLASSIC,1992,HD,tran,precipitation,11822,0.3921852185154221,0.3948448045197594,0.0057800257400403765,0.3845959849160935,0.4062848816378576,True
CLASSIC,1992,HD,tran,lai,11822,0.624847677091751,0.6256323684543751,0.004317161522634111,0.6179490876856947,0.6339968088880678,True
CLASSIC,1992,HD,evspsblveg,precipitation,11822,0.4530943186456332,0.4551829008808567,0.005219952133320048,0.44563487754693604,0.46467578371185275,True
CLASSIC,1992,HD,evspsblveg,lai,11822,0.5910087333231999,0.594214393769607,0.005852423550420143,0.5833041962545955,0.6050677114920142,True
CLASSIC,1992,HD,evspsblsoi,precipitation,11822,0.43320177099622975,0.4351254374767271,0.005865234702847113,0.4257677067686006,0.4468936461362195,True
CLASSIC,1992,HD,evspsblsoi,lai,11822,0.33775102739094254,0.3404148774508497,0.008699604852311646,0.32309033686845384,0.3571654749047711,True
CLASSIC,1992,CW,evapotrans,precipitation,22431,0.23831405792413546,0.23843074480732768,0.005753277639149456,0.22828483126202082,0.2500201239070817,True
CLASSIC,1992,CW,evapotrans,lai,22431,0.26274281991909854,0.2632833026587625,0.005159971274627404,0.2530953291794905,0.2740281686733889,True
CLASSIC,1992,CW,tran,precipitation,22431,0.2434637731546717,0.24560400623469902,0.00586987763939429,0.2341926423768657,0.2567302532082112,True
CLASSIC,1992,CW,tran,lai,22431,0.39272673228190624,0.3945828070184564,0.0037779426075758554,0.3870383614135194,0.4016069755160773,True
CLASSIC,1992,CW,evspsblveg,precipitation,22431,0.2974114916886782,0.30001040215687347,0.00575363413095413,0.2890307136069557,0.31103000235433165,True
CLASSIC,1992,CW,evspsblveg,lai,22431,0.5123698607269058,0.5143720802184867,0.003073464325937915,0.5084720054190722,0.5196643573176909,True
CLASSIC,1992,CW,evspsblsoi,precipitation,22431,0.141064357346827,0.13975009127259225,0.006071144335754806,0.128613225312984,0.15050217672514313,True
CLASSIC,1992,CW,evspsblsoi,lai,22431,0.17697683393946853,0.17857671824974836,0.004296700873007429,0.169832262710142,0.18703299221721154,True
CLASSIC,1992,CD,evapotrans,precipitation,13396,0.32794284208500135,0.33264774247797335,0.006582701476360648,0.321639312118883,0.34545124230736457,True
CLASSIC,1992,CD,evapotrans,lai,13396,0.38315714648614196,0.38424937943174986,0.0053675936687375,0.3753865892219953,0.3957152976161295,True
CLASSIC,1992,CD,tran,precipitation,13396,0.3158519280605503,0.3180733939651882,0.0070483545295144355,0.3055898039961271,0.3319801632378261,True
CLASSIC,1992,CD,tran,lai,13396,0.47421373276941664,0.4763139159823956,0.0036527246434906128,0.47039069131017436,0.48434786723770873,True
CLASSIC,1992,CD,evspsblveg,precipitation,13396,0.323572043648816,0.3258071038089279,0.006723648342994252,0.3148928550681149,0.3400346728645061,True
CLASSIC,1992,CD,evspsblveg,lai,13396,0.519007567418209,0.5206589230073534,0.003234577829337154,0.5152331933568532,0.5274998712685788,True
CLASSIC,1992,CD,evspsblsoi,precipitation,13396,0.32593363125582675,0.3288992723416473,0.0067246879805841825,0.3169424461668422,0.3410498129975511,True
CLASSIC,1992,CD,evspsblsoi,lai,13396,0.35055095528627395,0.3527348880992186,0.006148011065492228,0.3409043708247071,0.36465898490181886,True
CLASSIC,1993,HW,evapotrans,precipitation,13246,0.26188177847922767,0.26650942864963395,0.007296202762458439,0.2541215313739283,0.27929242030081275,True
CLASSIC,1993,HW,evapotrans,lai,13246,0.3287381713071901,0.32966547117593464,0.005784268274778787,0.3182258246198945,0.34070110942306614,True
CLASSIC,1993,HW,tran,precipitation,13246,0.2627106225019158,0.26499986779673734,0.008025555160931504,0.24905502515702704,0.2797094328139027,True
CLASSIC,1993,HW,tran,lai,13246,0.406950064391295,0.4095765657942868,0.005895847330970911,0.39660269459214864,0.42038677570395905,True
CLASSIC,1993,HW,evspsblveg,precipitation,13246,0.2856880966557366,0.28718117826726863,0.007850137025967168,0.273071860097522,0.30163675147481067,True
CLASSIC,1993,HW,evspsblveg,lai,13246,0.36629525575727995,0.36803110797973804,0.005834152553219745,0.35652907985368304,0.3792907167599786,True
CLASSIC,1993,HW,evspsblsoi,precipitation,13246,0.2636636478367268,0.2641815053073101,0.007316922073769403,0.2502847072138695,0.2775975900848157,True
CLASSIC,1993,HW,evspsblsoi,lai,13246,0.41425620676113717,0.41552851043183525,0.006868266105351026,0.4024964324524315,0.42809709597574525,True
CLASSIC,1993,HD,evapotrans,precipitation,11824,0.5012548683568823,0.5030895749847591,0.004268781502534014,0.49398232398082753,0.5103947600414913,True
CLASSIC,1993,HD,evapotrans,lai,11824,0.4635132249873497,0.46632568639217653,0.009627386990363593,0.44897472218024537,0.4841536235629617,True
CLASSIC,1993,HD,tran,precipitation,11824,0.42532789142047256,0.42874752556656814,0.006525662551281307,0.4165180320907341,0.4422279150269307,True
CLASSIC,1993,HD,tran,lai,11824,0.6147591351096396,0.6165588885130641,0.004157441798395658,0.6085025272113425,0.6242351189582296,True
CLASSIC,1993,HD,evspsblveg,precipitation,11824,0.47084645585908613,0.4730181296442143,0.005317420650568144,0.46247858466762376,0.4835712107633805,True
CLASSIC,1993,HD,evspsblveg,lai,11824,0.5849837377990561,0.588085210689952,0.006118224369623486,0.5770130658585049,0.6008469653394903,True
CLASSIC,1993,HD,evspsblsoi,precipitation,11824,0.430576877588865,0.4324873753341285,0.006385574575391562,0.4209540539419264,0.4457200468738036,True
CLASSIC,1993,HD,evspsblsoi,lai,11824,0.3742894518305677,0.37295911030615514,0.007577163696506037,0.3579607875448321,0.3859626808863043,True
CLASSIC,1993,CW,evapotrans,precipitation,22453,0.3289035914026983,0.330705657556272,0.0054114398370779535,0.3205286604409936,0.34152119664821173,True
CLASSIC,1993,CW,evapotrans,lai,22453,0.28270873570399024,0.2835861016030431,0.004325567520618497,0.275444333425438,0.2923781738594648,True
CLASSIC,1993,CW,tran,precipitation,22453,0.2689821047623576,0.26988966050298197,0.00623715025685489,0.25659919170673257,0.2841188977626575,True
CLASSIC,1993,CW,tran,lai,22453,0.4295767540946954,0.430807865941191,0.003763181410769506,0.4246243202586539,0.43860222713672087,True
CLASSIC,1993,CW,evspsblveg,precipitation,22453,0.3121963331053593,0.31329251911480877,0.005772132912095932,0.30246908945748935,0.32420037628767134,True
CLASSIC,1993,CW,evspsblveg,lai,22453,0.5307481592084906,0.5313307679538241,0.0032010960322466603,0.5248272176493933,0.5370854377886848,True
CLASSIC,1993,CW,evspsblsoi,precipitation,22453,0.10730892384327499,0.11058538452141291,0.004946689468931483,0.10187819856979942,0.12074905360965642,True
CLASSIC,1993,CW,evspsblsoi,lai,22453,0.18256345821913372,0.18411045285281477,0.005054389866954303,0.17553173885636847,0.19447025588343075,True
CLASSIC,1993,CD,evapotrans,precipitation,13313,0.33032021538967776,0.33201423391998347,0.006771180491529381,0.3210953745709777,0.3453463987266386,True
CLASSIC,1993,CD,evapotrans,lai,13313,0.39320816047628154,0.3940658695391739,0.005845058523887052,0.3830248672896339,0.40743208768951783,True
CLASSIC,1993,CD,tran,precipitation,13313,0.3032828357308379,0.3039422816214442,0.007214011612692895,0.2905836348679987,0.3194783546987652,True
CLASSIC,1993,CD,tran,lai,13313,0.48807910651271363,0.48938956024025004,0.008602227952279776,0.4780994501418729,0.5026778814597825,True
CLASSIC,1993,CD,evspsblveg,precipitation,13313,0.3170478578191842,0.3204186785939573,0.005807350180446406,0.30847962551016705,0.3318281846542377,True
CLASSIC,1993,CD,evspsblveg,lai,13313,0.5167429258996379,0.518296853835795,0.008035787847835619,0.5098547822405114,0.5281678268283048,True
CLASSIC,1993,CD,evspsblsoi,precipitation,13313,0.3164214200713697,0.31999939821571316,0.006558471631954723,0.3085534901409831,0.3328491567524362,True
CLASSIC,1993,CD,evspsblsoi,lai,13313,0.36416885299292545,0.36476617634469855,0.007290950163115796,0.352483518614651,0.3805222917232993,True
CLASSIC,1994,HW,evapotrans,precipitation,13255,0.294649923730588,0.29633719276913795,0.006489267856418413,0.2832464864888997,0.3095369390377631,True
CLASSIC,1994,HW,evapotrans,lai,13255,0.3527699214787329,0.354378258024599,0.007665408714668445,0.3391059073842681,0.3687813520548293,True
CLASSIC,1994,HW,tran,precipitation,13255,0.23522963924889237,0.24098293898097523,0.007603654747331077,0.2246923613069636,0.25602243548064696,True
CLASSIC,1994,HW,tran,lai,13255,0.4070858033025473,0.40834416883176344,0.006060868686837119,0.3971453335778776,0.4184217320345399,True
CLASSIC,1994,HW,evspsblveg,precipitation,13255,0.38658843289890066,0.38937850642487587,0.0064186865664049965,0.3760797321000608,0.4015908208452506,True
CLASSIC,1994,HW,evspsblveg,lai,13255,0.4492538744308332,0.4519001015491337,0.005380032530269409,0.4422622476519833,0.46170027712810624,True
CLASSIC,1994,HW,evspsblsoi,precipitation,13255,0.23186072583847234,0.23521537838140347,0.007912302146679873,0.2179606977430617,0.25043537790628295,True
CLASSIC,1994,HW,evspsblsoi,lai,13255,0.3902517272326751,0.3909681300364991,0.00679655477505442,0.3783861320732434,0.40308370058224846,True
CLASSIC,1994,HD,evapotrans,precipitation,11822,0.4642796266698017,0.46623967898853685,0.006365089674908953,0.4539649214608598,0.4792178763135193,True
CLASSIC,1994,HD,evapotrans,lai,11822,0.4660620123484249,0.4684815935282847,0.007716828892174608,0.45396859679149343,0.4844221935290595,True
CLASSIC,1994,HD,tran,precipitation,11822,0.47719804374124797,0.478357213335898,0.00605103263626571,0.46708325213834534,0.4897977527655664,True
CLASSIC,1994,HD,tran,lai,11822,0.620535117497247,0.6205725547630153,0.004021013561516306,0.6122388755255982,0.6279194470301086,True
CLASSIC,1994,HD,evspsblveg,precipitation,11822,0.4940893409004208,0.4956036178847246,0.004833550541010948,0.4862523540564618,0.505236003634958,True
CLASSIC,1994,HD,evspsblveg,lai,11822,0.605223963696123,0.604332206205587,0.004902961202867102,0.595592996395155,0.6142053634441049,True
CLASSIC,1994,HD,evspsblsoi,precipitation,11822,0.3960400166590341,0.39845387122113674,0.007295241537288903,0.38505112759350263,0.41323274588088954,True
CLASSIC,1994,HD,evspsblsoi,lai,11822,0.36234202715348174,0.3618259685023151,0.009577461459284392,0.33970677500235447,0.3783184586216615,True
CLASSIC,1994,CW,evapotrans,precipitation,22366,0.28443460084598204,0.2860747766591802,0.007482450816817755,0.2735650605938363,0.3031607035071991,True
CLASSIC,1994,CW,evapotrans,lai,22366,0.2849736194492795,0.28554477804234385,0.004311247697667179,0.27756645780541295,0.2945307054896443,True
CLASSIC,1994,CW,tran,precipitation,22366,0.2813850278283768,0.28071337150633474,0.007359694480034948,0.26658116900253365,0.29449600276948495,True
CLASSIC,1994,CW,tran,lai,22366,0.4095740018236154,0.41100165279355394,0.003775973324378599,0.40415327051589417,0.41821911861754335,True
CLASSIC,1994,CW,evspsblveg,precipitation,22366,0.31219568177974333,0.3137629696493176,0.005886960479047096,0.3025193510658286,0.32491994603371904,True
CLASSIC,1994,CW,evspsblveg,lai,22366,0.5443061242698908,0.5447367239114693,0.0027082043636459207,0.5390419921088165,0.5496646744297387,True
CLASSIC,1994,CW,evspsblsoi,precipitation,22366,0.13514262231850144,0.13921041341119014,0.006154435966740065,0.1278696721396679,0.15305657469961834,True
CLASSIC,1994,CW,evspsblsoi,lai,22366,0.1518133665350582,0.15348072394845086,0.004389667723128202,0.14521434631470861,0.16158203173918131,True
CLASSIC,1994,CD,evapotrans,precipitation,13314,0.27009642757072816,0.2719548442619081,0.008559301546474782,0.25626176687225577,0.2881566258328078,True
CLASSIC,1994,CD,evapotrans,lai,13314,0.42537509591763056,0.42565538456075996,0.009260269739571166,0.4087673131317381,0.4414010265988101,True
CLASSIC,1994,CD,tran,precipitation,13314,0.23272359150369454,0.23613698525091797,0.0075227940552708246,0.22349696025533466,0.2490090628549797,True
CLASSIC,1994,CD,tran,lai,13314,0.5566690785034243,0.5556244743369971,0.009245530368827056,0.5381075427514148,0.5727603602965611,True
CLASSIC,1994,CD,evspsblveg,precipitation,13314,0.279266141026593,0.28011035614330937,0.006625151123443722,0.26634842529349256,0.2919736214919811,True
CLASSIC,1994,CD,evspsblveg,lai,13314,0.5415999517858371,0.5438930595079386,0.006091499388959211,0.5330251282730621,0.5567394164302882,True
CLASSIC,1994,CD,evspsblsoi,precipitation,13314,0.25493536348381196,0.2565074980034512,0.008320381394151215,0.24330793113693627,0.26941182184704165,True
CLASSIC,1994,CD,evspsblsoi,lai,13314,0.40501697032447614,0.40373113870702637,0.008255160379293941,0.38754123644647476,0.4171507459821008,True
CLASSIC,1995,HW,evapotrans,precipitation,13260,0.3129357693730612,0.3156382934877714,0.0066134507832259735,0.3024256343309767,0.32906898571845405,True
CLASSIC,1995,HW,evapotrans,lai,13260,0.3874434389140272,0.389780200958472,0.006721808820538232,0.37567548877315804,0.4032881292189938,True
CLASSIC,1995,HW,tran,precipitation,13260,0.2603987022965935,0.26325999184003057,0.008130461294462564,0.24831709188690593,0.28232714286039773,True
CLASSIC,1995,HW,tran,lai,13260,0.40614630467571644,0.4075910655720548,0.006485935377612975,0.39390453423558286,0.4197626035174592,True
CLASSIC,1995,HW,evspsblveg,precipitation,13260,0.39458834912774987,0.3955771110809867,0.006569801566239564,0.3836911969391216,0.4088994187321906,True
CLASSIC,1995,HW,evspsblveg,lai,13260,0.4680241327300151,0.4692581820608638,0.005425788167156408,0.4575388461424799,0.47899795895824687,True
CLASSIC,1995,HW,evspsblsoi,precipitation,13260,0.22583013176242922,0.2263213487478096,0.0079277552102668,0.2111293363499246,0.24211423287283684,True
CLASSIC,1995,HW,evspsblsoi,lai,13260,0.40750377073906485,0.41052346503341214,0.006252472595458201,0.39923939049853324,0.4217449095022624,True
CLASSIC,1995,HD,evapotrans,precipitation,11831,0.46160234213387674,0.46323224406172286,0.0051151527599934,0.45396838393504113,0.4739768904907553,True
CLASSIC,1995,HD,evapotrans,lai,11831,0.4763705505108468,0.4791027761224667,0.008252156592725941,0.46300627861829535,0.49801984721555126,True
CLASSIC,1995,HD,tran,precipitation,11831,0.4268728252533939,0.426804315701407,0.0053207230973174,0.4162400436575331,0.4360534422597446,True
CLASSIC,1995,HD,tran,lai,11831,0.6131314833810884,0.6137266851482263,0.005103500106071843,0.6051641860541882,0.623794121895376,True
CLASSIC,1995,HD,evspsblveg,precipitation,11831,0.4528319077316356,0.4549158411398042,0.005134052063857241,0.44620064015710553,0.4643446621056183,True
CLASSIC,1995,HD,evspsblveg,lai,11831,0.5868460388853359,0.585198385256599,0.005071039050727796,0.5763171025459576,0.5948847219417587,True
CLASSIC,1995,HD,evspsblsoi,precipitation,11831,0.4330454335298194,0.43331208110023034,0.006672250616344226,0.41962793649386815,0.4437567569286031,True
CLASSIC,1995,HD,evspsblsoi,lai,11831,0.3909122937555413,0.3908263076142627,0.008690437338065318,0.37218819429702094,0.40487723299272854,True
CLASSIC,1995,CW,evapotrans,precipitation,22400,0.22580884052081343,0.2271107314527577,0.005069659387970858,0.2179446608663196,0.23713379674865293,True
CLASSIC,1995,CW,evapotrans,lai,22400,0.30272321428571425,0.3034957586427922,0.006217418575573109,0.2925749106112155,0.3149996483303292,True
CLASSIC,1995,CW,tran,precipitation,22400,0.22892526455026452,0.2282582038007763,0.0059213114595266,0.21674862869135098,0.23852634717113333,True
CLASSIC,1995,CW,tran,lai,22400,0.3856696428571429,0.38691720939354435,0.003840279295480032,0.37980015652676524,0.3942875353098904,True
CLASSIC,1995,CW,evspsblveg,precipitation,22400,0.2981809878402498,0.29866170710830586,0.005522374488979384,0.2890094089405468,0.3090913417973409,True
CLASSIC,1995,CW,evspsblveg,lai,22400,0.5505133928571428,0.5520377647892528,0.003325607365723173,0.5445536101302656,0.5578476938843873,True
CLASSIC,1995,CW,evspsblsoi,precipitation,22400,0.14008754949230476,0.14248266673661708,0.00532682307326257,0.132511675061198,0.1511637526048767,True
CLASSIC,1995,CW,evspsblsoi,lai,22400,0.1713392857142857,0.17318933049535587,0.004232451264987789,0.16526450892857142,0.18271484375,True
CLASSIC,1995,CD,evapotrans,precipitation,13440,0.25047170842067473,0.2543300778279151,0.0074869094282726135,0.24137315697535192,0.2695946709967311,True
CLASSIC,1995,CD,evapotrans,lai,13440,0.4145089285714286,0.41063117857369164,0.011258310607100306,0.38286063607865967,0.4276078869047619,True
CLASSIC,1995,CD,tran,precipitation,13440,0.24628252788104094,0.24945968514579342,0.008528115620048517,0.23389297253239807,0.2672398384754493,True
CLASSIC,1995,CD,tran,lai,13440,0.5461309523809523,0.5430246427055766,0.014047491525670032,0.5037209123019561,0.5619089630651667,True
CLASSIC,1995,CD,evspsblveg,precipitation,13440,0.27569916671906164,0.279988096730812,0.007356219327802831,0.26713832068174137,0.29479679573323714,True
CLASSIC,1995,CD,evspsblveg,lai,13440,0.5790178571428571,0.577117655534518,0.016364475124327184,0.5297348318906824,0.5949873323538277,True
CLASSIC,1995,CD,evspsblsoi,precipitation,13440,0.21943236634802618,0.22234845484616667,0.008434453965103112,0.20823032074099737,0.23963168355895545,True
CLASSIC,1995,CD,evspsblsoi,lai,13440,0.3810267857142857,0.3785854699062844,0.013517804137111346,0.34420894182955114,0.40130285089175083,True
CLASSIC,1996,HW,evapotrans,precipitation,13255,0.3022003022732691,0.30505767395114824,0.007274833639531296,0.2925339077974931,0.31880109213571206,True
CLASSIC,1996,HW,evapotrans,lai,13255,0.36198110733136357,0.36466857560097665,0.007825075878087135,0.3487273862023798,0.38003753385984285,True
CLASSIC,1996,HW,tran,precipitation,13255,0.2555387602951952,0.2578853954699636,0.007921588904249783,0.2423010382506286,0.2712917902217523,True
CLASSIC,1996,HW,tran,lai,13255,0.4206290008096208,0.42265613753312636,0.00524612616370397,0.4127500897443573,0.43164345684857125,True
CLASSIC,1996,HW,evspsblveg,precipitation,13255,0.3386189768666314,0.3397607212607985,0.008221530268818906,0.32436000956130007,0.35632552907202103,True
CLASSIC,1996,HW,evspsblveg,lai,13255,0.4380919874080079,0.439546247511784,0.005426278905845858,0.42868907781391613,0.45038874472270163,True
CLASSIC,1996,HW,evspsblsoi,precipitation,13255,0.23412161835398354,0.23719565247736793,0.007339932479031545,0.22298376135548267,0.25136282971794294,True
CLASSIC,1996,HW,evspsblsoi,lai,13255,0.39133027609948134,0.3941810725600932,0.007455576790247325,0.3797005944535063,0.4074267319821542,True
CLASSIC,1996,HD,evapotrans,precipitation,11826,0.48908157434676586,0.49084335719784117,0.006538564079532848,0.4762768047301774,0.5045142160440498,True
CLASSIC,1996,HD,evapotrans,lai,11826,0.457163814733186,0.45913324033923897,0.008848861371295754,0.4432018283726556,0.4760266781453591,True
CLASSIC,1996,HD,tran,precipitation,11826,0.41777798363678237,0.42077887159408417,0.0076926403469249035,0.4056633760326972,0.43638760404852417,True
CLASSIC,1996,HD,tran,lai,11826,0.6224486528315121,0.623689812623578,0.004532277625042341,0.6152312662277288,0.633090277243495,True
CLASSIC,1996,HD,evspsblveg,precipitation,11826,0.4757180369228139,0.4784863067229422,0.006072591458383079,0.46678762182255595,0.49128679805653375,True
CLASSIC,1996,HD,evspsblveg,lai,11826,0.5869368308778213,0.5894543158922796,0.006242225233062341,0.5786174374566466,0.6021997413108684,True
CLASSIC,1996,HD,evspsblsoi,precipitation,11826,0.3783417692922387,0.3808967391663515,0.005747134629967505,0.37038717364299467,0.3921052442429086,True
CLASSIC,1996,HD,evspsblsoi,lai,11826,0.32879743030779207,0.33309615102611906,0.008105233071601919,0.31999963944195914,0.3490390905520867,True
CLASSIC,1996,CW,evapotrans,precipitation,22457,0.24979522664055887,0.2514666155732955,0.006669209169467945,0.23899303639942968,0.26473938476709713,True
CLASSIC,1996,CW,evapotrans,lai,22457,0.26306094852908535,0.2640496630748251,0.005522043189190604,0.25281386562688446,0.2736408696442237,True
CLASSIC,1996,CW,tran,precipitation,22457,0.22339290354327695,0.22540017973210624,0.00630372288073112,0.21300728031958274,0.23656176643038782,True
CLASSIC,1996,CW,tran,lai,22457,0.39485855164842176,0.3958752185344159,0.0040453942988696754,0.38773543292497764,0.4039978610695819,True
CLASSIC,1996,CW,evspsblveg,precipitation,22457,0.2825957431201279,0.28379857162908884,0.0063725298087637106,0.2724981123084069,0.2973602320277714,True
CLASSIC,1996,CW,evspsblveg,lai,22457,0.5115291242605464,0.5146176510930163,0.0034833744800906352,0.5081169623909343,0.5210653337013668,True
CLASSIC,1996,CW,evspsblsoi,precipitation,22457,0.12669230803516757,0.1314512753206469,0.0051403415270599665,0.12171398816341025,0.14056699437027945,True
CLASSIC,1996,CW,evspsblsoi,lai,22457,0.18050285979360367,0.18128781007620356,0.005560693735540217,0.17253567327320463,0.19148520535232347,True
CLASSIC,1996,CD,evapotrans,precipitation,13045,0.3301030653110889,0.33139889327736227,0.008792279335829482,0.3162207520229618,0.3478729967017552,True
CLASSIC,1996,CD,evapotrans,lai,13045,0.39002274766539047,0.3916272867715616,0.01156451923883675,0.3685696414615138,0.41399697479438813,True
CLASSIC,1996,CD,tran,precipitation,13045,0.2981984261101136,0.29851130439943013,0.011329185334045939,0.27695476209576686,0.32095767083878524,True
CLASSIC,1996,CD,tran,lai,13045,0.5243814147608705,0.5248086231987779,0.009316762170524122,0.505271033513523,0.540647474853909,True
CLASSIC,1996,CD,evspsblveg,precipitation,13045,0.35108615071988414,0.35318188279686125,0.008956407552633537,0.3356688875999032,0.36928581993093373,True
CLASSIC,1996,CD,evspsblveg,lai,13045,0.5676648324617555,0.5696533827251601,0.0057650796954632835,0.5572194026278032,0.5797810996124526,True
CLASSIC,1996,CD,evspsblsoi,precipitation,13045,0.300235608040726,0.3021876058336301,0.00997245878977832,0.2833549942800415,0.3215532531490973,True
CLASSIC,1996,CD,evspsblsoi,lai,13045,0.3654397025327888,0.36829480931274383,0.01214599911473238,0.3445109178514103,0.38937551657763914,True
CLASSIC,1997,HW,evapotrans,precipitation,13273,0.280206502194365,0.28131688526433196,0.007770770426560157,0.26716223813684054,0.29632728907406386,True
CLASSIC,1997,HW,evapotrans,lai,13273,0.3473783489733395,0.34858045435102547,0.006737962239990766,0.3342272609553397,0.3614689617351824,True
CLASSIC,1997,HW,tran,precipitation,13273,0.2296724474179396,0.23236323701341666,0.007702472258704146,0.21808721804009493,0.24846178073832625,True
CLASSIC,1997,HW,tran,lai,13273,0.4135642947865845,0.4131773776098228,0.005809165714086024,0.4001921861870656,0.4236522375736744,True
CLASSIC,1997,HW,evspsblveg,precipitation,13273,0.351472272192906,0.3525478689076668,0.007655800062941893,0.3342737731317495,0.3673213358955747,True
CLASSIC,1997,HW,evspsblveg,lai,13273,0.43804753813190067,0.4393398802618802,0.005385409579587964,0.42863922169974367,0.4500131543691581,True
CLASSIC,1997,HW,evspsblsoi,precipitation,13273,0.26072847859455606,0.26060733352715604,0.0066573699562962425,0.24848059360129737,0.27268703008569595,True
CLASSIC,1997,HW,evspsblsoi,lai,13273,0.4080773809702922,0.40666904961774397,0.006579280746335011,0.39363694377048464,0.41844450487422913,True
CLASSIC,1997,HD,evapotrans,precipitation,11823,0.5049917257277906,0.5080419270975554,0.005466338931131389,0.49572887618690614,0.5192512697680675,True
CLASSIC,1997,HD,evapotrans,lai,11823,0.4863275187183546,0.48753786343463246,0.007512271501329853,0.4732533435228262,0.5020723227143563,True
CLASSIC,1997,HD,tran,precipitation,11823,0.47312031813759803,0.4746559095750121,0.005488718025322836,0.4636755646556204,0.48417113143505336,True
CLASSIC,1997,HD,tran,lai,11823,0.6078747824832524,0.6078478691041496,0.005390241334412626,0.5970718061305335,0.6177588167546556,True
CLASSIC,1997,HD,evspsblveg,precipitation,11823,0.5160340421450681,0.5167126288648073,0.005427642903168977,0.5075996496436892,0.526941368932911,True
CLASSIC,1997,HD,evspsblveg,lai,11823,0.6112569451868529,0.6115178457583434,0.005462154748232685,0.5997037951064152,0.6210899398099515,True
CLASSIC,1997,HD,evspsblsoi,precipitation,11823,0.4198838801506698,0.4213396219407859,0.0056895260261314775,0.4087058736347918,0.4320543986314429,True
CLASSIC,1997,HD,evspsblsoi,lai,11823,0.3453833210755428,0.34630259803078467,0.007500656274943426,0.33187557398016687,0.36166950785507557,True
CLASSIC,1997,CW,evapotrans,precipitation,22370,0.27209117115141335,0.27319434930003056,0.005894272275216252,0.2610092784827518,0.28405996050642807,True
CLASSIC,1997,CW,evapotrans,lai,22370,0.26575771122038444,0.2668443383219097,0.00471691445685901,0.2576731895795465,0.275558413061186,True
CLASSIC,1997,CW,tran,precipitation,22370,0.281621736490832,0.2830516265410568,0.00620521527123816,0.27083636527475535,0.2953296220273026,True
CLASSIC,1997,CW,tran,lai,22370,0.40543138131426015,0.4070648336319235,0.00376240591855739,0.39967298859357925,0.41404165785251296,True
CLASSIC,1997,CW,evspsblveg,precipitation,22370,0.3152320439711549,0.3171274919868431,0.004665966804085891,0.30838670086002096,0.3253270497041894,True
CLASSIC,1997,CW,evspsblveg,lai,22370,0.5359409924005365,0.5366981061579049,0.0027858174851698382,0.5311729996193307,0.5421122735851365,True
CLASSIC,1997,CW,evspsblsoi,precipitation,22370,0.1300484533807944,0.12988471044083538,0.005319329372697542,0.11860755967165064,0.13913698565741972,True
CLASSIC,1997,CW,evspsblsoi,lai,22370,0.166092981671882,0.1676664614132811,0.0057265004471115325,0.15820761207601286,0.18013083711021702,True
CLASSIC,1997,CD,evapotrans,precipitation,13399,0.24346545503511718,0.2459154772348146,0.0064162946909758645,0.23408620861457416,0.2582217987084026,True
CLASSIC,1997,CD,evapotrans,lai,13399,0.3998884969138931,0.40270047512093227,0.009780408146413067,0.3820430478142005,0.4222844932736125,True
CLASSIC,1997,CD,tran,precipitation,13399,0.26643935683772124,0.2697177009346345,0.006940968871922953,0.2559709954630973,0.2854560989898023,True
CLASSIC,1997,CD,tran,lai,13399,0.5284083352177095,0.5281521735904653,0.012445874151480617,0.4928228810468968,0.546470302138832,True
CLASSIC,1997,CD,evspsblveg,precipitation,13399,0.2835528778471321,0.2871350027803145,0.006249345647308955,0.276818457086945,0.3000994730721963,True
CLASSIC,1997,CD,evspsblveg,lai,13399,0.5485516851892489,0.5502660458693647,0.00854014724830249,0.5174083027369231,0.563360209407463,True
CLASSIC,1997,CD,evspsblsoi,precipitation,13399,0.23222220450046394,0.23475916005811384,0.006242790122840934,0.2226309284177041,0.24722178166342257,True
CLASSIC,1997,CD,evspsblsoi,lai,13399,0.3752619097214874,0.3793349531841764,0.011527385283546432,0.3545512527938804,0.4001391337959059,True
CLASSIC,1998,HW,evapotrans,precipitation,13255,0.29939013878481785,0.30170809199558557,0.007414525521065914,0.2857290025282896,0.3147887359995026,True
CLASSIC,1998,HW,evapotrans,lai,13255,0.38553208243225334,0.3876940117976249,0.007260572239639719,0.3702873494968573,0.40029454718751656,True
CLASSIC,1998,HW,tran,precipitation,13255,0.25021466614095367,0.2504919716778932,0.006628908028138456,0.23726457172532361,0.26238876914595954,True
CLASSIC,1998,HW,tran,lai,13255,0.41926007398391707,0.417772399475358,0.005229136130482012,0.40701106340203747,0.42727185819631514,True
CLASSIC,1998,HW,evspsblveg,precipitation,13255,0.34222209325943764,0.3459199214392365,0.007593209887864015,0.3327010342859966,0.360723095619044,True
CLASSIC,1998,HW,evspsblveg,lai,13255,0.4609447301539076,0.4600481791962834,0.005451351264930596,0.44927340879097394,0.47037767845758044,True
CLASSIC,1998,HW,evspsblsoi,precipitation,13255,0.26025217155312347,0.25977505886972607,0.007107831843423575,0.24654944757285943,0.2726378688376342,True
CLASSIC,1998,HW,evspsblsoi,lai,13255,0.3735881639387656,0.3769774742736643,0.006048088473494432,0.3672128194608485,0.3896189917373894,True
CLASSIC,1998,HD,evapotrans,precipitation,11823,0.48551831133585877,0.48776204244995935,0.0063060307201962375,0.47525337625379177,0.5001986127545129,True
CLASSIC,1998,HD,evapotrans,lai,11823,0.49114626871567124,0.4925878273843283,0.007078352493543185,0.480030295317046,0.5072337556354887,True
CLASSIC,1998,HD,tran,precipitation,11823,0.43607272411899545,0.4383535768340655,0.0071009167838194335,0.42574538432690157,0.4521240825634554,True
CLASSIC,1998,HD,tran,lai,11823,0.6155725032211584,0.6160162338283631,0.004299382163470393,0.6079854854882991,0.6242077923855319,True
CLASSIC,1998,HD,evspsblveg,precipitation,11823,0.4595101134285706,0.46100251835426576,0.0058791135131807505,0.45065755588163103,0.47288228239951646,True
CLASSIC,1998,HD,evspsblveg,lai,11823,0.5895172920715923,0.590730211497224,0.0050700343318736615,0.5808940437442119,0.6010851226135566,True
CLASSIC,1998,HD,evspsblsoi,precipitation,11823,0.42891013769899333,0.4308620557866403,0.006546287396302278,0.41789735241706627,0.44468126420327253,True
CLASSIC,1998,HD,evspsblsoi,lai,11823,0.34219831268608425,0.3441479020012564,0.009016037083229763,0.32785700814072316,0.3634323958658335,True
CLASSIC,1998,CW,evapotrans,precipitation,22463,0.3113963758434242,0.31212384659068393,0.005674728397882969,0.30212842528929407,0.3249948430161982,True
CLASSIC,1998,CW,evapotrans,lai,22463,0.2772578546004354,0.27934289495888537,0.0057406590268947065,0.2686339397205593,0.29048180352034786,True
CLASSIC,1998,CW,tran,precipitation,22463,0.32445242809165004,0.3236594021077529,0.005395701761018181,0.3134633832331166,0.3335656063334897,True
CLASSIC,1998,CW,tran,lai,22463,0.3880304364367025,0.3898786430463903,0.003963118964031597,0.38286552377485716,0.39726317841022374,True
CLASSIC,1998,CW,evspsblveg,precipitation,22463,0.35250163621039166,0.3544491493066002,0.006238820627094616,0.3431702787678538,0.3672083579517242,True
CLASSIC,1998,CW,evspsblveg,lai,22463,0.5441557421685107,0.5457874620918294,0.002952691015621165,0.5403961866866482,0.5515839206436893,True
CLASSIC,1998,CW,evspsblsoi,precipitation,22463,0.12686828087001317,0.12768773127705557,0.006016736102223186,0.1164119962584663,0.139213727113138,True
CLASSIC,1998,CW,evspsblsoi,lai,22463,0.14909553336813114,0.15190608892048219,0.005260513860960856,0.14223539065529792,0.16187941678753143,True
CLASSIC,1998,CD,evapotrans,precipitation,13384,0.2703913118178246,0.2747557236899301,0.006065070267023622,0.2635327279317291,0.28744303932707516,True
CLASSIC,1998,CD,evapotrans,lai,13384,0.39445957379893626,0.395196126330796,0.009218823741305586,0.37971760695693135,0.41297461860144624,True
CLASSIC,1998,CD,tran,precipitation,13384,0.27089828065254434,0.2702414468423821,0.006317292805156125,0.25746165674274474,0.28233317787516693,True
CLASSIC,1998,CD,tran,lai,13384,0.5096626094383943,0.5097907801142707,0.008156571638163163,0.4969227354139402,0.5261232319194957,True
CLASSIC,1998,CD,evspsblveg,precipitation,13384,0.27978078925577443,0.28274264930954734,0.0053318380630084875,0.271773544677038,0.2932357665644804,True
CLASSIC,1998,CD,evspsblveg,lai,13384,0.5211323651737746,0.5222173835035968,0.005888811338255319,0.5120375849832759,0.5335514981411443,True
CLASSIC,1998,CD,evspsblsoi,precipitation,13384,0.25459734563815095,0.2586243764746859,0.006178781758436321,0.24715457664071025,0.27018882595942056,True
CLASSIC,1998,CD,evspsblsoi,lai,13384,0.3712152788015407,0.3714573150777749,0.010027713947521756,0.3537963054898691,0.39089092334778064,True
CLASSIC,1999,HW,evapotrans,precipitation,13252,0.31798642113030523,0.31981767291697855,0.00826973449945899,0.30156660873678776,0.3358957977352112,True
CLASSIC,1999,HW,evapotrans,lai,13252,0.39791982982988683,0.39912058705732034,0.006613066490611463,0.3876983096891035,0.41345914870931744,True
CLASSIC,1999,HW,tran,precipitation,13252,0.23514898453347802,0.23741454573499632,0.00876638383782482,0.21869822030570138,0.25488473027613456,True
CLASSIC,1999,HW,tran,lai,13252,0.41214325283142905,0.4129079143703484,0.005250476087112708,0.4027847084753065,0.42291392360211943,True
CLASSIC,1999,HW,evspsblveg,precipitation,13252,0.3738868065488904,0.37646629184453473,0.007317961687314172,0.3610371859933964,0.3903474408196764,True
CLASSIC,1999,HW,evspsblveg,lai,13252,0.45678690009055234,0.4590730190321029,0.005440206152968176,0.447856826135841,0.46781062202745194,True
CLASSIC,1999,HW,evspsblsoi,precipitation,13252,0.23027119564898518,0.22900603390185065,0.007563510405249612,0.2147808195798517,0.24359609791757447,True
CLASSIC,1999,HW,evspsblsoi,lai,13252,0.4199815478190547,0.4205093981858549,0.006594918612390163,0.4074220157311143,0.4322976761512075,True
CLASSIC,1999,HD,evapotrans,precipitation,11832,0.46039591617099807,0.4626057894733009,0.004490834547869274,0.45357050286509826,0.4702102226085999,True
CLASSIC,1999,HD,evapotrans,lai,11832,0.4750497526086541,0.4737068442972187,0.009280623870205817,0.4558450206240423,0.4908718965336125,True
CLASSIC,1999,HD,tran,precipitation,11832,0.42886702222206985,0.4279916181657293,0.005354494844538884,0.41711729902434747,0.439516787248688,True
CLASSIC,1999,HD,tran,lai,11832,0.6168815516412645,0.6181429076819123,0.004545083541844179,0.6099190874186755,0.6272177934592362,True
CLASSIC,1999,HD,evspsblveg,precipitation,11832,0.44776354736957014,0.4510072199757176,0.0051801814963969815,0.44208531617745656,0.4608405855508137,True
CLASSIC,1999,HD,evspsblveg,lai,11832,0.5850138055630332,0.5855894284483533,0.006172235836907504,0.5736263057559282,0.5968811455207795,True
CLASSIC,1999,HD,evspsblsoi,precipitation,11832,0.4224437632633139,0.4255254747845623,0.0060600121816377145,0.4145653135372402,0.4383063385933339,True
CLASSIC,1999,HD,evspsblsoi,lai,11832,0.3620621128227619,0.3600125720007437,0.00816388644270589,0.34496402539459003,0.37441608564931234,True
CLASSIC,1999,CW,evapotrans,precipitation,22423,0.27001801312283313,0.2711202732693959,0.006407331864776657,0.2591909939020854,0.28313275419820044,True
CLASSIC,1999,CW,evapotrans,lai,22423,0.2715858350490208,0.2731311356250562,0.004023236958220307,0.26589417114747865,0.2808582378347882,True
CLASSIC,1999,CW,tran,precipitation,22423,0.27505598415759075,0.27569650870200313,0.005957503365300814,0.26380965218202,0.2874935193745086,True
CLASSIC,1999,CW,tran,lai,22423,0.43793927463051974,0.43822812078325185,0.0036551521560884564,0.4309044184814905,0.4453728443017461,True
CLASSIC,1999,CW,evspsblveg,precipitation,22423,0.292614187414007,0.29509727693582827,0.004565676121512723,0.2863586810617633,0.30459779533424636,True
CLASSIC,1999,CW,evspsblveg,lai,22423,0.5331969356683949,0.5358168963924242,0.0035332613971264686,0.5302194501473044,0.543245289611053,True
CLASSIC,1999,CW,evspsblsoi,precipitation,22423,0.1115560217381566,0.11607285660605036,0.005574501804740434,0.10354115663537042,0.12684062310179864,True
CLASSIC,1999,CW,evspsblsoi,lai,22423,0.16058064583632287,0.16317962070509093,0.006579108448380137,0.15116006160580375,0.17582340216629216,True
CLASSIC,1999,CD,evapotrans,precipitation,12999,0.3023666592224984,0.30868966987953705,0.011799820118181118,0.2873745643440265,0.3329070634577609,True
CLASSIC,1999,CD,evapotrans,lai,12999,0.39157982566706306,0.3958711696511907,0.008789244362022072,0.37814524874171423,0.41287531089174206,True
CLASSIC,1999,CD,tran,precipitation,12999,0.2994300325464723,0.3038837916647949,0.011984893336221906,0.2784556967818919,0.328147158342205,True
CLASSIC,1999,CD,tran,lai,12999,0.5188976075082699,0.5211151492013733,0.00874945779554667,0.5058092610919813,0.5374176588819143,True
CLASSIC,1999,CD,evspsblveg,precipitation,12999,0.3260559925821262,0.3293717129247113,0.011898827180057935,0.30853631225526085,0.3504154568816989,True
CLASSIC,1999,CD,evspsblveg,lai,12999,0.5516604235828791,0.5543203145846459,0.005247504986177975,0.5449613673794691,0.563984332447846,True
CLASSIC,1999,CD,evspsblsoi,precipitation,12999,0.28402824377856745,0.28805848256434424,0.011886279691966253,0.2659035822372043,0.3114868327340316,True
CLASSIC,1999,CD,evspsblsoi,lai,12999,0.3740392456224443,0.37540420557147075,0.00802517053458691,0.35863130743785027,0.38959635705404505,True
CLASSIC,2000,HW,evapotrans,precipitation,13229,0.31027841042095444,0.31310849448814393,0.008073304316558928,0.2966532416745558,0.32752230841129326,True
CLASSIC,2000,HW,evapotrans,lai,13229,0.36829211825162284,0.3726480770841124,0.0066245898190340526,0.3603208991758937,0.3848806126167034,True
CLASSIC,2000,HW,tran,precipitation,13229,0.20441356677223765,0.2097189934360066,0.00765396044713715,0.195193859509851,0.22447056085032513,True
CLASSIC,2000,HW,tran,lai,13229,0.4176888803412782,0.4184691378784015,0.005637832854404502,0.4069672883053659,0.4287288902221185,True
CLASSIC,2000,HW,evspsblveg,precipitation,13229,0.33427982694745106,0.33789498230407317,0.008608285755345823,0.32177022687628565,0.3547029556734966,True
CLASSIC,2000,HW,evspsblveg,lai,13229,0.4412320912272317,0.4422012522778695,0.005372595588993404,0.43168113885951337,0.4518545142367644,True
CLASSIC,2000,HW,evspsblsoi,precipitation,13229,0.20241647695941836,0.20582510023268155,0.008427927748559293,0.18962393970558408,0.22204778933248673,True
CLASSIC,2000,HW,evspsblsoi,lai,13229,0.4054131172799035,0.4051999070565323,0.006635763125729166,0.3907042401087199,0.41705784293745024,True
CLASSIC,2000,HD,evapotrans,precipitation,11830,0.5154466189803948,0.5179716826980182,0.0050386948218788,0.5084368512661765,0.5274226794338088,True
CLASSIC,2000,HD,evapotrans,lai,11830,0.47049873203719356,0.4722540752818701,0.0077418776774838315,0.4577049587626511,0.48675812375831895,True
CLASSIC,2000,HD,tran,precipitation,11830,0.4144684353782363,0.41783703827425184,0.00648001558141798,0.406750721944982,0.43229462568967014,True
CLASSIC,2000,HD,tran,lai,11830,0.613693998309383,0.616401385206991,0.004497252341197432,0.6078967873449678,0.6246017288061411,True
CLASSIC,2000,HD,evspsblveg,precipitation,11830,0.45204740593260706,0.4553732857999717,0.005130026884749077,0.44522391919874593,0.4652500453939711,True
CLASSIC,2000,HD,evspsblveg,lai,11830,0.5983093829247675,0.6001004472758201,0.0064053688087447195,0.5871440764753924,0.6128847814566033,True
CLASSIC,2000,HD,evspsblsoi,precipitation,11830,0.42324598478444636,0.4270460729992584,0.006004823239785922,0.41627557776511204,0.4389620792727728,True
CLASSIC,2000,HD,evspsblsoi,lai,11830,0.33440405748098057,0.33537325281150415,0.009029794009028928,0.31844776014710224,0.35134192730346575,True
CLASSIC,2000,CW,evapotrans,precipitation,22356,0.29757527933355055,0.2993700322594387,0.005586489467332779,0.2877277607660146,0.3086768401139841,True
CLASSIC,2000,CW,evapotrans,lai,22356,0.26883829196718784,0.2707975999893421,0.004660035264324558,0.26163017250540904,0.278953711944195,True
CLASSIC,2000,CW,tran,precipitation,22356,0.29576021602334157,0.29458349142774864,0.005624896578513868,0.2832612279514332,0.3049480868202551,True
CLASSIC,2000,CW,tran,lai,22356,0.4311132860109146,0.4329697722420553,0.004183326810453307,0.4245703887081849,0.44133829263983226,True
CLASSIC,2000,CW,evspsblveg,precipitation,22356,0.3197698116316748,0.32081056135602526,0.005500395241178982,0.31024203420674085,0.3309155441905953,True
CLASSIC,2000,CW,evspsblveg,lai,22356,0.5251379233661972,0.5256603173091857,0.002793048738977095,0.520081753021148,0.5306873152366862,True
CLASSIC,2000,CW,evspsblsoi,precipitation,22356,0.13739639173092846,0.1422268776662858,0.0044776821880120245,0.1343449635637348,0.151046278151568,True
CLASSIC,2000,CW,evspsblsoi,lai,22356,0.21289964802925035,0.211626030360741,0.004139490985929843,0.20392797374087157,0.2189572791343127,True
CLASSIC,2000,CD,evapotrans,precipitation,13548,0.2995519176546142,0.30157686006480616,0.006774376356212944,0.2882197999931052,0.31350852941227436,True
CLASSIC,2000,CD,evapotrans,lai,13548,0.3572814374057891,0.35994740026904437,0.0058578583326523315,0.34984488642409073,0.3716051231175443,True
CLASSIC,2000,CD,tran,precipitation,13548,0.32015836900860356,0.322240663039896,0.007174950326159673,0.30847692039077457,0.3348809743952299,True
CLASSIC,2000,CD,tran,lai,13548,0.47420217875322535,0.4769925725362208,0.003948055273566306,0.4708673062144563,0.4846357940258579,True
CLASSIC,2000,CD,evspsblveg,precipitation,13548,0.3458455863445824,0.34791844152698664,0.006882620097854536,0.3361261512446564,0.36063231841523147,True
CLASSIC,2000,CD,evspsblveg,lai,13548,0.5201081071773022,0.5202994340041386,0.004373494793965503,0.5126240847116597,0.5271992956538829,True
CLASSIC,2000,CD,evspsblsoi,precipitation,13548,0.2961650353680443,0.29739017738314316,0.006702229701773472,0.28373063950117194,0.31035418195173664,True
CLASSIC,2000,CD,evspsblsoi,lai,13548,0.3301994908442058,0.33152486787215324,0.006103516712980138,0.32061728042644877,0.3432310827277191,True
CLASSIC,2001,HW,evapotrans,precipitation,13234,0.28628763311614847,0.28861357973991053,0.007665195088361406,0.27207368863413267,0.302707679401698,True
CLASSIC,2001,HW,evapotrans,lai,13234,0.34405573221178043,0.3457190282173924,0.007606649093786937,0.33195243466090213,0.3615519783972254,True
CLASSIC,2001,HW,tran,precipitation,13234,0.23757018129737748,0.24122153940455335,0.008096434931126748,0.2251725772966253,0.2560298579734312,True
CLASSIC,2001,HW,tran,lai,13234,0.41657174178925516,0.41417792582481,0.005917059672345794,0.4026539727774642,0.42487956184629494,True
CLASSIC,2001,HW,evspsblveg,precipitation,13234,0.35539554259733885,0.3587206908659139,0.007557181077815154,0.3443184218544779,0.3732066135076704,True
CLASSIC,2001,HW,evspsblveg,lai,13234,0.38549412510961767,0.38959391619767175,0.005846393192962698,0.3791534706745608,0.40257560320675045,True
CLASSIC,2001,HW,evspsblsoi,precipitation,13234,0.23397774302910423,0.2395709933476033,0.008069819329394578,0.22361904261782592,0.2559482712583973,True
CLASSIC,2001,HW,evspsblsoi,lai,13234,0.3782886015555114,0.38083139672418925,0.006211623706518289,0.36966325555103263,0.3943836208940227,True
CLASSIC,2001,HD,evapotrans,precipitation,11827,0.5139336806426078,0.5154135875759706,0.00562585288249964,0.5042654750796065,0.526274056834503,True
CLASSIC,2001,HD,evapotrans,lai,11827,0.5115928922850965,0.5136650774974558,0.006126613789085222,0.5013192859402507,0.5257163497700921,True
CLASSIC,2001,HD,tran,precipitation,11827,0.47987402690571823,0.48060293717336483,0.006698046649123333,0.4672408261162028,0.4925056254527855,True
CLASSIC,2001,HD,tran,lai,11827,0.6311758763573612,0.6326391243558034,0.003992653114575483,0.6253286514376187,0.6410157097772236,True
CLASSIC,2001,HD,evspsblveg,precipitation,11827,0.5037695753286617,0.5054179133364767,0.0064159259249243015,0.4928501720703347,0.5179044362654158,True
CLASSIC,2001,HD,evspsblveg,lai,11827,0.6066461967132764,0.6051918728816434,0.005703189793590603,0.5934377798240726,0.614267063338898,True
CLASSIC,2001,HD,evspsblsoi,precipitation,11827,0.43931716796449427,0.4395892293765769,0.005406907495229122,0.42897756161599776,0.4503058098581362,True
CLASSIC,2001,HD,evspsblsoi,lai,11827,0.3959030088681278,0.3973395816435597,0.00883382671151323,0.3808782519350623,0.4140013249867355,True
CLASSIC,2001,CW,evapotrans,precipitation,22313,0.22674829646836547,0.2284669726569497,0.006281168014276317,0.2170732179442324,0.24124253173253676,True
CLASSIC,2001,CW,evapotrans,lai,22313,0.2474172364921121,0.24876665679291443,0.005498199752092829,0.2385991714433719,0.2605135358759838,True
CLASSIC,2001,CW,tran,precipitation,22313,0.2765676720757718,0.2765395340426761,0.005506213095384976,0.2668437613216436,0.2869248442557177,True
CLASSIC,2001,CW,tran,lai,22313,0.4511650320810623,0.4523339268122511,0.003656726264419478,0.44546857086697056,0.4599207330840861,True
CLASSIC,2001,CW,evspsblveg,precipitation,22313,0.2737466911358695,0.2763543118146563,0.005354909149009526,0.26476263001701106,0.2864299817138912,True
CLASSIC,2001,CW,evspsblveg,lai,22313,0.48816982893816463,0.48988324857373317,0.005125189244947273,0.4790711317187977,0.49950953432513434,True
CLASSIC,2001,CW,evspsblsoi,precipitation,22313,0.11644739113466102,0.11776762239150973,0.0057064644747643915,0.10752628518909255,0.12895921775613478,True
CLASSIC,2001,CW,evspsblsoi,lai,22313,0.1742307494592791,0.17724827795435613,0.0052873183642336554,0.16824050349896705,0.1878390617375456,True
CLASSIC,2001,CD,evapotrans,precipitation,13167,0.24772669604344144,0.2636823794806232,0.02264744499984831,0.23692739660607687,0.3090182350147067,True
CLASSIC,2001,CD,evapotrans,lai,13167,0.37432313860085414,0.37795499651929093,0.006814680336051457,0.3665818361535425,0.3945816745757024,True
CLASSIC,2001,CD,tran,precipitation,13167,0.280402405116276,0.2956005960862169,0.025263602523283347,0.2681510541561797,0.3462564595034076,True
CLASSIC,2001,CD,tran,lai,13167,0.49507593936485306,0.4993037892025465,0.006051089328336701,0.48907370279132734,0.5154370254761457,True
CLASSIC,2001,CD,evspsblveg,precipitation,13167,0.30030133366624623,0.3110544752927337,0.018209080834408954,0.28767247028791354,0.355910397693163,True
CLASSIC,2001,CD,evspsblveg,lai,13167,0.5534039806156268,0.5549712189616878,0.005839818492875008,0.5433768792749051,0.5647067456041399,True
CLASSIC,2001,CD,evspsblsoi,precipitation,13167,0.23305593914821154,0.2421695857911743,0.01149644785865341,0.22298890256998669,0.26640165803378735,True
CLASSIC,2001,CD,evspsblsoi,lai,13167,0.3539716473647045,0.35637218994291703,0.006418340362889328,0.34454806422891526,0.36905301575683064,True
CLASSIC,2002,HW,evapotrans,precipitation,13266,0.22041338733290122,0.22558113167016475,0.006333178540495733,0.21392819017425094,0.2397733131194575,True
CLASSIC,2002,HW,evapotrans,lai,13266,0.38197209781225294,0.38234715576980144,0.007502693167456218,0.36834962445986297,0.395211595247823,True
CLASSIC,2002,HW,tran,precipitation,13266,0.18210347707576535,0.18808909496939932,0.007914265684536096,0.17394267598040886,0.20367302867090004,True
CLASSIC,2002,HW,tran,lai,13266,0.42601755455049606,0.42722170303799617,0.00505777095622304,0.41803923976701024,0.43658146454708213,True
CLASSIC,2002,HW,evspsblveg,precipitation,13266,0.33041073870858195,0.3340196333335992,0.00711045358943593,0.3229641939367779,0.34878556622201873,True
CLASSIC,2002,HW,evspsblveg,lai,13266,0.45460667334073257,0.4543424492886318,0.005012601668595235,0.44459519195212155,0.46549341617406365,True
CLASSIC,2002,HW,evspsblsoi,precipitation,13266,0.2163166992867288,0.2221418863040863,0.00845939549062143,0.20440891694025964,0.23699699289905407,True
CLASSIC,2002,HW,evspsblsoi,lai,13266,0.3831129836347994,0.3859861886263218,0.006260504882547395,0.37329368660908246,0.39734356637909113,True
CLASSIC,2002,HD,evapotrans,precipitation,11825,0.4997081141391595,0.5025748513472023,0.005492000128560179,0.49192414476976754,0.5129117218906047,True
CLASSIC,2002,HD,evapotrans,lai,11825,0.46979961005005727,0.4738808848921128,0.007330263109691168,0.45750127387359046,0.48773890816223475,True
CLASSIC,2002,HD,tran,precipitation,11825,0.4478352674449766,0.4481385469020191,0.005451518730921917,0.43716850371142185,0.45781448398727376,True
CLASSIC,2002,HD,tran,lai,11825,0.6227562777115551,0.6235788046615991,0.004152246807382998,0.6148212747174622,0.6314664837101011,True
CLASSIC,2002,HD,evspsblveg,precipitation,11825,0.47842352520485154,0.4805340742539845,0.005425116845035145,0.47139605142970287,0.4908411684713451,True
CLASSIC,2002,HD,evspsblveg,lai,11825,0.5458074662368044,0.5484024377368603,0.007387218258828762,0.5343051827957979,0.5640059611283895,True
CLASSIC,2002,HD,evspsblsoi,precipitation,11825,0.4465915296923352,0.4484960324905413,0.005977937764655776,0.436342809831172,0.46015132053758867,True
CLASSIC,2002,HD,evspsblsoi,lai,11825,0.3909554488445365,0.3937700624225065,0.007017140095387815,0.37828792955453144,0.40648972764142166,True
CLASSIC,2002,CW,evapotrans,precipitation,22365,0.20923672045997993,0.21112646538812993,0.005192006808859507,0.20212377159373407,0.22202333542728772,True
CLASSIC,2002,CW,evapotrans,lai,22365,0.29581460597311765,0.29529320260902714,0.004381070779268881,0.2878210604524133,0.3037486960882268,True
CLASSIC,2002,CW,tran,precipitation,22365,0.20963428987265828,0.21195292188403633,0.005584479702701285,0.20255555943993514,0.2228488397141619,True
CLASSIC,2002,CW,tran,lai,22365,0.3877918738843621,0.3882943450499255,0.003932202000749535,0.38037164083153446,0.39645070777414515,True
CLASSIC,2002,CW,evspsblveg,precipitation,22365,0.2966232001855668,0.2984685533596492,0.006124480294927129,0.2868539629239205,0.3121465305132698,True
CLASSIC,2002,CW,evspsblveg,lai,22365,0.5559585183886109,0.5564350046069004,0.003198907792529388,0.5496636183366079,0.5627794626327842,True
CLASSIC,2002,CW,evspsblsoi,precipitation,22365,0.1024666788348382,0.1034003106240682,0.005838360771264319,0.09018443386603121,0.11378504195744711,True
CLASSIC,2002,CW,evspsblsoi,lai,22365,0.12461854619991872,0.12820243286758226,0.0038499925947074838,0.12109622990167543,0.13612072559982685,True
CLASSIC,2002,CD,evapotrans,precipitation,13613,0.25044592596193516,0.25330930736011253,0.006587303943058633,0.24048406850941056,0.2656174976625663,True
CLASSIC,2002,CD,evapotrans,lai,13613,0.3798374106783976,0.38129391574608945,0.005613496628212363,0.3696047219818314,0.3922394373744731,True
CLASSIC,2002,CD,tran,precipitation,13613,0.24266433110263277,0.2431745289953912,0.0068162122927825156,0.2293709748478523,0.2561201926507694,True
CLASSIC,2002,CD,tran,lai,13613,0.48562043035644764,0.486802241666235,0.00447704128685226,0.47828046212022657,0.4951693588655965,True
CLASSIC,2002,CD,evspsblveg,precipitation,13613,0.28144940065824026,0.2820685683742273,0.006878044596159767,0.2686999113682805,0.29422748123539083,True
CLASSIC,2002,CD,evspsblveg,lai,13613,0.5130346349032209,0.5150907275943062,0.003144400803172972,0.5086633401794957,0.5208361780783394,True
CLASSIC,2002,CD,evspsblsoi,precipitation,13613,0.24707990442663913,0.24996749570597082,0.007299227538378729,0.23528506654606357,0.2642666300092384,True
CLASSIC,2002,CD,evspsblsoi,lai,13613,0.3473315556676304,0.3497051572623576,0.005822875820745532,0.33915734868981734,0.36076558371098855,True
CLASSIC,2003,HW,evapotrans,precipitation,13254,0.26058236356976694,0.2631505656263247,0.007476282983717192,0.24747764537506417,0.27626932839902285,True
CLASSIC,2003,HW,evapotrans,lai,13254,0.3729717479379667,0.37277495018280205,0.007536256632919062,0.3560075326211104,0.3852424561110534,True
CLASSIC,2003,HW,tran,precipitation,13254,0.20533860033292833,0.2069413866152836,0.007985353512734644,0.18923060252018725,0.2211405901154589,True
CLASSIC,2003,HW,tran,lai,13254,0.4216088992546718,0.4197553958067802,0.0057587744881538745,0.40837512796493164,0.43117001839026053,True
CLASSIC,2003,HW,evspsblveg,precipitation,13254,0.29992368175836903,0.30347631136102243,0.008628899409154848,0.2875780502929282,0.32152179180006096,True
CLASSIC,2003,HW,evspsblveg,lai,13254,0.43595721903818285,0.43665847930668883,0.005803928152637745,0.4253455859698942,0.4478792727873325,True
CLASSIC,2003,HW,evspsblsoi,precipitation,13254,0.2013485899197472,0.20441847908196692,0.008783343972382125,0.18679731279581885,0.2224031727324582,True
CLASSIC,2003,HW,evspsblsoi,lai,13254,0.40160666342093954,0.40492017497270055,0.006482503284715337,0.39215782942594496,0.4164134224669216,True
CLASSIC,2003,HD,evapotrans,precipitation,11832,0.5399873252087911,0.5414995339412986,0.0038335150113135586,0.5335256132438928,0.548052047330105,True
CLASSIC,2003,HD,evapotrans,lai,11832,0.4796163619497993,0.47902221095195047,0.009749127875658866,0.46059559952921986,0.4970739216391127,True
CLASSIC,2003,HD,tran,precipitation,11832,0.47411172343640356,0.47689100678722696,0.005715584119240744,0.4662415364040184,0.4887931543351691,True
CLASSIC,2003,HD,tran,lai,11832,0.6206012807081617,0.6214719219024198,0.004772515012806469,0.6107874822036548,0.6289717672807453,True
CLASSIC,2003,HD,evspsblveg,precipitation,11832,0.5007867738988039,0.5037230886132744,0.004103134640275666,0.49594812820117673,0.5110761171073033,True
CLASSIC,2003,HD,evspsblveg,lai,11832,0.6145993186093046,0.6134384364094123,0.005228590987845507,0.6023814321976214,0.6226351972129395,True
CLASSIC,2003,HD,evspsblsoi,precipitation,11832,0.449173842368471,0.4511246413266899,0.006579031277456543,0.4390533608508837,0.4637001024679118,True
CLASSIC,2003,HD,evspsblsoi,lai,11832,0.36907527456462547,0.37376589889625295,0.007259165540515224,0.35873868448824076,0.3868984391645396,True
CLASSIC,2003,CW,evapotrans,precipitation,22432,0.2021210507998255,0.2049031601688465,0.006790120221825886,0.19236797794595575,0.21976816870229998,True
CLASSIC,2003,CW,evapotrans,lai,22432,0.321294667814211,0.3210740301497137,0.004737753232965702,0.31207451184822865,0.329942850508034,True
CLASSIC,2003,CW,tran,precipitation,22432,0.1965185843819495,0.19908603623462284,0.006122728473606507,0.18752437743490166,0.21085204705223587,True
CLASSIC,2003,CW,tran,lai,22432,0.394274311091791,0.39615279553861105,0.0037614152465852415,0.3890081755457049,0.40465702340525733,True
CLASSIC,2003,CW,evspsblveg,precipitation,22432,0.2558778091721309,0.2576893864981302,0.005614146278352691,0.24620074355341603,0.2685197451809784,True
CLASSIC,2003,CW,evspsblveg,lai,22432,0.5509498205862207,0.5522682687409786,0.003126366993498003,0.5467268642428251,0.5589727097578095,True
CLASSIC,2003,CW,evspsblsoi,precipitation,22432,0.09102864869315752,0.09265364176016418,0.005970624787587912,0.0795582774444678,0.10336522292538133,True
CLASSIC,2003,CW,evspsblsoi,lai,22432,0.10970270609021399,0.11469614034825096,0.004153828801703708,0.1070337880069958,0.12278951862382424,True
CLASSIC,2003,CD,evapotrans,precipitation,13321,0.268460600830543,0.26947411206546923,0.0077587927396590385,0.255949137524282,0.2872411816826092,True
CLASSIC,2003,CD,evapotrans,lai,13321,0.37875843150409627,0.3914205835357612,0.017286898611798437,0.3734969266800441,0.42701874624914804,True
CLASSIC,2003,CD,tran,precipitation,13321,0.247415599294212,0.24941296040446154,0.007162329983338885,0.23643038310355316,0.26382830220992437,True
CLASSIC,2003,CD,tran,lai,13321,0.5032982366797396,0.5182402877282108,0.0228823031583176,0.49597009299180034,0.562372925614279,True
CLASSIC,2003,CD,evspsblveg,precipitation,13321,0.2688489668258454,0.269617013771356,0.006800111790196364,0.2581012218188975,0.2833267141163167,True
CLASSIC,2003,CD,evspsblveg,lai,13321,0.5188404003432905,0.5348857592882876,0.021633973283420403,0.5153006349780977,0.5728104150211295,True
CLASSIC,2003,CD,evspsblsoi,precipitation,13321,0.260500535067009,0.2618804649694011,0.007402850521943654,0.24790749316398997,0.27595057943578,True
CLASSIC,2003,CD,evspsblsoi,lai,13321,0.33719577433450265,0.3596838973416366,0.026041388895559056,0.3338683730510933,0.4099694979540798,True
CLASSIC,2004,HW,evapotrans,precipitation,13259,0.3003286579317619,0.30405975607180485,0.007631369457503516,0.2869831112261336,0.31867178405179114,True
CLASSIC,2004,HW,evapotrans,lai,13259,0.3825455875783511,0.38420921008741915,0.006385025856895674,0.3725397921188926,0.39625920741307247,True
CLASSIC,2004,HW,tran,precipitation,13259,0.2342510161571576,0.23752527097737502,0.007844724940919626,0.22378718954659288,0.25223688029911756,True
CLASSIC,2004,HW,tran,lai,13259,0.4242849872200413,0.42571302932990124,0.0060725635755839395,0.4140674995459029,0.43692524651635584,True
CLASSIC,2004,HW,evspsblveg,precipitation,13259,0.3574035390089813,0.3602285631358868,0.007606850733709589,0.345558165299783,0.3749152449578679,True
CLASSIC,2004,HW,evspsblveg,lai,13259,0.43393835224134736,0.4366484698324047,0.0054399731917242795,0.425263363019108,0.44566801134525635,True
CLASSIC,2004,HW,evspsblsoi,precipitation,13259,0.22069571249968728,0.22311593697873533,0.008241883033112548,0.20600389949971834,0.23845594406977247,True
CLASSIC,2004,HW,evspsblsoi,lai,13259,0.39665058037927964,0.398475850045825,0.00625736787631983,0.38560263270902,0.41064936830331733,True
CLASSIC,2004,HD,evapotrans,precipitation,11828,0.5237279921763935,0.5231094325268176,0.004572228906038774,0.5134484911774675,0.5307702707460439,True
CLASSIC,2004,HD,evapotrans,lai,11828,0.5079598219735053,0.5094752906754135,0.007218602257285766,0.49527638473230423,0.5216754103834305,True
CLASSIC,2004,HD,tran,precipitation,11828,0.43751015298443496,0.4406646703460276,0.006152043790736754,0.42840404226012513,0.45305947864383816,True
CLASSIC,2004,HD,tran,lai,11828,0.6252169372730753,0.6268837044066171,0.004292221038635107,0.6190178695698906,0.6346115219776756,True
CLASSIC,2004,HD,evspsblveg,precipitation,11828,0.49454377351308687,0.4972149385971102,0.004553527971069785,0.4893741577052084,0.5062282358686887,True
CLASSIC,2004,HD,evspsblveg,lai,11828,0.6143110420964796,0.6155657693831172,0.005276775020978158,0.6052033053507716,0.6247711129689109,True
CLASSIC,2004,HD,evspsblsoi,precipitation,11828,0.4176336949645396,0.4206528537369438,0.006821543204873272,0.4062963538058829,0.43318608018694815,True
CLASSIC,2004,HD,evspsblsoi,lai,11828,0.32054023991668695,0.3265808565494105,0.008396109144939694,0.31163056965276603,0.3428570039886844,True
CLASSIC,2004,CW,evapotrans,precipitation,22319,0.28733403111403544,0.2870445911534063,0.006601224959381735,0.2751098433765529,0.29988742617172676,True
CLASSIC,2004,CW,evapotrans,lai,22319,0.29049793592453255,0.2906778832835483,0.004627249902344724,0.28198927089862363,0.29963425729045134,True
CLASSIC,2004,CW,tran,precipitation,22319,0.2483327132305669,0.24885665067684942,0.005822547150759121,0.23756485990798598,0.2600152656883571,True
CLASSIC,2004,CW,tran,lai,22319,0.41319217107882267,0.4132458046702223,0.003574048260090048,0.40640079152909453,0.4198091183161733,True
CLASSIC,2004,CW,evspsblveg,precipitation,22319,0.32856875475397934,0.32891905802354005,0.005522903257064017,0.3179952891172175,0.33907890480893016,True
CLASSIC,2004,CW,evspsblveg,lai,22319,0.5410429013099565,0.5417557747691335,0.0028489407308097004,0.5362786204440916,0.5470296793593592,True
CLASSIC,2004,CW,evspsblsoi,precipitation,22319,0.08781468663323173,0.09165116845610907,0.004865028783173623,0.08267953954694114,0.10002329196160252,True
CLASSIC,2004,CW,evspsblsoi,lai,22319,0.14886849223245668,0.15244285205462788,0.004743884778540043,0.14363744422790087,0.16189974726537193,True
CLASSIC,2004,CD,evapotrans,precipitation,13146,0.29813385327423986,0.3023854946876554,0.008923049519451314,0.28652545937054436,0.3254107466360466,True
CLASSIC,2004,CD,evapotrans,lai,13146,0.3714005734948652,0.3751635834120562,0.009434446100593633,0.3601130394111533,0.3940074682776525,True
CLASSIC,2004,CD,tran,precipitation,13146,0.2786903190310955,0.28406511047802946,0.013762104963233164,0.26698609092038694,0.32477284571635734,True
CLASSIC,2004,CD,tran,lai,13146,0.4892570077266199,0.49457790581562155,0.00804258139390009,0.4823563408731412,0.5139777977542649,True
CLASSIC,2004,CD,evspsblveg,precipitation,13146,0.3093283615946117,0.3110935573451085,0.009136584508368103,0.294658113706237,0.33435156293837165,True
CLASSIC,2004,CD,evspsblveg,lai,13146,0.5451968792716373,0.5472133290034888,0.005540482058929924,0.5365185358342499,0.556840482669491,True
CLASSIC,2004,CD,evspsblsoi,precipitation,13146,0.2781673344398899,0.2847127362838623,0.010630741005968083,0.2670472884525017,0.3124009692128156,True
CLASSIC,2004,CD,evspsblsoi,lai,13146,0.34555755513250136,0.3498219375129047,0.009781496380772248,0.3312350877741006,0.36790394097718904,True
CLASSIC,2005,HW,evapotrans,precipitation,13259,0.3071741883436769,0.3119952036159902,0.007687570143470749,0.2974359969997973,0.326355496729748,True
CLASSIC,2005,HW,evapotrans,lai,13259,0.3693434790358967,0.37192387036392915,0.006602477015643095,0.3572212991717865,0.38306919181320387,True
CLASSIC,2005,HW,tran,precipitation,13259,0.24417646785593622,0.2484532240655385,0.007669925366856456,0.23488969090959602,0.26366039537503955,True
CLASSIC,2005,HW,tran,lai,13259,0.4095791901843729,0.41185819643959126,0.005735993033147618,0.39982755889450805,0.4222191061581521,True
CLASSIC,2005,HW,evspsblveg,precipitation,13259,0.3650692756401065,0.36902023298760545,0.0063525518537038105,0.35791071417986,0.38163687204084473,True
CLASSIC,2005,HW,evspsblveg,lai,13259,0.46761561087679193,0.47020524877977043,0.0054401091818425664,0.45826426609425364,0.48046200730569305,True
CLASSIC,2005,HW,evspsblsoi,precipitation,13259,0.22123133897415082,0.22599869032082012,0.006799286191286948,0.21152309656935586,0.23871744826731492,True
CLASSIC,2005,HW,evspsblsoi,lai,13259,0.38868931282852126,0.39381403452237096,0.005580934000842399,0.3842558338279392,0.4071102874771193,True
CLASSIC,2005,HD,evapotrans,precipitation,11828,0.5041655250309274,0.5049861030198359,0.005240900580442154,0.4960432263317447,0.5156629309948387,True
CLASSIC,2005,HD,evapotrans,lai,11828,0.5164160518859929,0.513669557464938,0.009438775903846832,0.49339392599427057,0.5284705674146165,True
CLASSIC,2005,HD,tran,precipitation,11828,0.4604096842487879,0.46169204176790307,0.007018364722873534,0.44864055583695656,0.4744504033061165,True
CLASSIC,2005,HD,tran,lai,11828,0.6188747648387096,0.6189090227445514,0.004250606543193334,0.6098266716825435,0.6262947858971522,True
CLASSIC,2005,HD,evspsblveg,precipitation,11828,0.48590741491489453,0.4890018278985373,0.005873323377549003,0.4794914568857076,0.5025185948022206,True
CLASSIC,2005,HD,evspsblveg,lai,11828,0.5752580449388545,0.5776274566811609,0.0074518540800657595,0.5634158307746876,0.5901925449845979,True
CLASSIC,2005,HD,evspsblsoi,precipitation,11828,0.4230083150116448,0.4247881214968249,0.006727313084410192,0.41199374811979744,0.43825808224804164,True
CLASSIC,2005,HD,evspsblsoi,lai,11828,0.37203981211681325,0.3763201345750109,0.013042494973349273,0.3516612764073158,0.3991273856827653,True
CLASSIC,2005,CW,evapotrans,precipitation,22361,0.2630202572852002,0.2636923471928585,0.006064770278382255,0.2521615254321748,0.27679684628475726,True
CLASSIC,2005,CW,evapotrans,lai,22361,0.30796288204314326,0.30875052532321523,0.005126778103001296,0.2994528797037585,0.31832482426949876,True
CLASSIC,2005,CW,tran,precipitation,22361,0.2254094254560446,0.22839366941681646,0.005807423837760798,0.21638456526055797,0.2392979809100802,True
CLASSIC,2005,CW,tran,lai,22361,0.42424180180817306,0.42511087467489955,0.003517361323022509,0.41820419163473427,0.43187182590175693,True
CLASSIC,2005,CW,evspsblveg,precipitation,22361,0.3195668553240716,0.3225978400869521,0.005550887530661773,0.31217477958544393,0.3337367024293088,True
CLASSIC,2005,CW,evspsblveg,lai,22361,0.5413643251383482,0.5435335354560714,0.003317982055349208,0.5372616083000545,0.5499934418641045,True
CLASSIC,2005,CW,evspsblsoi,precipitation,22361,0.1298632924612506,0.1285333547567783,0.005853990340911009,0.11689933176611776,0.13952592355928453,True
CLASSIC,2005,CW,evspsblsoi,lai,22361,0.14688791928451905,0.14808794903006356,0.004643308163035206,0.13853887977029378,0.15575792791145535,True
CLASSIC,2005,CD,evapotrans,precipitation,13277,0.22346533688941433,0.2303407000227878,0.0052664060016259515,0.22127275899507268,0.24156711812957313,True
CLASSIC,2005,CD,evapotrans,lai,13277,0.37584256430487795,0.3924013249492831,0.01883066264164932,0.3667629706046536,0.4244738733432324,True
CLASSIC,2005,CD,tran,precipitation,13277,0.274995666933759,0.27730575061856394,0.006409415748548706,0.26549459151319565,0.2895032418377865,True
CLASSIC,2005,CD,tran,lai,13277,0.488857159361587,0.5138075330873018,0.029630485477060906,0.4826149392012471,0.5622471412823673,True
CLASSIC,2005,CD,evspsblveg,precipitation,13277,0.2868439192951201,0.2907808698580441,0.005595408574795478,0.27993737253536904,0.3014889146500739,True
CLASSIC,2005,CD,evspsblveg,lai,13277,0.5266927871163252,0.5497363933863644,0.026105753566127442,0.52382483391483,0.5878987892553651,True
CLASSIC,2005,CD,evspsblsoi,precipitation,13277,0.22201812824847633,0.2259457628581046,0.006157676577941894,0.2141943606812539,0.23642033488137895,True
CLASSIC,2005,CD,evspsblsoi,lai,13277,0.33894858354265334,0.3594251339148017,0.021637270156525338,0.3318912355959949,0.39695361651601285,True
CLASSIC,2006,HW,evapotrans,precipitation,13256,0.3148333826761253,0.3157496298451242,0.0067457270073186856,0.3024452226850282,0.3300866979376335,True
CLASSIC,2006,HW,evapotrans,lai,13256,0.35053231512343863,0.3544066726041072,0.0076786244374115265,0.3387241893952153,0.3701917832193246,True
CLASSIC,2006,HW,tran,precipitation,13256,0.22965925006547408,0.23306958948485884,0.008093253862175952,0.21729551230282365,0.2493383247828498,True
CLASSIC,2006,HW,tran,lai,13256,0.4204510595845041,0.41699561409430835,0.005983549659192373,0.4067316675523208,0.4285396603735886,True
CLASSIC,2006,HW,evspsblveg,precipitation,13256,0.3831690597920771,0.3833626025174699,0.006408782322323399,0.37124851648965196,0.39468168218366356,True
CLASSIC,2006,HW,evspsblveg,lai,13256,0.38382686825112156,0.38790330330442985,0.0055026283345112675,0.3776897765582688,0.3987655999831879,True
CLASSIC,2006,HW,evspsblsoi,precipitation,13256,0.23564980051720794,0.23992450936377527,0.007234895983581936,0.22579768321885266,0.25295106542940365,True
CLASSIC,2006,HW,evspsblsoi,lai,13256,0.38781235691899896,0.392512145509548,0.005807572514984668,0.38168264191627005,0.4041393283116741,True
CLASSIC,2006,HD,evapotrans,precipitation,11829,0.4838959898006688,0.48511035087143706,0.0069331139251791515,0.4716450769502624,0.49937070639705333,True
CLASSIC,2006,HD,evapotrans,lai,11829,0.5099376455431003,0.5096773461504762,0.005991101598518133,0.49857462095178173,0.5218584753846853,True
CLASSIC,2006,HD,tran,precipitation,11829,0.4747296226993183,0.4758931514736658,0.005417149661938886,0.46572552648277293,0.4855594107877436,True
CLASSIC,2006,HD,tran,lai,11829,0.622032389273264,0.6249653309116873,0.004461922734680905,0.6162185415760876,0.632616130593559,True
CLASSIC,2006,HD,evspsblveg,precipitation,11829,0.4987125967939019,0.49865115379419295,0.004209670303821934,0.491604759254806,0.5077815539448882,True
CLASSIC,2006,HD,evspsblveg,lai,11829,0.6252451191096112,0.6235070496287622,0.004037395180699425,0.6150484690995411,0.6303451899306104,True
CLASSIC,2006,HD,evspsblsoi,precipitation,11829,0.3995424872051415,0.40239878065835827,0.006257954496691119,0.3898837924608693,0.41430144253590934,True
CLASSIC,2006,HD,evspsblsoi,lai,11829,0.3986882103505526,0.3948347659551129,0.008523364400143684,0.3779238196125454,0.40960378162518496,True
CLASSIC,2006,CW,evapotrans,precipitation,22439,0.27449820514037593,0.27664387065595564,0.005879103750858946,0.2650834662569814,0.2886265626827569,True
CLASSIC,2006,CW,evapotrans,lai,22439,0.2981236752061184,0.2991187549193112,0.004578246516156029,0.29030216354517085,0.3090315183975301,True
CLASSIC,2006,CW,tran,precipitation,22439,0.22771585688545815,0.23219905231224863,0.005063495792812348,0.22333064644426906,0.24218445395475088,True
CLASSIC,2006,CW,tran,lai,22439,0.4184480062763146,0.4199797782424335,0.003673002731561297,0.4129507485002526,0.42766636599458846,True
CLASSIC,2006,CW,evspsblveg,precipitation,22439,0.30820226201209255,0.3099314363406775,0.005928247772996534,0.29734588964933767,0.32170543368117765,True
CLASSIC,2006,CW,evspsblveg,lai,22439,0.549157563555749,0.550882039383996,0.003193447385657682,0.545152994438531,0.5565141446569805,True
CLASSIC,2006,CW,evspsblsoi,precipitation,22439,0.11561882510591752,0.11928742988205024,0.0046754041655734735,0.10975573226333595,0.12793336212907183,True
CLASSIC,2006,CW,evspsblsoi,lai,22439,0.16166465249141682,0.1635128856433861,0.004103419555074741,0.15534022599665376,0.17056693297941755,True
CLASSIC,2006,CD,evapotrans,precipitation,13372,0.26070416438500815,0.2603964737546477,0.008837313353786224,0.2431425006209897,0.2785029429625706,True
CLASSIC,2006,CD,evapotrans,lai,13372,0.36264847835070363,0.3651810868842988,0.009406887280102087,0.3519515687986895,0.3921051122181125,True
CLASSIC,2006,CD,tran,precipitation,13372,0.2743434089295137,0.27802667662147235,0.008275236143997711,0.2618597507865286,0.2948381735742665,True
CLASSIC,2006,CD,tran,lai,13372,0.4831244346518507,0.4898958113740754,0.015902053316972264,0.47475782083258716,0.5379378057542221,True
CLASSIC,2006,CD,evspsblveg,precipitation,13372,0.2983004205949193,0.3005554031277692,0.007556423526786572,0.28722765638398107,0.31548860233711157,True
CLASSIC,2006,CD,evspsblveg,lai,13372,0.5174202180915435,0.5247965548576624,0.019237181846324943,0.5116929749556504,0.5792113846636731,True
CLASSIC,2006,CD,evspsblsoi,precipitation,13372,0.21975576071439967,0.22195816477431035,0.006745998686965699,0.20936392374816984,0.23481368390234808,True
CLASSIC,2006,CD,evspsblsoi,lai,13372,0.31934501948836036,0.32689689013190387,0.013291700369177234,0.3130867811750688,0.3687695456479001,True
CLASSIC,2007,HW,evapotrans,precipitation,13254,0.2995410427895032,0.30304409858646963,0.007813056826443189,0.2881861182102856,0.31653655698317584,True
CLASSIC,2007,HW,evapotrans,lai,13254,0.35852305178073685,0.36072139332707764,0.007311318264990258,0.3472865483398061,0.373739758539024,True
CLASSIC,2007,HW,tran,precipitation,13254,0.23531214499859068,0.23751780096211783,0.008766938151994749,0.21966344912982,0.25407491415428385,True
CLASSIC,2007,HW,tran,lai,13254,0.39921274793421785,0.400019698305362,0.005936394552830013,0.388450057113925,0.411577112242742,True
CLASSIC,2007,HW,evspsblveg,precipitation,13254,0.34977348240901285,0.3506976534200211,0.007426847500706267,0.3361186111492465,0.3647502348178129,True
CLASSIC,2007,HW,evspsblveg,lai,13254,0.45125592558743394,0.4531423910478393,0.005951788571919732,0.4424822458600288,0.4640277858446435,True
CLASSIC,2007,HW,evspsblsoi,precipitation,13254,0.2540661802404577,0.25360830561618786,0.007924816818983956,0.23774662071147643,0.2693233358156199,True
CLASSIC,2007,HW,evspsblsoi,lai,13254,0.4071285564201338,0.40897088182760943,0.006179043094382053,0.3967700118078494,0.4204818703722547,True
CLASSIC,2007,HD,evapotrans,precipitation,11829,0.5307343508049726,0.5320603904172063,0.005158911686160432,0.5221734053162318,0.5418759625961866,True
CLASSIC,2007,HD,evapotrans,lai,11829,0.5208439050496054,0.5218249920188062,0.007241205283482122,0.5068608739945061,0.5356895120081919,True
CLASSIC,2007,HD,tran,precipitation,11829,0.4505920411224845,0.4530582102123853,0.00513110867620849,0.44386300800179035,0.46263925711655973,True
CLASSIC,2007,HD,tran,lai,11829,0.6151853829725034,0.6161309672821123,0.004314316782614195,0.6073785569633083,0.6247220580418846,True
CLASSIC,2007,HD,evspsblveg,precipitation,11829,0.49518490704428786,0.4982413422215397,0.004349093802069541,0.49027143616256313,0.5064379540229358,True
CLASSIC,2007,HD,evspsblveg,lai,11829,0.6223710414974388,0.6208967622385692,0.004104696643143316,0.6132514796759735,0.6284087171862486,True
CLASSIC,2007,HD,evspsblsoi,precipitation,11829,0.4713509794081011,0.47473814306555157,0.006476004713929077,0.46212912409788004,0.48726105890927085,True
CLASSIC,2007,HD,evspsblsoi,lai,11829,0.33985240651387083,0.3411410573158344,0.008192376566504886,0.32513408827678086,0.35651137865041765,True
CLASSIC,2007,CW,evapotrans,precipitation,22403,0.22503511406203647,0.22677542749785518,0.006269485518590792,0.21515399790466977,0.24044779031731978,True
CLASSIC,2007,CW,evapotrans,lai,22403,0.2921304385254526,0.2931633299203973,0.00489520737510593,0.28276804204334527,0.30357046235237944,True
CLASSIC,2007,CW,tran,precipitation,22403,0.24670922460033892,0.2508555933517045,0.005747861975509696,0.24025999388472766,0.26157668728639577,True
CLASSIC,2007,CW,tran,lai,22403,0.3971054478513719,0.3977037624505067,0.0036380319403340293,0.39072863624776166,0.4047607724422451,True
CLASSIC,2007,CW,evspsblveg,precipitation,22403,0.30858417835879304,0.3108623091502971,0.005996919456374082,0.3004180904590534,0.3230461494868835,True
CLASSIC,2007,CW,evspsblveg,lai,22403,0.5531141795422807,0.553109415986949,0.002436213785976771,0.548383710411439,0.5584214167030307,True
CLASSIC,2007,CW,evspsblsoi,precipitation,22403,0.1181361717727136,0.12079732602445632,0.005084172025071372,0.11162750369506037,0.1298080431420527,True
CLASSIC,2007,CW,evspsblsoi,lai,22403,0.13656699881432988,0.14185491453156718,0.004337250967189609,0.13408233655814406,0.151006899204538,True
CLASSIC,2007,CD,evapotrans,precipitation,13097,0.2978245976838404,0.30742809974739804,0.0148112550921049,0.2827130425697128,0.33735889431363475,True
CLASSIC,2007,CD,evapotrans,lai,13097,0.3982803752665733,0.4017727753839009,0.008550552208061812,0.38521965899846733,0.4193393875490296,True
CLASSIC,2007,CD,tran,precipitation,13097,0.2803799581989528,0.3007410032940847,0.019692738567297762,0.27309017098477195,0.33666903960943007,True
CLASSIC,2007,CD,tran,lai,13097,0.5388265018849482,0.5418055277178732,0.010046347334014492,0.5245097818361212,0.5602824407059646,True
CLASSIC,2007,CD,evspsblveg,precipitation,13097,0.3195517439250251,0.3274840638490939,0.01201023289643698,0.30758683410049936,0.3506637314795828,True
CLASSIC,2007,CD,evspsblveg,lai,13097,0.5772926730577562,0.5777099102692848,0.006359603634390691,0.5645608705332553,0.5888164711411726,True
CLASSIC,2007,CD,evspsblsoi,precipitation,13097,0.2641051819029806,0.28143758426404814,0.0211676739215241,0.24875511845530537,0.3185208962697773,True
CLASSIC,2007,CD,evspsblsoi,lai,13097,0.37277998512946786,0.3788741036286217,0.009636569709678192,0.3598065177190841,0.39679835478601516,True
CLASSIC,2008,HW,evapotrans,precipitation,13243,0.33224069339733153,0.3338484190115551,0.007604338769703147,0.31832234300235857,0.3473893174924686,True
CLASSIC,2008,HW,evapotrans,lai,13243,0.35562195201797314,0.35926478272083373,0.00752540502161997,0.34473549265575154,0.37241646086144875,True
CLASSIC,2008,HW,tran,precipitation,13243,0.20996634418796928,0.21093235589236486,0.008850650578138348,0.19526562748073595,0.22616310500672718,True
CLASSIC,2008,HW,tran,lai,13243,0.3975501950958581,0.39749109836197927,0.006108272955428067,0.3863212425822596,0.4098606175271456,True
CLASSIC,2008,HW,evspsblveg,precipitation,13243,0.37390540542070927,0.37479588034620176,0.006962533022214151,0.3603989241012341,0.3881238353165763,True
CLASSIC,2008,HW,evspsblveg,lai,13243,0.4337170204266838,0.4347407031625655,0.005413149933615367,0.42325281363934736,0.44543578163924685,True
CLASSIC,2008,HW,evspsblsoi,precipitation,13243,0.2056164951508736,0.20698843143892476,0.007854946301324535,0.19218730911090962,0.2214020901846322,True
CLASSIC,2008,HW,evspsblsoi,lai,13243,0.4070127226764958,0.40977298485837765,0.006260516969595761,0.3964263690411146,0.42061668370744404,True
CLASSIC,2008,HD,evapotrans,precipitation,11830,0.5147083685545223,0.5170502844394553,0.005202700669800201,0.5063768323702246,0.5268572174747678,True
CLASSIC,2008,HD,evapotrans,lai,11830,0.4665257819103973,0.4698880662020827,0.007117993269073289,0.4563630600169062,0.483081982770581,True
CLASSIC,2008,HD,tran,precipitation,11830,0.49970414201183433,0.5005899777577241,0.004564066074948338,0.49163702961737177,0.509280425002696,True
CLASSIC,2008,HD,tran,lai,11830,0.6146238377007607,0.6168846171644342,0.0049073671276350815,0.6076209776450161,0.6259594251901944,True
CLASSIC,2008,HD,evspsblveg,precipitation,11830,0.5319949281487742,0.5331124268943866,0.005232014992854058,0.5221878103266294,0.5439924808705635,True
CLASSIC,2008,HD,evspsblveg,lai,11830,0.6147083685545224,0.6168741874567548,0.00413702885573932,0.608459971356606,0.6240012701082595,True
CLASSIC,2008,HD,evspsblsoi,precipitation,11830,0.374218089602705,0.3813673795962053,0.007067772188050245,0.36797691489659773,0.39633817366656976,True
CLASSIC,2008,HD,evspsblsoi,lai,11830,0.3665257819103973,0.3646258930643657,0.00905002015337595,0.34733304441231033,0.37996830092983935,True
CLASSIC,2008,CW,evapotrans,precipitation,22360,0.20554665132589897,0.20679751960220294,0.0060577044050802945,0.19413710566251535,0.21865748297978208,True
CLASSIC,2008,CW,evapotrans,lai,22360,0.292262969588551,0.29444827493334985,0.005750770114267408,0.2828188168587627,0.30550883004255996,True
CLASSIC,2008,CW,tran,precipitation,22360,0.23780570305913368,0.23651039002673468,0.006829843161917428,0.22166392798776252,0.24923979322995984,True
CLASSIC,2008,CW,tran,lai,22360,0.42795169946332734,0.4285436408607373,0.003455270097631519,0.42121467148213215,0.4348790918982648,True
CLASSIC,2008,CW,evspsblveg,precipitation,22360,0.31979493940745596,0.31952747724752,0.006152769748912112,0.3083531469259437,0.3315396387924456,True
CLASSIC,2008,CW,evspsblveg,lai,22360,0.5383273703041145,0.5404084974957766,0.0026304892839774815,0.5349370872887781,0.5450139834809542,True
CLASSIC,2008,CW,evspsblsoi,precipitation,22360,0.13711673297062746,0.13949110259948236,0.006248728965144829,0.12738570470849267,0.15213938935234772,True
CLASSIC,2008,CW,evspsblsoi,lai,22360,0.1450134168157424,0.14726200204664283,0.004302741763201084,0.13974340339892663,0.15615883342586936,True
CLASSIC,2008,CD,evapotrans,precipitation,13131,0.24965471846388518,0.25751035899382013,0.009102257855935759,0.24027700789174083,0.27659488845839675,True
CLASSIC,2008,CD,evapotrans,lai,13131,0.3720820070618861,0.3759711320336616,0.007393127318837675,0.3642486390493576,0.39318140104593297,True
CLASSIC,2008,CD,tran,precipitation,13131,0.256988375288553,0.2614883461742236,0.008675426934587503,0.2450363938767715,0.27899552383999243,True
CLASSIC,2008,CD,tran,lai,13131,0.504671914969216,0.5081332629956777,0.007509433619728039,0.48984423181130315,0.5221390317790305,True
CLASSIC,2008,CD,evspsblveg,precipitation,13131,0.2806384778798018,0.2868576679949813,0.006512450156217804,0.2767296906659556,0.3000296820208773,True
CLASSIC,2008,CD,evspsblveg,lai,13131,0.557151866396636,0.5593841477028944,0.0077975931734409806,0.5311431874378555,0.5707843093443997,True
CLASSIC,2008,CD,evspsblsoi,precipitation,13131,0.2381822510041666,0.24475818702172528,0.006882218148928834,0.2329972919697215,0.2615458749131949,True
CLASSIC,2008,CD,evspsblsoi,lai,13131,0.3525075658301319,0.3538360991486489,0.010955321491819095,0.33471695483891034,0.37628568145614655,True
CLASSIC,2009,HW,evapotrans,precipitation,13263,0.2715245584361046,0.27597499403866815,0.00846599601020202,0.2604194145702103,0.29276457663157424,True
CLASSIC,2009,HW,evapotrans,lai,13263,0.32119361759980725,0.32765600272808876,0.005728370872051245,0.3181734289598927,0.33989976170248637,True
CLASSIC,2009,HW,tran,precipitation,13263,0.2475365484354234,0.25191924386823195,0.007584227552092047,0.23779031745027507,0.26638362512809666,True
CLASSIC,2009,HW,tran,lai,13263,0.397740985281068,0.4001726447984319,0.006044004403981324,0.38774807029241654,0.41069251259755624,True
CLASSIC,2009,HW,evspsblveg,precipitation,13263,0.3228296407483159,0.32474606071447937,0.0075519991410211785,0.3104042418035415,0.3387862381810616,True
CLASSIC,2009,HW,evspsblveg,lai,13263,0.3657413899041425,0.36754737942960647,0.00492039107931335,0.3584699307119867,0.3766408834600254,True
CLASSIC,2009,HW,evspsblsoi,precipitation,13263,0.2574301558278321,0.2624278702253121,0.007079247455618793,0.24816186537402404,0.2758675609585959,True
CLASSIC,2009,HW,evspsblsoi,lai,13263,0.4032212227190739,0.4035194198293398,0.006337078334915068,0.3911687608099614,0.4157589872873088,True
CLASSIC,2009,HD,evapotrans,precipitation,11832,0.5193446486940012,0.5216110768611631,0.0046337997997599745,0.5131018970755619,0.5307296783377712,True
CLASSIC,2009,HD,evapotrans,lai,11832,0.4833353765909547,0.4873243431381151,0.0074759128524202025,0.47357938295098156,0.5020660218080351,True
CLASSIC,2009,HD,tran,precipitation,11832,0.4682028391850517,0.469500240119942,0.005705993023872812,0.4580884268397942,0.48008180122384736,True
CLASSIC,2009,HD,tran,lai,11832,0.6179829818072913,0.6190308632336596,0.0040380076276140785,0.6095839854861734,0.6256905494158509,True
CLASSIC,2009,HD,evspsblveg,precipitation,11832,0.504168281268843,0.5059222159245822,0.005270515686286254,0.49565295014483896,0.5166783950307281,True
CLASSIC,2009,HD,evspsblveg,lai,11832,0.5904301528813933,0.5941083420863802,0.004761324121394759,0.5847683510820829,0.6031999633365752,True
CLASSIC,2009,HD,evspsblsoi,precipitation,11832,0.4183076680809361,0.4201690991373902,0.006328050514132524,0.407329526081649,0.4321452134430516,True
CLASSIC,2009,HD,evspsblsoi,lai,11832,0.34885411527145804,0.350222396117256,0.008209219966314863,0.3333948077133929,0.364853482801846,True
CLASSIC,2009,CW,evapotrans,precipitation,22375,0.2810841366391167,0.2830367382478721,0.0048239917251935785,0.2735111728002951,0.29349571862880236,True
CLASSIC,2009,CW,evapotrans,lai,22375,0.2870619956170255,0.2880024659788985,0.004722884627677456,0.27895414011933406,0.29734014828575184,True
CLASSIC,2009,CW,tran,precipitation,22375,0.25760885099588804,0.25770286420710437,0.006920107759333234,0.2446148818119331,0.2700599802343917,True
CLASSIC,2009,CW,tran,lai,22375,0.420043740750412,0.42134881641127964,0.0037659628661012214,0.4148925043786973,0.42878914564843945,True
CLASSIC,2009,CW,evspsblveg,precipitation,22375,0.3477406571178355,0.34888626975795106,0.005904205100442351,0.3371608120849231,0.3605110409470476,True
CLASSIC,2009,CW,evspsblveg,lai,22375,0.5397677955561992,0.5404739437110218,0.003197354483124484,0.5349857134061498,0.5463357179600764,True
CLASSIC,2009,CW,evspsblsoi,precipitation,22375,0.10585489741289106,0.10631625869222383,0.006349463739295736,0.0940368121680994,0.1191202550297776,True
CLASSIC,2009,CW,evspsblsoi,lai,22375,0.18014071605425608,0.18189810150893357,0.0044112875827242454,0.17267707459036172,0.18978099674752572,True
CLASSIC,2009,CD,evapotrans,precipitation,13607,0.2694992258981119,0.2720516141255741,0.006562301720882453,0.25979546271239634,0.2838422251827164,True
CLASSIC,2009,CD,evapotrans,lai,13607,0.3903055390023642,0.39195641939111137,0.005052196506901893,0.3819184425296814,0.4023432265708559,True
CLASSIC,2009,CD,tran,precipitation,13607,0.2639637327833447,0.2661431587480431,0.007139330357634023,0.25358731579519295,0.28018747630921925,True
CLASSIC,2009,CD,tran,lai,13607,0.47390754146732605,0.47545107217421145,0.005621295479964453,0.46552689170160466,0.4870020686650349,True
CLASSIC,2009,CD,evspsblveg,precipitation,13607,0.2978349659747174,0.2995474985149521,0.005144875526935641,0.28965931009656276,0.30976659141846025,True
CLASSIC,2009,CD,evspsblveg,lai,13607,0.5221843253122918,0.5232972940769953,0.003570821264967032,0.5164084515838632,0.5295089358918184,True
CLASSIC,2009,CD,evspsblsoi,precipitation,13607,0.26918283316105623,0.27020215481862325,0.006447574241017022,0.25800768562487203,0.2815580641664097,True
CLASSIC,2009,CD,evspsblsoi,lai,13607,0.3559562184442508,0.35750165066033973,0.006511051645659368,0.3465433526241269,0.37113771471520474,True
CLASSIC,2010,HW,evapotrans,precipitation,13248,0.2747973635037827,0.2803247688403479,0.008676617298272106,0.2643627193981153,0.2965957357408425,True
CLASSIC,2010,HW,evapotrans,lai,13248,0.36083857442348005,0.3619649810719249,0.007773809725235368,0.34587736875551395,0.3755892039476465,True
CLASSIC,2010,HW,tran,precipitation,13248,0.19309540493118224,0.19768133546104438,0.009633143708061204,0.1789723924923174,0.2137385623182278,True
CLASSIC,2010,HW,tran,lai,13248,0.4071834837298332,0.40537778511794315,0.005561597468804968,0.39408281195360595,0.4172071351581146,True
CLASSIC,2010,HW,evspsblveg,precipitation,13248,0.3404538670130343,0.3433145848646973,0.008448281375932391,0.32729226633610575,0.36049000111807,True
CLASSIC,2010,HW,evspsblveg,lai,13248,0.378655147662018,0.3822384002840769,0.006348326987153838,0.37049928916812674,0.39446563935500184,True
CLASSIC,2010,HW,evspsblsoi,precipitation,13248,0.22655221720900554,0.2277107180770588,0.00689832677061956,0.2148199417931105,0.24072071623062974,True
CLASSIC,2010,HW,evspsblsoi,lai,13248,0.4001567199890621,0.40228959448984014,0.005680776267779396,0.39231371196085385,0.4135664423556371,True
CLASSIC,2010,HD,evapotrans,precipitation,11830,0.5092359952936876,0.5117302632202961,0.005458621476189309,0.5011501159205601,0.5218956284765678,True
CLASSIC,2010,HD,evapotrans,lai,11830,0.478021978021978,0.48121769734368336,0.007598317419527556,0.46638259436775636,0.49486475063398133,True
CLASSIC,2010,HD,tran,precipitation,11830,0.397971259509721,0.40112124823490203,0.006815899172458703,0.388133136203059,0.41626667401661827,True
CLASSIC,2010,HD,tran,lai,11830,0.6198647506339814,0.6209892325312153,0.0038468310809118044,0.6129332206255284,0.6275699095906047,True
CLASSIC,2010,HD,evspsblveg,precipitation,11830,0.4453085376162299,0.4505292085555663,0.006491550197962692,0.4383998907842522,0.46359702694730137,True
CLASSIC,2010,HD,evspsblveg,lai,11830,0.6118343195266271,0.609881278756043,0.00612622411820114,0.5971667163757046,0.6206255283178359,True
CLASSIC,2010,HD,evspsblsoi,precipitation,11830,0.4283601014370245,0.42912224396487003,0.006748118112802908,0.4160146270884697,0.4417239538412909,True
CLASSIC,2010,HD,evspsblsoi,lai,11830,0.3584953508030431,0.3593854843613159,0.01038419602854551,0.3364747344286587,0.3770181741335587,True
CLASSIC,2010,CW,evapotrans,precipitation,22422,0.2620070391944659,0.2650043003871152,0.005745712356748319,0.25438828230669214,0.2760898951563882,True
CLASSIC,2010,CW,evapotrans,lai,22422,0.2967871135547626,0.2997592200596305,0.005461308990535288,0.2892487182777963,0.30900682937280344,True
CLASSIC,2010,CW,tran,precipitation,22422,0.2540286276741934,0.2560094417617149,0.007505001339292115,0.24003194135902298,0.2701824626019109,True
CLASSIC,2010,CW,tran,lai,22422,0.4142076514472095,0.41552851997627493,0.0039082487830899345,0.4076411475513725,0.422719416922831,True
CLASSIC,2010,CW,evspsblveg,precipitation,22422,0.3026377598424179,0.30420928711408013,0.006664598532101279,0.2919731721215723,0.3161967659797523,True
CLASSIC,2010,CW,evspsblveg,lai,22422,0.5525789830954067,0.5536151910863195,0.00294472570427032,0.5479651369890368,0.5590325441371425,True
CLASSIC,2010,CW,evspsblsoi,precipitation,22422,0.10973978808872738,0.11172204239078413,0.004893421240977641,0.10256872860043537,0.12149610826698606,True
CLASSIC,2010,CW,evspsblsoi,lai,22422,0.16692107599708156,0.16841935059392313,0.0049208580590014124,0.15950186854587048,0.1780662183418573,True
CLASSIC,2010,CD,evapotrans,precipitation,13662,0.2536671808585998,0.26000917454163325,0.005491676467246659,0.24923146340027513,0.2706448819352558,True
CLASSIC,2010,CD,evapotrans,lai,13662,0.37226788649539944,0.3739212278500527,0.004876400215476852,0.3643972386358283,0.38391106953961496,True
CLASSIC,2010,CD,tran,precipitation,13662,0.262707085296047,0.2677785180790253,0.005558733404685839,0.25784235078385065,0.27945130350894354,True
CLASSIC,2010,CD,tran,lai,13662,0.4640586483160804,0.46647680789727874,0.0036974522572040245,0.4591510756541979,0.47406642133026455,True
CLASSIC,2010,CD,evspsblveg,precipitation,13662,0.3202958671957335,0.32240834280465064,0.004894296855214937,0.31301198665296637,0.33123124368504003,True
CLASSIC,2010,CD,evspsblveg,lai,13662,0.505411125278717,0.5073319134813097,0.004002224196130886,0.5000302374034873,0.5148837743433199,True
CLASSIC,2010,CD,evspsblsoi,precipitation,13662,0.2380480600450045,0.24165081700586166,0.005461588878994459,0.23231879016129553,0.25130314107942964,True
CLASSIC,2010,CD,evspsblsoi,lai,13662,0.33657505734022375,0.33836406911578387,0.005884026390759687,0.3272875664757759,0.35039491751365553,True
CLASSIC,2011,HW,evapotrans,precipitation,13244,0.2947259478384329,0.29655643650426144,0.006900869404329446,0.2818099923276776,0.30905663071276057,True
CLASSIC,2011,HW,evapotrans,lai,13244,0.40128323513765796,0.4027097517317388,0.007049053579894764,0.3885158936854676,0.4157422003564795,True
CLASSIC,2011,HW,tran,precipitation,13244,0.19234999876818187,0.19730897629656194,0.008946007475690009,0.18184267069180013,0.2137972244339761,True
CLASSIC,2011,HW,tran,lai,13244,0.4006022392439422,0.4026889699732829,0.005836574489047031,0.39188209426628545,0.41391655663945415,True
CLASSIC,2011,HW,evspsblveg,precipitation,13244,0.34728899639670385,0.34999498040064464,0.007448570001064391,0.33537274381586196,0.3636519988961474,True
CLASSIC,2011,HW,evspsblveg,lai,13244,0.4604324046641197,0.4637481805899556,0.006028015537182588,0.4495343653122837,0.4753228445508553,True
CLASSIC,2011,HW,evspsblsoi,precipitation,13244,0.22691698275728345,0.23014633043527305,0.009593502965335102,0.2086746360605024,0.24749884986038906,True
CLASSIC,2011,HW,evspsblsoi,lai,13244,0.4008949843102868,0.40373321026418124,0.005669912725616974,0.39173953879308643,0.41354853659341595,True
CLASSIC,2011,HD,evapotrans,precipitation,11827,0.43614496994962815,0.4390018711400343,0.005890477349482283,0.4289343164647186,0.45023956124582704,True
CLASSIC,2011,HD,evapotrans,lai,11827,0.4877566559180812,0.4888145247278286,0.005583148377706407,0.4767313255871168,0.49841397535199106,True
CLASSIC,2011,HD,tran,precipitation,11827,0.4283783451965767,0.4290485894441893,0.006167596694808933,0.4171939228870882,0.4400326219938412,True
CLASSIC,2011,HD,tran,lai,11827,0.6239814202410756,0.6252542627205618,0.004620823020006936,0.6167318036604479,0.6336158375824814,True
CLASSIC,2011,HD,evspsblveg,precipitation,11827,0.44698821254238724,0.4473788399013274,0.0066106640294387765,0.4347798593053706,0.46025122103419325,True
CLASSIC,2011,HD,evspsblveg,lai,11827,0.6088425534678816,0.6091652488025086,0.004480571668308348,0.6001515166100502,0.617636736816296,True
CLASSIC,2011,HD,evspsblsoi,precipitation,11827,0.3628166288403857,0.3674607528218587,0.0058767679112339145,0.3567250912203214,0.3782234201969163,True
CLASSIC,2011,HD,evspsblsoi,lai,11827,0.3990617270385795,0.3972931559144004,0.009064531416292376,0.3768160903646554,0.41144617284397994,True
CLASSIC,2011,CW,evapotrans,precipitation,22393,0.2488209175461123,0.248008133851099,0.006993315984780559,0.23324906407890092,0.2605652192513302,True
CLASSIC,2011,CW,evapotrans,lai,22393,0.3099855723991142,0.31058278928417016,0.005518807442971436,0.29878201217887523,0.3199545110283222,True
CLASSIC,2011,CW,tran,precipitation,22393,0.2442161200641582,0.24433403538206938,0.006616835183099762,0.23208067043644962,0.2577953241782899,True
CLASSIC,2011,CW,tran,lai,22393,0.4339927137394412,0.4353227593872858,0.003468574568176848,0.42795091467469565,0.4423238176796375,True
CLASSIC,2011,CW,evspsblveg,precipitation,22393,0.28194423554847015,0.28226327595469597,0.005638588757574488,0.2713127189463729,0.29227537635801093,True
CLASSIC,2011,CW,evspsblveg,lai,22393,0.5576025909487643,0.5584099373482797,0.002816874204273031,0.5532004267448073,0.5639971558144153,True
CLASSIC,2011,CW,evspsblsoi,precipitation,22393,0.11748217463193289,0.11866262755173274,0.005488470872250103,0.10792470475698282,0.1297920771599155,True
CLASSIC,2011,CW,evspsblsoi,lai,22393,0.18367848779427998,0.18487657323383513,0.005719552801092333,0.17336181531049338,0.1954884795352172,True
CLASSIC,2011,CD,evapotrans,precipitation,13361,0.27111009811826087,0.2760720598677222,0.0058393379587056244,0.2652440215261609,0.2878085630075769,True
CLASSIC,2011,CD,evapotrans,lai,13361,0.37799740127558673,0.379891293229186,0.006313306195956118,0.36770649877181155,0.3925480398164725,True
CLASSIC,2011,CD,tran,precipitation,13361,0.2866823328868048,0.28800161353255754,0.005768111616215858,0.27836446909495993,0.3002834145666808,True
CLASSIC,2011,CD,tran,lai,13361,0.4715523204769266,0.47305505022324096,0.00934630580829475,0.462379027321421,0.4841534154202353,True
CLASSIC,2011,CD,evspsblveg,precipitation,13361,0.30764414214755875,0.3111001173764324,0.0060032278022219875,0.2996098363786043,0.32347570695210115,True
CLASSIC,2011,CD,evspsblveg,lai,13361,0.5097653842827032,0.5128759050399142,0.007336396080115889,0.5062668530108624,0.5213915902665639,True
CLASSIC,2011,CD,evspsblsoi,precipitation,13361,0.26403685406673366,0.2678021081210166,0.006876655709232045,0.25582487311683116,0.2807246318548736,True
CLASSIC,2011,CD,evspsblsoi,lai,13361,0.34626064464141104,0.3484799407999507,0.007837278121822605,0.3354340228817557,0.3633894040188466,True
CLASSIC,2012,HW,evapotrans,precipitation,13238,0.302754041852417,0.30650940391023207,0.007776610611111513,0.29243858479419854,0.3204448037873779,True
CLASSIC,2012,HW,evapotrans,lai,13238,0.377532362433697,0.3796232130175761,0.007290858847628868,0.36517084638566516,0.3930041524945226,True
CLASSIC,2012,HW,tran,precipitation,13238,0.23155925516993328,0.23732798503883387,0.008216974531689425,0.22125348567842237,0.2530208927175224,True
CLASSIC,2012,HW,tran,lai,13238,0.42462454738692834,0.42627787789410204,0.005605498213667412,0.4145911266505897,0.4367101609233065,True
CLASSIC,2012,HW,evspsblveg,precipitation,13238,0.3651087526570264,0.36795324736725293,0.006776627021543045,0.35490198843180154,0.3804736607892768,True
CLASSIC,2012,HW,evspsblveg,lai,13238,0.42972401842357144,0.43079101935576075,0.005629553649217536,0.41841908032808517,0.4403869188001894,True
CLASSIC,2012,HW,evspsblsoi,precipitation,13238,0.2373840025669945,0.24102098276569772,0.009206636831985488,0.22264945709920347,0.2593563249660529,True
CLASSIC,2012,HW,evspsblsoi,lai,13238,0.41111091205442174,0.4120911602843381,0.006265371438956667,0.40022651206353443,0.42466984617780346,True
CLASSIC,2012,HD,evapotrans,precipitation,11827,0.5189797546126781,0.5195576769488083,0.0057499240762049035,0.5078870655171264,0.5303732608989545,True
CLASSIC,2012,HD,evapotrans,lai,11827,0.48172740482966714,0.48215514347570504,0.008727168347197662,0.4632239797061876,0.4958377480974953,True
CLASSIC,2012,HD,tran,precipitation,11827,0.47121884116607116,0.473437512989307,0.004425234824456958,0.46519138809600935,0.48131690727330584,True
CLASSIC,2012,HD,tran,lai,11827,0.6244121934424902,0.6265505970750103,0.003760333471570396,0.6199667759964067,0.6335525129344711,True
CLASSIC,2012,HD,evspsblveg,precipitation,11827,0.5034306611466094,0.5043711855784905,0.004334435923150372,0.4950781824472041,0.5121723460903937,True
CLASSIC,2012,HD,evspsblveg,lai,11827,0.5929347043108938,0.5958087178492989,0.005966388764923375,0.5859080687640501,0.6067279879650432,True
CLASSIC,2012,HD,evspsblsoi,precipitation,11827,0.42720526216893717,0.4295495968783134,0.00656451269922417,0.41829202183340064,0.44182259801506013,True
CLASSIC,2012,HD,evspsblsoi,lai,11827,0.3378160106311468,0.3430717286692855,0.00816139836848215,0.3285030934127319,0.3595720792595935,True
CLASSIC,2012,CW,evapotrans,precipitation,22433,0.24802355606272372,0.2500676719529253,0.005481701778074632,0.24008107610730928,0.2611775030238183,True
CLASSIC,2012,CW,evapotrans,lai,22433,0.2615595766530738,0.2631111174616536,0.0048063371267799875,0.25500584627916045,0.27244190744609037,True
CLASSIC,2012,CW,tran,precipitation,22433,0.2595478980348688,0.25690401112618416,0.004816333525620837,0.2476746710606702,0.2654266403763506,True
CLASSIC,2012,CW,tran,lai,22433,0.39227228555695814,0.392652476332793,0.0035497621589702915,0.3861277916348372,0.39971168526644935,True
CLASSIC,2012,CW,evspsblveg,precipitation,22433,0.2909189062332016,0.2920673954154742,0.006229896952599682,0.28152166072150814,0.3047955019209918,True
CLASSIC,2012,CW,evspsblveg,lai,22433,0.5110510877002166,0.5127270299845956,0.0028515354082982868,0.5069090740432688,0.5175837899250361,True
CLASSIC,2012,CW,evspsblsoi,precipitation,22433,0.07447661672126413,0.07896829785628444,0.005048758945422285,0.07003549146963553,0.08924436723812457,True
CLASSIC,2012,CW,evspsblsoi,lai,22433,0.1724292585812976,0.17383286208642582,0.004652845433706434,0.1642249760707245,0.1822033939662977,True
CLASSIC,2012,CD,evapotrans,precipitation,12999,0.2390563771177665,0.2443922736640647,0.007647169649890402,0.23038047601294775,0.26045502569676576,True
CLASSIC,2012,CD,evapotrans,lai,12999,0.4008870504831733,0.4022820293845101,0.010384526533532596,0.38091199235807116,0.42231224218484886,True
CLASSIC,2012,CD,tran,precipitation,12999,0.24074439508216722,0.24480207447311642,0.00930954055106166,0.2254598896734831,0.2610881513098923,True
CLASSIC,2012,CD,tran,lai,12999,0.514512240586554,0.5139781281172047,0.009468723615462176,0.49656828483847876,0.5314167850780127,True
CLASSIC,2012,CD,evspsblveg,precipitation,12999,0.26580488439939165,0.2654066387228678,0.0052511704640669215,0.2557105101761013,0.2756535246033847,True
CLASSIC,2012,CD,evspsblveg,lai,12999,0.565200340854622,0.5649966936983422,0.006606265934711547,0.552840310472013,0.5768378827893353,True
CLASSIC,2012,CD,evspsblsoi,precipitation,12999,0.23358483196932311,0.23860248537253212,0.007801267012649489,0.2237116020758994,0.2525751305023299,True
CLASSIC,2012,CD,evspsblsoi,lai,12999,0.3793490031777592,0.38335973081782504,0.01057849669554679,0.3608793697813919,0.40071286132690603,True
CLASSIC,2013,HW,evapotrans,precipitation,13248,0.271282500455747,0.2731317700015837,0.008298536960553358,0.25867529662085564,0.2915112819790278,True
CLASSIC,2013,HW,evapotrans,lai,13248,0.3216880582900374,0.32603573373004724,0.005555758225002832,0.31578967851411144,0.33739041470826026,True
CLASSIC,2013,HW,tran,precipitation,13248,0.20590645223771759,0.2096818197683132,0.008048836971622538,0.1945151809399245,0.22463114967444514,True
CLASSIC,2013,HW,tran,lai,13248,0.4066074480448455,0.4086025453877017,0.006996935654657831,0.39599776837694367,0.42223896237808767,True
CLASSIC,2013,HW,evspsblveg,precipitation,13248,0.36619388615440707,0.36857475417441066,0.007509024745824118,0.354635672925425,0.38273828576414737,True
CLASSIC,2013,HW,evspsblveg,lai,13248,0.36596134926644014,0.36691995766701907,0.006125245399950932,0.35343924631196055,0.3778022443494685,True
CLASSIC,2013,HW,evspsblsoi,precipitation,13248,0.2238062562665208,0.22611052184163,0.00828539229592935,0.20876489601845816,0.24327881223347064,True
CLASSIC,2013,HW,evspsblsoi,lai,13248,0.4200850537781423,0.42128480941636637,0.0060586777749505084,0.41016779482511273,0.4328365692997063,True
CLASSIC,2013,HD,evapotrans,precipitation,11830,0.4916234512535158,0.49301819253895757,0.0046282661741627994,0.4844486351120031,0.5018691882548589,True
CLASSIC,2013,HD,evapotrans,lai,11830,0.4598478444632291,0.4628389860641365,0.009181577571903278,0.44717831267470387,0.4827049873203719,True
CLASSIC,2013,HD,tran,precipitation,11830,0.452619560253148,0.45451702989749604,0.00855024749156951,0.4390210532442405,0.4694642857142858,True
CLASSIC,2013,HD,tran,lai,11830,0.6132713440405748,0.6153799887684299,0.0038796282777129446,0.6086601859678783,0.6229099746407439,True
CLASSIC,2013,HD,evspsblveg,precipitation,11830,0.4938986862944585,0.49459966002247385,0.005983970607396362,0.4837861697879185,0.5056008130119473,True
CLASSIC,2013,HD,evspsblveg,lai,11830,0.5841081994928148,0.5857354425634275,0.005651602011603127,0.5757118297502912,0.5973951931644239,True
CLASSIC,2013,HD,evspsblsoi,precipitation,11830,0.4424651390887445,0.4423946788791413,0.004979482250032487,0.4336438629049547,0.45227337911096166,True
CLASSIC,2013,HD,evspsblsoi,lai,11830,0.3592561284868977,0.36053335522831487,0.010891234821695246,0.3364327979712596,0.3793320813152544,True
CLASSIC,2013,CW,evapotrans,precipitation,22435,0.28201109019574244,0.2832917553210008,0.005884658163271138,0.27144518147544616,0.2947929576574847,True
CLASSIC,2013,CW,evapotrans,lai,22435,0.27983121238144326,0.28057854380409347,0.004694223798756579,0.271312652015666,0.28941552833523454,True
CLASSIC,2013,CW,tran,precipitation,22435,0.21894515466785158,0.2221109296619704,0.005925332867919977,0.210634045576201,0.23365265210308722,True
CLASSIC,2013,CW,tran,lai,22435,0.43084634790332954,0.4322463259021068,0.003931884835683964,0.42446830365019794,0.44024503937627957,True
CLASSIC,2013,CW,evspsblveg,precipitation,22435,0.29231627516661773,0.29232946376972246,0.0062219477409249735,0.2814846372446347,0.30497965464908305,True
CLASSIC,2013,CW,evspsblveg,lai,22435,0.5296534865024942,0.5302893305878983,0.0033634966944474944,0.523702981157051,0.5369326029997568,True
CLASSIC,2013,CW,evspsblsoi,precipitation,22435,0.12914896403571344,0.13063130827855152,0.005831463184366197,0.11763029404488257,0.14185364161649405,True
CLASSIC,2013,CW,evspsblsoi,lai,22435,0.1789221506978598,0.18118529565642633,0.005386403981038635,0.171341406451797,0.19223474513427558,True
CLASSIC,2013,CD,evapotrans,precipitation,13315,0.31698668942163155,0.3203200807332633,0.007334417571673665,0.308617316615132,0.33577230365804855,True
CLASSIC,2013,CD,evapotrans,lai,13315,0.3941197534760843,0.39681373315189966,0.005523569340850986,0.3862831605135976,0.406923577574542,True
CLASSIC,2013,CD,tran,precipitation,13315,0.3011320023237035,0.302190615918109,0.007093481938067773,0.2889737425684018,0.31556258898843875,True
CLASSIC,2013,CD,tran,lai,13315,0.4832770611019681,0.48610569437865636,0.004973617067212188,0.4759965535935529,0.4947424930623617,True
CLASSIC,2013,CD,evspsblveg,precipitation,13315,0.3274918687179898,0.3292892145865395,0.00717759287681372,0.3153214944359296,0.34331788973256905,True
CLASSIC,2013,CD,evspsblveg,lai,13315,0.5170525261521248,0.5181701833259494,0.003915811409719408,0.5099947277961345,0.5259544485926466,True
CLASSIC,2013,CD,evspsblsoi,precipitation,13315,0.3185645961830101,0.3213001568247559,0.007186307550710295,0.309033175855784,0.3367725680289611,True
CLASSIC,2013,CD,evspsblsoi,lai,13315,0.36689834000392213,0.368432601802802,0.006117959829641136,0.3565632932648924,0.3795478971435627,True
CLASSIC,2014,HW,evapotrans,precipitation,13234,0.27171506521773153,0.27569324744056495,0.0067697991095991596,0.2629989979859873,0.2881039712315379,True
CLASSIC,2014,HW,evapotrans,lai,13234,0.353427821853306,0.3569749900865354,0.007667435239550378,0.3430980977283182,0.37325838512784126,True
CLASSIC,2014,HW,tran,precipitation,13234,0.2176539767755036,0.2233786537380614,0.007999473450557968,0.2087026653473548,0.23855179807460025,True
CLASSIC,2014,HW,tran,lai,13234,0.4037459172878763,0.40457223151373506,0.0058152427190661105,0.39376731222437084,0.4153671534334557,True
CLASSIC,2014,HW,evspsblveg,precipitation,13234,0.35303141625061357,0.3556665086554731,0.005995706473688258,0.34147327133042554,0.36639846219436384,True
CLASSIC,2014,HW,evspsblveg,lai,13234,0.4517714227228681,0.4541175000209965,0.005409050652844641,0.44401777510733637,0.46378310748614315,True
CLASSIC,2014,HW,evspsblsoi,precipitation,13234,0.25442608658999344,0.2570476270230757,0.008329250618723905,0.24229782619768153,0.2726418735680594,True
CLASSIC,2014,HW,evspsblsoi,lai,13234,0.3968878233542842,0.3962412626809861,0.006467994289554634,0.3829631935051334,0.40750993230876703,True
CLASSIC,2014,HD,evapotrans,precipitation,11830,0.5361151993912634,0.5366915103878083,0.005985704504671892,0.5253904526142895,0.5499125701856536,True
CLASSIC,2014,HD,evapotrans,lai,11830,0.4630600169061707,0.46702096579869123,0.007517803120829353,0.4514477479381325,0.48190882674720775,True
CLASSIC,2014,HD,tran,precipitation,11830,0.4585141592755806,0.4602119712895185,0.007383739774870191,0.4451816188165404,0.47458780862959526,True
CLASSIC,2014,HD,tran,lai,11830,0.616821639898563,0.6191038762243386,0.003893871715965976,0.6111807572871351,0.6252673270371435,True
CLASSIC,2014,HD,evspsblveg,precipitation,11830,0.5083435957508585,0.5111713496581177,0.005912645675822178,0.5005591754770763,0.5223485653572245,True
CLASSIC,2014,HD,evspsblveg,lai,11830,0.6048182586644125,0.6055817461749697,0.004354617045080369,0.5959925332477297,0.6125965489671074,True
CLASSIC,2014,HD,evspsblsoi,precipitation,11830,0.4084407132630483,0.4130150148119142,0.006321368597370153,0.4005031870416486,0.4256881640754571,True
CLASSIC,2014,HD,evspsblsoi,lai,11830,0.3510566356720203,0.35086529959005625,0.009919117865756503,0.32983319078271,0.36855865299594553,True
CLASSIC,2014,CW,evapotrans,precipitation,22324,0.2015248998009484,0.20358179006353916,0.006172072188100527,0.19103514857973664,0.21563019480098752,True
CLASSIC,2014,CW,evapotrans,lai,22324,0.28349096621345204,0.2843946333561005,0.004577363848925214,0.2754933495338843,0.2916708639714082,True
CLASSIC,2014,CW,tran,precipitation,22324,0.18320360296493302,0.1860616742404245,0.00628665227839056,0.17435745259005206,0.19753482538753572,True
CLASSIC,2014,CW,tran,lai,22324,0.40966241549188587,0.41102721927365393,0.004190276826123575,0.4033834921864597,0.41961242921097125,True
CLASSIC,2014,CW,evspsblveg,precipitation,22324,0.283242861213651,0.28545617410274543,0.005271969739562213,0.2750168032458557,0.2957687970179435,True
CLASSIC,2014,CW,evspsblveg,lai,22324,0.5443857856822206,0.545064238851336,0.0028219022780246804,0.5393585451745648,0.5500153635518569,True
CLASSIC,2014,CW,evspsblsoi,precipitation,22324,0.13979680897406566,0.13874414717027342,0.006007467299083377,0.12759652823671774,0.14924808419654675,True
CLASSIC,2014,CW,evspsblsoi,lai,22324,0.14679091847013848,0.14993925312537498,0.004256115667509076,0.1421324401214534,0.15927197376330307,True
CLASSIC,2014,CD,evapotrans,precipitation,13357,0.27710780546198555,0.2780187764376789,0.006998732320794902,0.2648210204680555,0.2932780780900318,True
CLASSIC,2014,CD,evapotrans,lai,13357,0.4214331359589538,0.42344736621984963,0.010182197040617838,0.4011014543654082,0.4415957021879263,True
CLASSIC,2014,CD,tran,precipitation,13357,0.2884004941335196,0.2920007318315369,0.006313826231539885,0.2805399346048917,0.30544609965443353,True
CLASSIC,2014,CD,tran,lai,13357,0.5519308283975718,0.5509225549573991,0.01166338345081805,0.5173991346206206,0.5689431379288085,True
CLASSIC,2014,CD,evspsblveg,precipitation,13357,0.33073664708810935,0.33470921293499245,0.005336904185062012,0.323659824678748,0.34408693296202636,True
CLASSIC,2014,CD,evspsblveg,lai,13357,0.5461367308981614,0.5462734208006207,0.00821092345969418,0.5185867798564356,0.5570477212648007,True
CLASSIC,2014,CD,evspsblsoi,precipitation,13357,0.2458079461351311,0.2484358268847576,0.006747261949005701,0.2369365131997309,0.26083510804434096,True
CLASSIC,2014,CD,evspsblsoi,lai,13357,0.3996318893514573,0.40091440002531853,0.009562810547850256,0.374377962812939,0.41540566566532894,True
CLASSIC,2015,HW,evapotrans,precipitation,13262,0.24514364519864534,0.2502468582907514,0.008890412742967046,0.23462198670047577,0.26610782009473527,True
CLASSIC,2015,HW,evapotrans,lai,13262,0.387251944964383,0.3890143304651376,0.007006832457594873,0.3749018761073798,0.4014328668911847,True
CLASSIC,2015,HW,tran,precipitation,13262,0.1934428794722828,0.19872732167752777,0.008863498878420934,0.1828033476038158,0.2168915222904792,True
CLASSIC,2015,HW,tran,lai,13262,0.3924602392028119,0.3944485163734235,0.006808210243932116,0.3817033099277344,0.406390514708197,True
CLASSIC,2015,HW,evspsblveg,precipitation,13262,0.3006189448390518,0.30515238010833223,0.006766374094099729,0.2912934593108647,0.31721101996463164,True
CLASSIC,2015,HW,evspsblveg,lai,13262,0.46982447724284204,0.4687977301593927,0.00467386972364931,0.45946618549644547,0.4774822903060701,True
CLASSIC,2015,HW,evspsblsoi,precipitation,13262,0.24894310124778424,0.25257043207939217,0.008167511908365014,0.23662769263154623,0.26783028275061427,True
CLASSIC,2015,HW,evspsblsoi,lai,13262,0.41571724336057636,0.41796569470532496,0.006010385154419392,0.4058056854467329,0.4296312320966538,True
CLASSIC,2015,HD,evapotrans,precipitation,11827,0.49668271112847906,0.49599888910281614,0.005434415051527424,0.4847422134300605,0.5062083912121123,True
CLASSIC,2015,HD,evapotrans,lai,11827,0.477431761933927,0.4813292006791545,0.008422504181988807,0.46463402211802446,0.4980570891091064,True
CLASSIC,2015,HD,tran,precipitation,11827,0.4569827152379461,0.4575152282915624,0.0056978507097616635,0.44650851854901247,0.46759302772078065,True
CLASSIC,2015,HD,tran,lai,11827,0.6154326251971277,0.618193960932299,0.005029096321460365,0.6096025493290443,0.6286272875754368,True
CLASSIC,2015,HD,evspsblveg,precipitation,11827,0.48908234124604477,0.49174422015960234,0.00451094720995806,0.4830105903605022,0.5015851673798416,True
CLASSIC,2015,HD,evspsblveg,lai,11827,0.5845690343741564,0.5849389660874769,0.006907655651505076,0.5709830554178417,0.5983129239670293,True
CLASSIC,2015,HD,evspsblsoi,precipitation,11827,0.4588125970198282,0.45941546056380145,0.006351783132066776,0.4482371627118023,0.4725488651575329,True
CLASSIC,2015,HD,evspsblsoi,lai,11827,0.3803481739169962,0.3836017703171142,0.009087522319679303,0.363583599670682,0.3999600931747714,True
CLASSIC,2015,CW,evapotrans,precipitation,22368,0.20505877555834268,0.20563833047902896,0.005175316328845042,0.19569453677458093,0.21451312210771128,True
CLASSIC,2015,CW,evapotrans,lai,22368,0.30547529862572687,0.30676956230786667,0.005451399774570535,0.29458466990352433,0.31550844964955227,True
CLASSIC,2015,CW,tran,precipitation,22368,0.24877050516440566,0.24888058396425883,0.006128497155865628,0.23717306383571732,0.2610144163858705,True
CLASSIC,2015,CW,tran,lai,22368,0.3821142647104907,0.3830006600921563,0.0038534426899147116,0.37533809061983175,0.3906012979468253,True
CLASSIC,2015,CW,evspsblveg,precipitation,22368,0.29815069977409314,0.2999918178294815,0.005864041791143269,0.2896095809812811,0.31146441834599115,True
CLASSIC,2015,CW,evspsblveg,lai,22368,0.5502544346192242,0.5519355013253161,0.002689843493910432,0.5475258653517233,0.5571878627168186,True
CLASSIC,2015,CW,evspsblsoi,precipitation,22368,0.11025900538026387,0.11087857534092292,0.004937711204404558,0.10104688393795666,0.12026049592284901,True
CLASSIC,2015,CW,evspsblsoi,lai,22368,0.16687440204506981,0.1687779379622488,0.0037083317120822326,0.16120043404226342,0.17584294650356097,True
CLASSIC,2015,CD,evapotrans,precipitation,13646,0.32663583794223516,0.3292306409601531,0.006745337702261703,0.3152632844786337,0.3429055776826528,True
CLASSIC,2015,CD,evapotrans,lai,13646,0.389370739671194,0.3901482795845908,0.0056031673212789315,0.37842669333764206,0.3998161825169326,True
CLASSIC,2015,CD,tran,precipitation,13646,0.31709853025694135,0.31832342893274235,0.006256581678664126,0.30760871222876873,0.33057906700125084,True
CLASSIC,2015,CD,tran,lai,13646,0.5052164114160304,0.5073641343577381,0.0031448302858964865,0.5012764492936819,0.5140520444120312,True
CLASSIC,2015,CD,evspsblveg,precipitation,13646,0.331768341974334,0.3349409808856171,0.0057982580335790195,0.3238083676577992,0.34734547689271517,True
CLASSIC,2015,CD,evspsblveg,lai,13646,0.5329781423325319,0.5345593661323409,0.003341373640561968,0.5286365695951185,0.5411767040001665,True
CLASSIC,2015,CD,evspsblsoi,precipitation,13646,0.27651022714966916,0.27893554382610897,0.00571553160629209,0.2680197829710773,0.2905326486916348,True
CLASSIC,2015,CD,evspsblsoi,lai,13646,0.3548101080451338,0.3553928747546614,0.005492331698131056,0.343377872138464,0.36476418612809824,True
CLASSIC,2016,HW,evapotrans,precipitation,13249,0.2491666802471848,0.2520402028975011,0.008203636418896014,0.23739032564935478,0.2699787393800359,True
CLASSIC,2016,HW,evapotrans,lai,13249,0.35083465181423446,0.3527939845619324,0.007349225783578495,0.33902002121608105,0.36624768929014306,True
CLASSIC,2016,HW,tran,precipitation,13249,0.20113789979023622,0.20809514285804134,0.009170007732894257,0.19184439750342894,0.22880566066217883,True
CLASSIC,2016,HW,tran,lai,13249,0.4085648614277759,0.4105184552685439,0.005621923181372222,0.3988415704986091,0.42205548476669064,True
CLASSIC,2016,HW,evspsblveg,precipitation,13249,0.346478186559357,0.3495026911023518,0.007696585799405514,0.33625666709766777,0.3660857586615691,True
CLASSIC,2016,HW,evspsblveg,lai,13249,0.4407941361184967,0.44271098757441024,0.005303109227300571,0.4317602163878775,0.45284862774239504,True
CLASSIC,2016,HW,evspsblsoi,precipitation,13249,0.2662028575940467,0.2690149445832103,0.007376445654115537,0.2532815363706407,0.2820040735861443,True
CLASSIC,2016,HW,evspsblsoi,lai,13249,0.3835178162253612,0.38763160945435987,0.006038632728335101,0.37539731369310686,0.3984332177604372,True
CLASSIC,2016,HD,evapotrans,precipitation,11826,0.5318616487390635,0.5344742084494716,0.005322795738517807,0.5240655678097387,0.5435953845759033,True
CLASSIC,2016,HD,evapotrans,lai,11826,0.4547970080109174,0.45813455514504675,0.008931577821279355,0.43924198890391375,0.47358631166174125,True
CLASSIC,2016,HD,tran,precipitation,11826,0.42004193233557474,0.41965585959987267,0.007247835697674734,0.40486098350796895,0.43200567860171507,True
CLASSIC,2016,HD,tran,lai,11826,0.6220247119439252,0.6231545766657186,0.004077134102304406,0.6146451877896412,0.6313230997929993,True
CLASSIC,2016,HD,evspsblveg,precipitation,11826,0.4720897624886473,0.47294427734867484,0.006619323979022786,0.46065802966297276,0.4869891929115129,True
CLASSIC,2016,HD,evspsblveg,lai,11826,0.5893930576052108,0.5916801667449224,0.006532006576895849,0.5781554730564419,0.6036835403537418,True
CLASSIC,2016,HD,evspsblsoi,precipitation,11826,0.4334698783350873,0.4345293787174627,0.006886007340474888,0.422448244644198,0.44793762303779866,True
CLASSIC,2016,HD,evspsblsoi,lai,11826,0.33107195787209837,0.3334355041368844,0.007533258620830956,0.3192540783836011,0.3480809662655501,True
CLASSIC,2016,CW,evapotrans,precipitation,22364,0.3281802381527149,0.33040463038823886,0.005853840455410731,0.31873723991777736,0.3407154814749228,True
CLASSIC,2016,CW,evapotrans,lai,22364,0.2610538547608299,0.2626380478003426,0.005777884052224683,0.25062917208068247,0.2745776297800469,True
CLASSIC,2016,CW,tran,precipitation,22364,0.31749409483888924,0.31860567096122133,0.006128391419272894,0.30703732662801353,0.33105216004129745,True
CLASSIC,2016,CW,tran,lai,22364,0.394729390353587,0.3952181250560595,0.004118544222789213,0.38765711410715087,0.40338831514896617,True
CLASSIC,2016,CW,evspsblveg,precipitation,22364,0.3225853255039494,0.32489265281101753,0.0066672990989682405,0.3122970815692156,0.3371307346785131,True
CLASSIC,2016,CW,evspsblveg,lai,22364,0.5103079002682592,0.5127728772324674,0.0030755368868955104,0.5075121152056781,0.5190178282504555,True
CLASSIC,2016,CW,evspsblsoi,precipitation,22364,0.09665970050392347,0.10130695045243751,0.0049462226155480475,0.09314661535942656,0.11253245489058482,True
CLASSIC,2016,CW,evspsblsoi,lai,22364,0.18025954969533128,0.18070413966975835,0.00614635120612611,0.16876038187946152,0.19354080839886734,True
CLASSIC,2016,CD,evapotrans,precipitation,13403,0.28933439897244045,0.2917979827033361,0.007608704676825178,0.276517257335591,0.30557652613547814,True
CLASSIC,2016,CD,evapotrans,lai,13403,0.382354446153178,0.38438407297050914,0.007755501770104767,0.37179099799453796,0.4020881199281038,True
CLASSIC,2016,CD,tran,precipitation,13403,0.28466864584869805,0.28641392829417867,0.007431383936672666,0.27388534144754,0.29964108244726767,True
CLASSIC,2016,CD,tran,lai,13403,0.47722611110678054,0.48145280940302243,0.012328675082620831,0.46891819335978935,0.5257234711357761,True
CLASSIC,2016,CD,evspsblveg,precipitation,13403,0.32175867227989663,0.32408560843041995,0.008438993098436272,0.3053618144368114,0.3392431127700115,True
CLASSIC,2016,CD,evspsblveg,lai,13403,0.5195034582366835,0.5251676276427399,0.01403464343025294,0.5138852107362262,0.5753229840501292,True
CLASSIC,2016,CD,evspsblsoi,precipitation,13403,0.28066614196205897,0.28273400647447183,0.005344728285206568,0.2727255794305464,0.2934005602467099,True
CLASSIC,2016,CD,evspsblsoi,lai,13403,0.34691094441988374,0.3517462511098896,0.010104161346393619,0.3375042518859283,0.38457630873799176,True
CLASSIC,2017,HW,evapotrans,precipitation,13231,0.25965239113866495,0.26263739702736566,0.008024884324613946,0.2456945005590459,0.2791418596981594,True
CLASSIC,2017,HW,evapotrans,lai,13231,0.3439462500542,0.3481313480562237,0.008654357681863907,0.33023301016467976,0.364817715082288,True
CLASSIC,2017,HW,tran,precipitation,13231,0.1907883049609709,0.19288601631524407,0.007895260794364138,0.17832191857226154,0.20881892675947764,True
CLASSIC,2017,HW,tran,lai,13231,0.39663676083555804,0.39853611867537553,0.005675985607910687,0.38772276355676905,0.40964671370456873,True
CLASSIC,2017,HW,evspsblveg,precipitation,13231,0.34846569542604433,0.3512464670205165,0.007388433616056263,0.33642924068498126,0.3664583358548957,True
CLASSIC,2017,HW,evspsblveg,lai,13231,0.4370339407103716,0.43931292603754707,0.00709994012064442,0.4264427056710642,0.45242170998662706,True
CLASSIC,2017,HW,evspsblsoi,precipitation,13231,0.23412281889686443,0.23727769771970356,0.007992521238572282,0.22254011744606547,0.25505141851604096,True
CLASSIC,2017,HW,evspsblsoi,lai,13231,0.4018463304501505,0.405787693357089,0.005840247976537571,0.39452007593661204,0.41760152899552544,True
CLASSIC,2017,HD,evapotrans,precipitation,11825,0.4668788603013717,0.4690527770766631,0.006363308164748474,0.4577521622895104,0.4812416000484479,True
CLASSIC,2017,HD,evapotrans,lai,11825,0.4843382735332646,0.48701705196517364,0.006811432574353608,0.47273703011736573,0.49977162685484294,True
CLASSIC,2017,HD,tran,precipitation,11825,0.4428051322967076,0.4434337441157018,0.0053874744858026374,0.4340805295027642,0.45425213147088117,True
CLASSIC,2017,HD,tran,lai,11825,0.6044071134589918,0.6054690451905429,0.004990713829398342,0.5963750810164965,0.6141536549318303,True
CLASSIC,2017,HD,evspsblveg,precipitation,11825,0.5028829693758308,0.5019692094163163,0.004083353875833837,0.49412477884913597,0.5094969416655676,True
CLASSIC,2017,HD,evspsblveg,lai,11825,0.6119431909771802,0.6137765020655596,0.005579733363067244,0.602811412223099,0.6238152278414644,True
CLASSIC,2017,HD,evspsblsoi,precipitation,11825,0.3881144621549665,0.3888106557179445,0.005774217617800306,0.3787836677153854,0.40018916988675013,True
CLASSIC,2017,HD,evspsblsoi,lai,11825,0.3313546037640005,0.33644164106182933,0.008402896175612224,0.32189578325116114,0.35276905920555296,True
CLASSIC,2017,CW,evapotrans,precipitation,22293,0.22520935336109538,0.2277788577566203,0.005271363170266153,0.21685970923895312,0.23658853013075676,True
CLASSIC,2017,CW,evapotrans,lai,22293,0.26470633159899853,0.2660367811180507,0.004857927956323581,0.2568726797083352,0.275083492073694,True
CLASSIC,2017,CW,tran,precipitation,22293,0.2776097736616658,0.2774806094637611,0.0056862871236568555,0.26733847172790043,0.2879175377354573,True
CLASSIC,2017,CW,tran,lai,22293,0.409201199562972,0.41044313856148024,0.003913334361538201,0.4019516234335826,0.41832552688812225,True
CLASSIC,2017,CW,evspsblveg,precipitation,22293,0.349176133154085,0.35063782117241177,0.005282882458219882,0.34035624691227406,0.36027795919252376,True
CLASSIC,2017,CW,evspsblveg,lai,22293,0.5352735219349253,0.5367342789866025,0.0026126721259157205,0.5318442431602309,0.5417774023671349,True
CLASSIC,2017,CW,evspsblsoi,precipitation,22293,0.10636917028876255,0.10956020192183075,0.004314090983170294,0.10127246805978975,0.11675614103542052,True
CLASSIC,2017,CW,evspsblsoi,lai,22293,0.1645575320689055,0.1650576203498087,0.005497687384130351,0.1551414709064816,0.17595800938645817,True
CLASSIC,2017,CD,evapotrans,precipitation,13474,0.24075598758267316,0.24351946561806914,0.006625121767782773,0.22990894441168266,0.25503574231285736,True
CLASSIC,2017,CD,evapotrans,lai,13474,0.40503390786225363,0.40006206422587526,0.013414037715034315,0.375165324276733,0.4234986172410515,True
CLASSIC,2017,CD,tran,precipitation,13474,0.26225577947751444,0.26589563621360407,0.007161245075975738,0.2531303139306419,0.27985717525830417,True
CLASSIC,2017,CD,tran,lai,13474,0.5220725907378714,0.51357310879881,0.019156971425298874,0.4764573718444562,0.5401867701426097,True
CLASSIC,2017,CD,evspsblveg,precipitation,13474,0.2987630828831551,0.3011928688379283,0.006034268932696638,0.29031631300792293,0.314149752983723,True
CLASSIC,2017,CD,evspsblveg,lai,13474,0.557208532388645,0.5480704625616195,0.016813088521243337,0.5151461481166247,0.566058197143274,True
CLASSIC,2017,CD,evspsblsoi,precipitation,13474,0.23251723823682421,0.2355495383688761,0.006567191477741766,0.22316306865273278,0.24706093434284218,True
CLASSIC,2017,CD,evspsblsoi,lai,13474,0.3842469739350079,0.37548459844645066,0.0167656614441683,0.3428537221372385,0.3997397727472813,True
CLASSIC,2018,HW,evapotrans,precipitation,13236,0.27429584156793774,0.2755280974183967,0.008800514081720572,0.25860374211228815,0.2907007527975263,True
CLASSIC,2018,HW,evapotrans,lai,13236,0.38747409234958197,0.3896741389189185,0.006098986637311165,0.37745499586057396,0.4012464905107891,True
CLASSIC,2018,HW,tran,precipitation,13236,0.22009324919850454,0.21949321450976697,0.007752287943294793,0.2035590636143914,0.23320163792295875,True
CLASSIC,2018,HW,tran,lai,13236,0.407679002336391,0.40773997464876854,0.00561254531613753,0.39739327592508544,0.418083113311696,True
CLASSIC,2018,HW,evspsblveg,precipitation,13236,0.37765022296610334,0.3773717188304073,0.007555874337423429,0.35981532346208994,0.39122099435374585,True
CLASSIC,2018,HW,evspsblveg,lai,13236,0.46341803680545357,0.46583128619876596,0.005462287096473077,0.4553617051336442,0.4753917626872816,True
CLASSIC,2018,HW,evspsblsoi,precipitation,13236,0.2886762374624273,0.28717720240917005,0.007332874346554738,0.27125309498525263,0.3000888455275147,True
CLASSIC,2018,HW,evspsblsoi,lai,13236,0.38477345951669517,0.38754982710496705,0.006380165474535956,0.373539752449139,0.39994351995011224,True
CLASSIC,2018,HD,evapotrans,precipitation,11826,0.5016027594447483,0.5024646864986532,0.004200542121844675,0.4939668554250464,0.5108397791499318,True
CLASSIC,2018,HD,evapotrans,lai,11826,0.5023008317704489,0.5032438882534211,0.006915595887221341,0.4896150279360676,0.5155512421624838,True
CLASSIC,2018,HD,tran,precipitation,11826,0.4383899139978654,0.4383535332301969,0.00692238050170294,0.42384319458972186,0.4503751636162114,True
CLASSIC,2018,HD,tran,lai,11826,0.614589484979369,0.6160794860674511,0.004860738083373671,0.606691173682989,0.6248273661383953,True
CLASSIC,2018,HD,evspsblveg,precipitation,11826,0.48924999513962164,0.49128173063481484,0.005462466182463979,0.47920320569414154,0.5024253281901409,True
CLASSIC,2018,HD,evspsblveg,lai,11826,0.6033407914335207,0.603009224304061,0.0048585357659710416,0.5932705102401273,0.6130606745113243,True
CLASSIC,2018,HD,evspsblsoi,precipitation,11826,0.4387257098883372,0.4425117101693685,0.0056772594344042015,0.43250639794590684,0.45382906639885606,True
CLASSIC,2018,HD,evspsblsoi,lai,11826,0.3354816292996834,0.33723470746749173,0.008139584396162889,0.32301495451302265,0.3525046294727935,True
CLASSIC,2018,CW,evapotrans,precipitation,22416,0.24886171244237343,0.2500479502079168,0.006793485909199027,0.2354998733650623,0.26366930156286295,True
CLASSIC,2018,CW,evapotrans,lai,22416,0.2757463013139441,0.2770712028359695,0.004958612803164278,0.26631646601931475,0.286658508027723,True
CLASSIC,2018,CW,tran,precipitation,22416,0.18999297447258184,0.19217773241307967,0.006800868552750377,0.17968045280239767,0.2061707082365944,True
CLASSIC,2018,CW,tran,lai,22416,0.3906313337910844,0.3910363952739874,0.004103985113515718,0.3835149795474615,0.3982133345871219,True
CLASSIC,2018,CW,evspsblveg,precipitation,22416,0.27560271762417604,0.2769937029756442,0.005281556802687914,0.26658121734336365,0.28705483954410116,True
CLASSIC,2018,CW,evspsblveg,lai,22416,0.5430935996906668,0.5445727117375465,0.0026558363069100715,0.5399029007690369,0.5493991851148347,True
CLASSIC,2018,CW,evspsblsoi,precipitation,22416,0.09723204726215967,0.10050667351682314,0.005007002200958472,0.09135546081168042,0.10962789065937385,True
CLASSIC,2018,CW,evspsblsoi,lai,22416,0.14570849418759763,0.14873575104147824,0.005373297408382923,0.13974279459470387,0.15960893143942376,True
CLASSIC,2018,CD,evapotrans,precipitation,13125,0.2376939740655988,0.2452732439653692,0.011095012392176251,0.22846950736031107,0.2730490320240815,True
CLASSIC,2018,CD,evapotrans,lai,13125,0.39753648859391433,0.40022929348892433,0.009566526917698222,0.3809963326442534,0.4184022379900877,True
CLASSIC,2018,CD,tran,precipitation,13125,0.23541401329410483,0.2387894894611053,0.010264625196841085,0.22128121731502293,0.2630720301658346,True
CLASSIC,2018,CD,tran,lai,13125,0.5097030863525913,0.5104033699703266,0.00929436209458795,0.49490059445887147,0.5282276125194937,True
CLASSIC,2018,CD,evspsblveg,precipitation,13125,0.2604910393912118,0.2687676152249121,0.010025894747604316,0.2552658465750802,0.2971115855029283,True
CLASSIC,2018,CD,evspsblveg,lai,13125,0.5224566641279513,0.5232523960550791,0.005541267608216553,0.5128025663792257,0.5342414300828917,True
CLASSIC,2018,CD,evspsblsoi,precipitation,13125,0.23868732701318512,0.24519263550625284,0.009449907077946173,0.23045357001311925,0.26822637362637364,True
CLASSIC,2018,CD,evspsblsoi,lai,13125,0.373330547999855,0.3756640927574085,0.008999106360325781,0.3562715660217757,0.3911209414228438,True
CLASSIC,2019,HW,evapotrans,precipitation,13237,0.25580985912325793,0.2594534785910203,0.007987685064620468,0.24372775823474332,0.2749546949097291,True
CLASSIC,2019,HW,evapotrans,lai,13237,0.39488239034964123,0.39620571174209657,0.006644600345643437,0.3842872073134019,0.40929430719770155,True
CLASSIC,2019,HW,tran,precipitation,13237,0.18474416100434396,0.187684410232528,0.007772628546399769,0.17268907260744204,0.20398819465473683,True
CLASSIC,2019,HW,tran,lai,13237,0.3988190166991086,0.39624768120175785,0.005547955985294588,0.38502452088154826,0.4066105154600899,True
CLASSIC,2019,HW,evspsblveg,precipitation,13237,0.34748947147938386,0.3482246622758909,0.006199525439165104,0.33547076365075507,0.3600226750168257,True
CLASSIC,2019,HW,evspsblveg,lai,13237,0.4635881146042058,0.46310789358728466,0.00520998437183171,0.4530686281956952,0.4732620427279743,True
CLASSIC,2019,HW,evspsblsoi,precipitation,13237,0.22053085826391455,0.2241851137945067,0.007267761241841921,0.208721006521574,0.2383869797551767,True
CLASSIC,2019,HW,evspsblsoi,lai,13237,0.4201483335124858,0.4203165314256358,0.006714183643486955,0.4067580716082343,0.4336950642512931,True
CLASSIC,2019,HD,evapotrans,precipitation,11825,0.4127648659281444,0.4151430071118746,0.005801589738039738,0.40577377522932434,0.42762311467239744,True
CLASSIC,2019,HD,evapotrans,lai,11825,0.4748022639256987,0.4766617618272996,0.009283737539739037,0.4580088841862098,0.4931715270131042,True
CLASSIC,2019,HD,tran,precipitation,11825,0.41927022256651036,0.4212144987751493,0.005869823666236905,0.40883330768772896,0.43171382593278546,True
CLASSIC,2019,HD,tran,lai,11825,0.6193750435610901,0.6208223967468366,0.0043423174295038535,0.612953745518706,0.6298653955732223,True
CLASSIC,2019,HD,evspsblveg,precipitation,11825,0.4210760095990011,0.42216612766009143,0.005691108305168973,0.4096687822881861,0.4325892991436469,True
CLASSIC,2019,HD,evspsblveg,lai,11825,0.5853949985613671,0.5864664869979733,0.006261061015386465,0.5742169776719196,0.5999876412627901,True
CLASSIC,2019,HD,evspsblsoi,precipitation,11825,0.3693069654394689,0.37207748589789263,0.007855618905857857,0.3567147257743639,0.3887691705096661,True
CLASSIC,2019,HD,evspsblsoi,lai,11825,0.35807228226068977,0.3551033283831281,0.007979660569296465,0.3397138850134909,0.36918275105931636,True
CLASSIC,2019,CW,evapotrans,precipitation,22359,0.18128353192419466,0.18307473053198706,0.007282020807899272,0.1712644840933979,0.19661839658975278,True
CLASSIC,2019,CW,evapotrans,lai,22359,0.2684185435247127,0.27101327978518125,0.003930506085938695,0.2635933761130519,0.278906631046764,True
CLASSIC,2019,CW,tran,precipitation,22359,0.20766704524137897,0.20796686449354343,0.007643979088548841,0.19327670744822426,0.2215952078708663,True
CLASSIC,2019,CW,tran,lai,22359,0.440539715750806,0.4414594122442123,0.0036657243710272367,0.43437761488067705,0.4490955587195584,True
CLASSIC,2019,CW,evspsblveg,precipitation,22359,0.28408711412060417,0.28486611276461343,0.0058860742215847625,0.27275259105778693,0.29517978673579015,True
CLASSIC,2019,CW,evspsblveg,lai,22359,0.5325845583225942,0.535995977633157,0.0035168408649052115,0.5291559574731398,0.5429338272025678,True
CLASSIC,2019,CW,evspsblsoi,precipitation,22359,0.1118810197657426,0.117619221140193,0.005117718260979192,0.10904058145339125,0.12761819232077373,True
CLASSIC,2019,CW,evspsblsoi,lai,22359,0.15513831142952136,0.15681346067982552,0.0064945275335189226,0.14457638806556936,0.16997576487218727,True
CLASSIC,2019,CD,evapotrans,precipitation,13402,0.2102200452786185,0.21299815680024373,0.0061613899163282144,0.20135147371575718,0.22541004950979007,True
CLASSIC,2019,CD,evapotrans,lai,13402,0.3862719865825328,0.3933930243228204,0.008783868511672054,0.37910707401284377,0.4121857264506138,True
CLASSIC,2019,CD,tran,precipitation,13402,0.21466627215369,0.21796330394564697,0.006200743513506387,0.20659909642266105,0.22894696955095373,True
CLASSIC,2019,CD,tran,lai,13402,0.47547614858107606,0.49281697889404813,0.018789676531513134,0.47068213959922245,0.5260336992094289,True
CLASSIC,2019,CD,evspsblveg,precipitation,13402,0.23260890692247843,0.23589344874203683,0.005869024303019817,0.22534804639029812,0.24943587597217737,True
CLASSIC,2019,CD,evspsblveg,lai,13402,0.5057034258642616,0.5280305220492556,0.025024552688698604,0.5014390730692959,0.565055935048317,True
CLASSIC,2019,CD,evspsblsoi,precipitation,13402,0.20385735868232716,0.20671269961048122,0.0054044905394196536,0.19722506634180365,0.21862803750511137,True
CLASSIC,2019,CD,evspsblsoi,lai,13402,0.3525084805787507,0.36552995695003887,0.014491018188349036,0.34451327170036805,0.3957834041331936,True
CLASSIC,2020,HW,evapotrans,precipitation,13225,0.22456712489658745,0.2280726145801231,0.007240096994729092,0.21458098496183842,0.24171578793193593,True
CLASSIC,2020,HW,evapotrans,lai,13225,0.3702264287357455,0.3719694799479629,0.006626891924750349,0.3584502916241397,0.38471098838030415,True
CLASSIC,2020,HW,tran,precipitation,13225,0.1637515127874296,0.16912129251071673,0.007685812991625732,0.15466198246769705,0.1835059023746881,True
CLASSIC,2020,HW,tran,lai,13225,0.40707414408737663,0.40841987303274335,0.006571064099608852,0.3961514839615624,0.42134585417675297,True
CLASSIC,2020,HW,evspsblveg,precipitation,13225,0.29169582220621926,0.29282096723703377,0.008204288748956635,0.27776056213468286,0.30915997311466337,True
CLASSIC,2020,HW,evspsblveg,lai,13225,0.44434224127827426,0.44541277504157306,0.0046689146309412885,0.4359798582666775,0.4532885381429734,True
CLASSIC,2020,HW,evspsblsoi,precipitation,13225,0.18485886781423416,0.18857128231270517,0.006585877750026561,0.17580689689224105,0.20138632426868305,True
CLASSIC,2020,HW,evspsblsoi,lai,13225,0.40085395624347364,0.40394168346101694,0.007282077913507026,0.39022555724695107,0.41785693686375097,True
CLASSIC,2020,HD,evapotrans,precipitation,11825,0.528805643442277,0.5298380511842065,0.0051462319832409785,0.521083306377484,0.5405017195385824,True
CLASSIC,2020,HD,evapotrans,lai,11825,0.4704732834249829,0.4720560087888792,0.007924598838632821,0.4565779776869893,0.4867926188301859,True
CLASSIC,2020,HD,tran,precipitation,11825,0.47627387184400705,0.478221014997348,0.0057485799576860045,0.46698897248705484,0.4890845356123387,True
CLASSIC,2020,HD,tran,lai,11825,0.6142175534662118,0.6143522778140165,0.004619099798063025,0.6045759603792893,0.624111229621064,True
CLASSIC,2020,HD,evspsblveg,precipitation,11825,0.5101479744583365,0.5107878315056981,0.005277060295046639,0.49824258355351525,0.5203083106816899,True
CLASSIC,2020,HD,evspsblveg,lai,11825,0.599085136687999,0.6014484911036468,0.006241979599984634,0.5897762170123076,0.6135935617328014,True
CLASSIC,2020,HD,evspsblsoi,precipitation,11825,0.4029385283768111,0.4048673439358159,0.0064012066060000474,0.39272289967462864,0.41697730176799946,True
CLASSIC,2020,HD,evspsblsoi,lai,11825,0.3243707991471856,0.3267913970213051,0.009380504029653033,0.3093014366108452,0.3448383367901135,True
CLASSIC,2020,CW,evapotrans,precipitation,22333,0.2349411983323143,0.2353487350515649,0.005996811254836095,0.22386345912365804,0.24635122926871028,True
CLASSIC,2020,CW,evapotrans,lai,22333,0.26463897667173475,0.26603325156406077,0.004823845286632166,0.2559099828325178,0.27454292032841227,True
CLASSIC,2020,CW,tran,precipitation,22333,0.2816301614501361,0.2823772667155794,0.005859783612671125,0.2708786715497185,0.2938599425686684,True
CLASSIC,2020,CW,tran,lai,22333,0.4294476740123124,0.42945059954337067,0.0035367046131883906,0.4224612845624894,0.43613760841722476,True
CLASSIC,2020,CW,evspsblveg,precipitation,22333,0.3679804640058293,0.3685414911134949,0.005345314131107739,0.3587295138113357,0.3784622783176155,True
CLASSIC,2020,CW,evspsblveg,lai,22333,0.5233919313030633,0.5250186258688756,0.0024999275755314943,0.5198248855755058,0.5296163269516965,True
CLASSIC,2020,CW,evspsblsoi,precipitation,22333,0.16091277261276882,0.16074643369550184,0.004679403284162168,0.1511121717671604,0.1692636967388587,True
CLASSIC,2020,CW,evspsblsoi,lai,22333,0.2068504195929754,0.20596644390506433,0.004251343198929996,0.1973271791257055,0.21381526459535682,True
CLASSIC,2020,CD,evapotrans,precipitation,13367,0.27129385570291764,0.27443096348381635,0.006428667576510985,0.2608820608857306,0.2891740904265119,True
CLASSIC,2020,CD,evapotrans,lai,13367,0.3848204130379176,0.3819626554357386,0.013954008818840898,0.3548189660913695,0.4045153413715697,True
CLASSIC,2020,CD,tran,precipitation,13367,0.2672329692185869,0.26852593719506035,0.006100844987127655,0.2569048365249724,0.28114544295915084,True
CLASSIC,2020,CD,tran,lai,13367,0.5072278387789395,0.5039882427051718,0.01625889075171119,0.47257705242281717,0.5280935412596666,True
CLASSIC,2020,CD,evspsblveg,precipitation,13367,0.2914070995133681,0.29419171065626487,0.006431883169037619,0.2813783383267524,0.3077300999849462,True
CLASSIC,2020,CD,evspsblveg,lai,13367,0.5609845432199864,0.5500578093548725,0.018998825033221412,0.5123197385980941,0.5696269711829426,True
CLASSIC,2020,CD,evspsblsoi,precipitation,13367,0.2522743048854552,0.2578787048142278,0.005897406416742363,0.24709169578714477,0.270421208322005,True
CLASSIC,2020,CD,evspsblsoi,lai,13367,0.36678348995134585,0.3621011757891832,0.017323251713959726,0.32997877660219793,0.3870582464631172,True
