model,year,climate_zone,output_var,input_var,n_samples,pawn_original,pawn_boot_mean,pawn_boot_std,pawn_ci_lower,pawn_ci_upper,pawn_significant
CLASSIC,1991,HW,evapotrans,precipitation,13251,0.2998676838012248,0.3021518435738253,0.007335374933771419,0.28761044125164503,0.3158868248042405,True
CLASSIC,1991,HW,evapotrans,lai,13251,0.3767861734892205,0.37948736802838184,0.00730520107451275,0.36467698606667426,0.3934544580658195,True
CLASSIC,1991,HW,tran,precipitation,13251,0.2585697947096006,0.26082544771022886,0.008472252020338569,0.24610178655081924,0.27552629291430153,True
CLASSIC,1991,HW,tran,lai,13251,0.42384270037291594,0.42464083521250673,0.005923229034645238,0.41266340641373506,0.434991360475142,True
CLASSIC,1991,HW,evspsblveg,precipitation,13251,0.336548145418638,0.33841010884165895,0.006937968299199516,0.32791090697602376,0.35463177598083256,True
CLASSIC,1991,HW,evspsblveg,lai,13251,0.44007432689309317,0.4423267629334735,0.006654096661670848,0.42855168566843654,0.45451803784544664,True
CLASSIC,1991,HW,evspsblsoi,precipitation,13251,0.1955637866738405,0.20133629970328207,0.009039018914046409,0.18462061287531029,0.21810257177783698,True
CLASSIC,1991,HW,evspsblsoi,lai,13251,0.35935953569897894,0.36242675853109974,0.005676068373623885,0.3518443648289822,0.37352823134094265,True
CLASSIC,1991,HD,evapotrans,precipitation,11829,0.5034718478451842,0.505699678928608,0.005129182221926758,0.49553517730833263,0.5150058343467504,True
CLASSIC,1991,HD,evapotrans,lai,11829,0.4870280619709988,0.4896691697090787,0.0065929990338304805,0.47683099454673333,0.5036700553158358,True
CLASSIC,1991,HD,tran,precipitation,11829,0.44878810462173335,0.45117290514750785,0.0058888258245812074,0.4391889403265516,0.4619714863925062,True
CLASSIC,1991,HD,tran,lai,11829,0.624485134639449,0.627514512481965,0.004405427612402298,0.6178590508078952,0.6356023621450329,True
CLASSIC,1991,HD,evspsblveg,precipitation,11829,0.4912446554310873,0.49123214444406577,0.006270236552889695,0.4791867287184097,0.5016793908340317,True
CLASSIC,1991,HD,evspsblveg,lai,11829,0.6071542015278726,0.6059059400645495,0.005759297818238969,0.5962963168154269,0.6163567811843488,True
CLASSIC,1991,HD,evspsblsoi,precipitation,11829,0.4310436285671686,0.4332288290580875,0.006257068046753032,0.42208573453323106,0.44520900903355354,True
CLASSIC,1991,HD,evspsblsoi,lai,11829,0.3807733719163907,0.38167648252336356,0.010366110137718668,0.3616162215323693,0.40110117795035016,True
CLASSIC,1991,CW,evapotrans,precipitation,22462,0.29940862261014345,0.3003029004987276,0.00700864380445435,0.2880440698920193,0.3132268538970903,True
CLASSIC,1991,CW,evapotrans,lai,22462,0.31290796614414707,0.31397035778341215,0.006150233175883658,0.303627277243511,0.3253830834219221,True
CLASSIC,1991,CW,tran,precipitation,22462,0.31769676676112,0.31592166000922345,0.005693222857551576,0.3030998590177259,0.3262493837681002,True
CLASSIC,1991,CW,tran,lai,22462,0.44450237238504636,0.4457278267591734,0.004044609531160898,0.4385772858813789,0.4539833554498465,True
CLASSIC,1991,CW,evspsblveg,precipitation,22462,0.3465264572545089,0.34956611634469825,0.005847271031812066,0.3389955819437565,0.36044985302627214,True
CLASSIC,1991,CW,evspsblveg,lai,22462,0.5578723318051827,0.5587830608147343,0.00316230022336284,0.5528246235474528,0.5646102003023133,True
CLASSIC,1991,CW,evspsblsoi,precipitation,22462,0.1384724067012917,0.1425410385078311,0.005875230134769676,0.13010136123827978,0.15189934366871014,True
CLASSIC,1991,CW,evspsblsoi,lai,22462,0.19425813991228963,0.19646663496351288,0.005466473142312909,0.18595101441206763,0.20701315267820428,True
CLASSIC,1991,CD,evapotrans,precipitation,13122,0.2728596655153519,0.2748511896888509,0.01119306633397668,0.250683970295488,0.2931976309881893,True
CLASSIC,1991,CD,evapotrans,lai,13122,0.36541116482838354,0.3682435727249425,0.006902026042882497,0.3534091885816682,0.3833621795061434,True
CLASSIC,1991,CD,tran,precipitation,13122,0.26486707913099977,0.26564684883948997,0.012538020661962206,0.24275714952166286,0.2876078282297873,True
CLASSIC,1991,CD,tran,lai,13122,0.4987545352991253,0.49892150260985807,0.010034386165929311,0.48342347879282976,0.5202230027255859,True
CLASSIC,1991,CD,evspsblveg,precipitation,13122,0.28271629352700256,0.2851963517133883,0.009354042896720993,0.269944327677867,0.3042542353885399,True
CLASSIC,1991,CD,evspsblveg,lai,13122,0.5402337026628153,0.5410024955896866,0.004985153867511831,0.5323052269983055,0.5508062280222266,True
CLASSIC,1991,CD,evspsblsoi,precipitation,13122,0.24278081215311464,0.24408462446213336,0.008673456188635733,0.22641566709526506,0.259365084841692,True
CLASSIC,1991,CD,evspsblsoi,lai,13122,0.34046051408730826,0.34514599337951696,0.01102629092538916,0.3256343931896068,0.3656273699107038,True
CLASSIC,1992,HW,evapotrans,precipitation,13257,0.30209908328956864,0.3053043476576349,0.007257846003529212,0.28870935112310664,0.3178226876904597,True
CLASSIC,1992,HW,evapotrans,lai,13257,0.37747659875539963,0.37693047971278154,0.007290148441553276,0.36287360371628813,0.3911935132269226,True
CLASSIC,1992,HW,tran,precipitation,13257,0.25592946979950776,0.2596079128125949,0.008378641353139331,0.24258382087512978,0.27309362926487807,True
CLASSIC,1992,HW,tran,lai,13257,0.43570717846308893,0.4353952367821305,0.005368671939986734,0.42563262479751657,0.44580192226751963,True
CLASSIC,1992,HW,evspsblveg,precipitation,13257,0.34878097864994073,0.3501997081892449,0.00626436251394763,0.336980612707915,0.3612698170499757,True
CLASSIC,1992,HW,evspsblveg,lai,13257,0.4226749165395521,0.4244955441885942,0.006448671449017345,0.4107966380644532,0.43542832767485,True
CLASSIC,1992,HW,evspsblsoi,precipitation,13257,0.20336767617250268,0.21051998063976232,0.007856612151868796,0.19495120623075318,0.2271146751630467,True
CLASSIC,1992,HW,evspsblsoi,lai,13257,0.37176164996839467,0.3745809874202155,0.006240876071727902,0.3632455027872041,0.385408433733497,True
CLASSIC,1992,HD,evapotrans,precipitation,11822,0.44931486537045134,0.4538954186803369,0.006435849532209091,0.44095639663560365,0.46580746992687067,True
CLASSIC,1992,HD,evapotrans,lai,11822,0.4766379525282096,0.47844766374905845,0.008303062387652395,0.4633070858798091,0.49313097791944266,True
CLASSIC,1992,HD,tran,precipitation,11822,0.3978921187851677,0.4006448571261862,0.005544699696114095,0.3910017458400438,0.4120163952860515,True
CLASSIC,1992,HD,tran,lai,11822,0.6263712639917376,0.6267909599924119,0.0041764120399048355,0.6184930025080715,0.6333036349011233,True
CLASSIC,1992,HD,evspsblveg,precipitation,11822,0.4523296604742236,0.45525393463744335,0.004692446878961781,0.44610093187530675,0.46382752423844287,True
CLASSIC,1992,HD,evspsblveg,lai,11822,0.5869477909922164,0.5887707614439263,0.00601280766136072,0.5774081114604112,0.5988886287778061,True
CLASSIC,1992,HD,evspsblsoi,precipitation,11822,0.4308739534911681,0.43421652387457227,0.005654113146557837,0.42377520715779277,0.4439774338374331,True
CLASSIC,1992,HD,evspsblsoi,lai,11822,0.3362015572496683,0.3364604936436863,0.009125178970429948,0.3186957927046112,0.35614616852945946,True
CLASSIC,1992,CW,evapotrans,precipitation,22431,0.24253052845165804,0.24314392847912525,0.00609609638526709,0.23240745231360962,0.25661956640506045,True
CLASSIC,1992,CW,evapotrans,lai,22431,0.26113623945611697,0.2624608033486486,0.004823927263783407,0.2537933101780314,0.2715071620922776,True
CLASSIC,1992,CW,tran,precipitation,22431,0.2470919619475332,0.2489291668336463,0.0055448745867485135,0.23871435075941624,0.25731470456858957,True
CLASSIC,1992,CW,tran,lai,22431,0.3951179235863502,0.39645870675708084,0.004317427671552296,0.3883279246733072,0.4034718850481545,True
CLASSIC,1992,CW,evspsblveg,precipitation,22431,0.29819146410022473,0.2997329084868983,0.0056202933475699044,0.2896679445689549,0.3102069705292807,True
CLASSIC,1992,CW,evspsblveg,lai,22431,0.5209741438613561,0.5228793098031658,0.0034275984499392534,0.5167887702431154,0.529180418901116,True
CLASSIC,1992,CW,evspsblsoi,precipitation,22431,0.13646632815253598,0.13706637578926562,0.00644594222081948,0.12662874341774702,0.14966179098183027,True
CLASSIC,1992,CW,evspsblsoi,lai,22431,0.17677314932124605,0.17939958910128517,0.004373853929210596,0.17082735776031566,0.18702073791196347,True
CLASSIC,1992,CD,evapotrans,precipitation,13396,0.32790283951412486,0.3328344689119145,0.00669731232029311,0.3232911993819437,0.34525248577409573,True
CLASSIC,1992,CD,evapotrans,lai,13396,0.3779268037239898,0.3775491298546207,0.0047892971399530315,0.3676701942926614,0.3857579855445285,True
CLASSIC,1992,CD,tran,precipitation,13396,0.31297760057563473,0.3154334581479901,0.00710390369626221,0.3032412401869876,0.3299528220629414,True
CLASSIC,1992,CD,tran,lai,13396,0.4762307082087324,0.4765418149357236,0.003538760400251382,0.46983254013846004,0.48355041101598606,True
CLASSIC,1992,CD,evspsblveg,precipitation,13396,0.32204223809326976,0.3238543881868213,0.006717184981979754,0.31261838035970185,0.3362568249107913,True
CLASSIC,1992,CD,evspsblveg,lai,13396,0.515460173007759,0.5169565446650429,0.0037643557438234144,0.5091315728295777,0.5245361824340581,True
CLASSIC,1992,CD,evspsblsoi,precipitation,13396,0.3269802243401595,0.3297833297499052,0.00660819650392173,0.3178024237629102,0.3421841409809322,True
CLASSIC,1992,CD,evspsblsoi,lai,13396,0.3426529639054652,0.34475914354094767,0.005579106781516643,0.33446420284170564,0.3549543422032049,True
CLASSIC,1993,HW,evapotrans,precipitation,13246,0.2762638204769542,0.2799483665264813,0.00699220871674166,0.26771679054514363,0.2927507330836336,True
CLASSIC,1993,HW,evapotrans,lai,13246,0.33816385344871935,0.34087080332398606,0.007114169562545915,0.32611744798253334,0.35335347268406314,True
CLASSIC,1993,HW,tran,precipitation,13246,0.26920223691595047,0.27120125839485537,0.007944438943182463,0.257167743181528,0.2854166606041525,True
CLASSIC,1993,HW,tran,lai,13246,0.42673606055994645,0.428611694348778,0.005650558870364074,0.41751388922959776,0.4382831466054448,True
CLASSIC,1993,HW,evspsblveg,precipitation,13246,0.2800985416743823,0.2822221570719629,0.007138488024414911,0.2699884115359278,0.2970501410070527,True
CLASSIC,1993,HW,evspsblveg,lai,13246,0.36746941259641575,0.37135193081454987,0.0052507640851439975,0.3623318612535902,0.3818425169059194,True
CLASSIC,1993,HW,evspsblsoi,precipitation,13246,0.21717100783718263,0.22138097042744673,0.008205939787613876,0.20600230041400708,0.2357063353752492,True
CLASSIC,1993,HW,evspsblsoi,lai,13246,0.39169110034919574,0.3955762221463801,0.0066183736527085455,0.38495997498164364,0.4089658182223991,True
CLASSIC,1993,HD,evapotrans,precipitation,11824,0.5018464552866749,0.5039466508487805,0.004104426214934998,0.49506206091463345,0.5107563125694483,True
CLASSIC,1993,HD,evapotrans,lai,11824,0.46705988451032515,0.4675093148194548,0.010258220232053876,0.4493920227198103,0.48880292268541486,True
CLASSIC,1993,HD,tran,precipitation,11824,0.43225893190367926,0.43546614769882247,0.006487142033720886,0.4235131704107853,0.4486926119432966,True
CLASSIC,1993,HD,tran,lai,11824,0.614674847566909,0.616047734672841,0.004479392874937481,0.6065337550033558,0.6252335343413074,True
CLASSIC,1993,HD,evspsblveg,precipitation,11824,0.46945156142315153,0.4733844226079084,0.005296073630490147,0.4634381924968026,0.4844038981011792,True
CLASSIC,1993,HD,evspsblveg,lai,11824,0.5848188833861097,0.5857721210290343,0.006008206221756199,0.573758805304808,0.5977761468829923,True
CLASSIC,1993,HD,evspsblsoi,precipitation,11824,0.4296927137408466,0.43140475170640763,0.00705126910535892,0.42037773713533416,0.4447854103287199,True
CLASSIC,1993,HD,evspsblsoi,lai,11824,0.36423118101841945,0.3638076493866897,0.008257280689938487,0.3478099259697313,0.3794924656443276,True
CLASSIC,1993,CW,evapotrans,precipitation,22453,0.33427049847924156,0.33566829869915826,0.0056773202631764195,0.32497185302260506,0.3463046724757015,True
CLASSIC,1993,CW,evapotrans,lai,22453,0.28533623861851687,0.2872944646508821,0.005024100816570016,0.2771113418095148,0.2953525709704387,True
CLASSIC,1993,CW,tran,precipitation,22453,0.2691074009054951,0.27045570815023745,0.006491259860472636,0.25649701055356666,0.2839385940210117,True
CLASSIC,1993,CW,tran,lai,22453,0.4314696266797151,0.4336161574419146,0.0036063733305965696,0.4274902952347109,0.4412320602284289,True
CLASSIC,1993,CW,evspsblveg,precipitation,22453,0.31156528151345286,0.31177033968613926,0.0061736342288219856,0.29940075911469305,0.3228350434380804,True
CLASSIC,1993,CW,evspsblveg,lai,22453,0.535088420781366,0.5360136836318642,0.003206746133117664,0.5304547155972474,0.5414228775155147,True
CLASSIC,1993,CW,evspsblsoi,precipitation,22453,0.11282826509207455,0.11488016622890196,0.005984385859958135,0.10398612618366883,0.12503530743828908,True
CLASSIC,1993,CW,evspsblsoi,lai,22453,0.18265167020007247,0.18437511578105392,0.004925299203618624,0.17485049784216206,0.1942066858472236,True
CLASSIC,1993,CD,evapotrans,precipitation,13313,0.32994571415857576,0.33245403804627877,0.007251473672868987,0.3209448509663058,0.3480964516190856,True
CLASSIC,1993,CD,evapotrans,lai,13313,0.38329083896518445,0.38484865946933206,0.006701115733507934,0.3737748220132833,0.3994069667460278,True
CLASSIC,1993,CD,tran,precipitation,13313,0.3004987689181323,0.3031020528710966,0.00740390385425401,0.2888463892576882,0.31730987618431344,True
CLASSIC,1993,CD,tran,lai,13313,0.48886882510855345,0.4919006985062193,0.012476315523917954,0.48041651463432694,0.5425011987965146,True
CLASSIC,1993,CD,evspsblveg,precipitation,13313,0.3183674733621417,0.3211747569474962,0.005305550331793911,0.3111149339167862,0.33185193588347917,True
CLASSIC,1993,CD,evspsblveg,lai,13313,0.5117875665724565,0.5141515917517409,0.008667284609742004,0.5050642678776318,0.547074094442686,True
CLASSIC,1993,CD,evspsblsoi,precipitation,13313,0.3173220604652636,0.32125789153625744,0.006939733036450602,0.30941359430376,0.3339925833654694,True
CLASSIC,1993,CD,evspsblsoi,lai,13313,0.3520726169768025,0.3548858136653108,0.008472900139008943,0.3421310928241456,0.3740032238412037,True
CLASSIC,1994,HW,evapotrans,precipitation,13255,0.3045301406721227,0.30640651689321713,0.0064801701834066375,0.2945976025870792,0.31713369568742333,True
CLASSIC,1994,HW,evapotrans,lai,13255,0.3574458370528666,0.35914920783148674,0.006745764128067319,0.3456595468670502,0.37031278403846607,True
CLASSIC,1994,HW,tran,precipitation,13255,0.24771986721058392,0.25160243449047703,0.007694005296508448,0.2384419260515964,0.26593154627511373,True
CLASSIC,1994,HW,tran,lai,13255,0.41526797831480045,0.4169307313205677,0.0065930963330505885,0.40374225243726514,0.4298137816113513,True
CLASSIC,1994,HW,evspsblveg,precipitation,13255,0.38781633396023985,0.39011037837887663,0.006438235290315897,0.37690769431164284,0.40130506410756867,True
CLASSIC,1994,HW,evspsblveg,lai,13255,0.4573589009639779,0.45835539676596765,0.004128274790566209,0.4500082603842132,0.4662832822880096,True
CLASSIC,1994,HW,evspsblsoi,precipitation,13255,0.1879182042414224,0.19203831866760598,0.006819609419885282,0.18168924131762795,0.20724778490186627,True
CLASSIC,1994,HW,evspsblsoi,lai,13255,0.3419546776181405,0.34533638091158636,0.007281683146651914,0.3329543701346482,0.35846675482510015,True
CLASSIC,1994,HD,evapotrans,precipitation,11822,0.46432292186095625,0.4673368750646172,0.006150656741015354,0.45476017113005396,0.4794056477671255,True
CLASSIC,1994,HD,evapotrans,lai,11822,0.46547003908225826,0.470129243433747,0.0080501865688553,0.45664647123967395,0.48926352438641585,True
CLASSIC,1994,HD,tran,precipitation,11822,0.47796162506885886,0.479421903617409,0.0060105443534669975,0.467917856758692,0.49092347727590646,True
CLASSIC,1994,HD,tran,lai,11822,0.6205339724812582,0.6221889900051597,0.004233510882627278,0.6131659711798311,0.6291607762241035,True
CLASSIC,1994,HD,evspsblveg,precipitation,11822,0.4959488492858267,0.4970694592593931,0.0050076742347831054,0.48826851487169715,0.5065837436146955,True
CLASSIC,1994,HD,evspsblveg,lai,11822,0.5997254537913054,0.6002307341973644,0.005154343020304683,0.5898439170708389,0.6085812801274718,True
CLASSIC,1994,HD,evspsblsoi,precipitation,11822,0.397946755260164,0.401316665700247,0.007406900260792227,0.38845779195171376,0.4154840907191317,True
CLASSIC,1994,HD,evspsblsoi,lai,11822,0.343128124949501,0.3459974640123989,0.011367321842302212,0.3254124686655952,0.3693856349722328,True
CLASSIC,1994,CW,evapotrans,precipitation,22366,0.290269669809422,0.29078279860665773,0.007918581052487154,0.2761640790323409,0.30682177092302787,True
CLASSIC,1994,CW,evapotrans,lai,22366,0.28913805517405355,0.2901044421587672,0.003992806793107204,0.2823908142934275,0.29828933154675075,True
CLASSIC,1994,CW,tran,precipitation,22366,0.28556336168823204,0.28491104653234006,0.0071755488501372275,0.2721004624302453,0.29827374537157797,True
CLASSIC,1994,CW,tran,lai,22366,0.4153639396698754,0.41674492613659736,0.003916699380080906,0.40837357072944125,0.4238368666177449,True
CLASSIC,1994,CW,evspsblveg,precipitation,22366,0.30928972471666655,0.31042220179742147,0.006301562367803186,0.29870642883416676,0.321708373301528,True
CLASSIC,1994,CW,evspsblveg,lai,22366,0.5481969169062462,0.5492014146266936,0.0029595986187013514,0.5437580221149647,0.5551214660405815,True
CLASSIC,1994,CW,evspsblsoi,precipitation,22366,0.1364776942176545,0.13933898908306225,0.0070207548742681584,0.12713315693731872,0.1534889856418339,True
CLASSIC,1994,CW,evspsblsoi,lai,22366,0.15695234132880426,0.16012259256631303,0.00433250261774221,0.15244664059187482,0.16925494539347904,True
CLASSIC,1994,CD,evapotrans,precipitation,13314,0.27077240841931105,0.272689810774976,0.009548377776089169,0.25674522746234324,0.2891820723280026,True
CLASSIC,1994,CD,evapotrans,lai,13314,0.4228274875353635,0.4258248570955261,0.00843670318737025,0.4096684425949618,0.44136621777384877,True
CLASSIC,1994,CD,tran,precipitation,13314,0.23144039890261148,0.2360556008546796,0.008137066370045593,0.2251793007160548,0.2509535029227108,True
CLASSIC,1994,CD,tran,lai,13314,0.5664442968976692,0.5660061093069768,0.007947811510891448,0.5484697296429184,0.5791015036418419,True
CLASSIC,1994,CD,evspsblveg,precipitation,13314,0.2791145749824661,0.2804580315434354,0.007261547111843521,0.2673887758342295,0.29253392689068086,True
CLASSIC,1994,CD,evspsblveg,lai,13314,0.5397959836654207,0.5412987444154633,0.006339092936498336,0.5302895510473659,0.5538316420003595,True
CLASSIC,1994,CD,evspsblsoi,precipitation,13314,0.2551971187621738,0.257839361855541,0.009838809318930171,0.24382665767295264,0.2736937289868126,True
CLASSIC,1994,CD,evspsblsoi,lai,13314,0.4036618498776645,0.40331853222925285,0.008156789584438181,0.38678893420628957,0.41750463064758264,True
CLASSIC,1995,HW,evapotrans,precipitation,13260,0.31816514414183666,0.32039866126497096,0.006557008812553538,0.3088494021837,0.33402210367511154,True
CLASSIC,1995,HW,evapotrans,lai,13260,0.3819381598793364,0.38067262846957844,0.006724410169373136,0.36756221719457016,0.3926753392684229,True
CLASSIC,1995,HW,tran,precipitation,13260,0.26017957255471125,0.2622287003778925,0.00825223470755715,0.2479874532706828,0.28104003614611683,True
CLASSIC,1995,HW,tran,lai,13260,0.4233408748114631,0.42512761495028323,0.006546116067222791,0.41215725760550953,0.4380245007995165,True
CLASSIC,1995,HW,evspsblveg,precipitation,13260,0.3866709354278721,0.38844951626907964,0.007345550990159809,0.3739704110472572,0.40544484501672434,True
CLASSIC,1995,HW,evspsblveg,lai,13260,0.44634238310708896,0.44663518887042,0.004315325784373863,0.43758582413297875,0.4551374368595629,True
CLASSIC,1995,HW,evspsblsoi,precipitation,13260,0.16124861265260823,0.16780232565860717,0.006705484426433369,0.1552132172100539,0.17948073638135967,True
CLASSIC,1995,HW,evspsblsoi,lai,13260,0.3768099547511312,0.3784144729954544,0.005953814541185782,0.3667336079569709,0.38835524124902343,True
CLASSIC,1995,HD,evapotrans,precipitation,11831,0.4607579279743865,0.4636017496156752,0.005189422321504669,0.45420072746320456,0.4728939172147341,True
CLASSIC,1995,HD,evapotrans,lai,11831,0.47340921985759865,0.475528251402392,0.007993032493298493,0.46152405579331,0.49321091004475326,True
CLASSIC,1995,HD,tran,precipitation,11831,0.431022937648296,0.4310474396448874,0.005434236798192284,0.4205447164379805,0.43935435706769554,True
CLASSIC,1995,HD,tran,lai,11831,0.613048174298605,0.6149596613981857,0.004508169403680814,0.6060754952478457,0.6240298310035561,True
CLASSIC,1995,HD,evspsblveg,precipitation,11831,0.45334431035134093,0.456090651278026,0.004736214210814196,0.44723266889879704,0.4645436742560501,True
CLASSIC,1995,HD,evspsblveg,lai,11831,0.5811825216973361,0.5817765262288749,0.005245887131654183,0.5711014745047424,0.5904882533836456,True
CLASSIC,1995,HD,evspsblsoi,precipitation,11831,0.42953744954031037,0.4317278013970131,0.007064818269269164,0.4159120751469573,0.4426417872570586,True
CLASSIC,1995,HD,evspsblsoi,lai,11831,0.36420051538742326,0.36713268975791125,0.011196179400669817,0.343810718783341,0.3855430807690119,True
CLASSIC,1995,CW,evapotrans,precipitation,22400,0.23272937982087077,0.23350150303199957,0.00527197104483994,0.22499116737367975,0.24311030311294096,True
CLASSIC,1995,CW,evapotrans,lai,22400,0.2964285714285714,0.2991376038355147,0.006756574542213099,0.28561542054130673,0.3128464208551299,True
CLASSIC,1995,CW,tran,precipitation,22400,0.23670497466054696,0.23710290606357348,0.005835347774235536,0.22767820366146058,0.24919191031773905,True
CLASSIC,1995,CW,tran,lai,22400,0.38921875,0.3908431722545405,0.0037193795878484393,0.3840459459035746,0.39765583676944427,True
CLASSIC,1995,CW,evspsblveg,precipitation,22400,0.2938116653120418,0.29499055717737444,0.005404318783722763,0.28572169904995864,0.30570744370027814,True
CLASSIC,1995,CW,evspsblveg,lai,22400,0.55140625,0.5531695391232581,0.003310807109517846,0.5461818883497659,0.5591403525599247,True
CLASSIC,1995,CW,evspsblsoi,precipitation,22400,0.1382670708538221,0.14105122952023522,0.005765623150003681,0.13166953843246973,0.15157623870512127,True
CLASSIC,1995,CW,evspsblsoi,lai,22400,0.17569196428571426,0.1770788274767718,0.0044404113776879365,0.1694849467162677,0.18718400588605202,True
CLASSIC,1995,CD,evapotrans,precipitation,13440,0.24987647032543664,0.25394545710402494,0.007543121664076935,0.2404592695261304,0.268818905003503,True
CLASSIC,1995,CD,evapotrans,lai,13440,0.40431547619047614,0.40219914214252384,0.011892899113099523,0.3712787265733514,0.41890997023809523,True
CLASSIC,1995,CD,tran,precipitation,13440,0.24785295447292835,0.2508402798441932,0.00866993178673946,0.23600062638339306,0.2673172708512316,True
CLASSIC,1995,CD,tran,lai,13440,0.5431547619047619,0.5413537531103575,0.012812924064069173,0.5024761365396531,0.5559692508332447,True
CLASSIC,1995,CD,evspsblveg,precipitation,13440,0.27699087681752854,0.2820303069325909,0.007532908892725861,0.26866333389031893,0.29704147373982126,True
CLASSIC,1995,CD,evspsblveg,lai,13440,0.5780505952380953,0.5742353978764052,0.014707978111606181,0.5283286830357142,0.5866345100144488,True
CLASSIC,1995,CD,evspsblsoi,precipitation,13440,0.21880573442202159,0.22213629832355639,0.008291198545250008,0.20786735479225296,0.23915412335934352,True
CLASSIC,1995,CD,evspsblsoi,lai,13440,0.3691220238095238,0.36757141972372076,0.013198809576838269,0.33433779600590396,0.38756506171105054,True
CLASSIC,1996,HW,evapotrans,precipitation,13255,0.30732063511356505,0.3102014357564672,0.007355153591820979,0.29806549814765665,0.3243575381127078,True
CLASSIC,1996,HW,evapotrans,lai,13255,0.3534725221081091,0.3535789992298127,0.007001227088118414,0.34103797714436657,0.3677881669044335,True
CLASSIC,1996,HW,tran,precipitation,13255,0.25876732255505924,0.25960522170684347,0.008072214857838303,0.2449870041673278,0.27358762841033396,True
CLASSIC,1996,HW,tran,lai,13255,0.4315695491555877,0.4312324514973569,0.005329413452586308,0.42195071613556917,0.44157324053164726,True
CLASSIC,1996,HW,evspsblveg,precipitation,13255,0.33050347243595046,0.3347382508309363,0.0076668186594709585,0.3195370585247184,0.3508761783575214,True
CLASSIC,1996,HW,evspsblveg,lai,13255,0.42354579762439176,0.42487365954200784,0.0058101628433887866,0.4141146181250388,0.4342409667283393,True
CLASSIC,1996,HW,evspsblsoi,precipitation,13255,0.18722449139827713,0.1939817848316089,0.007253139114757411,0.17961902818170206,0.2091725104336416,True
CLASSIC,1996,HW,evspsblsoi,lai,13255,0.3605965453424938,0.3640332375339015,0.007467168991465086,0.3498379319726188,0.37843834968246887,True
CLASSIC,1996,HD,evapotrans,precipitation,11826,0.4893361104284884,0.49189436948779075,0.006454102764714591,0.47788744721484494,0.5048042613424243,True
CLASSIC,1996,HD,evapotrans,lai,11826,0.4543727812080464,0.45832110373300894,0.009749812940832537,0.4411392137243912,0.47559164250696084,True
CLASSIC,1996,HD,tran,precipitation,11826,0.42572557079055146,0.42835577072982284,0.007710738859034931,0.4128113190950043,0.4427921691095367,True
CLASSIC,1996,HD,tran,lai,11826,0.6213508096191622,0.6217811899440588,0.004575177780635375,0.6115015016270724,0.6308162923475447,True
CLASSIC,1996,HD,evspsblveg,precipitation,11826,0.47559477169593084,0.4783950077968215,0.006354138948797411,0.4674757057833912,0.4915928043544559,True
CLASSIC,1996,HD,evspsblveg,lai,11826,0.5855044667830056,0.5880998601649162,0.006397420491668475,0.5772540842398648,0.6018855256331415,True
CLASSIC,1996,HD,evspsblsoi,precipitation,11826,0.3806735939102942,0.38305522518574797,0.005813894414944934,0.3731363008113964,0.3945554686110701,True
CLASSIC,1996,HD,evspsblsoi,lai,11826,0.32151388140148235,0.32427929058736493,0.00760065954424502,0.310478268008124,0.3389186169305593,True
CLASSIC,1996,CW,evapotrans,precipitation,22457,0.2543123033904714,0.25521982823008665,0.006610739760388573,0.24287894902248267,0.2687332626117409,True
CLASSIC,1996,CW,evapotrans,lai,22457,0.2663286441896451,0.2688262847094276,0.005339648136495257,0.2592833401406739,0.2809778001310686,True
CLASSIC,1996,CW,tran,precipitation,22457,0.2223490039819973,0.22566968563346868,0.006562891623967691,0.21286576838085217,0.2374957266930818,True
CLASSIC,1996,CW,tran,lai,22457,0.406768142522986,0.40790325937287414,0.004276608501004451,0.3996581830863534,0.4156967194892351,True
CLASSIC,1996,CW,evspsblveg,precipitation,22457,0.28242049812896164,0.2845980039258091,0.006017504209646151,0.27292637801707925,0.2957987319074753,True
CLASSIC,1996,CW,evspsblveg,lai,22457,0.5215034647298799,0.5238613745758891,0.0033097277543374637,0.5179977858923148,0.5296915420775674,True
CLASSIC,1996,CW,evspsblsoi,precipitation,22457,0.12330442129014706,0.12853630109402067,0.0048077624552903195,0.11944325161028463,0.1381086506453786,True
CLASSIC,1996,CW,evspsblsoi,lai,22457,0.1803481557146105,0.18169804854413396,0.0054627067895193565,0.17142540389648608,0.19171947839461503,True
CLASSIC,1996,CD,evapotrans,precipitation,13045,0.32972153759192624,0.3324352744723822,0.00919140453425184,0.31283463285391133,0.348337171359944,True
CLASSIC,1996,CD,evapotrans,lai,13045,0.37607397910856766,0.3761012029082565,0.010090032055824394,0.3588827509899366,0.39738138871457873,True
CLASSIC,1996,CD,tran,precipitation,13045,0.30132730558668097,0.3036091504205952,0.010753090263477755,0.2838798528898792,0.32451701077041045,True
CLASSIC,1996,CD,tran,lai,13045,0.5181066423476648,0.5183435384619959,0.009600863751605607,0.49884595697307,0.5327196416285509,True
CLASSIC,1996,CD,evspsblveg,precipitation,13045,0.355946402986012,0.35762350461727993,0.009031484202339745,0.34082235622869456,0.37430290422371215,True
CLASSIC,1996,CD,evspsblveg,lai,13045,0.5621425393091113,0.5615189035600232,0.005827642473157875,0.5478235868653507,0.5704969847993991,True
CLASSIC,1996,CD,evspsblsoi,precipitation,13045,0.29954568853133545,0.30233526132781535,0.01055633436829434,0.28346544887317976,0.32228863688763776,True
CLASSIC,1996,CD,evspsblsoi,lai,13045,0.3504911527882411,0.3511065833795726,0.011921085975635556,0.3276830458563012,0.3734743795433297,True
CLASSIC,1997,HW,evapotrans,precipitation,13273,0.2812652490182182,0.2833847714748846,0.007665494631460905,0.267929158130587,0.29786414752226065,True
CLASSIC,1997,HW,evapotrans,lai,13273,0.3479059057230198,0.34866146701245104,0.0071459644982762634,0.3335374227353101,0.36095180115847514,True
CLASSIC,1997,HW,tran,precipitation,13273,0.25541692004414696,0.2534248089528643,0.007245053631988811,0.23903690554159096,0.2666027947593879,True
CLASSIC,1997,HW,tran,lai,13273,0.412205177561851,0.4140385950711579,0.005658561095227568,0.4048169898347932,0.42327168065213117,True
CLASSIC,1997,HW,evspsblveg,precipitation,13273,0.3555303369424534,0.35674731031093243,0.007536960304583642,0.3409564986208204,0.37227602915967617,True
CLASSIC,1997,HW,evspsblveg,lai,13273,0.4238823493312829,0.42607471056663065,0.0060591965874963235,0.4135020343651841,0.43725283988075136,True
CLASSIC,1997,HW,evspsblsoi,precipitation,13273,0.20546342537953763,0.2116369648263924,0.006336458458503028,0.1987605419547683,0.2226648958818145,True
CLASSIC,1997,HW,evspsblsoi,lai,13273,0.37346146550518644,0.37628285989026844,0.006895354398751808,0.36378445105801216,0.3908579139240309,True
CLASSIC,1997,HD,evapotrans,precipitation,11823,0.5055813226721919,0.5087388154278275,0.005448765530086274,0.4974840783525717,0.5188460797429361,True
CLASSIC,1997,HD,evapotrans,lai,11823,0.4853123332264265,0.4853328223728825,0.0073010173143015005,0.47026899691336865,0.4990932232085395,True
CLASSIC,1997,HD,tran,precipitation,11823,0.47697407532233516,0.48015688167963916,0.005322488934915777,0.47034389720775793,0.4896555809856478,True
CLASSIC,1997,HD,tran,lai,11823,0.6055069465822231,0.6075331636018863,0.004402606569645135,0.5995100746287683,0.6152002023501469,True
CLASSIC,1997,HD,evspsblveg,precipitation,11823,0.5157768672232452,0.5169222965239957,0.005216627891758683,0.5082510824263762,0.5265349287892505,True
CLASSIC,1997,HD,evspsblveg,lai,11823,0.6077876255135499,0.6101510999412727,0.005987722756948772,0.59674116993907,0.6194077347863942,True
CLASSIC,1997,HD,evspsblsoi,precipitation,11823,0.4146827600633876,0.41756091624797037,0.006011452278061731,0.4049060801656785,0.4278046137487327,True
CLASSIC,1997,HD,evspsblsoi,lai,11823,0.3391520270864971,0.34132274493124476,0.0059084959943516415,0.32909578011367874,0.3513845507187015,True
CLASSIC,1997,CW,evapotrans,precipitation,22370,0.2739671849168117,0.2751271789858569,0.005560270113121573,0.2643421617937584,0.2862783157653592,True
CLASSIC,1997,CW,evapotrans,lai,22370,0.26774698256593654,0.2681079508613241,0.005080879173820411,0.2574119157110817,0.27734183943495816,True
CLASSIC,1997,CW,tran,precipitation,22370,0.29110127588866175,0.2917796488498374,0.006002526278812983,0.2818621723542376,0.3042858713265438,True
CLASSIC,1997,CW,tran,lai,22370,0.4118238712561466,0.41289845445052187,0.0037634368051748593,0.40553810907465354,0.41889273467023547,True
CLASSIC,1997,CW,evspsblveg,precipitation,22370,0.3146305181554302,0.31511286646646786,0.004632596253231926,0.3059092730509804,0.322907415205238,True
CLASSIC,1997,CW,evspsblveg,lai,22370,0.5398524810013411,0.5410733668786188,0.002816527080759389,0.5355929757794314,0.5461031052601275,True
CLASSIC,1997,CW,evspsblsoi,precipitation,22370,0.13101867005271273,0.13015959616876274,0.00508864762136817,0.11917106269785992,0.14067165863302497,True
CLASSIC,1997,CW,evspsblsoi,lai,22370,0.1736700938757264,0.17619709626721605,0.00539740740334582,0.16769486228873107,0.1876413843690798,True
CLASSIC,1997,CD,evapotrans,precipitation,13399,0.24350277125274533,0.2466694268644237,0.006291350327338972,0.23554505259883257,0.25801532002056055,True
CLASSIC,1997,CD,evapotrans,lai,13399,0.3842171336020844,0.38671063688568647,0.009050391695922859,0.3658934316150465,0.4059424804909785,True
CLASSIC,1997,CD,tran,precipitation,13399,0.26817659260380483,0.27313682935437905,0.00612975970273552,0.26161206536177967,0.2855016045890186,True
CLASSIC,1997,CD,tran,lai,13399,0.5149754437009668,0.5150178405486858,0.010440960613676298,0.49383393038380313,0.5320773678501954,True
CLASSIC,1997,CD,evspsblveg,precipitation,13399,0.28328908025207483,0.2878204351014216,0.005748724188781617,0.2775949500978126,0.29861649437852805,True
CLASSIC,1997,CD,evspsblveg,lai,13399,0.5407889093973375,0.541602891847938,0.006100620844277186,0.5310144374876884,0.5532264214993547,True
CLASSIC,1997,CD,evspsblsoi,precipitation,13399,0.23182156075621327,0.23509812798833746,0.006350863667785192,0.22430241704273357,0.24824565930410275,True
CLASSIC,1997,CD,evspsblsoi,lai,13399,0.3617538845068634,0.36404991890302363,0.010543482627823871,0.3413019614982782,0.38520315428459145,True
CLASSIC,1998,HW,evapotrans,precipitation,13255,0.30568979064219487,0.30901210272276275,0.0070188847172783985,0.2956074510868189,0.32333140638171826,True
CLASSIC,1998,HW,evapotrans,lai,13255,0.3653911299017474,0.36753719539499163,0.00684073340603535,0.35567281008092255,0.3804375946385737,True
CLASSIC,1998,HW,tran,precipitation,13255,0.2707336597988294,0.2718758923338863,0.008092877976757307,0.2574575241762276,0.28788976201021355,True
CLASSIC,1998,HW,tran,lai,13255,0.4120331715111605,0.41283502817787576,0.006958838828892539,0.40007720241464434,0.4250700281698283,True
CLASSIC,1998,HW,evspsblveg,precipitation,13255,0.3480601247259778,0.3502530286120213,0.006681234218798132,0.33774398708363496,0.3637324921167459,True
CLASSIC,1998,HW,evspsblveg,lai,13255,0.4505301508352521,0.4504181319159408,0.0041619760244573445,0.4428498580031933,0.4587426712534408,True
CLASSIC,1998,HW,evspsblsoi,precipitation,13255,0.20401779615576185,0.20888743334201074,0.00655606876429783,0.1981834648383451,0.22291501923192036,True
CLASSIC,1998,HW,evspsblsoi,lai,13255,0.32957813700354266,0.33291778222548774,0.005226171693232275,0.32187096308894075,0.3422674384904604,True
CLASSIC,1998,HD,evapotrans,precipitation,11823,0.4844598693675882,0.487246261942415,0.006344275028801227,0.4758259707725138,0.5005867666211363,True
CLASSIC,1998,HD,evapotrans,lai,11823,0.5018060383894251,0.5027681420920205,0.006173184988224033,0.48989372001832443,0.5141523512235366,True
CLASSIC,1998,HD,tran,precipitation,11823,0.4383553351013747,0.441335790815013,0.006562173916707064,0.43042418709089614,0.45507108384960293,True
CLASSIC,1998,HD,tran,lai,11823,0.617348702155439,0.6184039739275664,0.004477105515460309,0.6089311850643009,0.6261787911930113,True
CLASSIC,1998,HD,evspsblveg,precipitation,11823,0.46035377572150304,0.46268904336285116,0.005801649737616619,0.4528457654359097,0.47474948998785,True
CLASSIC,1998,HD,evspsblveg,lai,11823,0.5958621477280582,0.5978918400841243,0.004882834833472608,0.5893857156159207,0.6084978318277097,True
CLASSIC,1998,HD,evspsblsoi,precipitation,11823,0.4286487061676524,0.4315800586608029,0.006676026675306105,0.4207238060863808,0.44491256950132907,True
CLASSIC,1998,HD,evspsblsoi,lai,11823,0.3133572261868477,0.3171545538514894,0.008029407132943115,0.30416182584177276,0.3340021466890949,True
CLASSIC,1998,CW,evapotrans,precipitation,22463,0.3181161802649527,0.3183559705424495,0.005564891718780579,0.3080427879081831,0.3298042350714425,True
CLASSIC,1998,CW,evapotrans,lai,22463,0.27574615726052565,0.27616289467539895,0.005185542626794475,0.26696803468764035,0.28447544361575405,True
CLASSIC,1998,CW,tran,precipitation,22463,0.32553695902433244,0.32521995045081015,0.005469250552153359,0.3137244542481781,0.33669833805834415,True
CLASSIC,1998,CW,tran,lai,22463,0.39297133083080443,0.39485753074385194,0.004004701776842394,0.3878261212789259,0.40152469654751666,True
CLASSIC,1998,CW,evspsblveg,precipitation,22463,0.34778829007489,0.3500834129233708,0.0063833407124603905,0.3381997203056905,0.3642243438235183,True
CLASSIC,1998,CW,evspsblveg,lai,22463,0.5409730868797047,0.5426598405335203,0.0033657702469865164,0.5364656951915934,0.5494252318367908,True
CLASSIC,1998,CW,evspsblsoi,precipitation,22463,0.12556795520184044,0.12712877988050642,0.005723483101480057,0.11720574917788945,0.13890616632462535,True
CLASSIC,1998,CW,evspsblsoi,lai,22463,0.16138102768651197,0.16294042389233163,0.005923332801044014,0.15189262378088214,0.1744082803897923,True
CLASSIC,1998,CD,evapotrans,precipitation,13384,0.2706129473057183,0.27565837886732336,0.0060309242635010205,0.26439875553777625,0.28687696863230955,True
CLASSIC,1998,CD,evapotrans,lai,13384,0.3813791225629603,0.3816984589088125,0.010108673185898896,0.3626683879284201,0.39861126568907845,True
CLASSIC,1998,CD,tran,precipitation,13384,0.27412188989876324,0.27447798757064235,0.006549178816230132,0.2625712931327917,0.2864505838178603,True
CLASSIC,1998,CD,tran,lai,13384,0.5107858076528922,0.5102347865888581,0.008450766528432655,0.49665950257591496,0.5285776207631669,True
CLASSIC,1998,CD,evspsblveg,precipitation,13384,0.28034015644855503,0.28377939148794035,0.005314912913572889,0.27501190111583756,0.2928945661529165,True
CLASSIC,1998,CD,evspsblveg,lai,13384,0.5120901560616742,0.514774677609553,0.006070854466120922,0.501966200067125,0.5277156556043173,True
CLASSIC,1998,CD,evspsblsoi,precipitation,13384,0.2547821799171056,0.25904262683287427,0.006061131597869504,0.24726512476220372,0.2703973567197878,True
CLASSIC,1998,CD,evspsblsoi,lai,13384,0.35633203691443366,0.3572953112927407,0.011031919013073167,0.33612841748795624,0.3773163674994134,True
CLASSIC,1999,HW,evapotrans,precipitation,13252,0.31173010151474057,0.31387412553501015,0.008914513113838882,0.2946730067490526,0.3287449356897536,True
CLASSIC,1999,HW,evapotrans,lai,13252,0.3971251046477855,0.39639070280138483,0.00629759256533583,0.3831852601925582,0.40626626571390045,True
CLASSIC,1999,HW,tran,precipitation,13252,0.23293161382701355,0.23526041356759347,0.009027720719162424,0.21693529439258552,0.25189383133640886,True
CLASSIC,1999,HW,tran,lai,13252,0.42236976689883765,0.42358299573293834,0.006224820999470898,0.41237672795071934,0.4344971479003652,True
CLASSIC,1999,HW,evspsblveg,precipitation,13252,0.36461429382427546,0.3672661824571572,0.007020164106568624,0.3522209349287394,0.3804777128457646,True
CLASSIC,1999,HW,evspsblveg,lai,13252,0.4417490206867372,0.4439792263415304,0.0057332510892218694,0.4324206497943195,0.45409331699792366,True
CLASSIC,1999,HW,evspsblsoi,precipitation,13252,0.17323021614657363,0.1754890579146785,0.007329572209515436,0.1636111620668934,0.19005157470721834,True
CLASSIC,1999,HW,evspsblsoi,lai,13252,0.398554522208111,0.4010023800880683,0.00611541725564924,0.38981591232357765,0.41169872956229103,True
CLASSIC,1999,HD,evapotrans,precipitation,11832,0.46111437841816993,0.46299819001219494,0.004403224965942351,0.4542623976941782,0.4704554484536477,True
CLASSIC,1999,HD,evapotrans,lai,11832,0.46854054823316804,0.47137603271235196,0.009697200779053998,0.4550321962062027,0.48834217220861,True
CLASSIC,1999,HD,tran,precipitation,11832,0.4266242612123405,0.4273490393905652,0.006069718509979317,0.4164308013131989,0.4390175787123373,True
CLASSIC,1999,HD,tran,lai,11832,0.6167971779611662,0.6173549380795478,0.0047516888375019216,0.6100312804166759,0.6285637917618238,True
CLASSIC,1999,HD,evspsblveg,precipitation,11832,0.4481451578795158,0.45149589738293444,0.005173318016125994,0.4427508059381132,0.4608287777433465,True
CLASSIC,1999,HD,evspsblveg,lai,11832,0.5816375723927604,0.5828485636425524,0.0048575495679888,0.5718021799632583,0.5914584966423689,True
CLASSIC,1999,HD,evspsblsoi,precipitation,11832,0.42471635154776055,0.42803626829886204,0.006081826026261491,0.41711720753360043,0.4409811592332535,True
CLASSIC,1999,HD,evspsblsoi,lai,11832,0.3400752425853846,0.34259720787789144,0.008306205463683592,0.3273519304040349,0.36111016253663697,True
CLASSIC,1999,CW,evapotrans,precipitation,22423,0.27352369349352623,0.27495780896768446,0.006359710393608763,0.2639293118952842,0.2876554135920152,True
CLASSIC,1999,CW,evapotrans,lai,22423,0.27508882315186833,0.27716219918339685,0.004092577366570451,0.26910883431466104,0.2848791062469392,True
CLASSIC,1999,CW,tran,precipitation,22423,0.2724852529048735,0.27428069900507057,0.006184980374845676,0.26284042838791044,0.28553065624547386,True
CLASSIC,1999,CW,tran,lai,22423,0.4361990939515359,0.43673578824810505,0.003581291331647161,0.42969751986808963,0.4428854508103463,True
CLASSIC,1999,CW,evspsblveg,precipitation,22423,0.2902299331646465,0.2933580458252582,0.004763608806608564,0.28460415449863163,0.30168731079485156,True
CLASSIC,1999,CW,evspsblveg,lai,22423,0.5401077502499086,0.5423490500440318,0.0037627466316503084,0.5355133759262128,0.5499301495432446,True
CLASSIC,1999,CW,evspsblsoi,precipitation,22423,0.10605262104219756,0.113110508303336,0.006133451046900712,0.10149648734764102,0.12690037620721514,True
CLASSIC,1999,CW,evspsblsoi,lai,22423,0.1758326035420732,0.1773502551657437,0.006461792153061152,0.16529556667788903,0.19039300899098205,True
CLASSIC,1999,CD,evapotrans,precipitation,12999,0.30188643041825747,0.3096529861673518,0.011922978511619838,0.2860222846199611,0.3326799428358394,True
CLASSIC,1999,CD,evapotrans,lai,12999,0.38119358293833255,0.38400731780375513,0.00910523440625984,0.3680793169563884,0.39949735964980854,True
CLASSIC,1999,CD,tran,precipitation,12999,0.2992051085116336,0.30480259561763406,0.01232590805443456,0.2766001171733248,0.3249633039387743,True
CLASSIC,1999,CD,tran,lai,12999,0.513743719931119,0.5169662302953153,0.008027780931370364,0.5010550625838349,0.5343581644235198,True
CLASSIC,1999,CD,evspsblveg,precipitation,12999,0.32759617145891656,0.33110631634278426,0.012150252397469311,0.30899878997418,0.3524882036427973,True
CLASSIC,1999,CD,evspsblveg,lai,12999,0.5511219797972625,0.5517913164593053,0.005067984690523731,0.541270017091695,0.5608589225798435,True
CLASSIC,1999,CD,evspsblsoi,precipitation,12999,0.2854872296980741,0.2900551968277284,0.01203543462178277,0.2664048767328331,0.3118081974047631,True
CLASSIC,1999,CD,evspsblsoi,lai,12999,0.3623471627995053,0.3638055482709664,0.009180716775452787,0.3467044772674821,0.3793757726530019,True
CLASSIC,2000,HW,evapotrans,precipitation,13229,0.311978990704302,0.31473144195748726,0.008292757806603886,0.2977833579790432,0.33199761696075364,True
CLASSIC,2000,HW,evapotrans,lai,13229,0.3570364119644381,0.358741146475497,0.007805434396875647,0.344027329404715,0.3735610381678814,True
CLASSIC,2000,HW,tran,precipitation,13229,0.2070970365788028,0.212226494975388,0.007365530247238571,0.19889888481469742,0.2265638410057479,True
CLASSIC,2000,HW,tran,lai,13229,0.4189757071305185,0.4183307179277657,0.0054625251582271625,0.40837491635160295,0.42759858178206167,True
CLASSIC,2000,HW,evspsblveg,precipitation,13229,0.3320485063193183,0.3359320496904307,0.007929349486361172,0.3187494689882571,0.3513805135663692,True
CLASSIC,2000,HW,evspsblveg,lai,13229,0.4288368844484737,0.4334452059790542,0.005959683653358863,0.421407036038508,0.44501848992173276,True
CLASSIC,2000,HW,evspsblsoi,precipitation,13229,0.17074617955798915,0.17292474555196752,0.009177415773503454,0.1548228620028108,0.19035011802008872,True
CLASSIC,2000,HW,evspsblsoi,lai,13229,0.3765753586439742,0.37927782002067795,0.007358245810294884,0.36473031608235085,0.3929773462355804,True
CLASSIC,2000,HD,evapotrans,precipitation,11830,0.5162496620911303,0.5189437955203666,0.004987648911373897,0.5104571834415929,0.5284767103440293,True
CLASSIC,2000,HD,evapotrans,lai,11830,0.47227387996618764,0.4759212826897258,0.007565719991093908,0.46241225640264105,0.49137151310228233,True
CLASSIC,2000,HD,tran,precipitation,11830,0.418486153960578,0.42126796022184776,0.006247583925452397,0.41153642335797747,0.4354032969672166,True
CLASSIC,2000,HD,tran,lai,11830,0.6102282333051564,0.6119160885620883,0.005106453460028988,0.6019040182141143,0.6209615384615385,True
CLASSIC,2000,HD,evspsblveg,precipitation,11830,0.4545403509675279,0.4578850830983952,0.005591641525614827,0.4479183632477634,0.4678876154432578,True
CLASSIC,2000,HD,evspsblveg,lai,11830,0.5983939137785291,0.5997562322635024,0.006214938033400778,0.5900455157883897,0.6135364927185764,True
CLASSIC,2000,HD,evspsblsoi,precipitation,11830,0.42383770076077765,0.42579062067848034,0.005474157314558466,0.41404028228413736,0.436512045646661,True
CLASSIC,2000,HD,evspsblsoi,lai,11830,0.3142011834319527,0.31861409881089886,0.0075063015142663985,0.30296548878392404,0.3336783794105153,True
CLASSIC,2000,CW,evapotrans,precipitation,22356,0.3040794335222793,0.3053358707366336,0.005857252629433202,0.29411570528512554,0.3142708925634383,True
CLASSIC,2000,CW,evapotrans,lai,22356,0.2708292085594726,0.27293809426066346,0.004971932353774817,0.2636941112696214,0.2825363404966674,True
CLASSIC,2000,CW,tran,precipitation,22356,0.30227452890841733,0.30070774230265557,0.005616287877895348,0.2888784665155822,0.31102663761708105,True
CLASSIC,2000,CW,tran,lai,22356,0.4342232114783876,0.4343438449644362,0.0039010621455398214,0.42707068865716424,0.44203587292252355,True
CLASSIC,2000,CW,evspsblveg,precipitation,22356,0.3182301263241617,0.31917107880108336,0.005629190090934727,0.30951742796872245,0.32986273081463285,True
CLASSIC,2000,CW,evspsblveg,lai,22356,0.5281115352492787,0.5306524137931439,0.0026035379333410502,0.5258284146143969,0.5360143017783107,True
CLASSIC,2000,CW,evspsblsoi,precipitation,22356,0.1324579499375484,0.1363466638672097,0.004860497629209472,0.1281681122092205,0.14589265621497866,True
CLASSIC,2000,CW,evspsblsoi,lai,22356,0.21657186794530914,0.21667005368307168,0.0037152372513754896,0.20918681314973425,0.2235038418876363,True
CLASSIC,2000,CD,evapotrans,precipitation,13548,0.29988401552829447,0.30158499477297523,0.007165083823581552,0.28718827290464805,0.3154352151935771,True
CLASSIC,2000,CD,evapotrans,lai,13548,0.347738763814334,0.3511123507784828,0.005639570514438931,0.33961650109666713,0.36106448634838184,True
CLASSIC,2000,CD,tran,precipitation,13548,0.32753609827345553,0.3286536906204987,0.007777744986064639,0.3142787402907614,0.340212982907054,True
CLASSIC,2000,CD,tran,lai,13548,0.4767140982516685,0.47828819909615383,0.005140059970109053,0.46964941635453994,0.4883649517825866,True
CLASSIC,2000,CD,evspsblveg,precipitation,13548,0.34756182906864896,0.3496429837137818,0.007517557013112989,0.33474387773810377,0.36300857814191057,True
CLASSIC,2000,CD,evspsblveg,lai,13548,0.518570225869108,0.5201151763245689,0.004955029322516859,0.512052915721452,0.5277060092297868,True
CLASSIC,2000,CD,evspsblsoi,precipitation,13548,0.2961648719474552,0.2969911518091145,0.007298687708269407,0.2821034081450524,0.3115126225483225,True
CLASSIC,2000,CD,evspsblsoi,lai,13548,0.31772521468118625,0.31976848839829214,0.005033454547122966,0.310191275543658,0.33017053553808184,True
CLASSIC,2001,HW,evapotrans,precipitation,13234,0.2877700204391195,0.29082314926317737,0.007624860132877822,0.27583325731724384,0.30488644914577834,True
CLASSIC,2001,HW,evapotrans,lai,13234,0.33502813077609594,0.3340390763740573,0.006075942312632815,0.32420410858685395,0.34668417523110423,True
CLASSIC,2001,HW,tran,precipitation,13234,0.24852486626272763,0.251318805546571,0.0077838839458748855,0.2350644326560907,0.26550645918921184,True
CLASSIC,2001,HW,tran,lai,13234,0.41566772797477264,0.4186809075366543,0.006373402660636186,0.40454028415868615,0.4311570769688493,True
CLASSIC,2001,HW,evspsblveg,precipitation,13234,0.3566050066190398,0.35899074637242334,0.007560594765748121,0.3450793017545567,0.3734975159639027,True
CLASSIC,2001,HW,evspsblveg,lai,13234,0.37872575122565155,0.3795056184051954,0.0043086165091635945,0.37110435958242854,0.3879158114977129,True
CLASSIC,2001,HW,evspsblsoi,precipitation,13234,0.21111798414109512,0.20908777952394383,0.007265069501579955,0.1948489121769562,0.22091754088562687,True
CLASSIC,2001,HW,evspsblsoi,lai,13234,0.3440937421431387,0.3505811070527664,0.006039095942275426,0.3392695114379218,0.3640716518046841,True
CLASSIC,2001,HD,evapotrans,precipitation,11827,0.5145687512209227,0.5163715627274945,0.005692284802143305,0.5032822730814898,0.5262302122875265,True
CLASSIC,2001,HD,evapotrans,lai,11827,0.5090533190209617,0.5109408622435255,0.00645239697102677,0.49815202664179287,0.5222638060552032,True
CLASSIC,2001,HD,tran,precipitation,11827,0.4849860508142244,0.4855674991315546,0.0061261204784334175,0.47416315668724796,0.49585019692245524,True
CLASSIC,2001,HD,tran,lai,11827,0.6361609566684507,0.6360085285371588,0.003687113911663031,0.6284374921603296,0.642833243035342,True
CLASSIC,2001,HD,evspsblveg,precipitation,11827,0.5032199799093855,0.5056089177890414,0.006692684039040809,0.4917855996342244,0.5184306987866738,True
CLASSIC,2001,HD,evspsblveg,lai,11827,0.6059662732195125,0.6038310268684604,0.004337168849999376,0.596205260087794,0.6117200608165063,True
CLASSIC,2001,HD,evspsblsoi,precipitation,11827,0.43906305601993845,0.43985353130384025,0.0058317380028614,0.42913346086253046,0.4509894799275266,True
CLASSIC,2001,HD,evspsblsoi,lai,11827,0.38821046531565484,0.39172626051061926,0.009616634188973457,0.37346204341671035,0.40698947042606987,True
CLASSIC,2001,CW,evapotrans,precipitation,22313,0.2308702371721398,0.23247086575981554,0.005677382649267486,0.2233705050848123,0.2420533050161802,True
CLASSIC,2001,CW,evapotrans,lai,22313,0.2453115642948176,0.2466013584677528,0.005364549594533413,0.23740086467367058,0.25770789987957,True
CLASSIC,2001,CW,tran,precipitation,22313,0.27400787389689885,0.27416085228541276,0.0053863000334807365,0.26475064073443644,0.283507755545676,True
CLASSIC,2001,CW,tran,lai,22313,0.454369201007073,0.4552227103876578,0.003743879982562634,0.4489670844608778,0.4617142281789935,True
CLASSIC,2001,CW,evspsblveg,precipitation,22313,0.2720701259742783,0.27335227922308225,0.00561693348422924,0.26237348113675196,0.2823668104705343,True
CLASSIC,2001,CW,evspsblveg,lai,22313,0.5002483211080495,0.500921279625026,0.005329998273259266,0.4893091600839084,0.5115787643224543,True
CLASSIC,2001,CW,evspsblsoi,precipitation,22313,0.11413411262951778,0.11469532479906949,0.0063548279337622094,0.1035413060370038,0.12747306811409836,True
CLASSIC,2001,CW,evspsblsoi,lai,22313,0.18952713084128875,0.1903050123799784,0.005847356954669071,0.17914278153731975,0.2013634104898519,True
CLASSIC,2001,CD,evapotrans,precipitation,13167,0.24825832815402094,0.26617867602673734,0.02394675288778673,0.2394975789736451,0.31125750374422445,True
CLASSIC,2001,CD,evapotrans,lai,13167,0.36794234134659665,0.37076819252085763,0.006747697290602538,0.3584296283193617,0.38407288155723845,True
CLASSIC,2001,CD,tran,precipitation,13167,0.2795007671453752,0.29816150828653143,0.027344399037915825,0.27037052089066654,0.34876511677323546,True
CLASSIC,2001,CD,tran,lai,13167,0.4999507149563141,0.501810921321751,0.005267417062667063,0.49251293173824334,0.5120352545097597,True
CLASSIC,2001,CD,evspsblveg,precipitation,13167,0.3007886127703763,0.31395589620937814,0.02024298952010976,0.2885350298578214,0.3587271966345442,True
CLASSIC,2001,CD,evspsblveg,lai,13167,0.5561453601767151,0.5571814552375813,0.005306478514024012,0.5472151324474952,0.565114925046336,True
CLASSIC,2001,CD,evspsblsoi,precipitation,13167,0.2336631147273916,0.24288464553172256,0.01302632058827925,0.2240878095827715,0.2724254312957428,True
CLASSIC,2001,CD,evspsblsoi,lai,13167,0.3514641697732403,0.3518245929916576,0.006314748076058606,0.33850394037964027,0.36560561567974525,True
CLASSIC,2002,HW,evapotrans,precipitation,13266,0.22293272876238407,0.22649403849255442,0.006608339632333978,0.21387297398428698,0.2404064521410381,True
CLASSIC,2002,HW,evapotrans,lai,13266,0.36211735827800634,0.3654279626083381,0.006601666619950836,0.35018020003544986,0.3775856055412565,True
CLASSIC,2002,HW,tran,precipitation,13266,0.187457096136195,0.19150573043292696,0.008484514500008138,0.1758255280264543,0.2071362079862295,True
CLASSIC,2002,HW,tran,lai,13266,0.42153825690561536,0.4243587922499365,0.004827091155244713,0.4154288668361664,0.4327033093001701,True
CLASSIC,2002,HW,evspsblveg,precipitation,13266,0.3316860233706143,0.33414893451720645,0.006767873963666431,0.32108846298589266,0.3478476141401884,True
CLASSIC,2002,HW,evspsblveg,lai,13266,0.42726585950837714,0.43142024312093225,0.006109460497312851,0.42120499836035397,0.4456914765902376,True
CLASSIC,2002,HW,evspsblsoi,precipitation,13266,0.1838268618411633,0.18836596976291986,0.006884930417216415,0.17662535322747902,0.20058569051743166,True
CLASSIC,2002,HW,evspsblsoi,lai,13266,0.33951008809472816,0.34318586319292677,0.006288593598884603,0.33007933972019804,0.3545045634734576,True
CLASSIC,2002,HD,evapotrans,precipitation,11825,0.500215335004162,0.5030582600479704,0.004787915711375373,0.49263095545569313,0.5103011029116601,True
CLASSIC,2002,HD,evapotrans,lai,11825,0.46988417664625176,0.4736594508416592,0.007790246612231942,0.45994783928057636,0.4883160831661284,True
CLASSIC,2002,HD,tran,precipitation,11825,0.4456005075715763,0.44776123750696617,0.005250702374896289,0.436961817858146,0.45726678065946247,True
CLASSIC,2002,HD,tran,lai,11825,0.6257146788810474,0.6268309352144021,0.00392351359557972,0.6189343004366393,0.6329952737590818,True
CLASSIC,2002,HD,evspsblveg,precipitation,11825,0.47766564280925494,0.4794961797233761,0.004828935003267645,0.4713133335915788,0.4892061014821956,True
CLASSIC,2002,HD,evspsblveg,lai,11825,0.5496151076115298,0.5530098787481199,0.007203760099059667,0.5396467021350742,0.5671803062769074,True
CLASSIC,2002,HD,evspsblsoi,precipitation,11825,0.44693122622801257,0.4494037886138429,0.005812731419330258,0.436667059392161,0.4612359542585671,True
CLASSIC,2002,HD,evspsblsoi,lai,11825,0.3877932443227613,0.38790186215210637,0.01031813826340273,0.36990241524557066,0.405547992258189,True
CLASSIC,2002,CW,evapotrans,precipitation,22365,0.21084667742202448,0.2134943001565457,0.005239409049050044,0.2027744558517681,0.2240471898286046,True
CLASSIC,2002,CW,evapotrans,lai,22365,0.28643354689304057,0.2886138051962923,0.004761302630460393,0.2794949259914207,0.29738628162957775,True
CLASSIC,2002,CW,tran,precipitation,22365,0.21345842945086704,0.21590399182652464,0.005337154797909105,0.20768234954424145,0.22534144231396716,True
CLASSIC,2002,CW,tran,lai,22365,0.3920427807862044,0.3924741546521562,0.004159822666917245,0.38501995771383146,0.4006080985715615,True
CLASSIC,2002,CW,evspsblveg,precipitation,22365,0.2968635235642734,0.297811110261737,0.006132359144300494,0.28652599500179476,0.3101968494936068,True
CLASSIC,2002,CW,evspsblveg,lai,22365,0.5600566794198859,0.5606922332152375,0.002855257795241956,0.5549556078700512,0.5656701160586557,True
CLASSIC,2002,CW,evspsblsoi,precipitation,22365,0.0936821289601581,0.09567744847023349,0.005636690623797235,0.08369756911004607,0.10613750282244845,True
CLASSIC,2002,CW,evspsblsoi,lai,22365,0.1306927800191679,0.133744148080787,0.0039066139961034165,0.1266747554003439,0.14179288827503067,True
CLASSIC,2002,CD,evapotrans,precipitation,13613,0.2504456830770193,0.2527532706594616,0.006977270632402519,0.23955336008821998,0.2660341549771817,True
CLASSIC,2002,CD,evapotrans,lai,13613,0.3720208883186551,0.37390464879271124,0.005696344411676429,0.3626892011148261,0.38556021480634717,True
CLASSIC,2002,CD,tran,precipitation,13613,0.24460764874644375,0.2446912471826831,0.006555155350211026,0.23112997700787244,0.25785459522364,True
CLASSIC,2002,CD,tran,lai,13613,0.4818740924537654,0.4834037207772035,0.004582718965586157,0.4754028247687551,0.4927642726141673,True
CLASSIC,2002,CD,evspsblveg,precipitation,13613,0.28189042751782617,0.2826900911887368,0.00675542985693633,0.2702326444000874,0.2947379912292196,True
CLASSIC,2002,CD,evspsblveg,lai,13613,0.5092513245189138,0.5117962064794281,0.0034255255253026963,0.5062936259167932,0.518592149516287,True
CLASSIC,2002,CD,evspsblsoi,precipitation,13613,0.24589373090896172,0.24879795756678597,0.0076629489664596945,0.23435399314550917,0.26334411879879643,True
CLASSIC,2002,CD,evspsblsoi,lai,13613,0.3385129711070041,0.34183388486101185,0.00604957321429408,0.33065291053660245,0.3529621755939769,True
CLASSIC,2003,HW,evapotrans,precipitation,13254,0.26144113770040095,0.263693201731219,0.00846151883018903,0.2471572276772547,0.27703880456625846,True
CLASSIC,2003,HW,evapotrans,lai,13254,0.3686268450958607,0.3679444641429817,0.007819240984800167,0.35311983849151324,0.3812070502349871,True
CLASSIC,2003,HW,tran,precipitation,13254,0.21160508416745827,0.21204924713111556,0.01046325257764914,0.19064230239779062,0.2298173171837384,True
CLASSIC,2003,HW,tran,lai,13254,0.4249707457485245,0.4271711895576821,0.00659358108215275,0.4151579989677503,0.43928170740425293,True
CLASSIC,2003,HW,evspsblveg,precipitation,13254,0.294324676762036,0.2974080295597647,0.008901565285339304,0.2801086159877459,0.3136441546606106,True
CLASSIC,2003,HW,evspsblveg,lai,13254,0.4057135310686392,0.40981810218574394,0.0066222325184757905,0.3981432496698863,0.421312411717258,True
CLASSIC,2003,HW,evspsblsoi,precipitation,13254,0.1601013084527353,0.16421025269550873,0.007671040117463334,0.14960905084608309,0.1772219177874583,True
CLASSIC,2003,HW,evspsblsoi,lai,13254,0.3760901230244483,0.37943674473063993,0.0065441916583388335,0.36704035771927085,0.39320831016707825,True
CLASSIC,2003,HD,evapotrans,precipitation,11832,0.5398606218034951,0.541149206544464,0.003478938400964635,0.5335642304833776,0.5471626940859448,True
CLASSIC,2003,HD,evapotrans,lai,11832,0.46456998428834906,0.4679714900865192,0.008286670882040683,0.4538313691744392,0.4840875846655067,True
CLASSIC,2003,HD,tran,precipitation,11832,0.4807423490525379,0.48259120051236887,0.005817773323770965,0.4726954469155149,0.4928664922798027,True
CLASSIC,2003,HD,tran,lai,11832,0.6172199036725484,0.6180423330007818,0.0047301045465798774,0.6089675629994907,0.6274218655640289,True
CLASSIC,2003,HD,evspsblveg,precipitation,11832,0.5017568578576537,0.5041304443383706,0.004001798567628544,0.49726976961394426,0.5119835252317676,True
CLASSIC,2003,HD,evspsblveg,lai,11832,0.6116395242038868,0.6124660164960468,0.0050882579195904755,0.602098423537635,0.6222221801250072,True
CLASSIC,2003,HD,evspsblsoi,precipitation,11832,0.4494718631357538,0.4509514204011914,0.006747593339538409,0.4363654315830686,0.4617886301382877,True
CLASSIC,2003,HD,evspsblsoi,lai,11832,0.35793507757250154,0.36123634551948647,0.010357031494551623,0.3401854199475221,0.37862534663212905,True
CLASSIC,2003,CW,evapotrans,precipitation,22432,0.2063295510459181,0.20939785110684883,0.006593327663094202,0.19682382541653815,0.22333042606150585,True
CLASSIC,2003,CW,evapotrans,lai,22432,0.31471820636464176,0.3155789712091147,0.005858981513502026,0.304224890323437,0.32525424653844026,True
CLASSIC,2003,CW,tran,precipitation,22432,0.21009222834669583,0.21177761925946456,0.006182577638928489,0.2003572894224728,0.22472492301708757,True
CLASSIC,2003,CW,tran,lai,22432,0.39365248827704896,0.39560241967794274,0.0034375953725409724,0.3884813716932861,0.4019202099846886,True
CLASSIC,2003,CW,evspsblveg,precipitation,22432,0.2552723160674863,0.2576527133905858,0.0057786325279838915,0.24404177638041738,0.26879599995148007,True
CLASSIC,2003,CW,evspsblveg,lai,22432,0.5505479521643815,0.5513788950617933,0.004088828480419437,0.5448162744825715,0.5592162309626408,True
CLASSIC,2003,CW,evspsblsoi,precipitation,22432,0.09142349211843409,0.09266355205727762,0.005921867728225219,0.08238690325279026,0.10307628421493331,True
CLASSIC,2003,CW,evspsblsoi,lai,22432,0.12880470239723302,0.13141616611898305,0.004555981396414438,0.12291016202794222,0.14010417814031803,True
CLASSIC,2003,CD,evapotrans,precipitation,13321,0.2685356984489933,0.26926534354436715,0.007897767584263384,0.2582785329256199,0.2882810798344883,True
CLASSIC,2003,CD,evapotrans,lai,13321,0.37800835705459984,0.3882529780605111,0.01744052402963215,0.36994671158207804,0.4232632147010759,True
CLASSIC,2003,CD,tran,precipitation,13321,0.24707733595016834,0.24856104823776787,0.006520594771023667,0.23606612397978072,0.2625409123626073,True
CLASSIC,2003,CD,tran,lai,13321,0.5066389112631886,0.5193169775225505,0.02291869576393714,0.49501105488108665,0.561451766870842,True
CLASSIC,2003,CD,evspsblveg,precipitation,13321,0.267802221559447,0.26992743061974045,0.007187453969701107,0.2588474759234582,0.2833440765149968,True
CLASSIC,2003,CD,evspsblveg,lai,13321,0.5147484677831499,0.5283397916251011,0.018768188368111803,0.5100082613016138,0.5637158910280297,True
CLASSIC,2003,CD,evspsblsoi,precipitation,13321,0.2611012032977351,0.2616493915907888,0.006940464622040142,0.24820959454271688,0.2759778767850273,True
CLASSIC,2003,CD,evspsblsoi,lai,13321,0.33254749945501394,0.3514579344306859,0.026027313955848154,0.32139679556900574,0.40213803408788595,True
CLASSIC,2004,HW,evapotrans,precipitation,13259,0.3079100662836653,0.31052635143519697,0.007340041161033282,0.2957805481473625,0.3253580770148737,True
CLASSIC,2004,HW,evapotrans,lai,13259,0.36524136768365995,0.367989374076301,0.007632796320922939,0.3546812831572671,0.3829545849562476,True
CLASSIC,2004,HW,tran,precipitation,13259,0.24104372455282222,0.2434094423709715,0.006972995764672357,0.2296637028445854,0.25564139781049827,True
CLASSIC,2004,HW,tran,lai,13259,0.4293386705544042,0.43124137948581726,0.005788871494641405,0.42121236242946114,0.4440758494770945,True
CLASSIC,2004,HW,evspsblveg,precipitation,13259,0.35994893667859545,0.3619207891185086,0.007645540001555946,0.34774436104221046,0.37618008835565936,True
CLASSIC,2004,HW,evspsblveg,lai,13259,0.4202115709105412,0.4226584725159785,0.006192980719714171,0.41132072636986783,0.43503898759957904,True
CLASSIC,2004,HW,evspsblsoi,precipitation,13259,0.17343647723705868,0.17872572238327752,0.007148726568549293,0.1674226710647477,0.19249081163540077,True
CLASSIC,2004,HW,evspsblsoi,lai,13259,0.35762375810755825,0.36244685410850885,0.007103076261990233,0.3482162168336017,0.37471393449984647,True
CLASSIC,2004,HD,evapotrans,precipitation,11828,0.523686219869982,0.5226773107941194,0.004419562864114399,0.5141646363987709,0.5301164446512797,True
CLASSIC,2004,HD,evapotrans,lai,11828,0.5077057577317716,0.5087926202035483,0.007894857369107033,0.493634977114158,0.5239365059404889,True
CLASSIC,2004,HD,tran,precipitation,11828,0.4452790223618409,0.44857654569620664,0.005363881485903575,0.43780555464520854,0.4581195855773338,True
CLASSIC,2004,HD,tran,lai,11828,0.6353610685248781,0.6373555301947537,0.0035799461008092313,0.6301364154981602,0.6431701906570013,True
CLASSIC,2004,HD,evspsblveg,precipitation,11828,0.4947996940791093,0.4980606753176032,0.004475694730117779,0.4898535886909694,0.5064527740687776,True
CLASSIC,2004,HD,evspsblveg,lai,11828,0.6181140014482019,0.6145099587444784,0.0045836007612031614,0.6069615453952579,0.6232813500980953,True
CLASSIC,2004,HD,evspsblsoi,precipitation,11828,0.4210182165847991,0.4233691482415609,0.006571009253436146,0.4113951924913956,0.43487129626864957,True
CLASSIC,2004,HD,evspsblsoi,lai,11828,0.3234113666444074,0.325746170890734,0.008075528968874816,0.31077577821532576,0.3417472543645051,True
CLASSIC,2004,CW,evapotrans,precipitation,22319,0.2946163901191946,0.29390252851875615,0.006695019892597535,0.28216790848966156,0.30657264415678975,True
CLASSIC,2004,CW,evapotrans,lai,22319,0.28778600645800445,0.2900208599430894,0.00391939778958968,0.2838579634456048,0.2995269765995701,True
CLASSIC,2004,CW,tran,precipitation,22319,0.2507062872805738,0.25167281918687723,0.006241948107708594,0.24017931518643992,0.2628565595087422,True
CLASSIC,2004,CW,tran,lai,22319,0.41679940512294766,0.4174612776829821,0.003249052228949984,0.4094965280834373,0.42236693191881775,True
CLASSIC,2004,CW,evspsblveg,precipitation,22319,0.3287517593514964,0.32918780846326434,0.005537085466318171,0.3199503712518263,0.3384338140585706,True
CLASSIC,2004,CW,evspsblveg,lai,22319,0.5453441090663065,0.5470959762060076,0.0024518307107488915,0.5426942664833693,0.5521446245211091,True
CLASSIC,2004,CW,evspsblsoi,precipitation,22319,0.08846806402475675,0.09148811512934958,0.00505017650536137,0.08075283289349951,0.1010166533233808,True
CLASSIC,2004,CW,evspsblsoi,lai,22319,0.16061490715996352,0.1634164830301201,0.005396307922095006,0.15444808219413853,0.17293103148976421,True
CLASSIC,2004,CD,evapotrans,precipitation,13146,0.29778204282507087,0.3031061687560127,0.009145671799641313,0.2882942319052965,0.3239299997410425,True
CLASSIC,2004,CD,evapotrans,lai,13146,0.3579407982534843,0.3611392224466641,0.006635646267600924,0.3489266674324621,0.37300853633281444,True
CLASSIC,2004,CD,tran,precipitation,13146,0.27990533538896534,0.2858650091484875,0.013816427433112592,0.2663945554136712,0.3242025322806711,True
CLASSIC,2004,CD,tran,lai,13146,0.48852680541841,0.48980396343603383,0.0055075420608642475,0.47939969661350534,0.5000692413774752,True
CLASSIC,2004,CD,evspsblveg,precipitation,13146,0.31077702962024867,0.31332386398269263,0.008615500201376454,0.3000002801776561,0.3376156771676293,True
CLASSIC,2004,CD,evspsblveg,lai,13146,0.5369072348627495,0.5389184144763131,0.005595011814219871,0.5285262582568396,0.5491957463387206,True
CLASSIC,2004,CD,evspsblsoi,precipitation,13146,0.27831947338204627,0.2861294182236223,0.010594027773510296,0.2695216140303155,0.31063557249983076,True
CLASSIC,2004,CD,evspsblsoi,lai,13146,0.33246262073385824,0.33358113026442276,0.008717525430952066,0.31661218349753195,0.34928225937540314,True
CLASSIC,2005,HW,evapotrans,precipitation,13259,0.31076659436891707,0.3145974667388095,0.007199496259567322,0.30226782286037623,0.3286100180205047,True
CLASSIC,2005,HW,evapotrans,lai,13259,0.36436951047337773,0.36768581232009384,0.006883386549296119,0.35538051786627517,0.38029702445122543,True
CLASSIC,2005,HW,tran,precipitation,13259,0.2517061058584396,0.25662104187301005,0.007774912666306541,0.2426844686758234,0.2718866058512905,True
CLASSIC,2005,HW,tran,lai,13259,0.4339422199577122,0.43327333897691633,0.005643262002922978,0.4229923329422932,0.4431538694742865,True
CLASSIC,2005,HW,evspsblveg,precipitation,13259,0.36023966274406183,0.3640693410939741,0.006665622376835301,0.3517238257552242,0.3740417139754651,True
CLASSIC,2005,HW,evspsblveg,lai,13259,0.4504551790257837,0.45243220466546424,0.005366133777710587,0.443078764563048,0.46319818490536957,True
CLASSIC,2005,HW,evspsblsoi,precipitation,13259,0.17711469354697548,0.18022820379174262,0.007930111826032532,0.16402890063871953,0.19673188671348654,True
CLASSIC,2005,HW,evspsblsoi,lai,13259,0.350271229297906,0.35437462001876135,0.00610537700752397,0.34427246172617526,0.3666807283671224,True
CLASSIC,2005,HD,evapotrans,precipitation,11828,0.5035325098797343,0.5049462470872469,0.0049270276457889055,0.49563079542296556,0.5145258380078388,True
CLASSIC,2005,HD,evapotrans,lai,11828,0.507707615866873,0.5076932897053988,0.009692062773315795,0.4885840375689553,0.524300565787845,True
CLASSIC,2005,HD,tran,precipitation,11828,0.46171856248635856,0.46260480571877866,0.006961736811030887,0.45072985672429944,0.4743886995355506,True
CLASSIC,2005,HD,tran,lai,11828,0.6222565707230518,0.621221955683337,0.004008262793662125,0.6142036957988745,0.6284419300514583,True
CLASSIC,2005,HD,evspsblveg,precipitation,11828,0.48657756138804953,0.48925916665081925,0.005232418243032096,0.48176294692800486,0.5013221017632236,True
CLASSIC,2005,HD,evspsblveg,lai,11828,0.5767772847843606,0.578393312436669,0.007052453135074719,0.5638050063881792,0.5901830273794777,True
CLASSIC,2005,HD,evspsblsoi,precipitation,11828,0.42643882547566114,0.4275254336159619,0.00735910263816247,0.4144717707615024,0.4420590303694533,True
CLASSIC,2005,HD,evspsblsoi,lai,11828,0.37854521457315354,0.3782306427020022,0.009419960511868298,0.35905216957283764,0.3960425759607959,True
CLASSIC,2005,CW,evapotrans,precipitation,22361,0.26673449809296645,0.26799665394858163,0.006070155142885662,0.2581692961389388,0.28019273091308783,True
CLASSIC,2005,CW,evapotrans,lai,22361,0.29744285962235395,0.3002575872506858,0.00490301020670589,0.29203783035872033,0.3077793227044952,True
CLASSIC,2005,CW,tran,precipitation,22361,0.23198293096114508,0.23547163494260379,0.0054658779035840445,0.22643002045542904,0.2460651750370604,True
CLASSIC,2005,CW,tran,lai,22361,0.4200511486289965,0.42164887133821466,0.003580318005793593,0.4163558725341642,0.4287661243196243,True
CLASSIC,2005,CW,evspsblveg,precipitation,22361,0.3198102881064797,0.3226786210478001,0.005531663698663066,0.31433038898889054,0.33388532009194716,True
CLASSIC,2005,CW,evspsblveg,lai,22361,0.5493476935109116,0.54986277762488,0.003063574627254691,0.5440327169597007,0.5556117672392049,True
CLASSIC,2005,CW,evspsblsoi,precipitation,22361,0.1250175202817261,0.1247624405225874,0.005547703651512259,0.1150166448005327,0.13522439758156019,True
CLASSIC,2005,CW,evspsblsoi,lai,22361,0.15900763544805294,0.15870451666055005,0.00536278080139081,0.14831514213434574,0.16877401246465562,True
CLASSIC,2005,CD,evapotrans,precipitation,13277,0.2232395523775626,0.23107022693132617,0.005686007546495547,0.22140305306730906,0.2414760592574213,True
CLASSIC,2005,CD,evapotrans,lai,13277,0.3674404961738716,0.38128466141894257,0.017527053356015246,0.35630508188108945,0.41504057800909905,True
CLASSIC,2005,CD,tran,precipitation,13277,0.28576739315708033,0.2868924491559418,0.007146875073167154,0.27223545461682197,0.2997437543221307,True
CLASSIC,2005,CD,tran,lai,13277,0.48388303542787325,0.5041193669760345,0.025848037583522464,0.4731797708045783,0.5484466899205576,True
CLASSIC,2005,CD,evspsblveg,precipitation,13277,0.2869067099272927,0.2922472935099676,0.006201552713788588,0.27930653930754157,0.3041262858524133,True
CLASSIC,2005,CD,evspsblveg,lai,13277,0.5159206929483804,0.5387206618960938,0.024268508570687852,0.5127494583183863,0.5758192444744821,True
CLASSIC,2005,CD,evspsblsoi,precipitation,13277,0.2217513900364815,0.22632386680190245,0.006038195197901021,0.2150310367307432,0.23742494673667888,True
CLASSIC,2005,CD,evspsblsoi,lai,13277,0.3312698430147455,0.3512616014602955,0.02230934195846995,0.3214107599425906,0.38883638316944036,True
CLASSIC,2006,HW,evapotrans,precipitation,13256,0.3084799193814691,0.30955503084347014,0.006706285367138424,0.29711635605350023,0.32290480211006367,True
CLASSIC,2006,HW,evapotrans,lai,13256,0.3412341074089018,0.341830568295655,0.007292540323510887,0.3269869619898241,0.35720386844867413,True
CLASSIC,2006,HW,tran,precipitation,13256,0.2388366962343858,0.24027717735579077,0.00797737970686516,0.22425641461951704,0.2574694662854437,True
CLASSIC,2006,HW,tran,lai,13256,0.4169331180867816,0.41737108865306255,0.006283704913852099,0.4055676182707767,0.42975778782328977,True
CLASSIC,2006,HW,evspsblveg,precipitation,13256,0.3744935721524465,0.3751006949796805,0.007285971679966704,0.3606708405391399,0.3860203512769144,True
CLASSIC,2006,HW,evspsblveg,lai,13256,0.3723255515473911,0.37644820502516146,0.005152247211280481,0.3677269651986302,0.38576089766620986,True
CLASSIC,2006,HW,evspsblsoi,precipitation,13256,0.17579551898750312,0.18198707659883734,0.007645272009576136,0.16576487816773983,0.19596338540854086,True
CLASSIC,2006,HW,evspsblsoi,lai,13256,0.35640845865294724,0.3609506312696992,0.005185026018463459,0.35151003007661663,0.36975271979478047,True
CLASSIC,2006,HD,evapotrans,precipitation,11829,0.48359723891818124,0.48530576765537686,0.006735262558209277,0.47196979065056416,0.499694023596983,True
CLASSIC,2006,HD,evapotrans,lai,11829,0.5105302690702328,0.5089552465147844,0.006773718495717469,0.49636810337617315,0.5221135701912706,True
CLASSIC,2006,HD,tran,precipitation,11829,0.4784144466030902,0.4788055651312482,0.005679507826918005,0.46722725307719315,0.489527198683033,True
CLASSIC,2006,HD,tran,lai,11829,0.6265973698034408,0.6281612287864649,0.00386801992499476,0.6208494826606075,0.6342130917606347,True
CLASSIC,2006,HD,evspsblveg,precipitation,11829,0.49883667883195504,0.49891633725110873,0.004616535061727377,0.4920640235642108,0.5090492894615222,True
CLASSIC,2006,HD,evspsblveg,lai,11829,0.6190732734364097,0.6194739303396843,0.004113470918988123,0.6103987492377824,0.6266068168390422,True
CLASSIC,2006,HD,evspsblsoi,precipitation,11829,0.3944305465306655,0.3986864255789416,0.006652389278153884,0.3830957992643848,0.41247496730687083,True
CLASSIC,2006,HD,evspsblsoi,lai,11829,0.3661409374942608,0.36952155750366744,0.009270382297840548,0.3550189984210448,0.3880898221319373,True
CLASSIC,2006,CW,evapotrans,precipitation,22439,0.2785505150268493,0.280551450617561,0.006348157194644327,0.26795162208995227,0.2907325549187082,True
CLASSIC,2006,CW,evapotrans,lai,22439,0.2999726868938955,0.3007177340656491,0.0045669126742889825,0.2918032825496956,0.3089709888336878,True
CLASSIC,2006,CW,tran,precipitation,22439,0.2299187196919234,0.23299527590474295,0.004643179045418643,0.22462664218431716,0.24169248049037004,True
CLASSIC,2006,CW,tran,lai,22439,0.4246642948571445,0.4258822690907323,0.003482382119887992,0.42033611873761717,0.43218867881735806,True
CLASSIC,2006,CW,evspsblveg,precipitation,22439,0.3075315478073144,0.31017175896129684,0.006203546072045605,0.29760338280737214,0.32241850144391987,True
CLASSIC,2006,CW,evspsblveg,lai,22439,0.5527229337703747,0.5536714741834418,0.003151496933109632,0.547750485835091,0.558931083658765,True
CLASSIC,2006,CW,evspsblsoi,precipitation,22439,0.11375416019515477,0.11749583928209105,0.004615019117575225,0.10915544033156489,0.12511092779166538,True
CLASSIC,2006,CW,evspsblsoi,lai,22439,0.16848279061816154,0.1711216051885479,0.003613707354443492,0.16377080000155267,0.17716283156855367,True
CLASSIC,2006,CD,evapotrans,precipitation,13372,0.2607403795018498,0.26106687954443203,0.00960175872962397,0.24405437052456264,0.279370621002047,True
CLASSIC,2006,CD,evapotrans,lai,13372,0.35673898909318547,0.36032768505426666,0.008194108082089873,0.3482221589636717,0.3805381744492842,True
CLASSIC,2006,CD,tran,precipitation,13372,0.2791744287427142,0.28092344553623305,0.00835366905786971,0.26639150056494315,0.29718237449373214,True
CLASSIC,2006,CD,tran,lai,13372,0.4881731907908352,0.4934560053474292,0.014347628339893543,0.4805241457997591,0.541504140498777,True
CLASSIC,2006,CD,evspsblveg,precipitation,13372,0.3013703360478994,0.30306479327145014,0.007344353670597377,0.29119668710416097,0.31819632394302416,True
CLASSIC,2006,CD,evspsblveg,lai,13372,0.5110265402360081,0.5173078914646976,0.016360289974550263,0.5074597429608212,0.5728264025588782,True
CLASSIC,2006,CD,evspsblsoi,precipitation,13372,0.22121781982162364,0.2233438349807672,0.0067515615930150725,0.21112839763690366,0.23800743213018022,True
CLASSIC,2006,CD,evspsblsoi,lai,13372,0.31138067219125865,0.3184555915038149,0.012299402613334585,0.305090591840803,0.35959119142108176,True
CLASSIC,2007,HW,evapotrans,precipitation,13254,0.3045223798582699,0.3074530164090259,0.00818937190416989,0.29223865179008796,0.3211135694884563,True
CLASSIC,2007,HW,evapotrans,lai,13254,0.3522995407580766,0.35505964686570457,0.006479761052981088,0.3424949530063306,0.36631999204345794,True
CLASSIC,2007,HW,tran,precipitation,13254,0.23841807813091676,0.24206485621862633,0.009690328109536689,0.22593984975268366,0.25996086462522333,True
CLASSIC,2007,HW,tran,lai,13254,0.4189642429056661,0.4191233065717971,0.005737336199117777,0.4071745333568107,0.43018429573594846,True
CLASSIC,2007,HW,evspsblveg,precipitation,13254,0.3377004022993414,0.33845175699837327,0.00775681826701152,0.32549396701718175,0.35380297476376427,True
CLASSIC,2007,HW,evspsblveg,lai,13254,0.4416044634017723,0.4436727144072154,0.00527583573848167,0.43296220308582156,0.45430587957215923,True
CLASSIC,2007,HW,evspsblsoi,precipitation,13254,0.18624623304529792,0.19289842324161274,0.0071475516116150505,0.17925120472146466,0.2049817294788896,True
CLASSIC,2007,HW,evspsblsoi,lai,13254,0.35636714997391655,0.3627080711003658,0.005801923212389618,0.3515363476926858,0.3738552192823403,True
CLASSIC,2007,HD,evapotrans,precipitation,11829,0.530818853074457,0.531389230000912,0.0049415553061501315,0.5221176189849908,0.5402956281327514,True
CLASSIC,2007,HD,evapotrans,lai,11829,0.5134051327500282,0.5154291714154327,0.0068779362961717,0.5015571797181014,0.5300076902424783,True
CLASSIC,2007,HD,tran,precipitation,11829,0.4544391632610287,0.45629459150576873,0.005551729280493713,0.44652284068559595,0.4669440353986035,True
CLASSIC,2007,HD,tran,lai,11829,0.6123111624389448,0.6143845341988013,0.004826836834212145,0.6041249241588481,0.6224248083930957,True
CLASSIC,2007,HD,evspsblveg,precipitation,11829,0.4972127471298349,0.4996037473234017,0.004443632100687708,0.49174154469539155,0.5071134993069044,True
CLASSIC,2007,HD,evspsblveg,lai,11829,0.6223713273402108,0.6241976598308424,0.004265351120400796,0.6155046461856809,0.6315491581322947,True
CLASSIC,2007,HD,evspsblsoi,precipitation,11829,0.4722856495423264,0.4758457569501819,0.007302428039112085,0.4635852137537667,0.4884375040904661,True
CLASSIC,2007,HD,evspsblsoi,lai,11829,0.3209985745735565,0.3255272638553209,0.007986014586820057,0.3116693251522651,0.33940738862118525,True
CLASSIC,2007,CW,evapotrans,precipitation,22403,0.2327804093114803,0.23475081430569283,0.006320360127384854,0.2242683071130636,0.24930527146417472,True
CLASSIC,2007,CW,evapotrans,lai,22403,0.28819402375957304,0.2900380004044636,0.006035018990734615,0.27844069320986303,0.30178978142276863,True
CLASSIC,2007,CW,tran,precipitation,22403,0.25445384304154006,0.2591641321812144,0.005956363932378027,0.24527297091706263,0.2698491152970713,True
CLASSIC,2007,CW,tran,lai,22403,0.40208171258951286,0.40354183602192273,0.0037926587444264306,0.395559723048093,0.4108949354371591,True
CLASSIC,2007,CW,evspsblveg,precipitation,22403,0.31077835598908193,0.3113744886613517,0.006171204125571007,0.30212505353608293,0.3237512277826957,True
CLASSIC,2007,CW,evspsblveg,lai,22403,0.5525788359020795,0.5531367699586912,0.00220659187400732,0.5496838744943394,0.5571524524400128,True
CLASSIC,2007,CW,evspsblsoi,precipitation,22403,0.12023278958023724,0.12159407690474515,0.004808615029052472,0.11375282700830748,0.13202868864338557,True
CLASSIC,2007,CW,evspsblsoi,lai,22403,0.15346139895015581,0.15732042680161182,0.005634327474768983,0.14689471816743302,0.1688702645063177,True
CLASSIC,2007,CD,evapotrans,precipitation,13097,0.29835863408982344,0.3068010729649928,0.015505430891777878,0.28264807434692707,0.3364682505167924,True
CLASSIC,2007,CD,evapotrans,lai,13097,0.38230945650696024,0.38705923668902015,0.00933062427842328,0.37380621196901137,0.4037432338388781,True
CLASSIC,2007,CD,tran,precipitation,13097,0.28274787907022225,0.3008790396612229,0.019384264134909557,0.2731872693234714,0.33791553045695893,True
CLASSIC,2007,CD,tran,lai,13097,0.5379151612056319,0.5352125794661192,0.010619540235519311,0.5185722619376639,0.5549808622104052,True
CLASSIC,2007,CD,evspsblveg,precipitation,13097,0.3210798909800807,0.3284490106592617,0.011694215966858464,0.3098337440723259,0.35090800080497114,True
CLASSIC,2007,CD,evspsblveg,lai,13097,0.559806119619997,0.5622845370312683,0.007047092438548756,0.547584466169259,0.576555841119725,True
CLASSIC,2007,CD,evspsblsoi,precipitation,13097,0.2655544946941025,0.28066452512672874,0.02106084911851966,0.2503741514930231,0.3201131929606047,True
CLASSIC,2007,CD,evspsblsoi,lai,13097,0.36444481101317644,0.3653157048104708,0.011345939559197424,0.34647219900544646,0.3871318553173176,True
CLASSIC,2008,HW,evapotrans,precipitation,13243,0.33843844988841487,0.33874778201633127,0.0076021382936574955,0.3261913330298238,0.35416059129596617,True
CLASSIC,2008,HW,evapotrans,lai,13243,0.35167857422287724,0.35389830213981555,0.006755588607765711,0.33818300108874466,0.36634212975249447,True
CLASSIC,2008,HW,tran,precipitation,13243,0.22433351705263246,0.22548728923820552,0.00917642379276655,0.20807097089484725,0.24065110219361033,True
CLASSIC,2008,HW,tran,lai,13243,0.4101105799951773,0.41289024877023395,0.0055392258963589906,0.4028063367430861,0.4228492396216532,True
CLASSIC,2008,HW,evspsblveg,precipitation,13243,0.3681445479626647,0.3685809302435468,0.007193831999393495,0.3564650112983941,0.3826248748854329,True
CLASSIC,2008,HW,evspsblveg,lai,13243,0.4123464249819977,0.4161256846313152,0.006273114372269149,0.40454268788752556,0.42869206992279,True
CLASSIC,2008,HW,evspsblsoi,precipitation,13243,0.12462037449123567,0.12965100408716423,0.007092165129366356,0.11727294696304535,0.1437089173440848,True
CLASSIC,2008,HW,evspsblsoi,lai,13243,0.35448662612158094,0.3581442742994511,0.007066744681620265,0.3453167492872144,0.37168867960039204,True
CLASSIC,2008,HD,evapotrans,precipitation,11830,0.5144125105663567,0.5164448461184203,0.005564971210784385,0.5057680081305339,0.5274391304349231,True
CLASSIC,2008,HD,evapotrans,lai,11830,0.47438715131022824,0.4774056727305381,0.008297030915737419,0.4628261434511435,0.4932768471278819,True
CLASSIC,2008,HD,tran,precipitation,11830,0.5013947590870668,0.5025426015942592,0.004335217364129601,0.49301075157936747,0.5104753168752351,True
CLASSIC,2008,HD,tran,lai,11830,0.6144547759932375,0.6160478028091517,0.004027597325853835,0.6085757329856759,0.622764158918005,True
CLASSIC,2008,HD,evspsblveg,precipitation,11830,0.5327134404057481,0.5333397324388334,0.005508574974124848,0.5225456245953759,0.5436947295455455,True
CLASSIC,2008,HD,evspsblveg,lai,11830,0.6156382079459003,0.6164816881875786,0.004153240204965045,0.608231191885038,0.6252577260556158,True
CLASSIC,2008,HD,evspsblsoi,precipitation,11830,0.3787827557058327,0.385078938117812,0.007589457314597595,0.3703928977209891,0.399733685163948,True
CLASSIC,2008,HD,evspsblsoi,lai,11830,0.36010143702451397,0.35946496024309754,0.009079897295753796,0.3395193755873178,0.37580938292476757,True
CLASSIC,2008,CW,evapotrans,precipitation,22360,0.2066484582758656,0.20952486162405973,0.00685945929856552,0.19623881163090404,0.2230780055191971,True
CLASSIC,2008,CW,evapotrans,lai,22360,0.2933810375670841,0.2934647125619411,0.0063349044360198345,0.2796670814920605,0.304484463133339,True
CLASSIC,2008,CW,tran,precipitation,22360,0.25105374283376897,0.25063022551585923,0.0068059537701863305,0.23445818037078023,0.2623638339842353,True
CLASSIC,2008,CW,tran,lai,22360,0.4347495527728086,0.4361847953543287,0.003667678421983614,0.42953656082289804,0.4451494096501023,True
CLASSIC,2008,CW,evspsblveg,precipitation,22360,0.32304198055720734,0.3230372005463736,0.006530031152832615,0.3106992917241961,0.33391690508069194,True
CLASSIC,2008,CW,evspsblveg,lai,22360,0.5381708407871199,0.5404846537047048,0.0027329926227936127,0.5353759864688284,0.5467537306084929,True
CLASSIC,2008,CW,evspsblsoi,precipitation,22360,0.13595394521824242,0.13760112120446957,0.00613979188950163,0.12642250338892647,0.1502516777150534,True
CLASSIC,2008,CW,evspsblsoi,lai,22360,0.1553890876565295,0.1571490202003753,0.004921846622641299,0.14869323781762575,0.16810823648413392,True
CLASSIC,2008,CD,evapotrans,precipitation,13131,0.2503398876170173,0.25802045018754977,0.008618100334498158,0.24241919127748404,0.27661313021895906,True
CLASSIC,2008,CD,evapotrans,lai,13131,0.36508699638878317,0.36586559446391703,0.005504570514837209,0.3547792502944511,0.37531462365601703,True
CLASSIC,2008,CD,tran,precipitation,13131,0.2549320276053386,0.25905932645175406,0.007112827477717024,0.2455828810732518,0.274186983224848,True
CLASSIC,2008,CD,tran,lai,13131,0.5016349106835606,0.504622028024637,0.006364363029572106,0.49200143747545105,0.5160349081779059,True
CLASSIC,2008,CD,evspsblveg,precipitation,13131,0.2848808235554303,0.28905874402834014,0.006711321171676387,0.27887666337710215,0.3020241238285266,True
CLASSIC,2008,CD,evspsblveg,lai,13131,0.5472523263292745,0.5485547258224102,0.0061368746549559094,0.5387576126984261,0.5587942815454753,True
CLASSIC,2008,CD,evspsblsoi,precipitation,13131,0.2389828128813397,0.24647645057964618,0.007752172671408886,0.23363667449090278,0.26604185912526945,True
CLASSIC,2008,CD,evspsblsoi,lai,13131,0.32736633709767354,0.33381920030211476,0.010718556857814813,0.317966620039449,0.35823128209617333,True
CLASSIC,2009,HW,evapotrans,precipitation,13263,0.27932205799306487,0.28256019388346293,0.008407781852347288,0.26744444781944854,0.29765505669612913,True
CLASSIC,2009,HW,evapotrans,lai,13263,0.3395942442538235,0.3429066872741635,0.006571469968786445,0.3304944252689152,0.35638967456828746,True
CLASSIC,2009,HW,tran,precipitation,13263,0.2590533091446983,0.26305631129971857,0.007904880783897191,0.24870251292813111,0.2779939063585307,True
CLASSIC,2009,HW,tran,lai,13263,0.416779677959608,0.41803300876923977,0.005176255707692728,0.4064641674973949,0.426571909768063,True
CLASSIC,2009,HW,evspsblveg,precipitation,13263,0.32185285103108796,0.32554171392048936,0.007148369778078558,0.31210768693326274,0.33877694785092044,True
CLASSIC,2009,HW,evspsblveg,lai,13263,0.36826337550488325,0.3713525504982801,0.004247772092123192,0.3632372725565542,0.3796763768850163,True
CLASSIC,2009,HW,evspsblsoi,precipitation,13263,0.22579095308005948,0.22989983434290082,0.006975959214643755,0.21655731437890466,0.24233695467722072,True
CLASSIC,2009,HW,evspsblsoi,lai,13263,0.3718453643876426,0.3760861559661641,0.006497051471281457,0.364513259982977,0.3867050865618108,True
CLASSIC,2009,HD,evapotrans,precipitation,11832,0.5198103471137486,0.521637477653506,0.004781670756869348,0.5125335430333643,0.5312312501390547,True
CLASSIC,2009,HD,evapotrans,lai,11832,0.48283670742322643,0.48701864321299676,0.006911469165725464,0.4731019449228292,0.5003107055411432,True
CLASSIC,2009,HD,tran,precipitation,11832,0.4731891736494639,0.47423846760949573,0.005393437338035504,0.4637601726873446,0.48457042493488295,True
CLASSIC,2009,HD,tran,lai,11832,0.6173896512287836,0.6187600883926097,0.004489196230419177,0.6104299876786002,0.6269366729106753,True
CLASSIC,2009,HD,evspsblveg,precipitation,11832,0.5038739021419627,0.5065143698758756,0.00544393808456756,0.49736708224758436,0.5167213049113241,True
CLASSIC,2009,HD,evspsblveg,lai,11832,0.5863703571614323,0.5875111593330817,0.004961014185391789,0.5782558008058769,0.5964473174411103,True
CLASSIC,2009,HD,evspsblsoi,precipitation,11832,0.41175134708642275,0.41469503337712355,0.006725465004471951,0.4014753878554999,0.4279610433350535,True
CLASSIC,2009,HD,evspsblsoi,lai,11832,0.3166515637064865,0.3236747424654697,0.007885779005589335,0.3120851561674575,0.34127426240771613,True
CLASSIC,2009,CW,evapotrans,precipitation,22375,0.285218365027896,0.28695588116296217,0.004850831548475606,0.27940607194633954,0.29754040754927485,True
CLASSIC,2009,CW,evapotrans,lai,22375,0.2912789189685705,0.29079047066009084,0.004164627724971069,0.28336006814457204,0.29934247311160583,True
CLASSIC,2009,CW,tran,precipitation,22375,0.2681251953109318,0.2679827560839043,0.006493257507237711,0.2566288312520253,0.2798923048994274,True
CLASSIC,2009,CW,tran,lai,22375,0.42657002949050726,0.42729818004685427,0.0037524083884498136,0.4207304274814814,0.4346808698501193,True
CLASSIC,2009,CW,evspsblveg,precipitation,22375,0.35207575159313675,0.35130184702912126,0.006012539732921684,0.33891142683082726,0.3634988767423579,True
CLASSIC,2009,CW,evspsblveg,lai,22375,0.5455983996923254,0.5460776037414871,0.0028356528268136455,0.5403468541202121,0.551125770425483,True
CLASSIC,2009,CW,evspsblsoi,precipitation,22375,0.10317178500551408,0.1046512238768361,0.006186595436863075,0.09306092361189727,0.11628590410250396,True
CLASSIC,2009,CW,evspsblsoi,lai,22375,0.18297799570252044,0.18540999157784196,0.0048423561964928055,0.17737247388537777,0.19624451602118356,True
CLASSIC,2009,CD,evapotrans,precipitation,13607,0.270050250792536,0.27201789097130313,0.006739835800645228,0.25923622338926433,0.28403411941200035,True
CLASSIC,2009,CD,evapotrans,lai,13607,0.38144858635646717,0.3834815206462531,0.004373922083180319,0.37597931978703686,0.3907355641806687,True
CLASSIC,2009,CD,tran,precipitation,13607,0.2651391380501137,0.26682962412404304,0.007345744871378934,0.25390146731311536,0.2809466658538835,True
CLASSIC,2009,CD,tran,lai,13607,0.47516084306575385,0.4775089218955037,0.005151038335822809,0.46878929609130277,0.4872754934721974,True
CLASSIC,2009,CD,evspsblveg,precipitation,13607,0.29912096058053605,0.3008389539253809,0.005496263728571643,0.2899880487050451,0.31124392543594476,True
CLASSIC,2009,CD,evspsblveg,lai,13607,0.5173384737336065,0.5188138986562358,0.00333548770199636,0.5118177037830067,0.5249889979236899,True
CLASSIC,2009,CD,evspsblsoi,precipitation,13607,0.26833603201245426,0.2690578878560649,0.006750483480266086,0.2569271651932775,0.28010864916015005,True
CLASSIC,2009,CD,evspsblsoi,lai,13607,0.34251004106536476,0.34657610960027774,0.005534188394641246,0.33632932708165086,0.35894003924494455,True
CLASSIC,2010,HW,evapotrans,precipitation,13248,0.27702667828821437,0.2834344065056788,0.007256449064095988,0.26866809612959985,0.2972832438598924,True
CLASSIC,2010,HW,evapotrans,lai,13248,0.33604750592471067,0.33656776905178715,0.007887527697359915,0.32051361140153756,0.3495727953807432,True
CLASSIC,2010,HW,tran,precipitation,13248,0.2116958914410719,0.2170965126410246,0.008348041344271754,0.19930158958322872,0.2312588735133064,True
CLASSIC,2010,HW,tran,lai,13248,0.41872476301157596,0.4212263733170873,0.00561074405118293,0.41190300104371586,0.4315827275845,True
CLASSIC,2010,HW,evspsblveg,precipitation,13248,0.33913382440069273,0.34247325051511324,0.008675764165089271,0.3246851529031082,0.35838711882563506,True
CLASSIC,2010,HW,evspsblveg,lai,13248,0.38007810363686084,0.38088571231784035,0.005976591798346904,0.3699978737718084,0.39133169841247545,True
CLASSIC,2010,HW,evspsblsoi,precipitation,13248,0.17551445287576337,0.1770194540888796,0.006979838116125251,0.1643765646001209,0.18973105231975207,True
CLASSIC,2010,HW,evspsblsoi,lai,13248,0.3758230505423389,0.3779036467826089,0.005566708151456074,0.3679444088392125,0.38813763335403406,True
CLASSIC,2010,HD,evapotrans,precipitation,11830,0.5088126270818578,0.5116953774356232,0.005391691809798103,0.5005683975102659,0.5222330301688715,True
CLASSIC,2010,HD,evapotrans,lai,11830,0.47852916314454774,0.48174482603458624,0.007942756605059158,0.4667941673710904,0.49694695581653797,True
CLASSIC,2010,HD,tran,precipitation,11830,0.39949281487743027,0.40260201552889635,0.007173266307855061,0.3904829819150959,0.41606569813148764,True
CLASSIC,2010,HD,tran,lai,11830,0.625781910397295,0.6251428063164067,0.003681343618935121,0.617972323953213,0.6320117554777478,True
CLASSIC,2010,HD,evspsblveg,precipitation,11830,0.44598478444632295,0.4520430069768707,0.006008178953170714,0.44063515026942124,0.4648267324722874,True
CLASSIC,2010,HD,evspsblveg,lai,11830,0.613693998309383,0.6122700324663922,0.005275188185163305,0.6022950626556396,0.6219258770469531,True
CLASSIC,2010,HD,evspsblsoi,precipitation,11830,0.4266272189349113,0.4295665186217491,0.005554166026092234,0.4186063110940509,0.44151672595367364,True
CLASSIC,2010,HD,evspsblsoi,lai,11830,0.34623837700760784,0.3468758243661897,0.01124023154223152,0.3268955507592759,0.36636094674556213,True
CLASSIC,2010,CW,evapotrans,precipitation,22422,0.26541808790768534,0.26660623877054285,0.005676057378231752,0.2575949219654979,0.27655190454688744,True
CLASSIC,2010,CW,evapotrans,lai,22422,0.3080949034460309,0.30960402876439436,0.005356638585236469,0.3000253724764928,0.3184841664578907,True
CLASSIC,2010,CW,tran,precipitation,22422,0.2533152192737898,0.25387151878135866,0.008091036296796377,0.23765745482315107,0.2678726660724537,True
CLASSIC,2010,CW,tran,lai,22422,0.4214779139991777,0.42424465800155425,0.0038099096087756508,0.41607076485514616,0.42946330408892563,True
CLASSIC,2010,CW,evspsblveg,precipitation,22422,0.30192992002126984,0.3019919215700717,0.006542242033107029,0.29177082798047216,0.3147510809889331,True
CLASSIC,2010,CW,evspsblveg,lai,22422,0.5525118259107537,0.554514129465898,0.0030216791172140117,0.5492949210522937,0.5600664504741538,True
CLASSIC,2010,CW,evspsblsoi,precipitation,22422,0.10499538538633059,0.10844272557504452,0.0046296933190115965,0.10079649976319638,0.11787153759837771,True
CLASSIC,2010,CW,evspsblsoi,lai,22422,0.17798786412382828,0.17947314221567937,0.005528377560664279,0.16998238832716542,0.19107165633529719,True
CLASSIC,2010,CD,evapotrans,precipitation,13662,0.25410640879480395,0.2597344382165926,0.005099132414241863,0.2478751246192574,0.26893811988836386,True
CLASSIC,2010,CD,evapotrans,lai,13662,0.3670683107948369,0.36917994532785764,0.005248488330148881,0.360368257156906,0.3781580795382577,True
CLASSIC,2010,CD,tran,precipitation,13662,0.2623677858415907,0.26945765658345705,0.006145868403053835,0.25898033079178234,0.2814296093488172,True
CLASSIC,2010,CD,tran,lai,13662,0.4639475687123532,0.46603976268130837,0.00425258611053956,0.4583452500203249,0.47590467086615784,True
CLASSIC,2010,CD,evspsblveg,precipitation,13662,0.32080871952919826,0.32284733442098196,0.0048394714840515225,0.3135532463212796,0.33162904677016375,True
CLASSIC,2010,CD,evspsblveg,lai,13662,0.4987883589003965,0.5001060158458932,0.004027872015669532,0.4927962744605296,0.5086651340489259,True
CLASSIC,2010,CD,evspsblsoi,precipitation,13662,0.23574105391853178,0.23975375169521065,0.004956795169262218,0.23093793765604112,0.2485119365016883,True
CLASSIC,2010,CD,evspsblsoi,lai,13662,0.3287417215420271,0.3318250632502944,0.00631321518344474,0.32112956564513656,0.343441571232681,True
CLASSIC,2011,HW,evapotrans,precipitation,13244,0.2937101541050111,0.2958448844444119,0.007430475147193085,0.28118459352468467,0.3099736884623742,True
CLASSIC,2011,HW,evapotrans,lai,13244,0.37669741044281874,0.3790140149616004,0.006778893850802579,0.365500162265187,0.3923087535480193,True
CLASSIC,2011,HW,tran,precipitation,13244,0.19848240005620738,0.20291111681559998,0.009552579816786365,0.18496107987258456,0.2212237224629072,True
CLASSIC,2011,HW,tran,lai,13244,0.4197629023825188,0.42092932848652476,0.00687851927574784,0.40806522251231986,0.43228794079699545,True
CLASSIC,2011,HW,evspsblveg,precipitation,13244,0.33505362058723964,0.33725881972710586,0.008423173901950534,0.3213120032696577,0.3529673745927432,True
CLASSIC,2011,HW,evspsblveg,lai,13244,0.43942270175919984,0.4406050756009284,0.005343284254879389,0.43026057018322134,0.4510488922003841,True
CLASSIC,2011,HW,evspsblsoi,precipitation,13244,0.17133267210552394,0.171950956402029,0.008204222443820349,0.15711916639522389,0.18664882785623063,True
CLASSIC,2011,HW,evspsblsoi,lai,13244,0.36167581471685406,0.3648440211792223,0.005400063350722181,0.353602077205751,0.3739406906415108,True
CLASSIC,2011,HD,evapotrans,precipitation,11827,0.4359772590775967,0.4394733733366968,0.006092813200376616,0.4285661145280129,0.4517898371536707,True
CLASSIC,2011,HD,evapotrans,lai,11827,0.4919012206003728,0.49054787488214585,0.005812272932376798,0.4791349166358716,0.5031618332985808,True
CLASSIC,2011,HD,tran,precipitation,11827,0.42879862614518605,0.43067919419216644,0.005914953515732004,0.4185225608557208,0.4408823524930844,True
CLASSIC,2011,HD,tran,lai,11827,0.6256664573603917,0.627887339039667,0.004858920770161413,0.6187608216220499,0.6380927219692777,True
CLASSIC,2011,HD,evspsblveg,precipitation,11827,0.44779124493220607,0.44843115492731045,0.006503641610040727,0.43544743619852433,0.45994980982364375,True
CLASSIC,2011,HD,evspsblveg,lai,11827,0.6080015371063686,0.6066789317558158,0.005623558602075128,0.5959699484845662,0.6173996072570642,True
CLASSIC,2011,HD,evspsblsoi,precipitation,11827,0.3503926725592612,0.35748494342386705,0.0061865446592929635,0.34558331773982254,0.36741218272713655,True
CLASSIC,2011,HD,evspsblsoi,lai,11827,0.382480635701753,0.3842350707412723,0.010388870910499845,0.3653505594269377,0.4039497099112315,True
CLASSIC,2011,CW,evapotrans,precipitation,22393,0.25509552878003916,0.2549810756304739,0.006595581557008043,0.241734745315149,0.2662465829910826,True
CLASSIC,2011,CW,evapotrans,lai,22393,0.3069279270361537,0.3101635991785086,0.0052087256002016045,0.29960421039361895,0.319213687227579,True
CLASSIC,2011,CW,tran,precipitation,22393,0.24714383384857538,0.24824320544598566,0.006350978476314025,0.2365329582108022,0.2607611110442047,True
CLASSIC,2011,CW,tran,lai,22393,0.44205201184324994,0.4425154418178925,0.0037975984453451545,0.43529252427960463,0.4506992791355334,True
CLASSIC,2011,CW,evspsblveg,precipitation,22393,0.28047112917133565,0.2809707751796679,0.005576671841460123,0.269510905745939,0.29130826717174696,True
CLASSIC,2011,CW,evspsblveg,lai,22393,0.559143161224037,0.5596700380901647,0.002672874373349629,0.5541853019528067,0.5644591776119757,True
CLASSIC,2011,CW,evspsblsoi,precipitation,22393,0.11564425647962324,0.11827606801749288,0.006362362032122681,0.10549360066340786,0.13020681421246091,True
CLASSIC,2011,CW,evspsblsoi,lai,22393,0.1995538453292554,0.20084366064338538,0.0066039601837143275,0.1862222160645572,0.21188369800620194,True
CLASSIC,2011,CD,evapotrans,precipitation,13361,0.27084850581749453,0.2766993803952723,0.005815522542079179,0.26617080679705046,0.2906884163712366,True
CLASSIC,2011,CD,evapotrans,lai,13361,0.3682310086062438,0.3693155270657718,0.005818158883290417,0.3571327240915346,0.380743605885034,True
CLASSIC,2011,CD,tran,precipitation,13361,0.2949181907123557,0.2967959061152457,0.005713148966793491,0.2878510420595986,0.3088117291104449,True
CLASSIC,2011,CD,tran,lai,13361,0.46466579601817243,0.46897199887041585,0.00936893693366937,0.45891978745923845,0.4938733058981145,True
CLASSIC,2011,CD,evspsblveg,precipitation,13361,0.3101568238248908,0.3154088423944584,0.00676977461519178,0.30280878331457484,0.32953935542633667,True
CLASSIC,2011,CD,evspsblveg,lai,13361,0.5081931974685462,0.5103374141912028,0.006982968545956201,0.5034590093261647,0.5302291143048693,True
CLASSIC,2011,CD,evspsblsoi,precipitation,13361,0.2649356626915318,0.26819917358778517,0.007184168715698545,0.2545727106625187,0.2804337419915695,True
CLASSIC,2011,CD,evspsblsoi,lai,13361,0.33084518598459095,0.33419910292988925,0.007224869524950966,0.32144631345034047,0.34886101275431763,True
CLASSIC,2012,HW,evapotrans,precipitation,13238,0.3067214952469066,0.31067500317493674,0.007462951763117427,0.297845722525903,0.3250189845333465,True
CLASSIC,2012,HW,evapotrans,lai,13238,0.38166088058317876,0.38077607091964166,0.007376599703660855,0.36612007638160593,0.3951843839533296,True
CLASSIC,2012,HW,tran,precipitation,13238,0.22940465034969826,0.23673970169790853,0.007977809678949168,0.2237295805415152,0.2548741087287505,True
CLASSIC,2012,HW,tran,lai,13238,0.43622754279198994,0.43822515186548405,0.006119444785961036,0.4254110253579755,0.44883572287107637,True
CLASSIC,2012,HW,evspsblveg,precipitation,13238,0.3622728034145043,0.3645274818018322,0.0068643951493053005,0.3525402078769317,0.37827420911552945,True
CLASSIC,2012,HW,evspsblveg,lai,13238,0.42115169915043615,0.42289624128475145,0.006850841184488576,0.41095180118806046,0.43681968500435436,True
CLASSIC,2012,HW,evspsblsoi,precipitation,13238,0.17819986544274952,0.18107077092302645,0.008177028218053403,0.16639260811946532,0.1972950114683248,True
CLASSIC,2012,HW,evspsblsoi,lai,13238,0.3695006912718992,0.37112437931853415,0.006860735475436259,0.35798161021090474,0.3823388005036545,True
CLASSIC,2012,HD,evapotrans,precipitation,11827,0.518892875336537,0.519580368762666,0.005874148935888318,0.5074997506194233,0.5300169838772743,True
CLASSIC,2012,HD,evapotrans,lai,11827,0.47055899082042485,0.47331360060286953,0.00774391934623967,0.4567860836853124,0.48762906013265916,True
CLASSIC,2012,HD,tran,precipitation,11827,0.47320868313892595,0.47525550547087625,0.004704167098673783,0.466880334687598,0.48402119504349866,True
CLASSIC,2012,HD,tran,lai,11827,0.6274520702221837,0.6278080310839793,0.003901727125272137,0.6204413323268723,0.6355387479850872,True
CLASSIC,2012,HD,evspsblveg,precipitation,11827,0.5031940634240459,0.5037097846377993,0.004362765007627224,0.4961035723936942,0.511217142221427,True
CLASSIC,2012,HD,evspsblveg,lai,11827,0.5869359979180964,0.5878656310982149,0.006549642216680917,0.5740857662474098,0.5999189895330448,True
CLASSIC,2012,HD,evspsblsoi,precipitation,11827,0.4297003053531466,0.43048562571174354,0.007107300946451625,0.4158986981237659,0.4425252416024305,True
CLASSIC,2012,HD,evspsblsoi,lai,11827,0.3383115313964544,0.34041798946118107,0.007402489012254211,0.32657360800736646,0.3556326302103565,True
CLASSIC,2012,CW,evapotrans,precipitation,22433,0.25402989476367455,0.2551463992625005,0.005510311292682573,0.24576153755184507,0.2672346211420321,True
CLASSIC,2012,CW,evapotrans,lai,22433,0.26214030230883784,0.26362696001897157,0.004624939531568307,0.25498175521581445,0.27145542577834275,True
CLASSIC,2012,CW,tran,precipitation,22433,0.258690499478362,0.25866446335864723,0.005596056140273171,0.24688725474880527,0.2688440467966989,True
CLASSIC,2012,CW,tran,lai,22433,0.3975553378655525,0.39847951209319066,0.00346492016078823,0.39214578916232545,0.40572814524161654,True
CLASSIC,2012,CW,evspsblveg,precipitation,22433,0.2906081174339465,0.29087883801780356,0.006491349782880558,0.2801169502887638,0.304632451395996,True
CLASSIC,2012,CW,evspsblveg,lai,22433,0.5221721116979856,0.524130833516627,0.0024797834099238923,0.5197680503562486,0.528897467373881,True
CLASSIC,2012,CW,evspsblsoi,precipitation,22433,0.0764879651729008,0.08078249744860065,0.004666061629809137,0.07154681906985302,0.08911297251224884,True
CLASSIC,2012,CW,evspsblsoi,lai,22433,0.17600924961252262,0.1786333961509109,0.004199164786831597,0.1711164216544994,0.1861733734312255,True
CLASSIC,2012,CD,evapotrans,precipitation,12999,0.23836306934852974,0.24370668404755647,0.007811114873021227,0.22751246314285953,0.2584181846014521,True
CLASSIC,2012,CD,evapotrans,lai,12999,0.3741142809801937,0.37538779205280604,0.008599983738005735,0.3604128090924149,0.39150599823848836,True
CLASSIC,2012,CD,tran,precipitation,12999,0.23932699170323457,0.2436660972740896,0.008730444580060484,0.22614991524485722,0.26015432918166176,True
CLASSIC,2012,CD,tran,lai,12999,0.4971944587453473,0.5006046123407193,0.006492067107408633,0.48923087278903105,0.515342237091204,True
CLASSIC,2012,CD,evspsblveg,precipitation,12999,0.26745583833831477,0.2666360772507686,0.00602285398334336,0.25625635037817196,0.2784832402811595,True
CLASSIC,2012,CD,evspsblveg,lai,12999,0.5568147253930776,0.5568736272408773,0.006357162135258222,0.5478959860863182,0.566223282176073,True
CLASSIC,2012,CD,evspsblsoi,precipitation,12999,0.23281631131388808,0.23802009662583692,0.008164840025868297,0.2230248169977572,0.25261150377692915,True
CLASSIC,2012,CD,evspsblsoi,lai,12999,0.3511978436211069,0.35408536795141793,0.010574842671079582,0.33306801128979047,0.37461729331733234,True
CLASSIC,2013,HW,evapotrans,precipitation,13248,0.28279162109196976,0.28170104740312946,0.00742388484050263,0.26668819925184434,0.29939436568567135,True
CLASSIC,2013,HW,evapotrans,lai,13248,0.33846080006380463,0.3408709332256506,0.007030095041893192,0.32730240835697666,0.3539728386521754,True
CLASSIC,2013,HW,tran,precipitation,13248,0.2346652823352475,0.23603766775380755,0.007407079144543734,0.22173011644058738,0.2490686270943099,True
CLASSIC,2013,HW,tran,lai,13248,0.4256668147844317,0.4290230810239912,0.0057661755378513495,0.4180129534396689,0.4386183660261705,True
CLASSIC,2013,HW,evspsblveg,precipitation,13248,0.36223278985507246,0.36356494748867946,0.008442656008194546,0.3460444767314621,0.37829852196417185,True
CLASSIC,2013,HW,evspsblveg,lai,13248,0.36791877888520164,0.37209576572315184,0.004891924353479675,0.36390061867673473,0.38041154728801924,True
CLASSIC,2013,HW,evspsblsoi,precipitation,13248,0.18034827613708876,0.18488584477027964,0.008025639468588804,0.16988045144999053,0.2000876800200529,True
CLASSIC,2013,HW,evspsblsoi,lai,13248,0.39209016953787257,0.3942555796379525,0.006652085639924614,0.38280479495369013,0.40614664148016444,True
CLASSIC,2013,HD,evapotrans,precipitation,11830,0.49191930924168153,0.4935704681110307,0.00463268648322748,0.4840035901315274,0.5020508945344663,True
CLASSIC,2013,HD,evapotrans,lai,11830,0.471513102282333,0.47042770780645715,0.010368683289307236,0.4499380706489094,0.4870369544047429,True
CLASSIC,2013,HD,tran,precipitation,11830,0.4577845459818449,0.46008341965460475,0.00823291372546859,0.4445197140879614,0.47541554917085405,True
CLASSIC,2013,HD,tran,lai,11830,0.6177514792899409,0.6181519579277989,0.0042842621978584645,0.6103900649261959,0.6259309228452141,True
CLASSIC,2013,HD,evspsblveg,precipitation,11830,0.49532567321762866,0.49530153265437077,0.006247784424275229,0.48232056561745734,0.507235785788925,True
CLASSIC,2013,HD,evspsblveg,lai,11830,0.5886728655959426,0.5885283544173133,0.005835923415535879,0.5776534320813899,0.5997828610754402,True
CLASSIC,2013,HD,evspsblsoi,precipitation,11830,0.4421922241652131,0.44418496212410025,0.005156723522427297,0.43526759390787384,0.4530974236194234,True
CLASSIC,2013,HD,evspsblsoi,lai,11830,0.3563820794590025,0.3582281188163663,0.0077784254104567765,0.3421724429416737,0.37362576217222837,True
CLASSIC,2013,CW,evapotrans,precipitation,22435,0.2863750880479975,0.28788014815965424,0.0058094581728826145,0.2778274922696374,0.3001231654346183,True
CLASSIC,2013,CW,evapotrans,lai,22435,0.2847327747488193,0.28631869398112886,0.004892412253987265,0.2769805465271981,0.2947355279726386,True
CLASSIC,2013,CW,tran,precipitation,22435,0.22237002837542963,0.2263939074235416,0.005977224472206243,0.21499614210121964,0.23947695555759252,True
CLASSIC,2013,CW,tran,lai,22435,0.4322961687642261,0.43374252471206476,0.004175995083447891,0.42638086982157514,0.4417351205607997,True
CLASSIC,2013,CW,evspsblveg,precipitation,22435,0.2874428769045754,0.28819054646474757,0.006313406561660341,0.2759647964439658,0.30174263261446516,True
CLASSIC,2013,CW,evspsblveg,lai,22435,0.5362933549250766,0.5372923866891022,0.00324628590661816,0.5305778828439934,0.5445526676125927,True
CLASSIC,2013,CW,evspsblsoi,precipitation,22435,0.12612513621521834,0.12873461317753385,0.005280407247271924,0.11705171350469804,0.1386390282869024,True
CLASSIC,2013,CW,evspsblsoi,lai,22435,0.17756331290536959,0.1842666940879511,0.005277673657801377,0.17546685639722698,0.19409621713534372,True
CLASSIC,2013,CD,evapotrans,precipitation,13315,0.31683535626858583,0.3198831982213807,0.00726808382553933,0.30916083303715863,0.33538068805201066,True
CLASSIC,2013,CD,evapotrans,lai,13315,0.38266734995824786,0.3839009380788934,0.005653953359968276,0.37333855115908454,0.39403675729891,True
CLASSIC,2013,CD,tran,precipitation,13315,0.3038322053622796,0.3043547770802949,0.006637355595704732,0.29067716315478537,0.3159609852486893,True
CLASSIC,2013,CD,tran,lai,13315,0.48845749575073677,0.48878699061358694,0.005037577279166035,0.47957819092264314,0.49752626946760464,True
CLASSIC,2013,CD,evspsblveg,precipitation,13315,0.3276707530936087,0.32935505989657765,0.007202947486294013,0.3164604933077168,0.34196313055071254,True
CLASSIC,2013,CD,evspsblveg,lai,13315,0.5121286103919249,0.5126112940988687,0.0036491423524589246,0.5065021143181827,0.5200138030947459,True
CLASSIC,2013,CD,evspsblsoi,precipitation,13315,0.316566033569029,0.31935356053390157,0.007228512195955749,0.30734756670532326,0.33607716102303015,True
CLASSIC,2013,CD,evspsblsoi,lai,13315,0.35135520506567886,0.3538274140561824,0.00624273935836733,0.3429267591055171,0.3664820184224176,True
CLASSIC,2014,HW,evapotrans,precipitation,13234,0.2824480874579106,0.285357417157556,0.006300485528618345,0.2738039624403233,0.2976730210034587,True
CLASSIC,2014,HW,evapotrans,lai,13234,0.3626519840384561,0.36317258584909284,0.0061587249310862255,0.3523517913348295,0.37535492480232535,True
CLASSIC,2014,HW,tran,precipitation,13234,0.23732216006984463,0.24342717738883593,0.0073477465710508226,0.22818648493935426,0.25801002190066996,True
CLASSIC,2014,HW,tran,lai,13234,0.41879022527352583,0.41788975877807466,0.005071053058791837,0.4080217558444599,0.4272672601851525,True
CLASSIC,2014,HW,evspsblveg,precipitation,13234,0.35545251465824024,0.35963764675565346,0.0058946183047196106,0.3498159663420779,0.3705756546646311,True
CLASSIC,2014,HW,evspsblveg,lai,13234,0.4566069942157509,0.45817729093443693,0.004161165888931466,0.44968796547785356,0.46624433704545054,True
CLASSIC,2014,HW,evspsblsoi,precipitation,13234,0.19892978768926,0.20254299895213884,0.007622083643366968,0.18702572862016442,0.2156639718654528,True
CLASSIC,2014,HW,evspsblsoi,lai,13234,0.3439767423769669,0.3445338233977525,0.006846592882922337,0.329485604150902,0.3561850845177439,True
CLASSIC,2014,HD,evapotrans,precipitation,11830,0.536244141125047,0.5365965994475872,0.005492649183313798,0.5260424904116097,0.5487408711475319,True
CLASSIC,2014,HD,evapotrans,lai,11830,0.46382079459002534,0.4664463886869413,0.008001143377290845,0.454010989010989,0.4811136939983094,True
CLASSIC,2014,HD,tran,precipitation,11830,0.4597502263453064,0.4616823022743652,0.006964441377365945,0.44879594542703793,0.4748463025069385,True
CLASSIC,2014,HD,tran,lai,11830,0.6201183431952663,0.6217301629204663,0.004136447246941721,0.6145237201299286,0.630120455562885,True
CLASSIC,2014,HD,evspsblveg,precipitation,11830,0.5086759979575286,0.5110657162762657,0.006372213046383124,0.49935169146750547,0.5231523561562407,True
CLASSIC,2014,HD,evspsblveg,lai,11830,0.5975486052409129,0.5983673690715223,0.004920549515542413,0.588585463410727,0.6084974640743872,True
CLASSIC,2014,HD,evspsblsoi,precipitation,11830,0.4084854817185938,0.41396671922412875,0.005898378299098679,0.40267946048091746,0.425675737284972,True
CLASSIC,2014,HD,evspsblsoi,lai,11830,0.3447168216398986,0.34644151027939585,0.01055725432023626,0.32226965342349956,0.36390995247106134,True
CLASSIC,2014,CW,evapotrans,precipitation,22324,0.2030067055290934,0.20636345007456713,0.005951430944267657,0.19359448981784416,0.21851643315242691,True
CLASSIC,2014,CW,evapotrans,lai,22324,0.2905690726793865,0.2916752629004727,0.004225813854781927,0.2837567632690874,0.29925268344927686,True
CLASSIC,2014,CW,tran,precipitation,22324,0.19772307348473026,0.20045532606957578,0.0065083981498122966,0.18709962491062998,0.21171617227957645,True
CLASSIC,2014,CW,tran,lai,22324,0.4152333522145991,0.41606584469721564,0.004360794907878485,0.40809012332184463,0.42394245444573525,True
CLASSIC,2014,CW,evspsblveg,precipitation,22324,0.2855195649318858,0.2882518391177445,0.005496179989527117,0.2776408334913436,0.29768072785624755,True
CLASSIC,2014,CW,evspsblveg,lai,22324,0.5477456394872773,0.548280492628769,0.002836920698019633,0.5432803547808299,0.5533422321129419,True
CLASSIC,2014,CW,evspsblsoi,precipitation,22324,0.13538975718469193,0.1358781198120393,0.006202654627844406,0.12500007735907842,0.1465914060200977,True
CLASSIC,2014,CW,evspsblsoi,lai,22324,0.15763648796818502,0.16167239568707412,0.004174518090099242,0.1542745983843871,0.17035793685595907,True
CLASSIC,2014,CD,evapotrans,precipitation,13357,0.27665868685410133,0.2780069764348829,0.007228949433293504,0.2641559840482814,0.2925701085638896,True
CLASSIC,2014,CD,evapotrans,lai,13357,0.41723782981836455,0.4179297140457172,0.00896100686987,0.3997703167882824,0.4339300528763213,True
CLASSIC,2014,CD,tran,precipitation,13357,0.29842874207383424,0.2999195154739836,0.005798798381013704,0.2890445143105889,0.3096147121363517,True
CLASSIC,2014,CD,tran,lai,13357,0.558156968010994,0.555920903217721,0.010149267872520313,0.532208536954439,0.5717570180950462,True
CLASSIC,2014,CD,evspsblveg,precipitation,13357,0.33295984769250153,0.3360265079188953,0.005827701251517167,0.32409300837121185,0.34631583839690705,True
CLASSIC,2014,CD,evspsblveg,lai,13357,0.5398467158995031,0.5395272477198535,0.007810351783088296,0.5184736153477544,0.5508319259507092,True
CLASSIC,2014,CD,evspsblsoi,precipitation,13357,0.24890666559372088,0.25007884754841264,0.007358463023147046,0.2373342144440701,0.2623502403771346,True
CLASSIC,2014,CD,evspsblsoi,lai,13357,0.39880403295386646,0.3974334860918019,0.009518003586273468,0.36753716944511916,0.412087149632008,True
CLASSIC,2015,HW,evapotrans,precipitation,13262,0.2566515359435423,0.2614799551897452,0.00836110734075202,0.24540765922894506,0.2750080663087641,True
CLASSIC,2015,HW,evapotrans,lai,13262,0.38019843680527016,0.3804334001346087,0.006568270498303527,0.36748725415840683,0.3911022772439422,True
CLASSIC,2015,HW,tran,precipitation,13262,0.22820562861990384,0.23135720161796075,0.008760080559046845,0.21474188978067377,0.24861432282406792,True
CLASSIC,2015,HW,tran,lai,13262,0.42077188751676675,0.42204081201386806,0.0058192422221156285,0.4114660329602731,0.4336362668628138,True
CLASSIC,2015,HW,evspsblveg,precipitation,13262,0.31478875786362015,0.3180296437180193,0.006713895196887437,0.3043804800837597,0.3307066685250174,True
CLASSIC,2015,HW,evspsblveg,lai,13262,0.44598152550445364,0.44707535098145046,0.004619937601192033,0.43726771247711155,0.4548250869468305,True
CLASSIC,2015,HW,evspsblsoi,precipitation,13262,0.20226390634736208,0.20686725771712375,0.007602840207462955,0.1891780549633863,0.22067555254194182,True
CLASSIC,2015,HW,evspsblsoi,lai,13262,0.3781668009825417,0.37717862448351136,0.00532655975459038,0.36693428446095144,0.38597507066444736,True
CLASSIC,2015,HD,evapotrans,precipitation,11827,0.49706337492896224,0.4965039480067992,0.005126800146318128,0.48590921024880185,0.5052134604716769,True
CLASSIC,2015,HD,evapotrans,lai,11827,0.4749797453616771,0.4772561009104432,0.0077059900807387475,0.46339601827359667,0.4916924827604609,True
CLASSIC,2015,HD,tran,precipitation,11827,0.46167547485262495,0.46292296841939395,0.005506086380765088,0.4517079599635665,0.47196993458587866,True
CLASSIC,2015,HD,tran,lai,11827,0.6074912189365095,0.6106365937331899,0.004328111210373051,0.6022714738151842,0.6186136245508964,True
CLASSIC,2015,HD,evspsblveg,precipitation,11827,0.4918820373553085,0.4944308272256016,0.004624430622826749,0.4856982177128149,0.5036691191087468,True
CLASSIC,2015,HD,evspsblveg,lai,11827,0.5808572458241396,0.5822338620496568,0.005236913209238377,0.5725862879086566,0.5918765033575293,True
CLASSIC,2015,HD,evspsblsoi,precipitation,11827,0.461896075579889,0.46232923321479175,0.006546035397495357,0.44882402885825035,0.47483809916577346,True
CLASSIC,2015,HD,evspsblsoi,lai,11827,0.3646197315897025,0.3680655156850902,0.011375959760781571,0.3491064578137009,0.3873046641054032,True
CLASSIC,2015,CW,evapotrans,precipitation,22368,0.21873304021064183,0.21926977274809192,0.005713106809420502,0.20754151808111565,0.22944256349923078,True
CLASSIC,2015,CW,evapotrans,lai,22368,0.2997306644718204,0.30145490298596633,0.006312036382765216,0.28873080669432893,0.3119912462954059,True
CLASSIC,2015,CW,tran,precipitation,22368,0.25904867687274424,0.25968285299964267,0.006697982647292435,0.24763163640065194,0.2721120801386042,True
CLASSIC,2015,CW,tran,lai,22368,0.39047450201865747,0.39145798828411765,0.0036500971848194286,0.38315520034245126,0.39762460363600344,True
CLASSIC,2015,CW,evspsblveg,precipitation,22368,0.300008785530459,0.3034218233755048,0.006189803174846022,0.29318218903769844,0.3152706273163892,True
CLASSIC,2015,CW,evspsblveg,lai,22368,0.5519751838311708,0.5542041555840372,0.002726813191465386,0.5495385606714371,0.5593836095469173,True
CLASSIC,2015,CW,evspsblsoi,precipitation,22368,0.11516016501952966,0.11583990578280788,0.006007702502524794,0.10335655800038225,0.12484617069170767,True
CLASSIC,2015,CW,evspsblsoi,lai,22368,0.17447648366367946,0.17586157724261775,0.0034804304535391655,0.16891225273874394,0.18279687798599362,True
CLASSIC,2015,CD,evapotrans,precipitation,13646,0.3259031298374034,0.3284176267387541,0.006975862452840293,0.314641469380092,0.34435124450072135,True
CLASSIC,2015,CD,evapotrans,lai,13646,0.3755237483216378,0.3772398722580008,0.005883061794752686,0.3649253275063508,0.386223305525608,True
CLASSIC,2015,CD,tran,precipitation,13646,0.31864147051629615,0.3194690864753357,0.006391550165369391,0.3083114779236007,0.3318248906051867,True
CLASSIC,2015,CD,tran,lai,13646,0.5073724189728879,0.5098172992941237,0.0034100293852834095,0.5039767814498274,0.5166601951597808,True
CLASSIC,2015,CD,evspsblveg,precipitation,13646,0.33178736079243376,0.33614960747582806,0.0058934726333215405,0.3243696494779806,0.3495009991448824,True
CLASSIC,2015,CD,evspsblveg,lai,13646,0.5289225626100901,0.5310287608621472,0.0035947160872922975,0.5243757486187611,0.537999072192154,True
CLASSIC,2015,CD,evspsblsoi,precipitation,13646,0.2726794529773352,0.27846486588579766,0.005640786996236301,0.2660039557579533,0.28771563068288936,True
CLASSIC,2015,CD,evspsblsoi,lai,13646,0.33631521770619605,0.3388275002438611,0.00521461310517308,0.3278120451412488,0.34757428746079266,True
CLASSIC,2016,HW,evapotrans,precipitation,13249,0.2608102354710199,0.26240940990296263,0.00774608979494192,0.24842185423181543,0.28129332021159886,True
CLASSIC,2016,HW,evapotrans,lai,13249,0.3591025595381353,0.36039116101072416,0.007392166561058344,0.3460604317591787,0.3752164703119287,True
CLASSIC,2016,HW,tran,precipitation,13249,0.21559918976212328,0.2221293518520019,0.00802685667580882,0.20715376123506493,0.23985035889276635,True
CLASSIC,2016,HW,tran,lai,13249,0.43717070850487827,0.4368101181100766,0.005840968673428579,0.42608702072539145,0.44659347041522734,True
CLASSIC,2016,HW,evspsblveg,precipitation,13249,0.3551942030955286,0.3564608852729171,0.0074477293559085,0.34315343443538815,0.3702380342590444,True
CLASSIC,2016,HW,evspsblveg,lai,13249,0.42347529254610883,0.4259831065621972,0.005853916246700554,0.41529066745445564,0.43704956294256014,True
CLASSIC,2016,HW,evspsblsoi,precipitation,13249,0.20065270700237142,0.20542513333610787,0.007429879854825709,0.18969561648529362,0.21749732042844944,True
CLASSIC,2016,HW,evspsblsoi,lai,13249,0.36234703366719023,0.3652027608188122,0.006795443973349892,0.3519422124224468,0.37813036182410686,True
CLASSIC,2016,HD,evapotrans,precipitation,11826,0.5329614933584024,0.5351402219113459,0.00486354040247045,0.5258132793821275,0.5428929931659819,True
CLASSIC,2016,HD,evapotrans,lai,11826,0.4534429132251401,0.45617296443917277,0.009884674601306785,0.4367843634536305,0.47607684522015936,True
CLASSIC,2016,HD,tran,precipitation,11826,0.4221991988939653,0.42210364636577047,0.006621033483429093,0.409613658866152,0.433100449748924,True
CLASSIC,2016,HD,tran,lai,11826,0.6199975725792375,0.6226918347722562,0.004546379033734445,0.614088364734236,0.6302293798254459,True
CLASSIC,2016,HD,evspsblveg,precipitation,11826,0.470611329871077,0.4724483374954604,0.006140669829567462,0.4615688289878957,0.48330700481259936,True
CLASSIC,2016,HD,evspsblveg,lai,11826,0.5831368023148845,0.5852492581983263,0.006964801455540402,0.5742192025398469,0.5986842951838477,True
CLASSIC,2016,HD,evspsblsoi,precipitation,11826,0.43871849203667784,0.4398347745059858,0.006688844094450113,0.4277463175470717,0.45200733714139013,True
CLASSIC,2016,HD,evspsblsoi,lai,11826,0.3174555998581288,0.31808047241789233,0.007999205184679893,0.30142990343640147,0.3327632486352191,True
CLASSIC,2016,CW,evapotrans,precipitation,22364,0.3338135317384522,0.3356353647649837,0.005770756804993195,0.32370978900026964,0.3467059769501988,True
CLASSIC,2016,CW,evapotrans,lai,22364,0.2659503565818948,0.26852786028042047,0.00510682118975747,0.25919832964110173,0.2772818129923998,True
CLASSIC,2016,CW,tran,precipitation,22364,0.32330907690155886,0.3241704913374149,0.006391513068306279,0.31253723203819034,0.3386589996118137,True
CLASSIC,2016,CW,tran,lai,22364,0.4036052622906287,0.40403762070354765,0.0038527267538813314,0.3951885868054955,0.4112701961473524,True
CLASSIC,2016,CW,evspsblveg,precipitation,22364,0.31831574538101903,0.3208586665506201,0.006079864846636652,0.3100459363971278,0.3304887273736548,True
CLASSIC,2016,CW,evspsblveg,lai,22364,0.5221473448415211,0.5230140546788471,0.0029872688069631963,0.5178993504800105,0.5289439687377,True
CLASSIC,2016,CW,evspsblsoi,precipitation,22364,0.09478883953767182,0.10005602354694869,0.004917943267676036,0.09195634924175583,0.11072513706200643,True
CLASSIC,2016,CW,evspsblsoi,lai,22364,0.18431082922815642,0.18665323949384865,0.00568307888710939,0.17676776192840998,0.1993195815750871,True
CLASSIC,2016,CD,evapotrans,precipitation,13403,0.28963253284374246,0.2918480661031996,0.007652884710542905,0.27981240657311784,0.3065083452289201,True
CLASSIC,2016,CD,evapotrans,lai,13403,0.3658627607318923,0.37098924389837895,0.00550633539689754,0.3615659402022714,0.3810067752147364,True
CLASSIC,2016,CD,tran,precipitation,13403,0.2854133284583559,0.2889452371620419,0.008140827131517606,0.27430376860184047,0.3039274765100821,True
CLASSIC,2016,CD,tran,lai,13403,0.47457711628383487,0.4775480642631468,0.0049443741513004276,0.47030939902448804,0.48665856206184704,True
CLASSIC,2016,CD,evspsblveg,precipitation,13403,0.32198163865646656,0.32503019802912897,0.008621475825625646,0.308292286429098,0.33986310236979683,True
CLASSIC,2016,CD,evspsblveg,lai,13403,0.5165952487803465,0.517438147076225,0.0033279932089234376,0.5115071427175201,0.5234758655224074,True
CLASSIC,2016,CD,evspsblsoi,precipitation,13403,0.280703447043011,0.2826882774716439,0.005250307065812453,0.2726678175316367,0.2929074233108266,True
CLASSIC,2016,CD,evspsblsoi,lai,13403,0.3306463467189903,0.3363433337755615,0.006441372689966031,0.3246342195053235,0.3473583498815292,True
CLASSIC,2017,HW,evapotrans,precipitation,13231,0.2663386265074065,0.2690115391957817,0.007520738767748222,0.25235328465644535,0.2824173323272227,True
CLASSIC,2017,HW,evapotrans,lai,13231,0.3495778227145039,0.35023323389186806,0.007373740003423155,0.3378158263678285,0.3633105019170809,True
CLASSIC,2017,HW,tran,precipitation,13231,0.21317704517364128,0.2145803778526467,0.007569519162867483,0.2007287712406986,0.23001340452515895,True
CLASSIC,2017,HW,tran,lai,13231,0.41783682964027824,0.41908640134474806,0.005902361308489079,0.4087892148968763,0.4303185645102068,True
CLASSIC,2017,HW,evspsblveg,precipitation,13231,0.34478957279430833,0.3470227297507623,0.006958316574603415,0.3341029830180717,0.36042386090547884,True
CLASSIC,2017,HW,evspsblveg,lai,13231,0.4260715732475777,0.4289472666050907,0.006322776329832158,0.4162540460305055,0.4406591696540559,True
CLASSIC,2017,HW,evspsblsoi,precipitation,13231,0.18141180256334616,0.18505299539773135,0.007622951341422242,0.16974846186048162,0.201849986255445,True
CLASSIC,2017,HW,evspsblsoi,lai,13231,0.374900918974901,0.3777966238502122,0.006950172460881011,0.36657388903502125,0.3911387649729293,True
CLASSIC,2017,HD,evapotrans,precipitation,11825,0.4668699359944626,0.47067354166959213,0.006116279784333525,0.4591098957809885,0.4820690395616114,True
CLASSIC,2017,HD,evapotrans,lai,11825,0.48053599352347115,0.48180849257793873,0.00891696309767649,0.46473303908262353,0.5000033163081118,True
CLASSIC,2017,HD,tran,precipitation,11825,0.44651261748069504,0.44751151250491616,0.004980151893582503,0.4374982215698353,0.4576779657345273,True
CLASSIC,2017,HD,tran,lai,11825,0.606691126404901,0.6077716611233859,0.004771280878141836,0.5982087198342976,0.6164875680017755,True
CLASSIC,2017,HD,evspsblveg,precipitation,11825,0.5037739466424704,0.5049060216497104,0.004191631646048731,0.496033898739663,0.5130283715999288,True
CLASSIC,2017,HD,evspsblveg,lai,11825,0.608306112492159,0.6068048681682124,0.008140853547746619,0.592215854053367,0.6212979482294286,True
CLASSIC,2017,HD,evspsblsoi,precipitation,11825,0.3852963822424663,0.3886463956499536,0.005866214696606047,0.37919621845954093,0.39996637441270716,True
CLASSIC,2017,HD,evspsblsoi,lai,11825,0.33629130402120605,0.33937159858002697,0.00624569889585768,0.3270429093198542,0.3506207584901681,True
CLASSIC,2017,CW,evapotrans,precipitation,22293,0.23439200658030795,0.23729806868345674,0.005331126000438282,0.22734012634982048,0.24674125981784809,True
CLASSIC,2017,CW,evapotrans,lai,22293,0.26721706304853765,0.2679656804418014,0.004418385736025661,0.25908405636251186,0.2762950244844146,True
CLASSIC,2017,CW,tran,precipitation,22293,0.30145347019442437,0.30164656937755874,0.005183958815534169,0.29271926487974065,0.3100804951872425,True
CLASSIC,2017,CW,tran,lai,22293,0.41126634817500607,0.412010609275155,0.0034512543730670195,0.4059923895924455,0.4186731731666379,True
CLASSIC,2017,CW,evspsblveg,precipitation,22293,0.35146808964605314,0.35300627668835177,0.005471780544788973,0.34249514006787285,0.36230913421090466,True
CLASSIC,2017,CW,evspsblveg,lai,22293,0.5387059376048792,0.540059063261334,0.002727918860253381,0.5348646924196024,0.5454156450767755,True
CLASSIC,2017,CW,evspsblsoi,precipitation,22293,0.10264078994122333,0.10747209457943972,0.004140558928512701,0.09998814265588905,0.11568458013658181,True
CLASSIC,2017,CW,evspsblsoi,lai,22293,0.17406738434993813,0.1777873462989389,0.0055208536307957135,0.1681754881318227,0.1899885162928787,True
CLASSIC,2017,CD,evapotrans,precipitation,13474,0.2403466920646423,0.24331565915225553,0.007101572678570084,0.2298770176148377,0.25569782235778377,True
CLASSIC,2017,CD,evapotrans,lai,13474,0.3820312628275039,0.38000144072754627,0.00964523945651286,0.3654820529384392,0.39811697732351226,True
CLASSIC,2017,CD,tran,precipitation,13474,0.2650790011701714,0.26927685152612024,0.007049667468254812,0.2561716008171557,0.2840107316503105,True
CLASSIC,2017,CD,tran,lai,13474,0.5145731464012353,0.504957564460619,0.016615159628851472,0.47265101293376816,0.5274418451770955,True
CLASSIC,2017,CD,evspsblveg,precipitation,13474,0.3003194361843355,0.3027385392551692,0.006458772635225197,0.29089249983775495,0.31445404306147906,True
CLASSIC,2017,CD,evspsblveg,lai,13474,0.5422208837080603,0.5357623963072221,0.014484524342189655,0.5078528778075712,0.5525639188647139,True
CLASSIC,2017,CD,evspsblsoi,precipitation,13474,0.23236649009960508,0.23502512145610446,0.0069869396780821505,0.22286080275707523,0.24781457860139353,True
CLASSIC,2017,CD,evspsblsoi,lai,13474,0.35827675043877294,0.3547233199467815,0.012793676785441287,0.3327406097398443,0.37609217522819816,True
CLASSIC,2018,HW,evapotrans,precipitation,13236,0.2815095258274608,0.28344805738079026,0.008403038198145103,0.26837756783748395,0.29874909185923626,True
CLASSIC,2018,HW,evapotrans,lai,13236,0.37265265288570304,0.37374603661211714,0.008150291991962183,0.35778100952570213,0.38851248657061654,True
CLASSIC,2018,HW,tran,precipitation,13236,0.2305967986839514,0.23363567083350495,0.00818755452931006,0.21818503022344463,0.2474962790934191,True
CLASSIC,2018,HW,tran,lai,13236,0.4140811097636873,0.4155130830245847,0.006043240183852309,0.40451958764225476,0.426848567243676,True
CLASSIC,2018,HW,evspsblveg,precipitation,13236,0.3744720349874966,0.37501775885173877,0.006806044350876301,0.36112955997912244,0.3871348216096433,True
CLASSIC,2018,HW,evspsblveg,lai,13236,0.4513934349147569,0.45118708383617473,0.004178920640236809,0.44423168475019453,0.4594181174179489,True
CLASSIC,2018,HW,evspsblsoi,precipitation,13236,0.21282750787698837,0.21638939895179735,0.008748307987962013,0.19897331978996516,0.23292771607454493,True
CLASSIC,2018,HW,evspsblsoi,lai,13236,0.32856740548151664,0.3332897675103181,0.005520747793013221,0.3221472425304062,0.3438550449288257,True
CLASSIC,2018,HD,evapotrans,precipitation,11826,0.5023215147297135,0.5022515947695332,0.004227210709653717,0.4932925430774783,0.5101371041461876,True
CLASSIC,2018,HD,evapotrans,lai,11826,0.4988410423956613,0.49946581369416765,0.00737223111164201,0.4880379386951546,0.5126888470451871,True
CLASSIC,2018,HD,tran,precipitation,11826,0.44066558014359514,0.44108820828578615,0.00726768949139585,0.4267115308858674,0.45365663042614973,True
CLASSIC,2018,HD,tran,lai,11826,0.6155193529622753,0.6171255107561866,0.004713316845164483,0.6073859040515279,0.6262134102997847,True
CLASSIC,2018,HD,evspsblveg,precipitation,11826,0.4905613820555008,0.49256911288545924,0.005548706986202111,0.4833413826163051,0.5043250895856616,True
CLASSIC,2018,HD,evspsblveg,lai,11826,0.592100961261481,0.594681791358219,0.004813567077374805,0.5856815326346212,0.603660721361268,True
CLASSIC,2018,HD,evspsblsoi,precipitation,11826,0.4407542788294457,0.4445748479052852,0.005554460753969526,0.43370926340104976,0.45442704599881345,True
CLASSIC,2018,HD,evspsblsoi,lai,11826,0.31689256118479864,0.32094177970381793,0.009535497572653437,0.30268372594505366,0.34145441313771496,True
CLASSIC,2018,CW,evapotrans,precipitation,22416,0.2543416954927558,0.254556676141475,0.007204447963396688,0.24083705692496093,0.2677901279630303,True
CLASSIC,2018,CW,evapotrans,lai,22416,0.27434670727754734,0.2764869337371864,0.004387803441338615,0.2682648532205466,0.2848770516586049,True
CLASSIC,2018,CW,tran,precipitation,22416,0.1993894253298842,0.20028484346312644,0.0064575955135035635,0.1866529210030248,0.2124987984286498,True
CLASSIC,2018,CW,tran,lai,22416,0.3913054734035697,0.39261547923976126,0.004279559268287345,0.3848518658197203,0.4003894230786258,True
CLASSIC,2018,CW,evspsblveg,precipitation,22416,0.2748324020735401,0.2763147893796005,0.005307264495173372,0.2656400331438754,0.28548481135530734,True
CLASSIC,2018,CW,evspsblveg,lai,22416,0.5425591235791332,0.5432861931362748,0.003091959733017889,0.5369311445579884,0.5493235086912274,True
CLASSIC,2018,CW,evspsblsoi,precipitation,22416,0.09855046140511878,0.10048206481901654,0.0057110825487513865,0.08927779639837105,0.11114941022041938,True
CLASSIC,2018,CW,evspsblsoi,lai,22416,0.16129991655635292,0.1634439567884879,0.00531161102254123,0.15414936710804672,0.17394446927008375,True
CLASSIC,2018,CD,evapotrans,precipitation,13125,0.23834569031273836,0.24516423211234417,0.011422958925675398,0.22807496885736772,0.2759594429333043,True
CLASSIC,2018,CD,evapotrans,lai,13125,0.37841732129256883,0.3796785874877131,0.010579971494620845,0.3610113023610053,0.3989644574796706,True
CLASSIC,2018,CD,tran,precipitation,13125,0.23331485234826196,0.23584608576149296,0.01029747146293147,0.22174509747907437,0.26239482247125806,True
CLASSIC,2018,CD,tran,lai,13125,0.5118251042686686,0.512154712339416,0.00872662215188196,0.497555684183803,0.530657556305081,True
CLASSIC,2018,CD,evspsblveg,precipitation,13125,0.2608430518424312,0.26822843668718055,0.00996711121312838,0.2565327132253125,0.29947436134897487,True
CLASSIC,2018,CD,evspsblveg,lai,13125,0.5109490008341494,0.5106386730869498,0.005283212056975933,0.5001748224712581,0.5192093522930495,True
CLASSIC,2018,CD,evspsblsoi,precipitation,13125,0.23814832734008934,0.2454049509057435,0.010019334501186115,0.2276019516439391,0.269644290211163,True
CLASSIC,2018,CD,evspsblsoi,lai,13125,0.3522324592898851,0.3544985137127258,0.010845744656864865,0.3325034795835447,0.3758860977161994,True
CLASSIC,2019,HW,evapotrans,precipitation,13237,0.26361839197648557,0.26732386188771534,0.007292468813650227,0.25403008090348256,0.2803078774244964,True
CLASSIC,2019,HW,evapotrans,lai,13237,0.39589006764348605,0.39421673959027664,0.0069160654710040525,0.3803619014731582,0.40839868572996607,True
CLASSIC,2019,HW,tran,precipitation,13237,0.22107848017370382,0.2243228495264865,0.00852860221200817,0.2095988386040008,0.2438487872994386,True
CLASSIC,2019,HW,tran,lai,13237,0.42122111849176336,0.42226716777067774,0.0058161880919346855,0.4097720202384199,0.43182877825306704,True
CLASSIC,2019,HW,evspsblveg,precipitation,13237,0.3438712062942302,0.3458382938693094,0.006296724894746828,0.3349103049674046,0.3601249876650175,True
CLASSIC,2019,HW,evspsblveg,lai,13237,0.4423094294536309,0.44489482798546975,0.005706115287071589,0.4341344970175938,0.45746706147019034,True
CLASSIC,2019,HW,evspsblsoi,precipitation,13237,0.18124069091363687,0.1851955664441058,0.0066528848267278905,0.17275802761843087,0.19696380059868263,True
CLASSIC,2019,HW,evspsblsoi,lai,13237,0.39887131001005594,0.39935829781298965,0.0064211606066891325,0.38824148306484135,0.4120971524673311,True
CLASSIC,2019,HD,evapotrans,precipitation,11825,0.41199803869376816,0.4143503578392535,0.005747596980214484,0.4042872507394751,0.4269817887454462,True
CLASSIC,2019,HD,evapotrans,lai,11825,0.47049043979276534,0.4714541308552237,0.010138308789126178,0.4531497971761836,0.49219785509115527,True
CLASSIC,2019,HD,tran,precipitation,11825,0.41698675120471335,0.41970203123882877,0.005570133014373705,0.40881514229234817,0.42998002899618964,True
CLASSIC,2019,HD,tran,lai,11825,0.6168401902212278,0.6186414916871559,0.004716444053895504,0.610023136304829,0.6274373459174847,True
CLASSIC,2019,HD,evspsblveg,precipitation,11825,0.41933988968290276,0.41992575113162495,0.0055363369308063445,0.4083547674337655,0.43019006650943364,True
CLASSIC,2019,HD,evspsblveg,lai,11825,0.582423372691709,0.580673639739659,0.005096858901832809,0.5721853282809068,0.5911184642576637,True
CLASSIC,2019,HD,evspsblsoi,precipitation,11825,0.3691729488998714,0.3724381447808749,0.008149330780363175,0.3563071995487188,0.3895819022433149,True
CLASSIC,2019,HD,evspsblsoi,lai,11825,0.34194242251487333,0.34328952382861105,0.008786796946277894,0.3266763576316349,0.3599717652651463,True
CLASSIC,2019,CW,evapotrans,precipitation,22359,0.19091830882746424,0.1918441494081135,0.007541632749463504,0.18083289486451762,0.20690895734621587,True
CLASSIC,2019,CW,evapotrans,lai,22359,0.27597663105410886,0.2772795621466829,0.004007118927318028,0.2695930067338562,0.28478303120781073,True
CLASSIC,2019,CW,tran,precipitation,22359,0.21850657641125837,0.21848762017474477,0.008165546812053753,0.2044789141482424,0.23465631244074972,True
CLASSIC,2019,CW,tran,lai,22359,0.43550870487853877,0.43615069848392596,0.003647884015361685,0.42932273778294183,0.4439373435681578,True
CLASSIC,2019,CW,evspsblveg,precipitation,22359,0.2838624897336751,0.28435499374385126,0.00606003383468703,0.27314839546156455,0.2952486357501399,True
CLASSIC,2019,CW,evspsblveg,lai,22359,0.5418869499109547,0.5434529775418585,0.003163672806386474,0.537123501727607,0.5490240150141908,True
CLASSIC,2019,CW,evspsblsoi,precipitation,22359,0.11012520929799113,0.11637584598242064,0.0051605706849015024,0.10709150797502928,0.1256503655911795,True
CLASSIC,2019,CW,evspsblsoi,lai,22359,0.17890412702388625,0.18035700609489796,0.007002855474201276,0.16735064053054854,0.19374818341637473,True
CLASSIC,2019,CD,evapotrans,precipitation,13402,0.21089158683957956,0.21351764939796797,0.0063633997676802055,0.20027204955382857,0.22486286467331762,True
CLASSIC,2019,CD,evapotrans,lai,13402,0.37478294618535435,0.38048022719182323,0.007659445186151884,0.36644604100317724,0.3940699205064069,True
CLASSIC,2019,CD,tran,precipitation,13402,0.21397726154320867,0.2181415476565078,0.005950174606778554,0.20696363096632978,0.2275319732389674,True
CLASSIC,2019,CD,tran,lai,13402,0.4770140678490847,0.48916361032566813,0.015377497121226017,0.47373134214591445,0.5196303188774398,True
CLASSIC,2019,CD,evspsblveg,precipitation,13402,0.2348507222902872,0.23733825870866493,0.0062912394133295526,0.22655542238129098,0.25187255843833356,True
CLASSIC,2019,CD,evspsblveg,lai,13402,0.5047340339044963,0.5203106747873357,0.023249492098135503,0.49928164681368564,0.560984850439005,True
CLASSIC,2019,CD,evspsblsoi,precipitation,13402,0.20359709689248395,0.2057391180509055,0.00530415011774822,0.1951627188076648,0.21717645861944776,True
CLASSIC,2019,CD,evspsblsoi,lai,13402,0.34008206616521924,0.35020517848499005,0.013008545567533369,0.3309169325124572,0.37803004022540726,True
CLASSIC,2020,HW,evapotrans,precipitation,13225,0.23168759207106493,0.234166642827778,0.006818127795223973,0.222524118222869,0.2470658370796105,True
CLASSIC,2020,HW,evapotrans,lai,13225,0.3596744238548182,0.36388308730247404,0.0074376977843342495,0.3500133770187338,0.3772753797764671,True
CLASSIC,2020,HW,tran,precipitation,13225,0.17758317071382534,0.18166311384115905,0.006742279152317871,0.16872544096210998,0.19470404470422192,True
CLASSIC,2020,HW,tran,lai,13225,0.41910311530619393,0.42114507271941015,0.005546821815688169,0.41123486415905636,0.4320061691606843,True
CLASSIC,2020,HW,evspsblveg,precipitation,13225,0.2896049963778832,0.2910457702969211,0.007630935043355126,0.2763116683693824,0.30829308774887326,True
CLASSIC,2020,HW,evspsblveg,lai,13225,0.42816012185172325,0.43211065547926764,0.004846555011689829,0.4220247632764511,0.4401162735603735,True
CLASSIC,2020,HW,evspsblsoi,precipitation,13225,0.1361017346051315,0.14157946574474572,0.006723559631338567,0.1285630795534852,0.15375686226005936,True
CLASSIC,2020,HW,evspsblsoi,lai,13225,0.37416809003522644,0.3764396140368868,0.007723134390089931,0.3623425389795506,0.39108355914650356,True
CLASSIC,2020,HD,evapotrans,precipitation,11825,0.5280845036629024,0.5290677398496277,0.004765985189337739,0.5206077702020457,0.5383674051926961,True
CLASSIC,2020,HD,evapotrans,lai,11825,0.4724204596834293,0.47368911224703053,0.007335681714525698,0.45946784510495997,0.4869404395310473,True
CLASSIC,2020,HD,tran,precipitation,11825,0.48165243281731207,0.4825517977090375,0.005327536677955243,0.47341485865378735,0.49177929581055285,True
CLASSIC,2020,HD,tran,lai,11825,0.6115135669339604,0.6112181757310361,0.004925530548022108,0.6024926465039611,0.6217363013236323,True
CLASSIC,2020,HD,evspsblveg,precipitation,11825,0.5096022244602469,0.5106158783302778,0.005211240136363208,0.5001433559388283,0.519823991140851,True
CLASSIC,2020,HD,evspsblveg,lai,11825,0.5976478619770211,0.5989808689860606,0.006380732860922292,0.5862730668258397,0.6117948538929644,True
CLASSIC,2020,HD,evspsblsoi,precipitation,11825,0.4038994279423618,0.40787609532625546,0.0064819215012827305,0.395124126586253,0.41966457995812156,True
CLASSIC,2020,HD,evspsblsoi,lai,11825,0.31675658867072104,0.3213056915066375,0.0088805233120319,0.3055560074987624,0.3373562626997332,True
CLASSIC,2020,CW,evapotrans,precipitation,22333,0.24846306633888643,0.2487606080902179,0.0057097618763589765,0.23900568567190483,0.25963917132944486,True
CLASSIC,2020,CW,evapotrans,lai,22333,0.270726875250566,0.27176044621166356,0.005216608494815222,0.26005134687394355,0.280749048462168,True
CLASSIC,2020,CW,tran,precipitation,22333,0.30142208357593814,0.3019458280305319,0.005751721571782239,0.29198683015182136,0.3114749519789712,True
CLASSIC,2020,CW,tran,lai,22333,0.43273768508499233,0.43333576247705674,0.0038961921051478537,0.4263000697784076,0.4404561014101038,True
CLASSIC,2020,CW,evspsblveg,precipitation,22333,0.3684494472172209,0.3706221049257115,0.004677929286620761,0.36078579064582755,0.37899188405705103,True
CLASSIC,2020,CW,evspsblveg,lai,22333,0.5290323627892741,0.5310161672778921,0.002439541751371157,0.5264732393424726,0.5349046973798,True
CLASSIC,2020,CW,evspsblsoi,precipitation,22333,0.1630388511924572,0.16404778859493857,0.003993836599231755,0.15485447779788694,0.17117544972903032,True
CLASSIC,2020,CW,evspsblsoi,lai,22333,0.2108323446940313,0.2111645860379224,0.003935738724210121,0.2037619941705285,0.21770279918615063,True
CLASSIC,2020,CD,evapotrans,precipitation,13367,0.2717404535811398,0.2754935050744609,0.005925731648584021,0.2653599732633512,0.28921710396834494,True
CLASSIC,2020,CD,evapotrans,lai,13367,0.36320823603037056,0.3635679905587401,0.011682345297409837,0.34503846159340507,0.384003722958714,True
CLASSIC,2020,CD,tran,precipitation,13367,0.2757855343262431,0.2752016043290504,0.005950882840799631,0.26286369669747395,0.2866933443831473,True
CLASSIC,2020,CD,tran,lai,13367,0.5117094493589316,0.5055499952833911,0.017087437552474077,0.47353160346451245,0.5295498409033923,True
CLASSIC,2020,CD,evspsblveg,precipitation,13367,0.2924496077555525,0.2938079072582761,0.006257914624621785,0.2825737333147314,0.30575716324626506,True
CLASSIC,2020,CD,evspsblveg,lai,13367,0.552536768312705,0.5436179613462606,0.01673977277562076,0.5124906834193993,0.5632540525835489,True
CLASSIC,2020,CD,evspsblsoi,precipitation,13367,0.2533214362233671,0.25851437794388366,0.00609786946044166,0.24728608222005236,0.26973460106129254,True
CLASSIC,2020,CD,evspsblsoi,lai,13367,0.3393140964274787,0.33899890391649834,0.014718236457464267,0.3152197797970693,0.36448163565655656,True
