model,year,climate_zone,output_var,input_var,n_samples,pawn_original,pawn_boot_mean,pawn_boot_std,pawn_ci_lower,pawn_ci_upper,pawn_significant
LPJ-GUESS,1991,HW,evapotrans,precipitation,13298,0.3054826507254016,0.30924490215272477,0.007377252805245835,0.2935623093516086,0.3221795600817036,True
LPJ-GUESS,1991,HW,evapotrans,lai,13298,0.4219592634767849,0.42392918964771625,0.006105447232093448,0.4125677886055035,0.4368472892451841,True
LPJ-GUESS,1991,HW,tran,precipitation,13298,0.2570453460695946,0.2612249583929513,0.008246636809306384,0.24577482307726667,0.27562293943675875,True
LPJ-GUESS,1991,HW,tran,lai,13298,0.4688387761402303,0.4719682799454389,0.0039124087383023715,0.4653190102005206,0.48067827618966713,True
LPJ-GUESS,1991,HW,evspsblveg,precipitation,13298,0.33738101193812375,0.33988467758761864,0.007303334179844138,0.32403473349192496,0.35192552921138837,True
LPJ-GUESS,1991,HW,evspsblveg,lai,13298,0.45674249166305747,0.45869912037713945,0.005905271289843854,0.4466480043298197,0.46902721754254945,True
LPJ-GUESS,1991,HW,evspsblsoi,precipitation,13298,0.10121643962882455,0.10921820190849768,0.006077890181643588,0.09670979833945383,0.11956023266987001,True
LPJ-GUESS,1991,HW,evspsblsoi,lai,13298,0.12243641137736808,0.13033601278587037,0.008306618190804613,0.11396281358528647,0.1456794523307387,True
LPJ-GUESS,1991,HD,evapotrans,precipitation,11879,0.49874304257038493,0.4998026319772094,0.0045942178546882345,0.49013172492129903,0.5066226373949893,True
LPJ-GUESS,1991,HD,evapotrans,lai,11879,0.5172634034596322,0.5187920866446644,0.0047671756467761875,0.5081110850011087,0.5277942085359588,True
LPJ-GUESS,1991,HD,tran,precipitation,11879,0.476815890192437,0.4774741686597877,0.00605474808918473,0.465112462818425,0.4882384897260821,True
LPJ-GUESS,1991,HD,tran,lai,11879,0.5775765271198389,0.5802153854653974,0.003861932619435079,0.5739283513569938,0.5887004923098028,True
LPJ-GUESS,1991,HD,evspsblveg,precipitation,11879,0.48123389519971727,0.48399697257334956,0.005074688206320769,0.4726489150579266,0.49403683020140543,True
LPJ-GUESS,1991,HD,evspsblveg,lai,11879,0.5824171081978978,0.5836089592200642,0.004355391597740147,0.5745036966371396,0.5911718377621468,True
LPJ-GUESS,1991,HD,evspsblsoi,precipitation,11879,0.28102229114417054,0.2834323953351885,0.007208958606310871,0.270632934040957,0.2974211557446678,True
LPJ-GUESS,1991,HD,evspsblsoi,lai,11879,0.2232701768647556,0.2262961311049619,0.006810073727858462,0.21346990068312865,0.2377256160108252,True
LPJ-GUESS,1991,CW,evapotrans,precipitation,22403,0.2661470064261655,0.2671341922905647,0.005869997384076964,0.2534283593670871,0.2780391300543392,True
LPJ-GUESS,1991,CW,evapotrans,lai,22403,0.35554722820923224,0.3577821984321227,0.0036453401005885253,0.35153397754999377,0.36489244752165884,True
LPJ-GUESS,1991,CW,tran,precipitation,22403,0.22926782267729406,0.23115190964284882,0.005755190980497261,0.22094496005862735,0.24151411559812977,True
LPJ-GUESS,1991,CW,tran,lai,22403,0.37434132705441236,0.3768982911374954,0.0036874994007313824,0.3708067700607272,0.3833135898242656,True
LPJ-GUESS,1991,CW,evspsblveg,precipitation,22403,0.24836295171464923,0.25057233146754787,0.007460583895783406,0.23658302008708298,0.266532447331764,True
LPJ-GUESS,1991,CW,evspsblveg,lai,22403,0.5420416928376939,0.5434799904317764,0.0035826708393011633,0.5369810840006017,0.5496736131073678,True
LPJ-GUESS,1991,CW,evspsblsoi,precipitation,22403,0.11822865754811168,0.12144069480125302,0.004676632421821832,0.11270961312918369,0.13009310849711678,True
LPJ-GUESS,1991,CW,evspsblsoi,lai,22403,0.1688409172611087,0.17231035041836493,0.006356082093250319,0.16087621645781172,0.18515399861393086,True
LPJ-GUESS,1991,CD,evapotrans,precipitation,10713,0.2593298825026127,0.26139877842609294,0.009134108488408465,0.2419481151522245,0.28014597080960435,True
LPJ-GUESS,1991,CD,evapotrans,lai,10713,0.5031985537610919,0.5049149518601501,0.005361185767043448,0.49532709021432136,0.515589698869619,True
LPJ-GUESS,1991,CD,tran,precipitation,10713,0.2321414199747421,0.23238952035258323,0.008426734517359652,0.2147222387748416,0.24946421853689874,True
LPJ-GUESS,1991,CD,tran,lai,10713,0.5816197290080038,0.5853943911286348,0.004390353402508806,0.5771206662446552,0.5940075292695254,True
LPJ-GUESS,1991,CD,evspsblveg,precipitation,10713,0.2343764765847923,0.23554788923408018,0.008327685641250466,0.21980449832845853,0.2519933941473161,True
LPJ-GUESS,1991,CD,evspsblveg,lai,10713,0.6047257697067439,0.6057950041304734,0.0061637451436458305,0.5961555190855589,0.6181636876647407,True
LPJ-GUESS,1991,CD,evspsblsoi,precipitation,10713,0.18973818976800602,0.19357378007717166,0.00818544396150237,0.17874917641281182,0.2103576578857252,True
LPJ-GUESS,1991,CD,evspsblsoi,lai,10713,0.21703126763271288,0.21964782040471217,0.00827080408183826,0.20595485247102158,0.23624524068114844,True
LPJ-GUESS,1992,HW,evapotrans,precipitation,13294,0.3231807611710814,0.325129500532952,0.007445613227012638,0.31268915805394565,0.33959337859300537,True
LPJ-GUESS,1992,HW,evapotrans,lai,13294,0.4361422913169471,0.43729720109495923,0.005223499343775991,0.42800458226823873,0.4474851558701086,True
LPJ-GUESS,1992,HW,tran,precipitation,13294,0.26251758183339713,0.2659765748472715,0.007137401097742458,0.25077455460716497,0.2804991709801976,True
LPJ-GUESS,1992,HW,tran,lai,13294,0.48497534430859973,0.48605044387495616,0.003946426008687447,0.4783173030035401,0.4933350548854099,True
LPJ-GUESS,1992,HW,evspsblveg,precipitation,13294,0.3492892737984802,0.3502119875776852,0.006713978530750826,0.3375113634840925,0.3624815466304175,True
LPJ-GUESS,1992,HW,evspsblveg,lai,13294,0.4743593204920656,0.4751209065946353,0.0046991516240588995,0.46589418372853453,0.48414721870917565,True
LPJ-GUESS,1992,HW,evspsblsoi,precipitation,13294,0.09428639095693664,0.10015040773773758,0.006854393739435669,0.08674519978060272,0.11244816337686017,True
LPJ-GUESS,1992,HW,evspsblsoi,lai,13294,0.1280046564562118,0.13257765673954347,0.007576261746152881,0.11937537867274699,0.145804313578176,True
LPJ-GUESS,1992,HD,evapotrans,precipitation,11876,0.4297423355335882,0.43326990932942855,0.00617485677691792,0.4219443635162538,0.44461016459112684,True
LPJ-GUESS,1992,HD,evapotrans,lai,11876,0.5258374694572752,0.528165452620621,0.004922428523666349,0.5185953602551625,0.5366672932130223,True
LPJ-GUESS,1992,HD,tran,precipitation,11876,0.42772847272158887,0.4302429390350247,0.005945936423906291,0.41966405984949096,0.44056309257678994,True
LPJ-GUESS,1992,HD,tran,lai,11876,0.5959961645114076,0.5982569802651183,0.004182355495189659,0.5891462881738211,0.6049367184523132,True
LPJ-GUESS,1992,HD,evspsblveg,precipitation,11876,0.4137014486129209,0.4191395548065933,0.0057391920135698845,0.40805329422537734,0.4300249529904505,True
LPJ-GUESS,1992,HD,evspsblveg,lai,11876,0.5676463208854221,0.5700747463097408,0.003899538293884748,0.5628040114323256,0.5768418834940803,True
LPJ-GUESS,1992,HD,evspsblsoi,precipitation,11876,0.25093490942663077,0.2539319591457027,0.006549149028927359,0.242865414201105,0.2665366016023265,True
LPJ-GUESS,1992,HD,evspsblsoi,lai,11876,0.237406576544,0.23967264657205486,0.008885343031365355,0.221731839834586,0.2548898066221641,True
LPJ-GUESS,1992,CW,evapotrans,precipitation,22396,0.22786668174909502,0.2301311213567987,0.005492179983488034,0.2212886779931895,0.24208692073257865,True
LPJ-GUESS,1992,CW,evapotrans,lai,22396,0.34528485089625355,0.34691012347480166,0.0031589128192993214,0.3408976777563757,0.35254400559451704,True
LPJ-GUESS,1992,CW,tran,precipitation,22396,0.19754166731156497,0.20189309832814345,0.0052552163416611985,0.19188016570940913,0.21202005038019023,True
LPJ-GUESS,1992,CW,tran,lai,22396,0.3674771106198016,0.36921962952251164,0.0037416476152305907,0.3628240078685529,0.37524693638309353,True
LPJ-GUESS,1992,CW,evspsblveg,precipitation,22396,0.19674905926133826,0.20042419645266946,0.006578960483435504,0.18759688848178874,0.21536060800417012,True
LPJ-GUESS,1992,CW,evspsblveg,lai,22396,0.5370599679954995,0.5377254816394335,0.003197314216022027,0.5325699249862891,0.5445269991345018,True
LPJ-GUESS,1992,CW,evspsblsoi,precipitation,22396,0.13851161711268248,0.14377554824228034,0.0067778258896566985,0.13210760138089472,0.1557456642153624,True
LPJ-GUESS,1992,CW,evspsblsoi,lai,22396,0.17371251592977424,0.17897034764497316,0.005872900875317395,0.1685652202157455,0.18938854030877236,True
LPJ-GUESS,1992,CD,evapotrans,precipitation,10716,0.31378915916229716,0.3154909446468543,0.008465322106703947,0.3000459448000996,0.3315308385431485,True
LPJ-GUESS,1992,CD,evapotrans,lai,10716,0.5033971347337328,0.5056346511538624,0.004909004730586191,0.49714565094809915,0.5161359006941263,True
LPJ-GUESS,1992,CD,tran,precipitation,10716,0.2802604066034051,0.28691506048541304,0.009180841532563745,0.2673621328726615,0.29968853319579336,True
LPJ-GUESS,1992,CD,tran,lai,10716,0.6091776408350997,0.6104183582907399,0.005364157404792667,0.6004602617644195,0.620871842824397,True
LPJ-GUESS,1992,CD,evspsblveg,precipitation,10716,0.2737857611497408,0.27662973291360726,0.007347404205534799,0.2642387082791354,0.2927006873315768,True
LPJ-GUESS,1992,CD,evspsblveg,lai,10716,0.6025171393511581,0.6052353810621662,0.00447234958092278,0.5965276731679869,0.6146057577913097,True
LPJ-GUESS,1992,CD,evspsblsoi,precipitation,10716,0.14204759918151658,0.14526070960365234,0.007353686543564668,0.1332630299921332,0.15922233099647334,True
LPJ-GUESS,1992,CD,evspsblsoi,lai,10716,0.21577060108193635,0.218986536721879,0.009404066349648944,0.20096054080729012,0.23462857300377576,True
LPJ-GUESS,1993,HW,evapotrans,precipitation,13276,0.31299300198891,0.3143773312431878,0.007892045205609238,0.29903927754552007,0.3309104120273661,True
LPJ-GUESS,1993,HW,evapotrans,lai,13276,0.3998889114146514,0.40328645215120096,0.006073830363226123,0.39462252321804403,0.41526859474697964,True
LPJ-GUESS,1993,HW,tran,precipitation,13276,0.23930292703186176,0.23950223837538773,0.00791590377318275,0.2248667780766022,0.25573953563037377,True
LPJ-GUESS,1993,HW,tran,lai,13276,0.45413000990740243,0.4554420305376439,0.005109063147742756,0.44525941156770277,0.4647933433417942,True
LPJ-GUESS,1993,HW,evspsblveg,precipitation,13276,0.3514611247719042,0.3513627298931338,0.00651753223932073,0.3396159809729272,0.3636536914192114,True
LPJ-GUESS,1993,HW,evspsblveg,lai,13276,0.466062373925095,0.4674029548439782,0.006209001780645051,0.4545736341575639,0.4775597868343212,True
LPJ-GUESS,1993,HW,evspsblsoi,precipitation,13276,0.12310112773346042,0.12726901806332866,0.007902140570444034,0.1140861182062044,0.1415590175382462,True
LPJ-GUESS,1993,HW,evspsblsoi,lai,13276,0.13438636740849252,0.1385119977211453,0.008835965684571996,0.12241268358008937,0.15561012975336472,True
LPJ-GUESS,1993,HD,evapotrans,precipitation,11874,0.4680960300715802,0.4705653735646067,0.005410186827049996,0.4600692960646593,0.4805308984980763,True
LPJ-GUESS,1993,HD,evapotrans,lai,11874,0.4777388782724079,0.4797577036888389,0.005983728710013541,0.46974004283231624,0.49365877109993617,True
LPJ-GUESS,1993,HD,tran,precipitation,11874,0.44666695624738406,0.4483616605442583,0.005070771810827298,0.4385198926439184,0.4578521322404786,True
LPJ-GUESS,1993,HD,tran,lai,11874,0.584540156904447,0.5841597207216842,0.00314590723480931,0.5779860450877118,0.5901967949745217,True
LPJ-GUESS,1993,HD,evspsblveg,precipitation,11874,0.4589199814405756,0.4597035054707274,0.005531335220727946,0.44865813859640097,0.4698666096113416,True
LPJ-GUESS,1993,HD,evspsblveg,lai,11874,0.556664692838409,0.5592279535417329,0.004287507338213496,0.5514111500960449,0.5681190552285923,True
LPJ-GUESS,1993,HD,evspsblsoi,precipitation,11874,0.2604274759351884,0.26347356751508466,0.008409868418336764,0.2445068459962286,0.2771792256178658,True
LPJ-GUESS,1993,HD,evspsblsoi,lai,11874,0.19014062640894375,0.1928233764110169,0.00840786363761351,0.17819947483876086,0.21091411236324478,True
LPJ-GUESS,1993,CW,evapotrans,precipitation,22450,0.32504483045078436,0.32489888743452916,0.005430034172862482,0.3131712573890785,0.33539751577083554,True
LPJ-GUESS,1993,CW,evapotrans,lai,22450,0.3647884187082405,0.3667379734155806,0.003896337251502714,0.3596675946547884,0.3736752046898727,True
LPJ-GUESS,1993,CW,tran,precipitation,22450,0.2991239877160076,0.29941455997237054,0.005714693108664784,0.2892312106721612,0.30948366101983416,True
LPJ-GUESS,1993,CW,tran,lai,22450,0.390467706013363,0.39175425792337504,0.003964035999822861,0.38404691438578265,0.39791638291019654,True
LPJ-GUESS,1993,CW,evspsblveg,precipitation,22450,0.22275075788817672,0.2246187369881417,0.004462226939200944,0.21628269601501451,0.2330792146325599,True
LPJ-GUESS,1993,CW,evspsblveg,lai,22450,0.5383518930957684,0.5382238997665143,0.0036349721727982486,0.5308343786627848,0.5443235293861004,True
LPJ-GUESS,1993,CW,evspsblsoi,precipitation,22450,0.1608151319772514,0.16103066779693054,0.004724853358744031,0.14979308922383994,0.16832933121420934,True
LPJ-GUESS,1993,CW,evspsblsoi,lai,22450,0.14808463251670373,0.1510997303891119,0.005737648356088568,0.13963946360552007,0.16267105372791352,True
LPJ-GUESS,1993,CD,evapotrans,precipitation,10760,0.3378728278723956,0.33739790551799337,0.006861519149061355,0.32504716469872785,0.348990823591379,True
LPJ-GUESS,1993,CD,evapotrans,lai,10760,0.5100371747211896,0.5118816543965417,0.00510308243118065,0.5027123065617705,0.5237838720402297,True
LPJ-GUESS,1993,CD,tran,precipitation,10760,0.29285866529979665,0.29021686557689497,0.007359164864629063,0.27217061437365564,0.30348341319473515,True
LPJ-GUESS,1993,CD,tran,lai,10760,0.6062267657992565,0.6082417709756174,0.004638463499932703,0.5992318060871228,0.6172525534119425,True
LPJ-GUESS,1993,CD,evspsblveg,precipitation,10760,0.324342742284084,0.327876123427424,0.006956869996790018,0.3145533207473009,0.34269192960932704,True
LPJ-GUESS,1993,CD,evspsblveg,lai,10760,0.6094330855018588,0.6102155128722002,0.004981537193864203,0.5996659427044038,0.6182909084032161,True
LPJ-GUESS,1993,CD,evspsblsoi,precipitation,10760,0.1091050453379724,0.1168687201561582,0.006417316297547833,0.106299208802398,0.12985408248652494,True
LPJ-GUESS,1993,CD,evspsblsoi,lai,10760,0.17690520446096653,0.18234469048190433,0.010561522564714813,0.16127291737073335,0.20007944087440965,True
LPJ-GUESS,1994,HW,evapotrans,precipitation,13305,0.34018187408573797,0.342930501751419,0.0066713755502001105,0.32977730657941345,0.35589108653628515,True
LPJ-GUESS,1994,HW,evapotrans,lai,13305,0.4222124907991466,0.4241501452693575,0.006769277332440268,0.4086141515589954,0.4348670157851794,True
LPJ-GUESS,1994,HW,tran,precipitation,13305,0.2472431885450045,0.25006531511778723,0.00755568629349684,0.23746081937458582,0.26434426006620676,True
LPJ-GUESS,1994,HW,tran,lai,13305,0.4647756459937924,0.46631688959306417,0.0058196568873857095,0.45488031830060294,0.47754716563099897,True
LPJ-GUESS,1994,HW,evspsblveg,precipitation,13305,0.355206447811291,0.35816440152254714,0.007374586807852728,0.34597796579324414,0.37306619063769153,True
LPJ-GUESS,1994,HW,evspsblveg,lai,13305,0.47455996133029865,0.4769853278122891,0.005304914748482449,0.46601025218992825,0.48640872623960424,True
LPJ-GUESS,1994,HW,evspsblsoi,precipitation,13305,0.12621774116109186,0.13088026263029026,0.007408422469961651,0.11835400409978612,0.1465838903961656,True
LPJ-GUESS,1994,HW,evspsblsoi,lai,13305,0.09164552623234967,0.09766106652138598,0.006478511110689468,0.08585587496321984,0.10926740664889772,True
LPJ-GUESS,1994,HD,evapotrans,precipitation,11875,0.4768760653020413,0.4817174530264417,0.005655717397851747,0.4698453689017196,0.4917060666738448,True
LPJ-GUESS,1994,HD,evapotrans,lai,11875,0.49034485202906253,0.49217231183060245,0.005750543768659574,0.48127908086069254,0.5027402956582183,True
LPJ-GUESS,1994,HD,tran,precipitation,11875,0.437802356926402,0.44325273214879174,0.007236412319073535,0.43027959418748896,0.45503493789814975,True
LPJ-GUESS,1994,HD,tran,lai,11875,0.5890257664362927,0.5909160139525842,0.00412202449068939,0.5831078914999869,0.5996367550943598,True
LPJ-GUESS,1994,HD,evspsblveg,precipitation,11875,0.4620191114271636,0.46701049465032185,0.00533753977824637,0.45722061097485245,0.4765718345037992,True
LPJ-GUESS,1994,HD,evspsblveg,lai,11875,0.5612352294878611,0.5631434995827387,0.004448680587772034,0.555540190146189,0.5716032380792267,True
LPJ-GUESS,1994,HD,evspsblsoi,precipitation,11875,0.3066720668037092,0.30735985026540413,0.007984502159892127,0.2910523197644852,0.3235019211211596,True
LPJ-GUESS,1994,HD,evspsblsoi,lai,11875,0.18930398147812239,0.1923536868118129,0.00855790848912111,0.1773980112456108,0.21027709617611787,True
LPJ-GUESS,1994,CW,evapotrans,precipitation,22368,0.2946390280772792,0.2972361766088195,0.006313482295511323,0.28622841940312516,0.31074564524363246,True
LPJ-GUESS,1994,CW,evapotrans,lai,22368,0.34920735797930885,0.3509709904228396,0.0036528802964666102,0.3445526049701618,0.3570547101366765,True
LPJ-GUESS,1994,CW,tran,precipitation,22368,0.2660599297630117,0.2687821602411147,0.006984637751054776,0.25484371175606435,0.2825383405578655,True
LPJ-GUESS,1994,CW,tran,lai,22368,0.37542859099115344,0.3760748098906122,0.003584828172698461,0.3700866955551115,0.3822773017773777,True
LPJ-GUESS,1994,CW,evspsblveg,precipitation,22368,0.2569810107531366,0.25917384271728816,0.005689467346346519,0.2479119658565418,0.2681489258778305,True
LPJ-GUESS,1994,CW,evspsblveg,lai,22368,0.5608049816360686,0.5614651368948855,0.0030663700876511356,0.5548714193049148,0.5667509072385148,True
LPJ-GUESS,1994,CW,evspsblsoi,precipitation,22368,0.12770760467568779,0.1318776429402511,0.005637674241594256,0.11955601376288931,0.14226933681902199,True
LPJ-GUESS,1994,CW,evspsblsoi,lai,22368,0.2061788769383173,0.2055653727231088,0.006745210940987605,0.19298234673077733,0.21753862282159267,True
LPJ-GUESS,1994,CD,evapotrans,precipitation,10748,0.26009644978900626,0.2606956098892013,0.007297642689179602,0.24496156044416392,0.2733807285680016,True
LPJ-GUESS,1994,CD,evapotrans,lai,10748,0.48866723610345614,0.4903934138893821,0.006452335251546003,0.4775580680168239,0.5026556632339882,True
LPJ-GUESS,1994,CD,tran,precipitation,10748,0.2306119429494206,0.2311190689736425,0.007059213129390176,0.21803256737722598,0.24339076190251316,True
LPJ-GUESS,1994,CD,tran,lai,10748,0.6021601813713633,0.6042136843871995,0.004226954183366384,0.5966027139156815,0.6117230420612016,True
LPJ-GUESS,1994,CD,evspsblveg,precipitation,10748,0.25808409985572134,0.2576634425033078,0.006991981660080336,0.243311974615597,0.2705011672368427,True
LPJ-GUESS,1994,CD,evspsblveg,lai,10748,0.6044436606918756,0.6063932673412719,0.005071489831673213,0.5967822402604043,0.6162735354986477,True
LPJ-GUESS,1994,CD,evspsblsoi,precipitation,10748,0.1555836907025085,0.15710221439125485,0.006561792539253423,0.143137157433414,0.16773278834508545,True
LPJ-GUESS,1994,CD,evspsblsoi,lai,10748,0.18246479604642507,0.18866946442289326,0.008140112572260898,0.1733394100933739,0.20408343558101905,True
LPJ-GUESS,1995,HW,evapotrans,precipitation,13296,0.3485576310745735,0.35338067514934723,0.006239887711518794,0.34142333933718566,0.36615691498675557,True
LPJ-GUESS,1995,HW,evapotrans,lai,13296,0.4292277269070518,0.4299992225120031,0.005969003670541084,0.41888551724464923,0.4423144430339356,True
LPJ-GUESS,1995,HW,tran,precipitation,13296,0.2955420789558546,0.29864408209040205,0.007108224189968821,0.28556597382445287,0.31295188343964336,True
LPJ-GUESS,1995,HW,tran,lai,13296,0.46909070069049297,0.4691171450418144,0.004311701448968955,0.4608831902968219,0.4776275675182397,True
LPJ-GUESS,1995,HW,evspsblveg,precipitation,13296,0.37443742532554386,0.37810053024712414,0.0063616089404887124,0.365161479288551,0.3913148949483926,True
LPJ-GUESS,1995,HW,evspsblveg,lai,13296,0.48291524471306535,0.4856774614286946,0.0055025513216030355,0.4749375987345966,0.49595039195455154,True
LPJ-GUESS,1995,HW,evspsblsoi,precipitation,13296,0.0943007628445733,0.10099272221499504,0.007693377073831346,0.0889597466591692,0.11569076913571649,True
LPJ-GUESS,1995,HW,evspsblsoi,lai,13296,0.11828383156880068,0.1209764518414815,0.006099691257376127,0.11110944922512142,0.13207713008850397,True
LPJ-GUESS,1995,HD,evapotrans,precipitation,11879,0.44050498755887135,0.44329073684793885,0.0054110487860727025,0.43355763061961394,0.4540926173506742,True
LPJ-GUESS,1995,HD,evapotrans,lai,11879,0.494491913834872,0.4958082636040901,0.005266515423146931,0.48729884346527974,0.5064790686518125,True
LPJ-GUESS,1995,HD,tran,precipitation,11879,0.4297850860051676,0.43175166827995576,0.005588593710842295,0.4216974172422994,0.4421867585727328,True
LPJ-GUESS,1995,HD,tran,lai,11879,0.5854465325590841,0.5857101818796137,0.0028496104591046964,0.5816634302926387,0.5917792370880727,True
LPJ-GUESS,1995,HD,evspsblveg,precipitation,11879,0.43214565063167354,0.43316584078089226,0.005837120756065681,0.42288783485815606,0.4467312594747863,True
LPJ-GUESS,1995,HD,evspsblveg,lai,11879,0.5749664901108625,0.5769022096758005,0.003756882946013305,0.5693266035976255,0.5844234731006844,True
LPJ-GUESS,1995,HD,evspsblsoi,precipitation,11879,0.26941093455530696,0.2701341058147916,0.0076539650406364885,0.25606025587333986,0.28436833063303585,True
LPJ-GUESS,1995,HD,evspsblsoi,lai,11879,0.22210027145206873,0.22305653334186484,0.008007441647954519,0.20915154989383533,0.2385295246066121,True
LPJ-GUESS,1995,CW,evapotrans,precipitation,22386,0.23622042496243068,0.2377781958914275,0.0063732709096383814,0.22486956612625628,0.24896420617312934,True
LPJ-GUESS,1995,CW,evapotrans,lai,22386,0.35166801111290014,0.35251475515554026,0.0037091940786818283,0.34495251746241,0.3588301085942981,True
LPJ-GUESS,1995,CW,tran,precipitation,22386,0.20079105807505945,0.20299309138355973,0.006397439361069415,0.19155715474941862,0.21399797250935973,True
LPJ-GUESS,1995,CW,tran,lai,22386,0.3769077981896496,0.37843694738070466,0.003509167341129807,0.3719190851422781,0.38582396863800117,True
LPJ-GUESS,1995,CW,evspsblveg,precipitation,22386,0.2070923700124417,0.2105823394840863,0.007037413930510262,0.19898595439861969,0.22468509170164241,True
LPJ-GUESS,1995,CW,evspsblveg,lai,22386,0.5303741502258489,0.531585311979694,0.003117240233789467,0.5261141448623442,0.5371048626729408,True
LPJ-GUESS,1995,CW,evspsblsoi,precipitation,22386,0.12321355428264769,0.12560986046993786,0.005058053519714165,0.11606578705772734,0.13587505999538707,True
LPJ-GUESS,1995,CW,evspsblsoi,lai,22386,0.17047775222541706,0.17323661406022095,0.0055467987891231335,0.1611204272046448,0.1812880867816085,True
LPJ-GUESS,1995,CD,evapotrans,precipitation,10734,0.23069214132086097,0.23470474313120784,0.006725487367747783,0.22077237577243022,0.24860078962385182,True
LPJ-GUESS,1995,CD,evapotrans,lai,10734,0.47545450912260795,0.4805844475408086,0.0055415428316196395,0.4689392594096003,0.4903177020350397,True
LPJ-GUESS,1995,CD,tran,precipitation,10734,0.2019549763136047,0.20397388696855856,0.007019310098298201,0.19273931917215092,0.21799601350614545,True
LPJ-GUESS,1995,CD,tran,lai,10734,0.586726182543733,0.5890968787498208,0.004335987535363294,0.5818462884142157,0.5972903829518001,True
LPJ-GUESS,1995,CD,evspsblveg,precipitation,10734,0.2317653646479811,0.23343663537929152,0.005732089958255289,0.2240440015576732,0.2442902167689385,True
LPJ-GUESS,1995,CD,evspsblveg,lai,10734,0.5988266387087099,0.6005923287618853,0.005792279547148952,0.5895244677726128,0.6129621794413174,True
LPJ-GUESS,1995,CD,evspsblsoi,precipitation,10734,0.23497959692497647,0.23777981813170093,0.0085961613490119,0.22256944574834553,0.25288752143927073,True
LPJ-GUESS,1995,CD,evspsblsoi,lai,10734,0.22802503164292642,0.22777625834349746,0.008596528176099863,0.21108505108779987,0.24549171342189655,True
LPJ-GUESS,1996,HW,evapotrans,precipitation,13295,0.330531422610793,0.3335480273369062,0.0063096579035632075,0.32075019913691794,0.345573461872231,True
LPJ-GUESS,1996,HW,evapotrans,lai,13295,0.42779890681951216,0.4334546287521974,0.006715650836534648,0.42058584258579357,0.4471304314923961,True
LPJ-GUESS,1996,HW,tran,precipitation,13295,0.26258767220750573,0.2666237568098991,0.006984273945434487,0.2522988283514352,0.27822665349978987,True
LPJ-GUESS,1996,HW,tran,lai,13295,0.4431260550775208,0.44484728947191443,0.004190953688401842,0.4370512330605705,0.453883338290777,True
LPJ-GUESS,1996,HW,evspsblveg,precipitation,13295,0.36981140531569884,0.3736360421552813,0.00683040109324705,0.36034999295747805,0.38661794014841033,True
LPJ-GUESS,1996,HW,evspsblveg,lai,13295,0.46551306811594606,0.4685516769392266,0.005035088992645402,0.4593345350604213,0.4782860537144827,True
LPJ-GUESS,1996,HW,evspsblsoi,precipitation,13295,0.09469499246423693,0.09993042560107583,0.008290620987943283,0.0873261785372805,0.11758711895386711,True
LPJ-GUESS,1996,HW,evspsblsoi,lai,13295,0.130726216783281,0.1321665203119218,0.008630807135756006,0.11628175890471601,0.14741528275370636,True
LPJ-GUESS,1996,HD,evapotrans,precipitation,11871,0.4743539803736534,0.4788544131281337,0.0057496328998729055,0.4657349235527407,0.48967610572199727,True
LPJ-GUESS,1996,HD,evapotrans,lai,11871,0.49451794235376545,0.4974347368736696,0.005051477014981829,0.4880844060894956,0.5067613626100802,True
LPJ-GUESS,1996,HD,tran,precipitation,11871,0.46917907707976964,0.4708536381364534,0.00556531548181806,0.4605532648811986,0.4807102707706538,True
LPJ-GUESS,1996,HD,tran,lai,11871,0.5951884683969635,0.5957883251841274,0.003626886246482637,0.58961957461009,0.603271729225293,True
LPJ-GUESS,1996,HD,evspsblveg,precipitation,11871,0.46655154825402867,0.4701152866868473,0.005390198453998458,0.4576772199999041,0.4804871662349125,True
LPJ-GUESS,1996,HD,evspsblveg,lai,11871,0.5644391048193806,0.5644155312241691,0.004439210378255416,0.555002498492213,0.572312942288262,True
LPJ-GUESS,1996,HD,evspsblsoi,precipitation,11871,0.2703453735639091,0.27268421894673317,0.007611896552185848,0.2596882521933035,0.28691463249359406,True
LPJ-GUESS,1996,HD,evspsblsoi,lai,11871,0.22532681961527304,0.2295192120474089,0.0068554313696976964,0.21613540870521913,0.24202135296980634,True
LPJ-GUESS,1996,CW,evapotrans,precipitation,22423,0.23735718413336945,0.23813925077975806,0.007095801089649069,0.22534662048371024,0.2513076433868053,True
LPJ-GUESS,1996,CW,evapotrans,lai,22423,0.3521541635816384,0.3532424814241101,0.0034241642167557925,0.346851653199997,0.3597822634990251,True
LPJ-GUESS,1996,CW,tran,precipitation,22423,0.20979417053680857,0.2107484872832391,0.006808212470819538,0.19833915706675695,0.22255339154565645,True
LPJ-GUESS,1996,CW,tran,lai,22423,0.3674963000547856,0.368978820401032,0.0032960630138674915,0.3631649302612008,0.37619168010386095,True
LPJ-GUESS,1996,CW,evspsblveg,precipitation,22423,0.22866952810967794,0.22974195183713572,0.005942193149176401,0.2181459885298551,0.2417047975266754,True
LPJ-GUESS,1996,CW,evspsblveg,lai,22423,0.5313671132963984,0.5323594074117834,0.0033611944342764504,0.5261320544548914,0.538766872579699,True
LPJ-GUESS,1996,CW,evspsblsoi,precipitation,22423,0.14181761407449972,0.14568216068192333,0.006992870909720831,0.13133204953905384,0.15917229855929946,True
LPJ-GUESS,1996,CW,evspsblsoi,lai,22423,0.1636841423979233,0.16360394426567126,0.006507338130651259,0.1510577075997434,0.1760275085357252,True
LPJ-GUESS,1996,CD,evapotrans,precipitation,10685,0.28761454995805436,0.2905414487319301,0.008056548936697822,0.2755219973165017,0.30791143465497045,True
LPJ-GUESS,1996,CD,evapotrans,lai,10685,0.47387460336004417,0.47774999874790014,0.00512878930224887,0.4681122664956193,0.48575421157187465,True
LPJ-GUESS,1996,CD,tran,precipitation,10685,0.256741942572064,0.2598675074888364,0.007797700477014938,0.24667891963470234,0.2753615213812221,True
LPJ-GUESS,1996,CD,tran,lai,10685,0.5847235001638686,0.5866684159657534,0.004717026083787887,0.5787076814068753,0.5964424213618582,True
LPJ-GUESS,1996,CD,evspsblveg,precipitation,10685,0.2716138605601125,0.27403756184480954,0.008404269250270796,0.25831803822956323,0.28804465957561565,True
LPJ-GUESS,1996,CD,evspsblveg,lai,10685,0.6079181318241172,0.6116263686978227,0.004370084686841639,0.6048521994548033,0.6199302989169335,True
LPJ-GUESS,1996,CD,evspsblsoi,precipitation,10685,0.14599033604207312,0.15544597218140105,0.008238197618876,0.14002210575988344,0.17071886231823508,True
LPJ-GUESS,1996,CD,evspsblsoi,lai,10685,0.16818132559588583,0.17051200388360574,0.01101750903358264,0.15032137533547454,0.1898738951543608,True
LPJ-GUESS,1997,HW,evapotrans,precipitation,13333,0.29614130263234073,0.29861717888913264,0.006996147613814371,0.2832382664911777,0.3134283316224388,True
LPJ-GUESS,1997,HW,evapotrans,lai,13333,0.4439085845863326,0.4468346097104476,0.00617104883798706,0.4351621065776623,0.4585906447173558,True
LPJ-GUESS,1997,HW,tran,precipitation,13333,0.2597847485571986,0.26012411235743405,0.006763778437437776,0.24910412021963516,0.2739654090809543,True
LPJ-GUESS,1997,HW,tran,lai,13333,0.4650685659489574,0.46916456820555175,0.0049419694632283915,0.45975000470322835,0.4798720790797255,True
LPJ-GUESS,1997,HW,evspsblveg,precipitation,13333,0.33450273616180237,0.3370115089799696,0.00796920387696865,0.32562781910329675,0.35138485447394185,True
LPJ-GUESS,1997,HW,evspsblveg,lai,13333,0.47252129352746197,0.47309855688787317,0.0058607750220832965,0.46259560326311916,0.483793709659481,True
LPJ-GUESS,1997,HW,evspsblsoi,precipitation,13333,0.11034261483050528,0.11137214452044977,0.0068813334018301905,0.09958441325771407,0.12441678699566056,True
LPJ-GUESS,1997,HW,evspsblsoi,lai,13333,0.16361048561097746,0.16155023959026177,0.007937914777593074,0.14540647961265823,0.17506092198197562,True
LPJ-GUESS,1997,HD,evapotrans,precipitation,11875,0.4957579925535674,0.49866345462821443,0.005696243320849734,0.4893305891304871,0.5097191455293865,True
LPJ-GUESS,1997,HD,evapotrans,lai,11875,0.507815878079036,0.51009747551192,0.005203360211852015,0.5020221883805436,0.5202226304060945,True
LPJ-GUESS,1997,HD,tran,precipitation,11875,0.44983434498698993,0.45481475772394203,0.005891077584828181,0.44260859343054687,0.46596591903298984,True
LPJ-GUESS,1997,HD,tran,lai,11875,0.5758317470512033,0.577907281603535,0.00436954391611245,0.5691583884701968,0.5860258408016842,True
LPJ-GUESS,1997,HD,evspsblveg,precipitation,11875,0.47470801794082956,0.4766972241079835,0.005414198400612642,0.46629293955356754,0.48792783299383374,True
LPJ-GUESS,1997,HD,evspsblveg,lai,11875,0.5768608895977317,0.5785068020346764,0.003968330959225728,0.5715207582625688,0.5856708427233396,True
LPJ-GUESS,1997,HD,evspsblsoi,precipitation,11875,0.2756144548397109,0.2816441252838553,0.006205348605304882,0.269605552897395,0.2925212826449511,True
LPJ-GUESS,1997,HD,evspsblsoi,lai,11875,0.23415301438093972,0.23754634737152178,0.006908516481494159,0.22595941401438574,0.25076455175979534,True
LPJ-GUESS,1997,CW,evapotrans,precipitation,22380,0.24709562109025918,0.24972244500264573,0.006189006464571781,0.23861008753933294,0.2596805393450566,True
LPJ-GUESS,1997,CW,evapotrans,lai,22380,0.35268096514745306,0.3551078661988996,0.0037026530908375096,0.34870352705410784,0.3619550906906209,True
LPJ-GUESS,1997,CW,tran,precipitation,22380,0.2215817694369973,0.22327543192368424,0.005936871900035823,0.21213936738083236,0.233738249846503,True
LPJ-GUESS,1997,CW,tran,lai,22380,0.3789320822162645,0.38093970691183754,0.0038812872115486013,0.3736260755625136,0.38898518727181736,True
LPJ-GUESS,1997,CW,evspsblveg,precipitation,22380,0.23210455764075066,0.2331322813856137,0.005497300622531835,0.22218770931740192,0.24363689270919592,True
LPJ-GUESS,1997,CW,evspsblveg,lai,22380,0.5393208221626452,0.5395557599159975,0.0035693863695775477,0.5324265495403029,0.5460587963873316,True
LPJ-GUESS,1997,CW,evspsblsoi,precipitation,22380,0.10862676872559035,0.11022910466145813,0.004494525067420825,0.1024541613283842,0.11965015294942169,True
LPJ-GUESS,1997,CW,evspsblsoi,lai,22380,0.12258713136729224,0.1258193890658352,0.006555183374289352,0.11456224825373941,0.13869424018946924,True
LPJ-GUESS,1997,CD,evapotrans,precipitation,10708,0.21301162380691147,0.21629134123359284,0.009035140416262912,0.19953609912055242,0.23218292722542117,True
LPJ-GUESS,1997,CD,evapotrans,lai,10708,0.48721341446505906,0.48893373853632227,0.005184717887928905,0.4801494220721576,0.4982056419597461,True
LPJ-GUESS,1997,CD,tran,precipitation,10708,0.19266291812445643,0.19385577278648106,0.009514908824301402,0.1760168912848338,0.21073554851808085,True
LPJ-GUESS,1997,CD,tran,lai,10708,0.5790215226920055,0.5813153456514076,0.0047337500259817126,0.5733374647636825,0.590868457121746,True
LPJ-GUESS,1997,CD,evspsblveg,precipitation,10708,0.2150647331299972,0.2148423682812122,0.008992769693452833,0.1959343945451997,0.23038076208409106,True
LPJ-GUESS,1997,CD,evspsblveg,lai,10708,0.6103424248543895,0.6122203420404586,0.0053062432508802215,0.6029438648178824,0.6232041549747738,True
LPJ-GUESS,1997,CD,evspsblsoi,precipitation,10708,0.15063499097936775,0.15484069836451547,0.00811021344173359,0.14003989564634034,0.16968408383682898,True
LPJ-GUESS,1997,CD,evspsblsoi,lai,10708,0.24410551793871577,0.24563733281307357,0.009274177121981598,0.23055037472173495,0.2648811317423956,True
LPJ-GUESS,1998,HW,evapotrans,precipitation,13303,0.31219881433268204,0.3158175226078347,0.006519343760052849,0.3019862907606688,0.32925693381955223,True
LPJ-GUESS,1998,HW,evapotrans,lai,13303,0.43401895326906303,0.43450890526128794,0.004991803462344266,0.42319893802630226,0.4434733407384809,True
LPJ-GUESS,1998,HW,tran,precipitation,13303,0.2523787386982076,0.25550143835965694,0.007871120550640967,0.23704513087932835,0.2696704205211673,True
LPJ-GUESS,1998,HW,tran,lai,13303,0.47724398193860956,0.48119809944698405,0.004646313329500203,0.47264567841331123,0.49012555083015324,True
LPJ-GUESS,1998,HW,evspsblveg,precipitation,13303,0.3524380559758413,0.35478335572134456,0.007780365884805978,0.34049095211302954,0.3713638267857626,True
LPJ-GUESS,1998,HW,evspsblveg,lai,13303,0.44577448469704667,0.44746714013564687,0.0055045352683362365,0.4366707863902739,0.45785795839083954,True
LPJ-GUESS,1998,HW,evspsblsoi,precipitation,13303,0.11779912057170648,0.12190218555291002,0.007843985342623087,0.10703383485866029,0.13914078845047265,True
LPJ-GUESS,1998,HW,evspsblsoi,lai,13303,0.126789845877187,0.1341917156472706,0.007518429295831393,0.11897567142539088,0.14669050405696865,True
LPJ-GUESS,1998,HD,evapotrans,precipitation,11875,0.46954538366117315,0.4735922337908318,0.006290046903630042,0.4618607720851359,0.4843410542536466,True
LPJ-GUESS,1998,HD,evapotrans,lai,11875,0.5086965443912812,0.5109260901768825,0.004046527887885855,0.5030716319441179,0.5182548817076656,True
LPJ-GUESS,1998,HD,tran,precipitation,11875,0.44270047846889954,0.44632336113295373,0.006787572351402886,0.43450222550583234,0.4602926786793727,True
LPJ-GUESS,1998,HD,tran,lai,11875,0.594198688640794,0.5952579382510391,0.0030541046767275956,0.5890581643195579,0.601710768145143,True
LPJ-GUESS,1998,HD,evspsblveg,precipitation,11875,0.47098103845472267,0.4741281693145467,0.005788499009255492,0.4616524049209839,0.48462810789573857,True
LPJ-GUESS,1998,HD,evspsblveg,lai,11875,0.5710063087010455,0.5717195701117563,0.004028582030479131,0.5641921663702958,0.5790960517270467,True
LPJ-GUESS,1998,HD,evspsblsoi,precipitation,11875,0.25606297253263954,0.25690356627776934,0.007521287968775336,0.2433808076741275,0.27262472364759643,True
LPJ-GUESS,1998,HD,evspsblsoi,lai,11875,0.20418998802820024,0.2121444506830966,0.0066650083466295775,0.19999408714195357,0.22347849897383507,True
LPJ-GUESS,1998,CW,evapotrans,precipitation,22424,0.3093260392428755,0.3101085382994789,0.0057588247111172415,0.29981084224488913,0.32252043507399025,True
LPJ-GUESS,1998,CW,evapotrans,lai,22424,0.3487943456466135,0.35081197881757625,0.0035932975327824684,0.343149161158124,0.35762827639486744,True
LPJ-GUESS,1998,CW,tran,precipitation,22424,0.2689837735761064,0.27068730702640964,0.005083257384839124,0.26298641228086117,0.2838384548487919,True
LPJ-GUESS,1998,CW,tran,lai,22424,0.36790023305601904,0.3689724551480608,0.004071867611193938,0.3615805025226941,0.3763116500625218,True
LPJ-GUESS,1998,CW,evspsblveg,precipitation,22424,0.25570680461387274,0.2546387034582238,0.0055581043890395665,0.24480625705579573,0.2641807880195711,True
LPJ-GUESS,1998,CW,evspsblveg,lai,22424,0.5419991340360129,0.5439266321157477,0.0039048198231709692,0.5373289875146015,0.5521905957712461,True
LPJ-GUESS,1998,CW,evspsblsoi,precipitation,22424,0.15065115571829368,0.15107312179277022,0.005281592607341003,0.14046116639908912,0.16069149333568955,True
LPJ-GUESS,1998,CW,evspsblsoi,lai,22424,0.15351799461071886,0.15508393972839754,0.005909298675631781,0.14372507014831926,0.16708946269006947,True
LPJ-GUESS,1998,CD,evapotrans,precipitation,10722,0.2802391034257331,0.2826277194889984,0.010416798641452393,0.2640429464568794,0.302852655449194,True
LPJ-GUESS,1998,CD,evapotrans,lai,10722,0.4860455695779635,0.48709905644982787,0.004350540455817748,0.4789214230373602,0.4949011678519147,True
LPJ-GUESS,1998,CD,tran,precipitation,10722,0.251641894144618,0.25094603550386485,0.010289185109871167,0.23293437435264386,0.2675871545123113,True
LPJ-GUESS,1998,CD,tran,lai,10722,0.5897651327859862,0.5913862408692387,0.0038183721180517446,0.5832805675909998,0.5995071366119288,True
LPJ-GUESS,1998,CD,evspsblveg,precipitation,10722,0.25008408090536804,0.2545450044355691,0.008823302877243961,0.23785049673656522,0.27359611993543753,True
LPJ-GUESS,1998,CD,evspsblveg,lai,10722,0.6136859943427797,0.6165823774409889,0.005352837216748625,0.607129605014745,0.6285281019846194,True
LPJ-GUESS,1998,CD,evspsblsoi,precipitation,10722,0.1657792459081203,0.17183762666699962,0.006998394887650765,0.15894091616504502,0.18545344948663203,True
LPJ-GUESS,1998,CD,evspsblsoi,lai,10722,0.14479531205193952,0.1532750411428677,0.008345874921133796,0.13744829840089032,0.17072623347535074,True
LPJ-GUESS,1999,HW,evapotrans,precipitation,13289,0.3255856195891973,0.3297593557846133,0.006895352105291546,0.31678545186446966,0.34322901838393205,True
LPJ-GUESS,1999,HW,evapotrans,lai,13289,0.4293452082576372,0.43034849575761625,0.005215094903745503,0.42031145465990105,0.43952528263246443,True
LPJ-GUESS,1999,HW,tran,precipitation,13289,0.2811512783390779,0.2839783060623652,0.007878327817772963,0.26763032134340803,0.2977188432259978,True
LPJ-GUESS,1999,HW,tran,lai,13289,0.4772046512894652,0.4774965404637779,0.004267347307385308,0.46945528742107223,0.4864789320760119,True
LPJ-GUESS,1999,HW,evspsblveg,precipitation,13289,0.38047651216819633,0.38169931989334926,0.0065732466358683905,0.3703880152399762,0.3936449107252864,True
LPJ-GUESS,1999,HW,evspsblveg,lai,13289,0.48142106929921225,0.48339463011921774,0.006148473257723476,0.4721546368652284,0.4951276626060502,True
LPJ-GUESS,1999,HW,evspsblsoi,precipitation,13289,0.10581897563348473,0.11110116637020095,0.006280984391380531,0.10078781391437647,0.12431621903265991,True
LPJ-GUESS,1999,HW,evspsblsoi,lai,13289,0.1505649908972163,0.15031899101808732,0.008107458042094815,0.13654656066992515,0.1653745710999189,True
LPJ-GUESS,1999,HD,evapotrans,precipitation,11879,0.4452383873103653,0.4461754245711097,0.005667772641128844,0.435042807523887,0.45542850328520207,True
LPJ-GUESS,1999,HD,evapotrans,lai,11879,0.49895502149479765,0.5016094714876375,0.005191468512924356,0.4923270568121894,0.5115211106054028,True
LPJ-GUESS,1999,HD,tran,precipitation,11879,0.41385137395257005,0.41657755405891095,0.0057815994925697325,0.4049678438353194,0.42745368216432816,True
LPJ-GUESS,1999,HD,tran,lai,11879,0.5784606879185548,0.5796516385539203,0.003649044609730758,0.5732973075072522,0.5860882940213695,True
LPJ-GUESS,1999,HD,evspsblveg,precipitation,11879,0.4302314061761896,0.43383278384574164,0.0056471988126524306,0.4226547332522778,0.44448732922138984,True
LPJ-GUESS,1999,HD,evspsblveg,lai,11879,0.5591416947486483,0.5607036227002734,0.0040788472446224725,0.553545484845242,0.5690831191608003,True
LPJ-GUESS,1999,HD,evspsblsoi,precipitation,11879,0.29910251205617094,0.30323394738099124,0.006444653229420776,0.2910269070363255,0.31917986901478074,True
LPJ-GUESS,1999,HD,evspsblsoi,lai,11879,0.21973661609784179,0.23025418911209658,0.007550017806143823,0.21845967802947516,0.24539842135046908,True
LPJ-GUESS,1999,CW,evapotrans,precipitation,22360,0.24241753635298144,0.24472668182156598,0.006387230938059412,0.2342360980154496,0.2581228696511598,True
LPJ-GUESS,1999,CW,evapotrans,lai,22360,0.3360241502683363,0.3384780669858109,0.0035534199188633647,0.33237425438005386,0.3460825019712383,True
LPJ-GUESS,1999,CW,tran,precipitation,22360,0.21591812357650367,0.21933173317750806,0.006152028726171377,0.20865619485482326,0.23229329700802892,True
LPJ-GUESS,1999,CW,tran,lai,22360,0.3591234347048301,0.3606845571697045,0.0035714035550830922,0.35458519237752617,0.36815276924703233,True
LPJ-GUESS,1999,CW,evspsblveg,precipitation,22360,0.21732538712290114,0.21557194139357436,0.006139928483296714,0.20412326802794717,0.22677099383432367,True
LPJ-GUESS,1999,CW,evspsblveg,lai,22360,0.5541368515205725,0.5556021768253383,0.003557847278736854,0.5479119949209345,0.5607625089940415,True
LPJ-GUESS,1999,CW,evspsblsoi,precipitation,22360,0.1499193230427281,0.1517209426901505,0.004941455111076508,0.1432775118443786,0.1612408141685709,True
LPJ-GUESS,1999,CW,evspsblsoi,lai,22360,0.14800983899821113,0.14988379157030643,0.006723645462602256,0.13601343750338626,0.1618384175564499,True
LPJ-GUESS,1999,CD,evapotrans,precipitation,10698,0.25663943482930246,0.2599058755394196,0.008689521589503762,0.24451215864256223,0.27540238677708795,True
LPJ-GUESS,1999,CD,evapotrans,lai,10698,0.4807635171970404,0.48358830206704917,0.005311822715155606,0.4740476471439825,0.49264475869526203,True
LPJ-GUESS,1999,CD,tran,precipitation,10698,0.24413945732129466,0.24402073946399216,0.007548692456922365,0.22872241958809708,0.25916686613881534,True
LPJ-GUESS,1999,CD,tran,lai,10698,0.5720704150619828,0.5742518887579366,0.004226878523208041,0.5661161342818177,0.5820266331390972,True
LPJ-GUESS,1999,CD,evspsblveg,precipitation,10698,0.266664242910022,0.2689842178668795,0.008322509804001762,0.2515969181585343,0.2827849217819824,True
LPJ-GUESS,1999,CD,evspsblveg,lai,10698,0.5997472669360855,0.6014398534521144,0.004344055342118454,0.5940524363777032,0.6100132371567007,True
LPJ-GUESS,1999,CD,evspsblsoi,precipitation,10698,0.17432564818466414,0.1774748848368274,0.008896837959904114,0.16129509130014585,0.19501106016184486,True
LPJ-GUESS,1999,CD,evspsblsoi,lai,10698,0.1861039621345941,0.19097290741008596,0.007622256165556832,0.17578904853831187,0.2079909719758771,True
LPJ-GUESS,2000,HW,evapotrans,precipitation,13256,0.34554228556886574,0.3457919143400616,0.007885531363883258,0.3321734077588716,0.36193966195846994,True
LPJ-GUESS,2000,HW,evapotrans,lai,13256,0.42996442694701753,0.4326888109641143,0.005219473643628569,0.42315329090145193,0.44198684200290395,True
LPJ-GUESS,2000,HW,tran,precipitation,13256,0.27702622443212577,0.277006051521738,0.009300643284004413,0.26104867798876735,0.29656681249090017,True
LPJ-GUESS,2000,HW,tran,lai,13256,0.4723487772236145,0.47408077220330713,0.0046514834017076425,0.4656802911719515,0.48319974657227033,True
LPJ-GUESS,2000,HW,evspsblveg,precipitation,13256,0.388910333000591,0.3902421860200162,0.006994921408090884,0.37822049716889905,0.40334709970856536,True
LPJ-GUESS,2000,HW,evspsblveg,lai,13256,0.460627566634538,0.46488835736079964,0.006094593541855061,0.45155399046459466,0.4767361777494991,True
LPJ-GUESS,2000,HW,evspsblsoi,precipitation,13256,0.11902597618814036,0.12278899081400002,0.0059571236169161795,0.11080896027420976,0.1345138162562955,True
LPJ-GUESS,2000,HW,evspsblsoi,lai,13256,0.14682948839115928,0.14647484365757316,0.008162731227633202,0.13174246869439804,0.16276319376647796,True
LPJ-GUESS,2000,HD,evapotrans,precipitation,11881,0.49441149768690834,0.4957593644391236,0.0046298743892984485,0.4862328052641699,0.5056403107967496,True
LPJ-GUESS,2000,HD,evapotrans,lai,11881,0.4737731663916328,0.4753855349054952,0.006392074943553308,0.46384708841283395,0.4863689123648167,True
LPJ-GUESS,2000,HD,tran,precipitation,11881,0.4248501752837699,0.4269373227732168,0.006683904385813678,0.4148933217775861,0.44046609917123825,True
LPJ-GUESS,2000,HD,tran,lai,11881,0.5931294469822371,0.5944953673029435,0.003571948075019264,0.588888028604,0.6014639820993715,True
LPJ-GUESS,2000,HD,evspsblveg,precipitation,11881,0.4375514248231953,0.44008216139108475,0.005280943748700017,0.4297904053752003,0.4508992689321491,True
LPJ-GUESS,2000,HD,evspsblveg,lai,11881,0.5507913846542749,0.5519131362588605,0.0044105271878728675,0.5426997828503861,0.5595631358605765,True
LPJ-GUESS,2000,HD,evspsblsoi,precipitation,11881,0.30317021733443295,0.3076422284773793,0.0075437639991746555,0.29549537152566546,0.3226416188401731,True
LPJ-GUESS,2000,HD,evspsblsoi,lai,11881,0.21738479398819438,0.22199431156412675,0.00883294020860639,0.20753760121398718,0.24169199548489773,True
LPJ-GUESS,2000,CW,evapotrans,precipitation,22368,0.28212226539349206,0.28495232476597293,0.007048703672156272,0.2697199436709365,0.29729303753904224,True
LPJ-GUESS,2000,CW,evapotrans,lai,22368,0.35944909484972143,0.36110304171556046,0.004110737171053652,0.3533120329592225,0.3687630861184165,True
LPJ-GUESS,2000,CW,tran,precipitation,22368,0.2502554955847129,0.2517086003739525,0.0059484500530766465,0.24134287514149366,0.2640559800225477,True
LPJ-GUESS,2000,CW,tran,lai,22368,0.3650608279245592,0.36746490246453745,0.003963144453792586,0.36083746227685404,0.3752025130155123,True
LPJ-GUESS,2000,CW,evspsblveg,precipitation,22368,0.24407917419836303,0.24587969968654483,0.006212367049979804,0.23410518719781626,0.25911736758815673,True
LPJ-GUESS,2000,CW,evspsblveg,lai,22368,0.5405994210389322,0.5421981854901978,0.003501758491728461,0.5353942977906702,0.547749415867516,True
LPJ-GUESS,2000,CW,evspsblsoi,precipitation,22368,0.11301311225730298,0.11712211684967955,0.00559539007697976,0.10702310400924048,0.12816198971028833,True
LPJ-GUESS,2000,CW,evspsblsoi,lai,22368,0.1358703589744082,0.14210917995482222,0.00643402816509933,0.13045056328673443,0.1544333694652793,True
LPJ-GUESS,2000,CD,evapotrans,precipitation,10683,0.2635750163904408,0.26627528071903844,0.009140766229901098,0.25141982095125015,0.2852778516641335,True
LPJ-GUESS,2000,CD,evapotrans,lai,10683,0.4663242135199577,0.46915640027651667,0.005371039997073406,0.459842562400649,0.4792780953829403,True
LPJ-GUESS,2000,CD,tran,precipitation,10683,0.24047436819633483,0.2438545585725475,0.008427349103251198,0.22865108308319662,0.26017715902506766,True
LPJ-GUESS,2000,CD,tran,lai,10683,0.5609232141373409,0.5630179860526647,0.0048931701933989154,0.5542212468705536,0.5722758749443101,True
LPJ-GUESS,2000,CD,evspsblveg,precipitation,10683,0.29044520047675393,0.2919103620623283,0.006863681991611079,0.279912338423202,0.30512433574263975,True
LPJ-GUESS,2000,CD,evspsblveg,lai,10683,0.5935983821823395,0.5960162847487213,0.0048751675428911345,0.5876225943966654,0.6058410783792584,True
LPJ-GUESS,2000,CD,evspsblsoi,precipitation,10683,0.15629768098592095,0.15967847164461124,0.005929776181449338,0.14910167530350815,0.1714587390151027,True
LPJ-GUESS,2000,CD,evspsblsoi,lai,10683,0.2011927677572817,0.20218627434831904,0.01095365983552441,0.1779892529936065,0.21968295360694973,True
LPJ-GUESS,2001,HW,evapotrans,precipitation,13274,0.32341174115025256,0.324415706520728,0.008473416873308085,0.30755325516045473,0.33790228919785736,True
LPJ-GUESS,2001,HW,evapotrans,lai,13274,0.4340060726903901,0.43728973304375446,0.006313462853316338,0.42372513754484054,0.44831072333126093,True
LPJ-GUESS,2001,HW,tran,precipitation,13274,0.25599763107219314,0.25577277464223247,0.00859744413445097,0.23869898146317187,0.2700876505997506,True
LPJ-GUESS,2001,HW,tran,lai,13274,0.4706406867758208,0.47486337939444373,0.004458959675703399,0.4663521678155812,0.4844228982456915,True
LPJ-GUESS,2001,HW,evspsblveg,precipitation,13274,0.37630586672818966,0.3766126673130357,0.007539283895343739,0.3635109541358076,0.39032379086520513,True
LPJ-GUESS,2001,HW,evspsblveg,lai,13274,0.4723973263539707,0.47449468824101876,0.00635618169073592,0.4616980390353631,0.48628755780288296,True
LPJ-GUESS,2001,HW,evspsblsoi,precipitation,13274,0.1361940908125496,0.13803795726761645,0.007132922169405728,0.12310351970423446,0.1497033843721605,True
LPJ-GUESS,2001,HW,evspsblsoi,lai,13274,0.13207372089899522,0.13111419778791006,0.007261659241452338,0.11656617526041037,0.14503250995332798,True
LPJ-GUESS,2001,HD,evapotrans,precipitation,11874,0.504728638346559,0.507849464819505,0.0052384859869339375,0.49765678890321735,0.519612245694661,True
LPJ-GUESS,2001,HD,evapotrans,lai,11874,0.527146133815339,0.5285446764692633,0.004165985504467849,0.5203519965116228,0.5370039089013898,True
LPJ-GUESS,2001,HD,tran,precipitation,11874,0.46805456166467935,0.4704006427897316,0.005787434393021958,0.46013836955682835,0.48060190195346036,True
LPJ-GUESS,2001,HD,tran,lai,11874,0.5997486739095237,0.600192581585726,0.003146169371429041,0.5951479455175989,0.6068805998736587,True
LPJ-GUESS,2001,HD,evspsblveg,precipitation,11874,0.501033737339186,0.5012360912635746,0.0051043486443655165,0.4905111403859209,0.5130892106862657,True
LPJ-GUESS,2001,HD,evspsblveg,lai,11874,0.5725458155905188,0.5759011419026067,0.0032833109090662656,0.5696019073592197,0.5824442960838715,True
LPJ-GUESS,2001,HD,evspsblsoi,precipitation,11874,0.2894998296491141,0.28701184846650757,0.008370032876631994,0.2703314517792785,0.3035361402980291,True
LPJ-GUESS,2001,HD,evspsblsoi,lai,11874,0.2122857612343252,0.21790793214626825,0.006755923908496253,0.20779313977564226,0.23284816878892872,True
LPJ-GUESS,2001,CW,evapotrans,precipitation,22323,0.26403755660804984,0.2651783746838594,0.006924517188585207,0.2536714778724384,0.2775077270532681,True
LPJ-GUESS,2001,CW,evapotrans,lai,22323,0.35666538538052517,0.3586204035115499,0.003953018998301731,0.3508101822379994,0.36661323927846295,True
LPJ-GUESS,2001,CW,tran,precipitation,22323,0.24294955817782915,0.24400659387496104,0.0071354868910595325,0.23081911669367264,0.2582961285639907,True
LPJ-GUESS,2001,CW,tran,lai,22323,0.37574932359170515,0.3785987250800644,0.0035077883373597616,0.37247800449799745,0.38602881483243284,True
LPJ-GUESS,2001,CW,evspsblveg,precipitation,22323,0.22944998621384466,0.23210559031193626,0.0057552699814943,0.22121759982307718,0.2428239794154212,True
LPJ-GUESS,2001,CW,evspsblveg,lai,22323,0.5458867523683322,0.5468883475345007,0.004039856407818722,0.5386834823295459,0.5531576717507477,True
LPJ-GUESS,2001,CW,evspsblsoi,precipitation,22323,0.10523844798225032,0.11099817830215825,0.005305124310729787,0.10036504022156646,0.12059460834963362,True
LPJ-GUESS,2001,CW,evspsblsoi,lai,22323,0.16007168579202993,0.16342301276333274,0.008099653722136363,0.1486875062585162,0.1804641781762589,True
LPJ-GUESS,2001,CD,evapotrans,precipitation,10661,0.2218879505392671,0.22849023303811833,0.008084358914745116,0.21377138830548775,0.24415878062781537,True
LPJ-GUESS,2001,CD,evapotrans,lai,10661,0.48812578610154,0.4902667739315921,0.0061363420481900105,0.47565557796475816,0.5001762954660892,True
LPJ-GUESS,2001,CD,tran,precipitation,10661,0.22017513579153006,0.2232563150047055,0.00858020620101713,0.20595678131042944,0.23788029594493695,True
LPJ-GUESS,2001,CD,tran,lai,10661,0.5830559668219615,0.5859060235236075,0.004283724525208648,0.5780273016635074,0.5944649417876772,True
LPJ-GUESS,2001,CD,evspsblveg,precipitation,10661,0.2240634847686385,0.22847458401144904,0.008422312543578652,0.21268678460011034,0.24136553021064988,True
LPJ-GUESS,2001,CD,evspsblveg,lai,10661,0.5933265643761616,0.5948206756056476,0.005130418937722243,0.5831862339968413,0.6044160242059436,True
LPJ-GUESS,2001,CD,evspsblsoi,precipitation,10661,0.1531152282655959,0.15574478876316047,0.007754903211969789,0.142068847888159,0.169475661881313,True
LPJ-GUESS,2001,CD,evspsblsoi,lai,10661,0.1979826879137403,0.19898600411258802,0.0075838666435709984,0.18237123252134566,0.21109054263910387,True
LPJ-GUESS,2002,HW,evapotrans,precipitation,13301,0.2579324693208097,0.26311010220793163,0.006906200019374605,0.24943875071585236,0.2753958539045658,True
LPJ-GUESS,2002,HW,evapotrans,lai,13301,0.44774190193173335,0.4497903905836009,0.0043351751962420505,0.44117146694645554,0.4567177699569386,True
LPJ-GUESS,2002,HW,tran,precipitation,13301,0.18695436998631457,0.19349667331462053,0.007138512718480773,0.18130574947633338,0.2072470852756283,True
LPJ-GUESS,2002,HW,tran,lai,13301,0.48484771058538767,0.4873787593728344,0.004639501688241453,0.477927470287916,0.4947515570031696,True
LPJ-GUESS,2002,HW,evspsblveg,precipitation,13301,0.3273382124584448,0.33038967930141583,0.0052115760064237815,0.3214694855160012,0.33998023503807223,True
LPJ-GUESS,2002,HW,evspsblveg,lai,13301,0.466346812071906,0.46850307944253106,0.006236958158773656,0.4527583490605003,0.4780546102166523,True
LPJ-GUESS,2002,HW,evspsblsoi,precipitation,13301,0.1557935041347448,0.15495324612959455,0.006688433221320228,0.14239541696137611,0.1676470145098855,True
LPJ-GUESS,2002,HW,evspsblsoi,lai,13301,0.1322928967407618,0.13658540180495335,0.00720305311530595,0.12451416160865995,0.15151108804620766,True
LPJ-GUESS,2002,HD,evapotrans,precipitation,11875,0.489739356953368,0.4911180156122784,0.005688072749951851,0.48068724270399366,0.5013348048187678,True
LPJ-GUESS,2002,HD,evapotrans,lai,11875,0.5120258727627148,0.5151998872514355,0.004716697579065622,0.5066646851587304,0.5246563000010002,True
LPJ-GUESS,2002,HD,tran,precipitation,11875,0.4580568569490686,0.46008781822412864,0.00554769041419259,0.4502112716396443,0.4708917449193004,True
LPJ-GUESS,2002,HD,tran,lai,11875,0.5904118731171363,0.59116450144336,0.0039027841859139256,0.5834200478468899,0.5982392870247577,True
LPJ-GUESS,2002,HD,evspsblveg,precipitation,11875,0.47444805292446224,0.4781794680610033,0.005739450122724741,0.4680101972938032,0.4904046215648257,True
LPJ-GUESS,2002,HD,evspsblveg,lai,11875,0.572477334751019,0.5747348239533804,0.0036969934953489034,0.5685847516853695,0.5819232893574208,True
LPJ-GUESS,2002,HD,evspsblsoi,precipitation,11875,0.2543177759056445,0.25745514477062287,0.008023198924868833,0.2422229812011588,0.27365600857323485,True
LPJ-GUESS,2002,HD,evspsblsoi,lai,11875,0.21208750103198737,0.21571161296523214,0.007330896483205604,0.2014607047609907,0.2266486161107921,True
LPJ-GUESS,2002,CW,evapotrans,precipitation,22359,0.21564484593041885,0.2176730771735362,0.007032015939223988,0.20470824198408183,0.23255138376758835,True
LPJ-GUESS,2002,CW,evapotrans,lai,22359,0.35797824386429256,0.3587440731230908,0.0033377602442612015,0.3519113970227551,0.36423600744234136,True
LPJ-GUESS,2002,CW,tran,precipitation,22359,0.19726331645894804,0.1992551191499115,0.00786800513518529,0.18543486099234535,0.21549409820119184,True
LPJ-GUESS,2002,CW,tran,lai,22359,0.3658502245156909,0.3660203672707641,0.003417992382804779,0.3591062543919634,0.3721882601988299,True
LPJ-GUESS,2002,CW,evspsblveg,precipitation,22359,0.2354956550988415,0.23746215729712192,0.006428841426368126,0.22587275495152612,0.25044257131402636,True
LPJ-GUESS,2002,CW,evspsblveg,lai,22359,0.5345964806206351,0.5371360722863003,0.0031999237084940537,0.5319334394155204,0.5435581233602239,True
LPJ-GUESS,2002,CW,evspsblsoi,precipitation,22359,0.13102545954618944,0.13391299693379038,0.005474166134162039,0.12388318121871521,0.14433972863683767,True
LPJ-GUESS,2002,CW,evspsblsoi,lai,22359,0.1675807231179034,0.16956441614415005,0.006759520218524611,0.1563590249434778,0.18229817948376487,True
LPJ-GUESS,2002,CD,evapotrans,precipitation,10697,0.21785094220938328,0.21693663764345977,0.006972241663183868,0.2028058241045231,0.22982730668886478,True
LPJ-GUESS,2002,CD,evapotrans,lai,10697,0.4901842354197625,0.49418112496946337,0.006268880689640779,0.48240725789295613,0.5059169452103615,True
LPJ-GUESS,2002,CD,tran,precipitation,10697,0.18379308838817598,0.1899129336408112,0.006831490681240456,0.17889333521975695,0.20236296663986117,True
LPJ-GUESS,2002,CD,tran,lai,10697,0.5945004052784876,0.5968823626728392,0.00460571499778855,0.5877908630901447,0.6059500611213671,True
LPJ-GUESS,2002,CD,evspsblveg,precipitation,10697,0.20493615234482782,0.20431491792086387,0.007583075659648819,0.18752597005013227,0.21699510815738587,True
LPJ-GUESS,2002,CD,evspsblveg,lai,10697,0.6095423098001914,0.6131414314203987,0.00622967648438038,0.5997914446345124,0.6242319908345948,True
LPJ-GUESS,2002,CD,evspsblsoi,precipitation,10697,0.147711616439066,0.15159789715989935,0.00718093479127023,0.13896450187306014,0.16355463201048784,True
LPJ-GUESS,2002,CD,evspsblsoi,lai,10697,0.2363375122332369,0.23774722616372915,0.009342365634199537,0.21826313232180508,0.25464208249958714,True
LPJ-GUESS,2003,HW,evapotrans,precipitation,13299,0.30095331256767216,0.3046512558158821,0.006908802188675486,0.29051614425145184,0.31769048273002143,True
LPJ-GUESS,2003,HW,evapotrans,lai,13299,0.4309453704190547,0.433362798686767,0.007365359202833137,0.41901182281761906,0.4466719556267256,True
LPJ-GUESS,2003,HW,tran,precipitation,13299,0.2348817109248188,0.23801726731280218,0.007857985136914939,0.22427025394854905,0.25088611172972874,True
LPJ-GUESS,2003,HW,tran,lai,13299,0.48767135524351146,0.4891612397670958,0.003567974720836505,0.48127613665268537,0.4953729812247663,True
LPJ-GUESS,2003,HW,evspsblveg,precipitation,13299,0.34518829552689595,0.34867152687917896,0.006568314503796994,0.3372279454877955,0.3620206382200026,True
LPJ-GUESS,2003,HW,evspsblveg,lai,13299,0.4665461872592603,0.46988310523329296,0.006032439273686853,0.45817846543243396,0.4807152308505106,True
LPJ-GUESS,2003,HW,evspsblsoi,precipitation,13299,0.08658186748169769,0.09140739899940932,0.005610093130916347,0.08023175555415266,0.10220399573443824,True
LPJ-GUESS,2003,HW,evspsblsoi,lai,13299,0.15691416676136544,0.15780762223585904,0.007068315415032199,0.14698596023018334,0.1726601156372909,True
LPJ-GUESS,2003,HD,evapotrans,precipitation,11878,0.5282088955416802,0.5297317192885543,0.004164253663738657,0.5201570573566323,0.5386806952371931,True
LPJ-GUESS,2003,HD,evapotrans,lai,11878,0.46162918685649784,0.4640528983318692,0.007408092545953556,0.44889767848870576,0.4795043383033721,True
LPJ-GUESS,2003,HD,tran,precipitation,11878,0.46915306705792104,0.4713453921270751,0.006349604622690618,0.4598553852627004,0.4846690738732563,True
LPJ-GUESS,2003,HD,tran,lai,11878,0.5795652262650075,0.5816983226834386,0.0034024066313708898,0.5753468103983385,0.5879231775985679,True
LPJ-GUESS,2003,HD,evspsblveg,precipitation,11878,0.48634045476941623,0.48772739373897733,0.00514839744941183,0.4754458620876334,0.4970806582576227,True
LPJ-GUESS,2003,HD,evspsblveg,lai,11878,0.5303198256346934,0.5317632643404473,0.005884079074304688,0.5209801883629952,0.5448777603007839,True
LPJ-GUESS,2003,HD,evspsblsoi,precipitation,11878,0.29076185167948765,0.29592079748409117,0.0072692479411379,0.28187782197651046,0.31087492309348375,True
LPJ-GUESS,2003,HD,evspsblsoi,lai,11878,0.22227983658780087,0.2258092235487208,0.0070406723689980496,0.21307960993888655,0.23986274099957106,True
LPJ-GUESS,2003,CW,evapotrans,precipitation,22382,0.19891786367013137,0.2018504043532143,0.005890193124497796,0.19054847265750793,0.21399379179777966,True
LPJ-GUESS,2003,CW,evapotrans,lai,22382,0.3664055374830838,0.367755973883182,0.0045136475941685555,0.35792585914928926,0.3755550746622651,True
LPJ-GUESS,2003,CW,tran,precipitation,22382,0.17923279741979564,0.1804239667692825,0.005982599922475862,0.1701621141554615,0.19210156613554813,True
LPJ-GUESS,2003,CW,tran,lai,22382,0.3834966403888481,0.38530360485625664,0.0037614630122434606,0.37787295510136304,0.3918146252930316,True
LPJ-GUESS,2003,CW,evspsblveg,precipitation,22382,0.18212661553244505,0.1843771239768249,0.0069533350109019475,0.17243857674558627,0.19704441551491572,True
LPJ-GUESS,2003,CW,evspsblveg,lai,22382,0.5310014694081457,0.5314525692901211,0.0035420846976280626,0.5251372005988865,0.5379358826116105,True
LPJ-GUESS,2003,CW,evspsblsoi,precipitation,22382,0.12668416298591179,0.1296980836193012,0.005053036702037015,0.11967126799484092,0.13944413524259577,True
LPJ-GUESS,2003,CW,evspsblsoi,lai,22382,0.15383488992107391,0.15744933863639132,0.005702025979553607,0.14671737438367746,0.16788992984192058,True
LPJ-GUESS,2003,CD,evapotrans,precipitation,10675,0.2636070402472295,0.2667742813031246,0.007367317110077929,0.2500053932407197,0.2795611961539392,True
LPJ-GUESS,2003,CD,evapotrans,lai,10675,0.4972835774659695,0.4990316686587615,0.005942510688474202,0.4892661366964898,0.5107559074495908,True
LPJ-GUESS,2003,CD,tran,precipitation,10675,0.24005575116017697,0.2381763088060285,0.007804015696757894,0.2235624254338063,0.25274476388721023,True
LPJ-GUESS,2003,CD,tran,lai,10675,0.5759802197664348,0.579965264753824,0.003942305401851349,0.5728602570970999,0.5878741070842524,True
LPJ-GUESS,2003,CD,evspsblveg,precipitation,10675,0.2586969089723864,0.2619794409274284,0.007809830110935137,0.24812613081970733,0.2773079864655353,True
LPJ-GUESS,2003,CD,evspsblveg,lai,10675,0.5920488733345612,0.5941116725709902,0.004650167749621017,0.5852420009082816,0.6033481722588597,True
LPJ-GUESS,2003,CD,evspsblsoi,precipitation,10675,0.15232499257524298,0.1543031428597061,0.008126287763052763,0.13734287931257613,0.17019235447238373,True
LPJ-GUESS,2003,CD,evspsblsoi,lai,10675,0.19296354244645494,0.19688174019637728,0.011724543946637318,0.17613295884178762,0.21851374093393647,True
LPJ-GUESS,2004,HW,evapotrans,precipitation,13297,0.342029115381268,0.34219747403581624,0.0071477217347558596,0.33032000813629225,0.35527901473949036,True
LPJ-GUESS,2004,HW,evapotrans,lai,13297,0.45609828543503395,0.45959693251283673,0.0052560372978130016,0.4502376686769062,0.46964983445879005,True
LPJ-GUESS,2004,HW,tran,precipitation,13297,0.28242294727155154,0.28260269318657805,0.0074649772510611825,0.26689305776346234,0.29752260185234464,True
LPJ-GUESS,2004,HW,tran,lai,13297,0.48269940503944464,0.48390815087276806,0.0038445374516989108,0.4753108727966373,0.48977400292043555,True
LPJ-GUESS,2004,HW,evspsblveg,precipitation,13297,0.3920072659265359,0.39456042483722237,0.006736581362908708,0.3805167877061297,0.40586502828919974,True
LPJ-GUESS,2004,HW,evspsblveg,lai,13297,0.4734381720662847,0.47520658149746375,0.005363785685993834,0.4639915950543261,0.4845704067149881,True
LPJ-GUESS,2004,HW,evspsblsoi,precipitation,13297,0.11682059510526951,0.11792401214979323,0.00806117036673307,0.1030273499388896,0.1328164240937224,True
LPJ-GUESS,2004,HW,evspsblsoi,lai,13297,0.13867272339682019,0.14504547556788933,0.006993429259014307,0.1308933557177724,0.1584460690586032,True
LPJ-GUESS,2004,HD,evapotrans,precipitation,11875,0.5100598465733874,0.5110185848938239,0.004085027247236843,0.5040555390898698,0.5177354968467833,True
LPJ-GUESS,2004,HD,evapotrans,lai,11875,0.5071821726032253,0.5107751243773019,0.004580862694401224,0.5018603492658998,0.5188045475119573,True
LPJ-GUESS,2004,HD,tran,precipitation,11875,0.4422844327048544,0.4461620426840103,0.0057118155229293355,0.4332579786153362,0.45547114710908976,True
LPJ-GUESS,2004,HD,tran,lai,11875,0.6060773347510191,0.6081957540672227,0.003946281300800174,0.6000945098375319,0.6159646088102217,True
LPJ-GUESS,2004,HD,evspsblveg,precipitation,11875,0.4947823570871688,0.4941296579940385,0.005141280746558186,0.4851181499348718,0.5037293833410891,True
LPJ-GUESS,2004,HD,evspsblveg,lai,11875,0.5693718234981393,0.5719037527308201,0.004116694502597548,0.5642655528935322,0.5793364409050001,True
LPJ-GUESS,2004,HD,evspsblsoi,precipitation,11875,0.2584341715086095,0.26499572507760144,0.0068838436546525585,0.25203891707613985,0.2779540311315226,True
LPJ-GUESS,2004,HD,evspsblsoi,lai,11875,0.2072304704473906,0.21304564039298277,0.006378957807088925,0.20200988544807263,0.2274156425684427,True
LPJ-GUESS,2004,CW,evapotrans,precipitation,22331,0.28656129162996047,0.2889895821733872,0.0061845353187576285,0.27831534477392234,0.2997952956745322,True
LPJ-GUESS,2004,CW,evapotrans,lai,22331,0.3653602357931652,0.36667974025597777,0.004719504607955295,0.35730560567663006,0.3746424487687808,True
LPJ-GUESS,2004,CW,tran,precipitation,22331,0.2508426958818032,0.25342290781871607,0.006129747991563393,0.2422852704306103,0.2655076856532807,True
LPJ-GUESS,2004,CW,tran,lai,22331,0.3707309850948362,0.3715597739166089,0.004342514656920172,0.36347374787176584,0.37945624254706045,True
LPJ-GUESS,2004,CW,evspsblveg,precipitation,22331,0.23502849734030712,0.2369834517426974,0.006304831704533088,0.22350208406319877,0.24748972129119642,True
LPJ-GUESS,2004,CW,evspsblveg,lai,22331,0.5524278505839568,0.5531774021347226,0.0029772193873465035,0.5478836773526897,0.5588324821621392,True
LPJ-GUESS,2004,CW,evspsblsoi,precipitation,22331,0.1591612894764574,0.16152053429465354,0.005370017581329677,0.15135754841727664,0.17175840762729813,True
LPJ-GUESS,2004,CW,evspsblsoi,lai,22331,0.14541035023617613,0.1509562450885817,0.006260978736431152,0.13886925052513502,0.1632496516641171,True
LPJ-GUESS,2004,CD,evapotrans,precipitation,10737,0.2762802963859649,0.2823504037672738,0.00875600918571216,0.26659237718524814,0.30137548666111674,True
LPJ-GUESS,2004,CD,evapotrans,lai,10737,0.4952414728200984,0.49673789510108163,0.004582643605610196,0.48777932332609597,0.5053148278889977,True
LPJ-GUESS,2004,CD,tran,precipitation,10737,0.25752310031463155,0.26264059129914474,0.00955055455350009,0.24561660903092192,0.283988964282757,True
LPJ-GUESS,2004,CD,tran,lai,10737,0.598382258472107,0.5993096533495388,0.0048671704685568805,0.590827196390368,0.6087141238531489,True
LPJ-GUESS,2004,CD,evspsblveg,precipitation,10737,0.2723027618968721,0.2730384129863978,0.008729870492400751,0.25712899314591486,0.288567910693963,True
LPJ-GUESS,2004,CD,evspsblveg,lai,10737,0.6084388142803612,0.6120779819813551,0.0051490599825995634,0.6029046193713348,0.6211959768162681,True
LPJ-GUESS,2004,CD,evspsblsoi,precipitation,10737,0.1438308738961773,0.14884104249724245,0.006963292702123217,0.13710861133489158,0.16463998440477687,True
LPJ-GUESS,2004,CD,evspsblsoi,lai,10737,0.20411886597082363,0.20861222011850353,0.010008016603831564,0.18719277093092287,0.2269466236670703,True
LPJ-GUESS,2005,HW,evapotrans,precipitation,13281,0.34341550752365685,0.3462583783474603,0.005624680743921778,0.3350809785742446,0.3560315280935303,True
LPJ-GUESS,2005,HW,evapotrans,lai,13281,0.4403236959584442,0.4423014584684784,0.004680944876152561,0.43379552045488956,0.4504090295592267,True
LPJ-GUESS,2005,HW,tran,precipitation,13281,0.26916552022410856,0.2712968590002861,0.007969339293070265,0.2563042744037311,0.28457801563827706,True
LPJ-GUESS,2005,HW,tran,lai,13281,0.48094589222033834,0.4838810691926673,0.00388997320106865,0.47657326914071735,0.49190498059026744,True
LPJ-GUESS,2005,HW,evspsblveg,precipitation,13281,0.387838824237542,0.3900686241456779,0.006577785715138185,0.3781495487790381,0.4019730601987176,True
LPJ-GUESS,2005,HW,evspsblveg,lai,13281,0.48274944140691967,0.4843826766266446,0.005404798493921761,0.4733616427454307,0.49492194307685516,True
LPJ-GUESS,2005,HW,evspsblsoi,precipitation,13281,0.1074044030198046,0.11227955580081582,0.007257851882814355,0.0963217067187798,0.1274369993970782,True
LPJ-GUESS,2005,HW,evspsblsoi,lai,13281,0.15432131734527899,0.1566197332964059,0.006819019542288171,0.14345840026527173,0.16981565580434838,True
LPJ-GUESS,2005,HD,evapotrans,precipitation,11875,0.4878370627751375,0.48912508999313387,0.00537867169373105,0.4794478514921827,0.5001581442530957,True
LPJ-GUESS,2005,HD,evapotrans,lai,11875,0.495855325181641,0.4979625027374338,0.005354799031140477,0.4868098571418666,0.5067570673074262,True
LPJ-GUESS,2005,HD,tran,precipitation,11875,0.44834463206086494,0.45163531755577396,0.00573378835337517,0.4411408053077073,0.46252518401740267,True
LPJ-GUESS,2005,HD,tran,lai,11875,0.5776394359056355,0.5786089187720951,0.00476210854357485,0.5688558996272305,0.5876101915154769,True
LPJ-GUESS,2005,HD,evspsblveg,precipitation,11875,0.4788196225546378,0.4800510575103731,0.005983276893564441,0.46828232204237596,0.4908289578117802,True
LPJ-GUESS,2005,HD,evspsblveg,lai,11875,0.5834241715399611,0.5855910626050064,0.003517602980844935,0.5791697806138552,0.592086034024455,True
LPJ-GUESS,2005,HD,evspsblsoi,precipitation,11875,0.27421957651269935,0.27711401509959765,0.009717674590821406,0.2599964732319582,0.29578085786361646,True
LPJ-GUESS,2005,HD,evspsblsoi,lai,11875,0.16795509480772638,0.17500567769602246,0.008232445900728384,0.15911984527579703,0.19177327073779518,True
LPJ-GUESS,2005,CW,evapotrans,precipitation,22323,0.25482120348459764,0.25701602151817193,0.006873857903462898,0.24244287296580866,0.26912612644060624,True
LPJ-GUESS,2005,CW,evapotrans,lai,22323,0.36600631057509037,0.36803339880622477,0.003470187386537925,0.3614122472229568,0.3742004723723229,True
LPJ-GUESS,2005,CW,tran,precipitation,22323,0.22402789295907452,0.22666593205954985,0.006853251163195226,0.21115598402821817,0.238392954980239,True
LPJ-GUESS,2005,CW,tran,lai,22323,0.3865681533439401,0.3880787607640221,0.0034962824831431664,0.3815446887344807,0.39451895123258435,True
LPJ-GUESS,2005,CW,evspsblveg,precipitation,22323,0.21644314640546464,0.21917872860210605,0.00521648947347143,0.20968113183503018,0.22862862655756389,True
LPJ-GUESS,2005,CW,evspsblveg,lai,22323,0.5531675946357462,0.5548970708598384,0.003404186448063556,0.5487397742000595,0.5613348951479349,True
LPJ-GUESS,2005,CW,evspsblsoi,precipitation,22323,0.13619601683180507,0.14038197899859997,0.005187647895426047,0.13161776484002216,0.151971992466399,True
LPJ-GUESS,2005,CW,evspsblsoi,lai,22323,0.13834653997347832,0.1452293618533253,0.005946346210282908,0.13528335157278198,0.15670356931967483,True
LPJ-GUESS,2005,CD,evapotrans,precipitation,10673,0.22244549152267923,0.2244375928931521,0.009820120172426013,0.20360454288031504,0.24178476448160832,True
LPJ-GUESS,2005,CD,evapotrans,lai,10673,0.4981535974730093,0.49890697136777995,0.005539251950154694,0.4886674243329499,0.5078689554710348,True
LPJ-GUESS,2005,CD,tran,precipitation,10673,0.18637545575293513,0.1861531910860287,0.007370702171100151,0.17311887421163205,0.2009415630254113,True
LPJ-GUESS,2005,CD,tran,lai,10673,0.5847748318835879,0.5891826471854604,0.004312191445992604,0.5816581520168789,0.5996062398850582,True
LPJ-GUESS,2005,CD,evspsblveg,precipitation,10673,0.21950228532596028,0.22134550765973593,0.009140768531689346,0.2056026591113889,0.2372004454938831,True
LPJ-GUESS,2005,CD,evspsblveg,lai,10673,0.6055399890991388,0.6085309948421423,0.004793858659046158,0.6009908861660193,0.6181189100785509,True
LPJ-GUESS,2005,CD,evspsblsoi,precipitation,10673,0.2161448305954001,0.2195404050353823,0.008538999270815499,0.203422805296934,0.23550574068964097,True
LPJ-GUESS,2005,CD,evspsblsoi,lai,10673,0.2076864304211411,0.21211897126438545,0.008710920290287137,0.19609031742451288,0.22845006375977203,True
LPJ-GUESS,2006,HW,evapotrans,precipitation,13288,0.3242544073124647,0.32656149322023525,0.005880158281031495,0.3153633340723643,0.3362275412418364,True
LPJ-GUESS,2006,HW,evapotrans,lai,13288,0.42859735516104647,0.4299140397380398,0.0052464453578890055,0.4208662646907606,0.4407846633332348,True
LPJ-GUESS,2006,HW,tran,precipitation,13288,0.27097003566773237,0.2716116237299043,0.00724468701996032,0.25630713495513624,0.28428281048213033,True
LPJ-GUESS,2006,HW,tran,lai,13288,0.46053792261635385,0.46333398603842135,0.004960023994980634,0.454080692217384,0.47172839103363323,True
LPJ-GUESS,2006,HW,evspsblveg,precipitation,13288,0.38311111902227957,0.3843406670385633,0.006552934153270087,0.371145541129746,0.3960759429124485,True
LPJ-GUESS,2006,HW,evspsblveg,lai,13288,0.4640472301083277,0.4670967345295844,0.006004565705021955,0.455318108366891,0.4784602202857609,True
LPJ-GUESS,2006,HW,evspsblsoi,precipitation,13288,0.08685792450624663,0.09475178452218685,0.005314143605960099,0.0853889953986906,0.10331489250709718,True
LPJ-GUESS,2006,HW,evspsblsoi,lai,13288,0.15217090885807416,0.15741022760501366,0.008096226750123172,0.14369436021180354,0.17330353074417323,True
LPJ-GUESS,2006,HD,evapotrans,precipitation,11878,0.4668529233323391,0.47033367955987676,0.006216183076240487,0.45936045911097495,0.4824815975133063,True
LPJ-GUESS,2006,HD,evapotrans,lai,11878,0.5227002726371306,0.5235166134473402,0.005569463519881806,0.5118583448192654,0.5334243248824888,True
LPJ-GUESS,2006,HD,tran,precipitation,11878,0.4393335072404985,0.4411239045647115,0.006275950616402749,0.42928673243267157,0.45168307676989494,True
LPJ-GUESS,2006,HD,tran,lai,11878,0.6049892481530805,0.6049189463752367,0.004125813602916547,0.5977814584405157,0.6141600980143783,True
LPJ-GUESS,2006,HD,evspsblveg,precipitation,11878,0.44560596046160084,0.4484301954181148,0.005410188647576371,0.43916570697572205,0.4585168709389456,True
LPJ-GUESS,2006,HD,evspsblveg,lai,11878,0.5681986843798597,0.5688178945945805,0.003908049434556217,0.5606768213012427,0.5751726840616164,True
LPJ-GUESS,2006,HD,evspsblsoi,precipitation,11878,0.2696024300254395,0.27840034331275043,0.0072899196703587,0.2635531341720661,0.29254656815335583,True
LPJ-GUESS,2006,HD,evspsblsoi,lai,11878,0.2481707710125507,0.25096301864188386,0.00578249886050748,0.2386851834530485,0.2599237376752331,True
LPJ-GUESS,2006,CW,evapotrans,precipitation,22404,0.23901442392067654,0.24110546865722912,0.004289145815395923,0.23294584719536024,0.24864244270873384,True
LPJ-GUESS,2006,CW,evapotrans,lai,22404,0.3583619076312903,0.35978270048726996,0.004074866496175508,0.3522260236723047,0.367010882053928,True
LPJ-GUESS,2006,CW,tran,precipitation,22404,0.2139442552529886,0.21681765559656063,0.005327564414412706,0.20589007191487535,0.22717162757762221,True
LPJ-GUESS,2006,CW,tran,lai,22404,0.38996711365317416,0.3907325271918627,0.0039492746778326945,0.3835287616983019,0.39783785548564293,True
LPJ-GUESS,2006,CW,evspsblveg,precipitation,22404,0.2185272670402389,0.22204894053291896,0.005363291069677976,0.21263454616400476,0.2339375426035659,True
LPJ-GUESS,2006,CW,evspsblveg,lai,22404,0.5440667482847452,0.5450651655060149,0.0035714068485434253,0.5369773809014217,0.5521369297082462,True
LPJ-GUESS,2006,CW,evspsblsoi,precipitation,22404,0.11723079970632505,0.12009389038402234,0.005769929063531297,0.10801307239370803,0.12920828611527818,True
LPJ-GUESS,2006,CW,evspsblsoi,lai,22404,0.14776335380161706,0.1499519743715951,0.006451784334107188,0.1400175486159199,0.16402009945639817,True
LPJ-GUESS,2006,CD,evapotrans,precipitation,10726,0.22956502309297452,0.23148558603055164,0.008211761915676673,0.2166692179819036,0.2448645179940048,True
LPJ-GUESS,2006,CD,evapotrans,lai,10726,0.4950369702036615,0.4960729297855419,0.004702176619610832,0.48745095947648415,0.5038365402201169,True
LPJ-GUESS,2006,CD,tran,precipitation,10726,0.20137029601309392,0.2044098408350895,0.008501525995357997,0.18947173774330303,0.21882118416905075,True
LPJ-GUESS,2006,CD,tran,lai,10726,0.5902044966267833,0.5920722866404976,0.005071740563353976,0.582271269147673,0.6009641991819183,True
LPJ-GUESS,2006,CD,evspsblveg,precipitation,10726,0.23987809840692423,0.24145942140131219,0.007808219037629898,0.22556973463015398,0.25529721879256345,True
LPJ-GUESS,2006,CD,evspsblveg,lai,10726,0.6141208786046711,0.6175951619356101,0.005276582456301223,0.6084333918471488,0.6289369545893528,True
LPJ-GUESS,2006,CD,evspsblsoi,precipitation,10726,0.17896995864548781,0.18328132181706916,0.006829247250958514,0.17008429410695575,0.19601555124414527,True
LPJ-GUESS,2006,CD,evspsblsoi,lai,10726,0.19125745093845883,0.1939787954695381,0.008129269446525604,0.17706766051034303,0.20905159087506878,True
LPJ-GUESS,2007,HW,evapotrans,precipitation,13288,0.3270487320546744,0.329700309594743,0.0074577720555988325,0.3163518819542416,0.3431070817256767,True
LPJ-GUESS,2007,HW,evapotrans,lai,13288,0.42581294459854246,0.4287808016551595,0.005862131221680051,0.41879128570140367,0.4407252402838173,True
LPJ-GUESS,2007,HW,tran,precipitation,13288,0.2638823580308489,0.26628698048837146,0.008106312811184662,0.2505022908553681,0.2829298618996698,True
LPJ-GUESS,2007,HW,tran,lai,13288,0.46712309436735017,0.46900789625006745,0.004282051755642351,0.46265951513271625,0.4773951106435678,True
LPJ-GUESS,2007,HW,evspsblveg,precipitation,13288,0.3782158718876686,0.3796911500262481,0.00725706530721409,0.3662715841749911,0.39430933085729464,True
LPJ-GUESS,2007,HW,evspsblveg,lai,13288,0.4716803780709944,0.47401735950708823,0.00560770983361755,0.4636633935249308,0.48472089757597225,True
LPJ-GUESS,2007,HW,evspsblsoi,precipitation,13288,0.10091440869174673,0.10450736108048028,0.0074155161420413835,0.09110227259910961,0.12084010897538607,True
LPJ-GUESS,2007,HW,evspsblsoi,lai,13288,0.14228586268894208,0.1479300273867559,0.009276549765875755,0.12954374444759123,0.16630558977313192,True
LPJ-GUESS,2007,HD,evapotrans,precipitation,11879,0.5077596562231653,0.5100891820172194,0.0054826410803591585,0.49940199692963805,0.5208062425076885,True
LPJ-GUESS,2007,HD,evapotrans,lai,11879,0.48708264279861213,0.48933349668065435,0.004857092680206637,0.47931539515636623,0.49775597206074557,True
LPJ-GUESS,2007,HD,tran,precipitation,11879,0.4551256119425991,0.4587697555258666,0.006755898042209251,0.4458672595229047,0.47043158172580557,True
LPJ-GUESS,2007,HD,tran,lai,11879,0.5917603370461355,0.5920046490118424,0.0035801689606849243,0.5849562443507449,0.5990098595778911,True
LPJ-GUESS,2007,HD,evspsblveg,precipitation,11879,0.477167960258703,0.4805071225968539,0.005843377886766165,0.46909044429303365,0.49060855050664237,True
LPJ-GUESS,2007,HD,evspsblveg,lai,11879,0.5439478050703743,0.5454849230430131,0.004550258373430854,0.5380070171638754,0.554256041245363,True
LPJ-GUESS,2007,HD,evspsblsoi,precipitation,11879,0.2699949556468729,0.27438363145444156,0.007423139652909052,0.2590307380540316,0.28662892269072293,True
LPJ-GUESS,2007,HD,evspsblsoi,lai,11879,0.20288072573735513,0.2075293134892264,0.006950797351035509,0.19481307179471744,0.2210760850763226,True
LPJ-GUESS,2007,CW,evapotrans,precipitation,22401,0.2281677787673016,0.23021759007576548,0.006431210324697595,0.21898107122585186,0.2428576983703512,True
LPJ-GUESS,2007,CW,evapotrans,lai,22401,0.3443344565293641,0.34514768177096544,0.004018586347964971,0.3367725944414655,0.352707860788023,True
LPJ-GUESS,2007,CW,tran,precipitation,22401,0.2067207325025104,0.207209140458504,0.006655077809953511,0.19289908049055082,0.21949485754201578,True
LPJ-GUESS,2007,CW,tran,lai,22401,0.36982562560982607,0.37062207098065447,0.003976511453346806,0.36308361244102044,0.37899438412169184,True
LPJ-GUESS,2007,CW,evspsblveg,precipitation,22401,0.22102930510978408,0.2240203512921123,0.005901649000465816,0.2121229643497185,0.2347896327916842,True
LPJ-GUESS,2007,CW,evspsblveg,lai,22401,0.5347290279611241,0.5362308879902773,0.0028117675230795005,0.531427483763507,0.541353286356419,True
LPJ-GUESS,2007,CW,evspsblsoi,precipitation,22401,0.10583864062366605,0.1079675021228651,0.005101246809530102,0.09777212768241489,0.11711919833885648,True
LPJ-GUESS,2007,CW,evspsblsoi,lai,22401,0.10305811841945833,0.10636601153198183,0.00604731833471662,0.09489368715794623,0.11825085571856196,True
LPJ-GUESS,2007,CD,evapotrans,precipitation,10701,0.2844966974734946,0.28709059547299587,0.008210968445946341,0.2691619959583675,0.3026320070568292,True
LPJ-GUESS,2007,CD,evapotrans,lai,10701,0.5110019172537003,0.5112437906239561,0.00454256523107974,0.5023052339089054,0.5213180942916921,True
LPJ-GUESS,2007,CD,tran,precipitation,10701,0.2445381475888816,0.24622495724769133,0.008447043156416255,0.2309316130837816,0.2602917837616155,True
LPJ-GUESS,2007,CD,tran,lai,10701,0.6005263492095785,0.603423048210993,0.005260355993145486,0.5937174396416482,0.6137557692209037,True
LPJ-GUESS,2007,CD,evspsblveg,precipitation,10701,0.2858108760745678,0.2851107647270297,0.006071303617840907,0.2700875031219718,0.29530246649147124,True
LPJ-GUESS,2007,CD,evspsblveg,lai,10701,0.611454586314848,0.6122584525773282,0.004127721974045399,0.6041686785181821,0.6195885618544587,True
LPJ-GUESS,2007,CD,evspsblsoi,precipitation,10701,0.16983720932651575,0.17721981843738088,0.008838172534033599,0.1621125505114365,0.19387119079600257,True
LPJ-GUESS,2007,CD,evspsblsoi,lai,10701,0.215327766555139,0.2139440528709474,0.01009830065299961,0.19342358640236593,0.23300893676768303,True
LPJ-GUESS,2008,HW,evapotrans,precipitation,13278,0.3405878554207281,0.34398172139322886,0.006195579163122442,0.3328259195330405,0.35495129602203024,True
LPJ-GUESS,2008,HW,evapotrans,lai,13278,0.4335120078143573,0.43404566975147324,0.0053887720329058204,0.4216921187361776,0.4442926492424615,True
LPJ-GUESS,2008,HW,tran,precipitation,13278,0.28185676844259544,0.2835266841820881,0.00693135624182472,0.27032433831895886,0.29406639052525224,True
LPJ-GUESS,2008,HW,tran,lai,13278,0.4796059520504068,0.4805413137436287,0.004560065427313461,0.4720174421912943,0.48831050883132865,True
LPJ-GUESS,2008,HW,evspsblveg,precipitation,13278,0.3829661515613301,0.3848062446459691,0.006490505206449307,0.37230553291039714,0.397858906693538,True
LPJ-GUESS,2008,HW,evspsblveg,lai,13278,0.4799846698134608,0.4826656347278478,0.005739410324935084,0.47058708162765334,0.49149416492507725,True
LPJ-GUESS,2008,HW,evspsblsoi,precipitation,13278,0.10435880807503836,0.10915900255570227,0.007174047800189388,0.09652216526144176,0.12143985764476531,True
LPJ-GUESS,2008,HW,evspsblsoi,lai,13278,0.13239605507434163,0.13777936992466905,0.007999133211587345,0.12363594909879488,0.15357099338701702,True
LPJ-GUESS,2008,HD,evapotrans,precipitation,11876,0.5097089112750952,0.5110278833481103,0.005399992014670392,0.5012209010350431,0.5214916562296937,True
LPJ-GUESS,2008,HD,evapotrans,lai,11876,0.5259758296560517,0.5282273357277993,0.004390500603756334,0.5204866295767132,0.5380625064758912,True
LPJ-GUESS,2008,HD,tran,precipitation,11876,0.4699612399934643,0.4716980311137647,0.004262505827356157,0.46482409968532445,0.4789333617423642,True
LPJ-GUESS,2008,HD,tran,lai,11876,0.5865524702091083,0.5879479013776142,0.003893286673699476,0.5802118484677163,0.5950524820335455,True
LPJ-GUESS,2008,HD,evspsblveg,precipitation,11876,0.48411900525406754,0.48669531849312764,0.005650642543785031,0.47649566641652813,0.4976307342314243,True
LPJ-GUESS,2008,HD,evspsblveg,lai,11876,0.5795243245679912,0.5816294753370987,0.0037341132511197394,0.5746609667249605,0.5880356111793936,True
LPJ-GUESS,2008,HD,evspsblsoi,precipitation,11876,0.2851189318406161,0.29075577365434285,0.007778189842217487,0.2778297442097343,0.3051740294779652,True
LPJ-GUESS,2008,HD,evspsblsoi,lai,11876,0.23712591896664298,0.2436660164050791,0.00970955984565035,0.22486068570076984,0.26138868388579745,True
LPJ-GUESS,2008,CW,evapotrans,precipitation,22390,0.21027145917531243,0.2115675271591812,0.006302913936286236,0.1978660479629094,0.22209667079092166,True
LPJ-GUESS,2008,CW,evapotrans,lai,22390,0.3371371147833854,0.33830792409207305,0.004104376598267698,0.33059798866823553,0.3446982956888344,True
LPJ-GUESS,2008,CW,tran,precipitation,22390,0.18087075319994717,0.18484513928576532,0.006019962458794903,0.17411167435194044,0.19629213191675263,True
LPJ-GUESS,2008,CW,tran,lai,22390,0.3626172398392139,0.3639470737373181,0.003960303058072131,0.35615270099370017,0.3717347159525936,True
LPJ-GUESS,2008,CW,evspsblveg,precipitation,22390,0.22499511500669944,0.22751380501080015,0.007264850249475028,0.21501486189820598,0.24339268727495944,True
LPJ-GUESS,2008,CW,evspsblveg,lai,22390,0.5446404644930773,0.54466994037358,0.003474399428641744,0.5374497022604112,0.5503192998048204,True
LPJ-GUESS,2008,CW,evspsblsoi,precipitation,22390,0.08592900411544319,0.09050044092174964,0.0041752232334905,0.08391260103734838,0.09821002106355027,True
LPJ-GUESS,2008,CW,evspsblsoi,lai,22390,0.14642697632871818,0.15177403362121095,0.005313056563952056,0.14126369718943693,0.16127946487265113,True
LPJ-GUESS,2008,CD,evapotrans,precipitation,10675,0.23988787416601326,0.23849115226023815,0.009225699418604842,0.22083921119544891,0.25516284086892366,True
LPJ-GUESS,2008,CD,evapotrans,lai,10675,0.4898804746280122,0.49239440529440237,0.005298254347858901,0.48264133176882645,0.5025672072412494,True
LPJ-GUESS,2008,CD,tran,precipitation,10675,0.22959745428815798,0.22647039335273333,0.007657333418439795,0.2126067750678878,0.2386845914961617,True
LPJ-GUESS,2008,CD,tran,lai,10675,0.5935367220922553,0.5969851593986504,0.004820734673931311,0.5869274152262627,0.6059179669770854,True
LPJ-GUESS,2008,CD,evspsblveg,precipitation,10675,0.22288891226062846,0.2212358842831142,0.008435977167361448,0.204555663860315,0.23807171487445303,True
LPJ-GUESS,2008,CD,evspsblveg,lai,10675,0.6024338378044325,0.605537811018744,0.004404571723256593,0.597193149097644,0.6136943418792451,True
LPJ-GUESS,2008,CD,evspsblsoi,precipitation,10675,0.18806592072409414,0.18694460806525157,0.007583138893517221,0.17320404580293125,0.20136556240035405,True
LPJ-GUESS,2008,CD,evspsblsoi,lai,10675,0.19629738840598943,0.19996506185509402,0.010364336739299375,0.17709192515492128,0.21845560470673303,True
LPJ-GUESS,2009,HW,evapotrans,precipitation,13284,0.3149905014009148,0.31824185450474035,0.0064096960162864924,0.3070739088496588,0.3304445037317346,True
LPJ-GUESS,2009,HW,evapotrans,lai,13284,0.4246558274652358,0.4266312648251593,0.005897841753596848,0.4163214828645312,0.4377611058853588,True
LPJ-GUESS,2009,HW,tran,precipitation,13284,0.2510591940970298,0.25413469303077896,0.0059785198517736055,0.24301625617744688,0.26467635185759597,True
LPJ-GUESS,2009,HW,tran,lai,13284,0.46724114162159025,0.469858163565847,0.0036071795508928407,0.4626894811495297,0.47601790971473973,True
LPJ-GUESS,2009,HW,evspsblveg,precipitation,13284,0.36697806184945825,0.3690431964623423,0.005131439722062627,0.3591910737659165,0.3785717050462091,True
LPJ-GUESS,2009,HW,evspsblveg,lai,13284,0.4700111421294936,0.4723039568543416,0.0060628856174657466,0.4607947332334154,0.48250678989899115,True
LPJ-GUESS,2009,HW,evspsblsoi,precipitation,13284,0.08975872745735686,0.09171516653110774,0.006328082525789778,0.07797155990435671,0.10348677466804372,True
LPJ-GUESS,2009,HW,evspsblsoi,lai,13284,0.15792528741887152,0.15692619219918869,0.009078389037054997,0.13772947409324043,0.1710721159253092,True
LPJ-GUESS,2009,HD,evapotrans,precipitation,11879,0.4968987782589826,0.49923804531994803,0.004482035885177979,0.4903145954165206,0.5074376785410538,True
LPJ-GUESS,2009,HD,evapotrans,lai,11879,0.48712547791805305,0.4903085865875294,0.004597385474388142,0.48246049116398104,0.49846686984723093,True
LPJ-GUESS,2009,HD,tran,precipitation,11879,0.4609880251414451,0.46171939268416573,0.0052941588640463095,0.45311123359701394,0.472568136288835,True
LPJ-GUESS,2009,HD,tran,lai,11879,0.5850284206943017,0.5870798185665845,0.004003914467298094,0.5791605494085307,0.59345918941436,True
LPJ-GUESS,2009,HD,evspsblveg,precipitation,11879,0.47997920771908664,0.4830717955945093,0.005650986470892869,0.4715664004773137,0.49340369799703143,True
LPJ-GUESS,2009,HD,evspsblveg,lai,11879,0.5789225560881425,0.5787492046506473,0.0033024334700287113,0.5725950756999347,0.584745275609822,True
LPJ-GUESS,2009,HD,evspsblsoi,precipitation,11879,0.27617711931908795,0.2825971696755493,0.008581857366621707,0.26408828728820377,0.29734383432679373,True
LPJ-GUESS,2009,HD,evspsblsoi,lai,11879,0.18993382487784377,0.1980522635825796,0.0075493510438247435,0.1834669760547697,0.21228675567933872,True
LPJ-GUESS,2009,CW,evapotrans,precipitation,22339,0.279145224654459,0.28292763163403684,0.006215215068301987,0.2722116517127225,0.29550510518964135,True
LPJ-GUESS,2009,CW,evapotrans,lai,22339,0.3501753600407299,0.35129858228375765,0.003968537189592755,0.34273764950673824,0.3592979331554157,True
LPJ-GUESS,2009,CW,tran,precipitation,22339,0.2545666725034102,0.25641816407606266,0.006101246827414686,0.24696494186049447,0.27006711049390636,True
LPJ-GUESS,2009,CW,tran,lai,22339,0.3711695421045842,0.37206800965170184,0.004015606847093842,0.36561931816716775,0.3801963707468373,True
LPJ-GUESS,2009,CW,evspsblveg,precipitation,22339,0.2423878265017245,0.24527166511667362,0.006124455712096201,0.23505918352980337,0.2567347258188175,True
LPJ-GUESS,2009,CW,evspsblveg,lai,22339,0.5470273152809382,0.5474455224692784,0.0030637764403686272,0.5419613328713841,0.5532947857470227,True
LPJ-GUESS,2009,CW,evspsblsoi,precipitation,22339,0.14574537460248324,0.14997115060017163,0.0050692105503798105,0.13981310993263482,0.1602170181540807,True
LPJ-GUESS,2009,CW,evspsblsoi,lai,22339,0.15783923543551243,0.15600273025325756,0.007176493060044847,0.1429136031618273,0.16908357637745544,True
LPJ-GUESS,2009,CD,evapotrans,precipitation,10735,0.2561665831027003,0.2583648028351767,0.00966463396038282,0.23954217745651313,0.27637531846213514,True
LPJ-GUESS,2009,CD,evapotrans,lai,10735,0.4943992952192222,0.49524158646530464,0.004899902291165859,0.4851476468020344,0.504637703294856,True
LPJ-GUESS,2009,CD,tran,precipitation,10735,0.22063150673054208,0.22007526127030272,0.008743507955515421,0.20358219512238426,0.2396767290121348,True
LPJ-GUESS,2009,CD,tran,lai,10735,0.5822960991801278,0.584124079519041,0.004263913327739417,0.5750860942594048,0.5909487217868962,True
LPJ-GUESS,2009,CD,evspsblveg,precipitation,10735,0.25192000762378475,0.25170544376115234,0.007412070153556515,0.23769362950921505,0.26551334728136083,True
LPJ-GUESS,2009,CD,evspsblveg,lai,10735,0.6153802586259984,0.618419324245739,0.0064236079194890565,0.606157416457557,0.6315001460480771,True
LPJ-GUESS,2009,CD,evspsblsoi,precipitation,10735,0.18712918854997984,0.19180348508907993,0.008254844925015105,0.17625869845576508,0.20675180202719948,True
LPJ-GUESS,2009,CD,evspsblsoi,lai,10735,0.22607585005978484,0.22879037093562649,0.008908950288668326,0.21242152329857175,0.24865710892696313,True
LPJ-GUESS,2010,HW,evapotrans,precipitation,13283,0.3171979952703143,0.3201456123233091,0.008468724698795477,0.3013984114435913,0.33791355871672185,True
LPJ-GUESS,2010,HW,evapotrans,lai,13283,0.4377543109273652,0.44092894740268224,0.005890845221953725,0.43090234711969616,0.4535000510644706,True
LPJ-GUESS,2010,HW,tran,precipitation,13283,0.25263087670031786,0.25515509466059,0.00875230915890225,0.23710737510240817,0.2705959391675845,True
LPJ-GUESS,2010,HW,tran,lai,13283,0.4770599752015667,0.47874071876156066,0.004668660734220123,0.46914022618633716,0.4864462243167256,True
LPJ-GUESS,2010,HW,evspsblveg,precipitation,13283,0.35064797717031604,0.35433949119937347,0.008392238842633796,0.33734132251573995,0.36864250446719915,True
LPJ-GUESS,2010,HW,evspsblveg,lai,13283,0.46990244914008217,0.4738309091123865,0.005828486092316128,0.4624123922390836,0.48463673951801267,True
LPJ-GUESS,2010,HW,evspsblsoi,precipitation,13283,0.1377916274216215,0.14173161416115648,0.005435656606044373,0.1307699975009519,0.1514555441311226,True
LPJ-GUESS,2010,HW,evspsblsoi,lai,13283,0.13447801406635346,0.13545143453178823,0.0074877553813691294,0.12254486954616338,0.1505035197523208,True
LPJ-GUESS,2010,HD,evapotrans,precipitation,11877,0.4915283986383278,0.493189462214871,0.0062301501757503226,0.48254990290992844,0.5055845039743602,True
LPJ-GUESS,2010,HD,evapotrans,lai,11877,0.49145297144651523,0.49509464492052835,0.004677905573793747,0.48586610063034247,0.503978490531846,True
LPJ-GUESS,2010,HD,tran,precipitation,11877,0.4280822502798899,0.43271153128226364,0.006735388862569624,0.4204148363702399,0.44492691843711263,True
LPJ-GUESS,2010,HD,tran,lai,11877,0.5917115613357611,0.5938597014721183,0.0035565463299511452,0.5880649374425406,0.6012933503939907,True
LPJ-GUESS,2010,HD,evspsblveg,precipitation,11877,0.4392397644588435,0.44320259199910195,0.006832212063884029,0.4307225074631664,0.45506943119627485,True
LPJ-GUESS,2010,HD,evspsblveg,lai,11877,0.5647261359573086,0.567272659009138,0.004430346944520168,0.5593208753670315,0.5751821441628739,True
LPJ-GUESS,2010,HD,evspsblsoi,precipitation,11877,0.2600436035015474,0.26237002124430364,0.007975736113013757,0.24713003243108397,0.2796362009688006,True
LPJ-GUESS,2010,HD,evspsblsoi,lai,11877,0.22738970219758983,0.2298636581236495,0.006584793284166676,0.21785340981740559,0.24296395619843053,True
LPJ-GUESS,2010,CW,evapotrans,precipitation,22416,0.2613525132543152,0.2628469043524809,0.005675698166877082,0.25217430204885494,0.27346895187167,True
LPJ-GUESS,2010,CW,evapotrans,lai,22416,0.3438597529752291,0.34502390194600274,0.003949126496581475,0.33858476895537,0.3518757390390069,True
LPJ-GUESS,2010,CW,tran,precipitation,22416,0.23449131700420417,0.23629037552255697,0.0068929927904798766,0.2227917044002373,0.2501972282970434,True
LPJ-GUESS,2010,CW,tran,lai,22416,0.3642462605437442,0.3651444194931225,0.004160593333443166,0.3577804334021177,0.3738756183561692,True
LPJ-GUESS,2010,CW,evspsblveg,precipitation,22416,0.2153415308588542,0.2158009343853594,0.006500187357834438,0.201514952795742,0.23068091043616004,True
LPJ-GUESS,2010,CW,evspsblveg,lai,22416,0.5477771160693972,0.5484898245931732,0.003293834660674181,0.5421564376878469,0.5544086110308148,True
LPJ-GUESS,2010,CW,evspsblsoi,precipitation,22416,0.15223074497399855,0.15455212666440818,0.006788206786957222,0.14209695523881533,0.16661462307371092,True
LPJ-GUESS,2010,CW,evspsblsoi,lai,22416,0.17644368410961253,0.17879839111635498,0.006045992105580973,0.16687373015439053,0.19020103409593578,True
LPJ-GUESS,2010,CD,evapotrans,precipitation,10721,0.22137153460618075,0.22682433324230244,0.010101970333317535,0.20656209864648745,0.24485268004524086,True
LPJ-GUESS,2010,CD,evapotrans,lai,10721,0.4820242411550113,0.485919048656433,0.005079487722703472,0.47718536359020525,0.496152706541139,True
LPJ-GUESS,2010,CD,tran,precipitation,10721,0.19474389482447452,0.1999506128001628,0.009204678783219367,0.18050821229224526,0.21487104542885896,True
LPJ-GUESS,2010,CD,tran,lai,10721,0.5863694945197526,0.5885006329371775,0.004060497076894696,0.579807232905202,0.5951319324066527,True
LPJ-GUESS,2010,CD,evspsblveg,precipitation,10721,0.20942690633254532,0.2130884114055076,0.00901985524535978,0.19535226889738855,0.22877927426718406,True
LPJ-GUESS,2010,CD,evspsblveg,lai,10721,0.6085417533575905,0.6104023866355126,0.006059361260226657,0.5981591016804064,0.6208477541154114,True
LPJ-GUESS,2010,CD,evspsblsoi,precipitation,10721,0.1656380448835892,0.1680735049642588,0.008479354309643377,0.1531407347588384,0.18350143396175314,True
LPJ-GUESS,2010,CD,evspsblsoi,lai,10721,0.16229636435652833,0.17115785969674693,0.0063932796095333855,0.15725617695822933,0.18148881659707122,True
LPJ-GUESS,2011,HW,evapotrans,precipitation,13278,0.32040725032983264,0.32292541189125806,0.007708193798799639,0.30621069969015224,0.3383783751136493,True
LPJ-GUESS,2011,HW,evapotrans,lai,13278,0.42334464382609516,0.42693903732589833,0.005702007685370524,0.4161090404886605,0.4391073065816639,True
LPJ-GUESS,2011,HW,tran,precipitation,13278,0.27213440295297775,0.27653987309419065,0.008984760151327138,0.25918469215071305,0.2948505976863906,True
LPJ-GUESS,2011,HW,tran,lai,13278,0.4685642706388138,0.4719301482000573,0.004602248513642455,0.4632124218635914,0.48057521944594345,True
LPJ-GUESS,2011,HW,evspsblveg,precipitation,13278,0.3890020656507639,0.39024780910492574,0.006720538417589133,0.37603242242751406,0.40335310325003965,True
LPJ-GUESS,2011,HW,evspsblveg,lai,13278,0.46017582530755646,0.4622736370126079,0.006188138555704845,0.4497901291221811,0.4731679089915274,True
LPJ-GUESS,2011,HW,evspsblsoi,precipitation,13278,0.07742088987068552,0.08298891700538763,0.007956875830714772,0.06767594804108949,0.09967974843958796,True
LPJ-GUESS,2011,HW,evspsblsoi,lai,13278,0.1431408530643132,0.14164864827081436,0.008159931990031169,0.12575007855914888,0.15573861059037394,True
LPJ-GUESS,2011,HD,evapotrans,precipitation,11878,0.42825767870144693,0.4318031587969397,0.006669512122142536,0.4189052483549008,0.4436380189905519,True
LPJ-GUESS,2011,HD,evapotrans,lai,11878,0.5157970369916826,0.5179774869657215,0.005014486733010329,0.5084512788274033,0.5260799098039575,True
LPJ-GUESS,2011,HD,tran,precipitation,11878,0.4189642726032716,0.4235249849499844,0.006257092798687477,0.40994247180512766,0.43391480819386447,True
LPJ-GUESS,2011,HD,tran,lai,11878,0.5794351864607801,0.5817528389828622,0.0036731379275048155,0.5753408248086358,0.5895671387807955,True
LPJ-GUESS,2011,HD,evspsblveg,precipitation,11878,0.44893721484486726,0.4510913042902795,0.005679175025486048,0.44139624725924825,0.46246186433713565,True
LPJ-GUESS,2011,HD,evspsblveg,lai,11878,0.5801952992346998,0.5827807303404148,0.003500517473263979,0.5764230698289249,0.5894054950736479,True
LPJ-GUESS,2011,HD,evspsblsoi,precipitation,11878,0.22750283040315034,0.23213102506301359,0.007872171067116435,0.2176701019431324,0.24665946588587317,True
LPJ-GUESS,2011,HD,evspsblsoi,lai,11878,0.22473656132521264,0.22943018449743094,0.0074594015885283875,0.213440409979317,0.24425785732692828,True
LPJ-GUESS,2011,CW,evapotrans,precipitation,22363,0.22267391860190483,0.2255790233580436,0.006017456638082731,0.21507998628545497,0.23768923260387775,True
LPJ-GUESS,2011,CW,evapotrans,lai,22363,0.35508713080808396,0.3575777235503512,0.0039219952009907815,0.35050086274743303,0.36383725383625126,True
LPJ-GUESS,2011,CW,tran,precipitation,22363,0.19828743985205044,0.2005910030805821,0.006174562477274433,0.18946902020002535,0.2125147032791378,True
LPJ-GUESS,2011,CW,tran,lai,22363,0.3749206458214226,0.37651563567788016,0.003615457501267951,0.3700084824684056,0.3827741071965251,True
LPJ-GUESS,2011,CW,evspsblveg,precipitation,22363,0.19217506936666034,0.19661476826764748,0.005372686046616929,0.1878659751947215,0.20617749461856397,True
LPJ-GUESS,2011,CW,evspsblveg,lai,22363,0.5419369335065579,0.5428874863661395,0.0032667812130488523,0.5371595146577097,0.5485118646617855,True
LPJ-GUESS,2011,CW,evspsblsoi,precipitation,22363,0.10283274024736938,0.10469734178572515,0.005274858701871875,0.09609271647523986,0.11558643383125426,True
LPJ-GUESS,2011,CW,evspsblsoi,lai,22363,0.17180762416318757,0.1727260455027093,0.006280786237025172,0.1617999319291886,0.18269317036556193,True
LPJ-GUESS,2011,CD,evapotrans,precipitation,10676,0.24405556112938626,0.2451306435345905,0.007999639070370605,0.2306914997264243,0.2604392143542038,True
LPJ-GUESS,2011,CD,evapotrans,lai,10676,0.4964671011179824,0.49859553519112587,0.005058093784362006,0.48969598123653063,0.5089127377552856,True
LPJ-GUESS,2011,CD,tran,precipitation,10676,0.23200982429655137,0.23421087619814884,0.007386586508938845,0.21839283900110582,0.24862970518293526,True
LPJ-GUESS,2011,CD,tran,lai,10676,0.5853190296061894,0.5855985040636104,0.003671292124898949,0.5782239294885085,0.5926385816919021,True
LPJ-GUESS,2011,CD,evspsblveg,precipitation,10676,0.24714748449265878,0.2505076203005221,0.008005521760890736,0.23523851037973484,0.264357376982466,True
LPJ-GUESS,2011,CD,evspsblveg,lai,10676,0.5993821353382016,0.6022032130238625,0.005546692961413823,0.5917074793156951,0.6136981681439545,True
LPJ-GUESS,2011,CD,evspsblsoi,precipitation,10676,0.20976308043020928,0.21516276601653705,0.00850891748868488,0.19868746336697127,0.2303184476819812,True
LPJ-GUESS,2011,CD,evspsblsoi,lai,10676,0.2137804800947229,0.22003772207414607,0.009001908935290966,0.20312085942763555,0.23588985293991044,True
LPJ-GUESS,2012,HW,evapotrans,precipitation,13274,0.32413586730733224,0.32538749174582926,0.0058092332176041105,0.3134969436132415,0.33619371927439873,True
LPJ-GUESS,2012,HW,evapotrans,lai,13274,0.4333379336843225,0.4336710912212297,0.0054064328115119836,0.42384227551541626,0.4447845692678844,True
LPJ-GUESS,2012,HW,tran,precipitation,13274,0.23522980768564802,0.24019320413444767,0.0082841557065383,0.2233904325465941,0.2559753978220435,True
LPJ-GUESS,2012,HW,tran,lai,13274,0.48179473071142465,0.48250208854661764,0.003816092663586257,0.4752099176194448,0.49032842431687335,True
LPJ-GUESS,2012,HW,evspsblveg,precipitation,13274,0.3598397760766383,0.3614165511472175,0.006648955415838035,0.34779337715767855,0.3746736913435006,True
LPJ-GUESS,2012,HW,evspsblveg,lai,13274,0.47835460110982947,0.4778951811468291,0.005619299137008533,0.46831395984203067,0.48995053999482785,True
LPJ-GUESS,2012,HW,evspsblsoi,precipitation,13274,0.13419573923855657,0.13393416781946846,0.007790613360443849,0.1211663432002862,0.14900874552104523,True
LPJ-GUESS,2012,HW,evspsblsoi,lai,13274,0.12364168061059355,0.12877501849853368,0.009263285596270019,0.10845010557727207,0.14344915317260343,True
LPJ-GUESS,2012,HD,evapotrans,precipitation,11878,0.5108808704748392,0.5110940644487125,0.0054796447069034694,0.5023428344304541,0.5219588890876004,True
LPJ-GUESS,2012,HD,evapotrans,lai,11878,0.5287173242216179,0.5288949880056603,0.005497620708645919,0.5168882516815796,0.5392129719480659,True
LPJ-GUESS,2012,HD,tran,precipitation,11878,0.45958450521307903,0.46121478320033726,0.006942034792938668,0.4481685540123493,0.4749814723058407,True
LPJ-GUESS,2012,HD,tran,lai,11878,0.6006536431271234,0.6011809707414192,0.003978123859763887,0.5932040509395224,0.6089672160994911,True
LPJ-GUESS,2012,HD,evspsblveg,precipitation,11878,0.49459244744869746,0.49584381925677706,0.005285602893650473,0.4860044501221958,0.5039736892308683,True
LPJ-GUESS,2012,HD,evspsblveg,lai,11878,0.5692509792316157,0.5702621472388208,0.004469887280230613,0.5618025999901565,0.5782751466674698,True
LPJ-GUESS,2012,HD,evspsblsoi,precipitation,11878,0.3207305596577218,0.3267533205802692,0.006193871461001896,0.3157930385198036,0.3380855459226439,True
LPJ-GUESS,2012,HD,evspsblsoi,lai,11878,0.23490199439701065,0.23725028692282873,0.008556095254115947,0.22249007349422514,0.25413315145462184,True
LPJ-GUESS,2012,CW,evapotrans,precipitation,22412,0.23455393803691332,0.23505643777470148,0.0070747726566283056,0.22239902073736215,0.24685745936121267,True
LPJ-GUESS,2012,CW,evapotrans,lai,22412,0.34869394089336503,0.3507040527513093,0.0037735057632306795,0.3435548053618849,0.35825327501104665,True
LPJ-GUESS,2012,CW,tran,precipitation,22412,0.2040483641977,0.2065914738514319,0.006098540200440846,0.1950497724200554,0.21744579262121902,True
LPJ-GUESS,2012,CW,tran,lai,22412,0.36997646524384564,0.3717283314459883,0.0037016210082443522,0.3651579854924925,0.3792677421373505,True
LPJ-GUESS,2012,CW,evspsblveg,precipitation,22412,0.2236330307554153,0.2250551297612533,0.005606671826030456,0.21298572134936325,0.234361897606933,True
LPJ-GUESS,2012,CW,evspsblveg,lai,22412,0.5370956230578012,0.5386641696284117,0.0034520751636910067,0.5333714948722875,0.5458590081467322,True
LPJ-GUESS,2012,CW,evspsblsoi,precipitation,22412,0.15297342262661545,0.15693758743761627,0.006297471736271083,0.14517782615910946,0.16941833491241037,True
LPJ-GUESS,2012,CW,evspsblsoi,lai,22412,0.17178260876999274,0.17715670403131667,0.005224450540150505,0.16912904582059013,0.18636875061971933,True
LPJ-GUESS,2012,CD,evapotrans,precipitation,10689,0.19535215685790486,0.20058817449358782,0.00877687472781688,0.18308643883582454,0.21704056623891124,True
LPJ-GUESS,2012,CD,evapotrans,lai,10689,0.50407568659667,0.5058031799242685,0.005800339216951329,0.4923734301353609,0.5151866668799698,True
LPJ-GUESS,2012,CD,tran,precipitation,10689,0.2107713949018596,0.21125643176848186,0.007573386260357444,0.1985043351399202,0.2279332948583579,True
LPJ-GUESS,2012,CD,tran,lai,10689,0.6098857913344029,0.6113238008324867,0.004754187543361918,0.6000294940902376,0.619641696046679,True
LPJ-GUESS,2012,CD,evspsblveg,precipitation,10689,0.193341920116146,0.1970720951415637,0.008734947392159157,0.1819832242750746,0.21517985194325737,True
LPJ-GUESS,2012,CD,evspsblveg,lai,10689,0.6034265750238852,0.6067114263964466,0.0047410738987934044,0.5977320612158714,0.6175382888774501,True
LPJ-GUESS,2012,CD,evspsblsoi,precipitation,10689,0.18364018210703112,0.18565867724240312,0.008207850843151732,0.1724585440975062,0.20100561026051278,True
LPJ-GUESS,2012,CD,evspsblsoi,lai,10689,0.21561159991609483,0.21929400100494237,0.008381102929159794,0.20361358023394366,0.23293883110966535,True
LPJ-GUESS,2013,HW,evapotrans,precipitation,13285,0.31496865354559656,0.3171796595637087,0.007509956312176908,0.30306684502926395,0.33160422544230517,True
LPJ-GUESS,2013,HW,evapotrans,lai,13285,0.4023064704361437,0.40414917875537243,0.007114928930423598,0.3898710683763845,0.4172051758385599,True
LPJ-GUESS,2013,HW,tran,precipitation,13285,0.22288131565829145,0.2262554212590771,0.007887848378361945,0.2113738437558497,0.24128861359105078,True
LPJ-GUESS,2013,HW,tran,lai,13285,0.4463917309728579,0.4496251434015112,0.004611667341220329,0.44135433661850937,0.45870148650190534,True
LPJ-GUESS,2013,HW,evspsblveg,precipitation,13285,0.37480010247361134,0.3769612618526732,0.00706542002377122,0.36270259234345525,0.3882024947646337,True
LPJ-GUESS,2013,HW,evspsblveg,lai,13285,0.46096623397513503,0.4634733533680653,0.005341954288227218,0.45576207814023034,0.47316449771281655,True
LPJ-GUESS,2013,HW,evspsblsoi,precipitation,13285,0.0868595328494687,0.09334920557936995,0.0076780670116536115,0.07869319128535132,0.10867047290502989,True
LPJ-GUESS,2013,HW,evspsblsoi,lai,13285,0.1357672125790075,0.13918072627169503,0.01051054347943933,0.12006034721251342,0.15584499608436736,True
LPJ-GUESS,2013,HD,evapotrans,precipitation,11879,0.48318648661158653,0.4854994214748642,0.005711656197948643,0.4756540944991446,0.4958460989716144,True
LPJ-GUESS,2013,HD,evapotrans,lai,11879,0.4818233475422633,0.48440374602935377,0.0059947631613151125,0.47044292145007255,0.49487587515017156,True
LPJ-GUESS,2013,HD,tran,precipitation,11879,0.4405463293792664,0.4433803966268524,0.006608635186739203,0.4319723951279405,0.45588559184179206,True
LPJ-GUESS,2013,HD,tran,lai,11879,0.5860361974828681,0.5867909610470811,0.0035154549675406087,0.5799440075596659,0.593642153081738,True
LPJ-GUESS,2013,HD,evspsblveg,precipitation,11879,0.4629681801056541,0.4657195981513796,0.005968511820076414,0.4551318932943673,0.4770807662227045,True
LPJ-GUESS,2013,HD,evspsblveg,lai,11879,0.5582994833142152,0.5604854197176842,0.004203353753582379,0.5532757546272373,0.5687542002139729,True
LPJ-GUESS,2013,HD,evspsblsoi,precipitation,11879,0.245492888023825,0.2503330943996367,0.007554051295351098,0.23724006464178604,0.26576232940804645,True
LPJ-GUESS,2013,HD,evspsblsoi,lai,11879,0.17862358183513163,0.18189667154676695,0.008084245572862322,0.1684013750366109,0.20098120362084468,True
LPJ-GUESS,2013,CW,evapotrans,precipitation,22416,0.2637463992556337,0.26535541498574916,0.006537001738858894,0.25394492157247534,0.2790689593051766,True
LPJ-GUESS,2013,CW,evapotrans,lai,22416,0.3643177143290473,0.3663096367257372,0.0036627656750855757,0.3592051460894769,0.3722048781458863,True
LPJ-GUESS,2013,CW,tran,precipitation,22416,0.2384964183746304,0.24119034078734547,0.005986260780403984,0.23086415573778118,0.25259721507012756,True
LPJ-GUESS,2013,CW,tran,lai,22416,0.39268749944483117,0.3935405892487925,0.0034997418914802657,0.3865357268725291,0.3998632450674178,True
LPJ-GUESS,2013,CW,evspsblveg,precipitation,22416,0.21676449219944938,0.219985643265479,0.007120185085138105,0.20723273348827043,0.23460508227292426,True
LPJ-GUESS,2013,CW,evspsblveg,lai,22416,0.5394840088268631,0.5407015180250248,0.0034559712417032078,0.5347342358739411,0.5483862626343838,True
LPJ-GUESS,2013,CW,evspsblsoi,precipitation,22416,0.14092378437596564,0.1443373009610495,0.004944609295628798,0.13705900389750608,0.154365071688465,True
LPJ-GUESS,2013,CW,evspsblsoi,lai,22416,0.14752982641559603,0.15058126693990462,0.005416223934954111,0.14017706488429127,0.16004313108777973,True
LPJ-GUESS,2013,CD,evapotrans,precipitation,10727,0.30622428508331456,0.3095966642101824,0.009224222873613446,0.2918689402637434,0.3279869623151109,True
LPJ-GUESS,2013,CD,evapotrans,lai,10727,0.505069102725441,0.5049327239780276,0.0054526026447857465,0.495405573393394,0.5164155459867139,True
LPJ-GUESS,2013,CD,tran,precipitation,10727,0.2638177536489307,0.2648879666463226,0.0072977291123077995,0.2517951744756784,0.2809833418940465,True
LPJ-GUESS,2013,CD,tran,lai,10727,0.602152124531353,0.6039573266588993,0.004826769836664607,0.5947941546085819,0.6129364134250653,True
LPJ-GUESS,2013,CD,evspsblveg,precipitation,10727,0.3163115513534438,0.31858651932140775,0.008573132047565336,0.30300821418737933,0.33266667471338895,True
LPJ-GUESS,2013,CD,evspsblveg,lai,10727,0.6098005242733846,0.6108440869125774,0.004369698906925347,0.601384819936975,0.6178244173925792,True
LPJ-GUESS,2013,CD,evspsblsoi,precipitation,10727,0.13820392593581743,0.14566091117539418,0.008384011829823124,0.13101728726155906,0.16318112748054342,True
LPJ-GUESS,2013,CD,evspsblsoi,lai,10727,0.18373747081331138,0.18815258617580524,0.007365609725148704,0.17329951943775176,0.20093899069431576,True
LPJ-GUESS,2014,HW,evapotrans,precipitation,13268,0.32259660505277665,0.32505662400860785,0.006005665032291511,0.31481404440669764,0.3356256942391537,True
LPJ-GUESS,2014,HW,evapotrans,lai,13268,0.4263418349763123,0.42943611860882286,0.006362359927395098,0.41768956398490803,0.44276412897876377,True
LPJ-GUESS,2014,HW,tran,precipitation,13268,0.23619421109177247,0.23884744021387871,0.006325822396211532,0.22815276876175664,0.2499153307602892,True
LPJ-GUESS,2014,HW,tran,lai,13268,0.46586554069726893,0.46749571014733576,0.004851458840911359,0.4590844753751113,0.47737100368479424,True
LPJ-GUESS,2014,HW,evspsblveg,precipitation,13268,0.36314620237505907,0.36550562671081044,0.006079926599497961,0.35319662123778034,0.37523186349844795,True
LPJ-GUESS,2014,HW,evspsblveg,lai,13268,0.47039428769925157,0.47253667006475913,0.004694277820988782,0.4638857762462272,0.48086386900499567,True
LPJ-GUESS,2014,HW,evspsblsoi,precipitation,13268,0.12118740343129715,0.12265796279996533,0.0067215149585166285,0.10973846104703733,0.13597439233784267,True
LPJ-GUESS,2014,HW,evspsblsoi,lai,13268,0.09529338824293296,0.10177337242989626,0.00695311862636116,0.08988945283913062,0.11578467887687298,True
LPJ-GUESS,2014,HD,evapotrans,precipitation,11878,0.5261414851033828,0.5301476953035675,0.0053100391821921215,0.5216167080635628,0.5422070331896719,True
LPJ-GUESS,2014,HD,evapotrans,lai,11878,0.4910855765376728,0.49208557068190856,0.0047592787622960965,0.48290377613592506,0.501236142173171,True
LPJ-GUESS,2014,HD,tran,precipitation,11878,0.48194316174038127,0.48348946254515435,0.005815473938272691,0.47328485132172565,0.4953877133403304,True
LPJ-GUESS,2014,HD,tran,lai,11878,0.5893715030985616,0.59060061925891,0.0034393387851464883,0.5847354763173412,0.5968990158753087,True
LPJ-GUESS,2014,HD,evspsblveg,precipitation,11878,0.4937214245446654,0.4956745577022163,0.005068314794004175,0.4868734661668895,0.5049884996370687,True
LPJ-GUESS,2014,HD,evspsblveg,lai,11878,0.5570011588070183,0.558609959465975,0.003955447855457761,0.5508164235488405,0.5652188714358719,True
LPJ-GUESS,2014,HD,evspsblsoi,precipitation,11878,0.27049471515673346,0.27485946801398287,0.009306202089128888,0.25767390593248485,0.29723420575774073,True
LPJ-GUESS,2014,HD,evspsblsoi,lai,11878,0.18564754269136427,0.19296569928358945,0.007343541593307119,0.17914093987950674,0.20802611605117682,True
LPJ-GUESS,2014,CW,evapotrans,precipitation,22352,0.1836766227999666,0.18692700937200069,0.007286423570045651,0.1746410535786062,0.20093836020716038,True
LPJ-GUESS,2014,CW,evapotrans,lai,22352,0.3534096614029103,0.35540754209548714,0.0035983941435953227,0.3483328444101214,0.36251178112514715,True
LPJ-GUESS,2014,CW,tran,precipitation,22352,0.1551650210839692,0.16029443019953873,0.006648990286330825,0.14871086209621076,0.17339159843996818,True
LPJ-GUESS,2014,CW,tran,lai,22352,0.3795824765917378,0.38118120127748656,0.0039304538964327965,0.3731730068046902,0.38903088947001807,True
LPJ-GUESS,2014,CW,evspsblveg,precipitation,22352,0.2187439776070704,0.22107892585833716,0.006442399844259751,0.206299485177103,0.23212715811829918,True
LPJ-GUESS,2014,CW,evspsblveg,lai,22352,0.5553820386926924,0.5564870711697979,0.0030922468263512993,0.5510316051779237,0.5625621698092678,True
LPJ-GUESS,2014,CW,evspsblsoi,precipitation,22352,0.10429596491031107,0.10675409306760061,0.0047258070331287,0.09713024482210783,0.11551103507470528,True
LPJ-GUESS,2014,CW,evspsblsoi,lai,22352,0.1984669129598581,0.19859434764488235,0.006786350713222016,0.1843970392524231,0.21098329397501464,True
LPJ-GUESS,2014,CD,evapotrans,precipitation,10681,0.2526983648709329,0.2529960940569806,0.008796106625537845,0.23495265411708907,0.2684413423394982,True
LPJ-GUESS,2014,CD,evapotrans,lai,10681,0.4878595484193411,0.488674773869663,0.00528302861090656,0.478336907034698,0.498182460638417,True
LPJ-GUESS,2014,CD,tran,precipitation,10681,0.2240793161816603,0.22749983092091086,0.008075962797770076,0.21061641842978837,0.24137883278256675,True
LPJ-GUESS,2014,CD,tran,lai,10681,0.5964751280494924,0.59954423858648,0.0046798924996986,0.5912786663153808,0.6082520549594695,True
LPJ-GUESS,2014,CD,evspsblveg,precipitation,10681,0.2523644028029022,0.251818577758772,0.009273041966092584,0.2323930181411748,0.2670827681885868,True
LPJ-GUESS,2014,CD,evspsblveg,lai,10681,0.602909058228221,0.602808282003579,0.004566898264549534,0.5949414092772382,0.6111877819371637,True
LPJ-GUESS,2014,CD,evspsblsoi,precipitation,10681,0.16041509436808543,0.16709578803434139,0.0077221727280843136,0.1517189968420679,0.17944460782670416,True
LPJ-GUESS,2014,CD,evspsblsoi,lai,10681,0.18663675952293043,0.1926598612841017,0.007850124401199797,0.1762675972841434,0.20801223653291595,True
LPJ-GUESS,2015,HW,evapotrans,precipitation,13287,0.2778775125337657,0.28182973361164,0.006991093527721546,0.2697950090392424,0.2954834425262073,True
LPJ-GUESS,2015,HW,evapotrans,lai,13287,0.43160480599299433,0.43459739844419737,0.005326130608697922,0.42378115521793935,0.4445468069931669,True
LPJ-GUESS,2015,HW,tran,precipitation,13287,0.19356832953851988,0.19809649868425513,0.008409813861939912,0.1826354549372097,0.21460694291622656,True
LPJ-GUESS,2015,HW,tran,lai,13287,0.4731444688213227,0.47325700473078697,0.004808346505516502,0.4645406082204733,0.48353846937786416,True
LPJ-GUESS,2015,HW,evspsblveg,precipitation,13287,0.3074541051993025,0.31064792237182287,0.007195841635381749,0.29545136642721886,0.3224309118504903,True
LPJ-GUESS,2015,HW,evspsblveg,lai,13287,0.4832593526057266,0.4865788376303849,0.006597104279889424,0.4749478623784339,0.49949997839905663,True
LPJ-GUESS,2015,HW,evspsblsoi,precipitation,13287,0.17434997607858538,0.17621427728779548,0.007262958483159757,0.16252657572359763,0.1903385199315764,True
LPJ-GUESS,2015,HW,evspsblsoi,lai,13287,0.11564227241736752,0.11852262964430926,0.00654857033244599,0.10550913836281159,0.129616783862551,True
LPJ-GUESS,2015,HD,evapotrans,precipitation,11878,0.47892710287473717,0.47932540304868104,0.005380798612229756,0.4683938796156844,0.4884854627506225,True
LPJ-GUESS,2015,HD,evapotrans,lai,11878,0.497314872925245,0.49843425808202957,0.004523635464555459,0.48977624068089753,0.5065048641767792,True
LPJ-GUESS,2015,HD,tran,precipitation,11878,0.4758557540381079,0.47554439471433924,0.006025688796796594,0.46204739176379894,0.48687812524044144,True
LPJ-GUESS,2015,HD,tran,lai,11878,0.5888231390630785,0.5887957756622637,0.003026476187094133,0.5828815163419344,0.5945482440126921,True
LPJ-GUESS,2015,HD,evspsblveg,precipitation,11878,0.4824150751495422,0.481929886181755,0.005514690732353058,0.4707771251480021,0.4909791563960185,True
LPJ-GUESS,2015,HD,evspsblveg,lai,11878,0.5685355831424193,0.5704810949367344,0.0033937689937110125,0.5641386611040408,0.5771921327415425,True
LPJ-GUESS,2015,HD,evspsblsoi,precipitation,11878,0.24149605316828374,0.2497931632582852,0.005999457064627515,0.23838807239720602,0.26046135656561764,True
LPJ-GUESS,2015,HD,evspsblsoi,lai,11878,0.22261174939019246,0.22793453673018796,0.007067901388872331,0.2153287330600631,0.24091783142037154,True
LPJ-GUESS,2015,CW,evapotrans,precipitation,22341,0.23738754114992539,0.23823383975925,0.00651880873359251,0.2257295618056812,0.25097575257298327,True
LPJ-GUESS,2015,CW,evapotrans,lai,22341,0.3518176712971406,0.35321454460927926,0.0036072621406745076,0.34584533093978725,0.3602137923794869,True
LPJ-GUESS,2015,CW,tran,precipitation,22341,0.21039134728050252,0.21225664604219563,0.0069537637178721575,0.19955447419054834,0.2261772782460065,True
LPJ-GUESS,2015,CW,tran,lai,22341,0.3768166524590344,0.37854503390703725,0.003381152439912838,0.3724091058190538,0.3854034236444988,True
LPJ-GUESS,2015,CW,evspsblveg,precipitation,22341,0.2660813617484302,0.2697745989707618,0.006389654122400717,0.26056177394979535,0.28330158141677725,True
LPJ-GUESS,2015,CW,evspsblveg,lai,22341,0.529562364052234,0.5302724584262725,0.0027484102500381974,0.524151048776075,0.5357472178055479,True
LPJ-GUESS,2015,CW,evspsblsoi,precipitation,22341,0.08911795042889585,0.09352356252135274,0.004123802250280351,0.08637242911655413,0.10156491142816498,True
LPJ-GUESS,2015,CW,evspsblsoi,lai,22341,0.18000557165192865,0.18036663002657854,0.006131877398476877,0.16926297620702666,0.19126885371436314,True
LPJ-GUESS,2015,CD,evapotrans,precipitation,10698,0.2750996973855648,0.2807874846834285,0.0070714012730946595,0.2673619890084683,0.29429474608854617,True
LPJ-GUESS,2015,CD,evapotrans,lai,10698,0.4808755234361377,0.48466752671205254,0.005307939248229209,0.4729994756410231,0.4932243878746188,True
LPJ-GUESS,2015,CD,tran,precipitation,10698,0.2599988527619669,0.2615508531483482,0.007784213231480464,0.2458329292556148,0.2746897984962496,True
LPJ-GUESS,2015,CD,tran,lai,10698,0.582075342504252,0.58528987989674,0.00420238186414502,0.5775408005393442,0.5936003576094752,True
LPJ-GUESS,2015,CD,evspsblveg,precipitation,10698,0.2765861496371774,0.2768241263738124,0.006230170419268471,0.2652119393185359,0.2882112609101207,True
LPJ-GUESS,2015,CD,evspsblveg,lai,10698,0.5969400342102551,0.5982493818430132,0.005097854622839447,0.5901800101643752,0.6097369792109938,True
LPJ-GUESS,2015,CD,evspsblsoi,precipitation,10698,0.20717817085131157,0.212326186362815,0.008092810751585428,0.19696277443415494,0.2260886171888864,True
LPJ-GUESS,2015,CD,evspsblsoi,lai,10698,0.22280625429156986,0.22462143702806425,0.007852047305534644,0.2106506533875049,0.23972396318498457,True
LPJ-GUESS,2016,HW,evapotrans,precipitation,13265,0.27962597119582244,0.28392836303231783,0.006342121659550887,0.2727653515625148,0.29626761724298845,True
LPJ-GUESS,2016,HW,evapotrans,lai,13265,0.4390167846839014,0.4405644661215322,0.005343173702551273,0.43139765836361926,0.4502561074196643,True
LPJ-GUESS,2016,HW,tran,precipitation,13265,0.208828185293639,0.21102071477445006,0.007719976932622934,0.19689221563609724,0.22378888976578937,True
LPJ-GUESS,2016,HW,tran,lai,13265,0.45294266688746665,0.4546267074086316,0.005608657154305435,0.44440292245686797,0.4658234302269378,True
LPJ-GUESS,2016,HW,evspsblveg,precipitation,13265,0.3337118463095482,0.3354129867036307,0.006502421755118879,0.323547489470329,0.3482236380977641,True
LPJ-GUESS,2016,HW,evspsblveg,lai,13265,0.47056384392013595,0.47164159578186826,0.0059232467402409545,0.4590747242931162,0.482215514086868,True
LPJ-GUESS,2016,HW,evspsblsoi,precipitation,13265,0.13569545382134146,0.13741645567001642,0.006173330633659713,0.12697771674039443,0.15011089798659302,True
LPJ-GUESS,2016,HW,evspsblsoi,lai,13265,0.13103190016387778,0.13203716089315182,0.008755292266296524,0.1122845876603208,0.14695964032295708,True
LPJ-GUESS,2016,HD,evapotrans,precipitation,11877,0.5187468047304751,0.5216445597014051,0.004837237392744988,0.5115641607828386,0.5302827407671847,True
LPJ-GUESS,2016,HD,evapotrans,lai,11877,0.4900483394842062,0.4931390989212948,0.005991378277424533,0.48136642565373994,0.5043794076682931,True
LPJ-GUESS,2016,HD,tran,precipitation,11877,0.4486508297734274,0.45118334033264823,0.005532808727319544,0.4410525885813706,0.462840427161102,True
LPJ-GUESS,2016,HD,tran,lai,11877,0.5931052697620421,0.5940193046357045,0.0033640237462971975,0.5883344765980025,0.599994178466767,True
LPJ-GUESS,2016,HD,evspsblveg,precipitation,11877,0.4640127932483199,0.46705023635941834,0.005244551569690764,0.45690302612924505,0.4765115795893366,True
LPJ-GUESS,2016,HD,evspsblveg,lai,11877,0.556590513306179,0.5590720507341438,0.004507176428786767,0.5496535289166379,0.5669483825966278,True
LPJ-GUESS,2016,HD,evspsblsoi,precipitation,11877,0.31190569333830837,0.31660394514398355,0.007921121635908555,0.30201670635147065,0.3306884334064833,True
LPJ-GUESS,2016,HD,evspsblsoi,lai,11877,0.2269826193888662,0.22780798788189668,0.006043774547272752,0.21697656281719843,0.23891132985754399,True
LPJ-GUESS,2016,CW,evapotrans,precipitation,22380,0.3282201701930204,0.3314752570715897,0.006306973399853216,0.3186193029490617,0.343773918050955,True
LPJ-GUESS,2016,CW,evapotrans,lai,22380,0.35420017873100984,0.3552161900922562,0.0034869512388888,0.3483764276812575,0.3611096359882352,True
LPJ-GUESS,2016,CW,tran,precipitation,22380,0.28511239495504836,0.28849910497411047,0.006565088005849466,0.2755974731573706,0.30047423152010566,True
LPJ-GUESS,2016,CW,tran,lai,22380,0.3694816800714924,0.3705738884810597,0.003328046617678632,0.3640865772333764,0.37570895343885413,True
LPJ-GUESS,2016,CW,evspsblveg,precipitation,22380,0.2646718145128941,0.26660306686049023,0.006598614794498285,0.25445312017584754,0.2797813545938594,True
LPJ-GUESS,2016,CW,evspsblveg,lai,22380,0.5366398570151921,0.537722694566083,0.003485409162356589,0.5310105624490951,0.5438889077813505,True
LPJ-GUESS,2016,CW,evspsblsoi,precipitation,22380,0.1859912831249782,0.18960903846212662,0.005868615724933695,0.17719048443265353,0.1996838895477693,True
LPJ-GUESS,2016,CW,evspsblsoi,lai,22380,0.1636058981233244,0.16315641229405553,0.006250733898804897,0.1501937838887666,0.17452418313900533,True
LPJ-GUESS,2016,CD,evapotrans,precipitation,10690,0.25761326687263547,0.262454801558156,0.006288428419942277,0.2502359197462327,0.2760546184240459,True
LPJ-GUESS,2016,CD,evapotrans,lai,10690,0.48077642656688496,0.48111001281150834,0.0050789825361400864,0.4721585598674712,0.4907931248524693,True
LPJ-GUESS,2016,CD,tran,precipitation,10690,0.23920348044831702,0.23960567256284127,0.008200459792466598,0.22469984613098098,0.2554147835616249,True
LPJ-GUESS,2016,CD,tran,lai,10690,0.590598690364827,0.5919917017705676,0.004312598726409357,0.5839937184933749,0.5997947173780558,True
LPJ-GUESS,2016,CD,evspsblveg,precipitation,10690,0.269869106554132,0.27178087666483963,0.006111932822161765,0.2595088152391158,0.28395239772527625,True
LPJ-GUESS,2016,CD,evspsblveg,lai,10690,0.6104770813844715,0.6131416456279818,0.003931805985855641,0.6055862905418349,0.6210774514546703,True
LPJ-GUESS,2016,CD,evspsblsoi,precipitation,10690,0.1144730803053713,0.12036187359941865,0.006759553725140516,0.10854050278968154,0.13405275735304367,True
LPJ-GUESS,2016,CD,evspsblsoi,lai,10690,0.17619270346117866,0.17910537840272892,0.010138288020856636,0.16112928713182906,0.19786375945570625,True
LPJ-GUESS,2017,HW,evapotrans,precipitation,13259,0.2829374774282504,0.28763394988627033,0.006438639791217912,0.27509919441836156,0.2994395599953156,True
LPJ-GUESS,2017,HW,evapotrans,lai,13259,0.45490416196995076,0.45518004726566924,0.005374381510257699,0.44390559815232716,0.4653373583049929,True
LPJ-GUESS,2017,HW,tran,precipitation,13259,0.2215384862622542,0.22477460490744494,0.007529522626512116,0.21156887061248886,0.23852413238642492,True
LPJ-GUESS,2017,HW,tran,lai,13259,0.469345532338261,0.47092578308131744,0.004318626664276356,0.46170075882894146,0.4786606699233918,True
LPJ-GUESS,2017,HW,evspsblveg,precipitation,13259,0.33725309362036193,0.3411676443758855,0.008132285269655442,0.32600255143214,0.35716621749340816,True
LPJ-GUESS,2017,HW,evspsblveg,lai,13259,0.47334682711319226,0.473576238338178,0.006358429245170531,0.46179126860600933,0.4842735461814635,True
LPJ-GUESS,2017,HW,evspsblsoi,precipitation,13259,0.1332797056132907,0.1395187928461047,0.007794797825957177,0.12309948247111129,0.15421218348618695,True
LPJ-GUESS,2017,HW,evspsblsoi,lai,13259,0.151285355904416,0.15497194565019454,0.009274185483822237,0.13752905669452808,0.17052511713412283,True
LPJ-GUESS,2017,HD,evapotrans,precipitation,11876,0.4520421468063971,0.45540740420949755,0.006225035259823111,0.4430950555550319,0.466367963543096,True
LPJ-GUESS,2017,HD,evapotrans,lai,11876,0.5048671254792894,0.509120728504896,0.004635088084122837,0.5006437153814568,0.5190144868197052,True
LPJ-GUESS,2017,HD,tran,precipitation,11876,0.41329613205367555,0.4179906594085652,0.006026403666296309,0.40601697699276773,0.4289509529813239,True
LPJ-GUESS,2017,HD,tran,lai,11876,0.5768768046245394,0.5789263236341486,0.004268731687625115,0.5705975760991726,0.5868422250983482,True
LPJ-GUESS,2017,HD,evspsblveg,precipitation,11876,0.4349023398027326,0.4380895960780883,0.00531653389154237,0.4286001558825173,0.44714559309580065,True
LPJ-GUESS,2017,HD,evspsblveg,lai,11876,0.5780509779773585,0.5804351289481133,0.0038661877051501706,0.5736644598706535,0.5878508512310335,True
LPJ-GUESS,2017,HD,evspsblsoi,precipitation,11876,0.2756120896991549,0.27860117554290376,0.008079576158356278,0.26191513980886433,0.2967610338572136,True
LPJ-GUESS,2017,HD,evspsblsoi,lai,11876,0.23613761040439502,0.2375990559296973,0.0072495147313512065,0.22509515456820714,0.2520878403841318,True
LPJ-GUESS,2017,CW,evapotrans,precipitation,22323,0.23268066117985856,0.23499964554995187,0.006136589857089757,0.22361290741431597,0.24776273321345638,True
LPJ-GUESS,2017,CW,evapotrans,lai,22323,0.3553462266363975,0.35659283976018213,0.003414813433493769,0.3504609236065591,0.3627225930043931,True
LPJ-GUESS,2017,CW,tran,precipitation,22323,0.204351450958557,0.20666585438089066,0.0062517327808725275,0.19703319450036136,0.21836562749734736,True
LPJ-GUESS,2017,CW,tran,lai,22323,0.38070151259200813,0.3817093783312346,0.00341963033925606,0.37507681318270486,0.38785772825679093,True
LPJ-GUESS,2017,CW,evspsblveg,precipitation,22323,0.23748909903014445,0.23844316026125736,0.00719984543978579,0.22584230256250262,0.2528808568219801,True
LPJ-GUESS,2017,CW,evspsblveg,lai,22323,0.5383845450398572,0.5395407859897425,0.003201451496543553,0.533144338974802,0.5458974360861482,True
LPJ-GUESS,2017,CW,evspsblsoi,precipitation,22323,0.09660503900975209,0.0977760529751648,0.004599985759264809,0.08888010359515881,0.1066352419797692,True
LPJ-GUESS,2017,CW,evspsblsoi,lai,22323,0.12253512202911135,0.12573690731908685,0.006507043525207828,0.11355953724484667,0.13790844401920896,True
LPJ-GUESS,2017,CD,evapotrans,precipitation,10707,0.1987428078813593,0.1992810991717039,0.008781224762193588,0.1812309699194948,0.21515647366252255,True
LPJ-GUESS,2017,CD,evapotrans,lai,10707,0.489672868455198,0.4910570341594307,0.006002828075243265,0.4804400305413961,0.5026522521320458,True
LPJ-GUESS,2017,CD,tran,precipitation,10707,0.14183841090372823,0.14614396086189965,0.009104884431865927,0.12775750230631425,0.1629850436762446,True
LPJ-GUESS,2017,CD,tran,lai,10707,0.5714304622751558,0.5746964098888068,0.005950507258568548,0.5641804004543711,0.5867892062053814,True
LPJ-GUESS,2017,CD,evspsblveg,precipitation,10707,0.18667452037320015,0.18809661461341545,0.007158343221506929,0.17363046762575537,0.20193833570293773,True
LPJ-GUESS,2017,CD,evspsblveg,lai,10707,0.6076578705274305,0.6098571909640519,0.006010937238155387,0.59919856814842,0.6219381805683721,True
LPJ-GUESS,2017,CD,evspsblsoi,precipitation,10707,0.17489163233908137,0.18406021106211004,0.007256838208474495,0.16888551073411948,0.20243117212219322,True
LPJ-GUESS,2017,CD,evspsblsoi,lai,10707,0.24205392719397856,0.24175269241109354,0.00891661439093929,0.22664154283883176,0.25735828416894385,True
LPJ-GUESS,2018,HW,evapotrans,precipitation,13251,0.30157375479662213,0.3042475624341071,0.008118078850017236,0.2900126914873037,0.3224028424068801,True
LPJ-GUESS,2018,HW,evapotrans,lai,13251,0.43648804006248015,0.43748110303880994,0.005233732603222861,0.4266609943186783,0.4467898533800344,True
LPJ-GUESS,2018,HW,tran,precipitation,13251,0.2205438123441363,0.2237302581937689,0.008449050449261461,0.20767874361203145,0.2405974922902721,True
LPJ-GUESS,2018,HW,tran,lai,13251,0.48025937522693196,0.48160621733846504,0.003736574195374544,0.47532652351794147,0.4884087636947169,True
LPJ-GUESS,2018,HW,evspsblveg,precipitation,13251,0.37599805901673344,0.37668945820961375,0.008390140083956466,0.3624138429435098,0.3913989403834782,True
LPJ-GUESS,2018,HW,evspsblveg,lai,13251,0.44976786372833377,0.45220446263498554,0.0060949984240491065,0.44020393864678137,0.46471006912382534,True
LPJ-GUESS,2018,HW,evspsblsoi,precipitation,13251,0.1656005810701175,0.16546476136562846,0.007286329686880145,0.14882765238494639,0.17907265744089296,True
LPJ-GUESS,2018,HW,evspsblsoi,lai,13251,0.11818460123337077,0.12422156674401737,0.0069610003807172366,0.1128130287513191,0.13869223131495526,True
LPJ-GUESS,2018,HD,evapotrans,precipitation,11874,0.48296829759025167,0.4860447045697223,0.005804694316655583,0.4721738615751194,0.49650915596754963,True
LPJ-GUESS,2018,HD,evapotrans,lai,11874,0.5003993773997941,0.5037383073973478,0.0050848342395013214,0.49428547274724316,0.5142708835496557,True
LPJ-GUESS,2018,HD,tran,precipitation,11874,0.4673693268223962,0.4678952365660218,0.005834757931675417,0.4555687804942289,0.47820989087846144,True
LPJ-GUESS,2018,HD,tran,lai,11874,0.5869032167157002,0.5897359333838219,0.003371246593835403,0.5834009587126391,0.595908723716301,True
LPJ-GUESS,2018,HD,evspsblveg,precipitation,11874,0.46808534250762124,0.46979335514383286,0.006233733944817006,0.4562688829344197,0.4819790155459268,True
LPJ-GUESS,2018,HD,evspsblveg,lai,11874,0.5692149626682526,0.5717034519881653,0.004064551122199353,0.5643133178212251,0.5792804197297731,True
LPJ-GUESS,2018,HD,evspsblsoi,precipitation,11874,0.2262251399875582,0.229813564585094,0.00796258111835742,0.21306727520887173,0.24534548930270736,True
LPJ-GUESS,2018,HD,evspsblsoi,lai,11874,0.19609128792506664,0.20366483991792714,0.007014032296403356,0.18803853787069563,0.21564743156628438,True
LPJ-GUESS,2018,CW,evapotrans,precipitation,22383,0.24103125473334366,0.24195995038452317,0.0064185841046188455,0.22900848640063304,0.2538164788666908,True
LPJ-GUESS,2018,CW,evapotrans,lai,22383,0.35093094757020094,0.3523033582314294,0.003829764141113008,0.3445256116483676,0.3596422481547067,True
LPJ-GUESS,2018,CW,tran,precipitation,22383,0.2027222271100965,0.20391229550615528,0.006142475474417967,0.19143041373685693,0.21459232667102535,True
LPJ-GUESS,2018,CW,tran,lai,22383,0.3708786434170226,0.37228093353899366,0.0038069110705415145,0.3649409442730327,0.37980171608839125,True
LPJ-GUESS,2018,CW,evspsblveg,precipitation,22383,0.2222436453596722,0.22432704273658122,0.006642451554150555,0.2123750429813679,0.23739380857909126,True
LPJ-GUESS,2018,CW,evspsblveg,lai,22383,0.5481549035622713,0.5493873939560024,0.0038442460375876547,0.5420365087154143,0.5555877698528966,True
LPJ-GUESS,2018,CW,evspsblsoi,precipitation,22383,0.10720406257652348,0.11391701478088855,0.004656919810647485,0.10547833938949655,0.12229648429610342,True
LPJ-GUESS,2018,CW,evspsblsoi,lai,22383,0.1396344794010848,0.14486594137684125,0.005737455519770753,0.134318070830645,0.15502038734281126,True
LPJ-GUESS,2018,CD,evapotrans,precipitation,10681,0.2011671388313653,0.20728986546464095,0.008595466851427461,0.19120418719889948,0.22464112189294344,True
LPJ-GUESS,2018,CD,evapotrans,lai,10681,0.48348189479431747,0.4869960154580113,0.00447827658010456,0.4796173706191346,0.4953322409738744,True
LPJ-GUESS,2018,CD,tran,precipitation,10681,0.16975167977211375,0.1743680689552397,0.008256461066397127,0.1586101050550219,0.18856583146963057,True
LPJ-GUESS,2018,CD,tran,lai,10681,0.584867086958641,0.5877544686013088,0.004099722705740762,0.5797399193885906,0.5946865381312147,True
LPJ-GUESS,2018,CD,evspsblveg,precipitation,10681,0.19977578094197668,0.2026621237922251,0.008816828729987037,0.18505791602222293,0.21842655053974008,True
LPJ-GUESS,2018,CD,evspsblveg,lai,10681,0.611525330036054,0.613213635423906,0.004433557914414908,0.6052042206113317,0.6207607505934027,True
LPJ-GUESS,2018,CD,evspsblsoi,precipitation,10681,0.1540601500818509,0.1588519853345365,0.00738347144475721,0.14478699727919492,0.17491876767590864,True
LPJ-GUESS,2018,CD,evspsblsoi,lai,10681,0.14742053953483159,0.1525843535858769,0.00864192437905825,0.13829276289298278,0.1724061038436777,True
LPJ-GUESS,2019,HW,evapotrans,precipitation,13275,0.26251371983021043,0.26500765160705997,0.007842705425337628,0.25197472399865883,0.2804007772940757,True
LPJ-GUESS,2019,HW,evapotrans,lai,13275,0.42556636149116234,0.4275065056452801,0.004863958979830134,0.41699822675763193,0.4351814439279305,True
LPJ-GUESS,2019,HW,tran,precipitation,13275,0.18513251503965872,0.19053959959850464,0.00833756332007688,0.17604332387760288,0.2060451854224559,True
LPJ-GUESS,2019,HW,tran,lai,13275,0.4745291618451205,0.4753132000265641,0.00455816352726399,0.46701901008252594,0.48423203251786257,True
LPJ-GUESS,2019,HW,evspsblveg,precipitation,13275,0.2868182908362746,0.2893233043778387,0.007948894966908366,0.27460376539198694,0.3050622337030332,True
LPJ-GUESS,2019,HW,evspsblveg,lai,13275,0.47619690626914435,0.479146759303875,0.005110670479692353,0.47044209215768806,0.48750703139465784,True
LPJ-GUESS,2019,HW,evspsblsoi,precipitation,13275,0.12604035929206103,0.12801602420610186,0.006160799109742338,0.11696860125194333,0.13833435312535447,True
LPJ-GUESS,2019,HW,evspsblsoi,lai,13275,0.15351314863975676,0.15764724076180606,0.008536409531958389,0.14400757400649417,0.1734090540706013,True
LPJ-GUESS,2019,HD,evapotrans,precipitation,11874,0.4141180599230512,0.4168882970167228,0.006203186488412024,0.4046891244277196,0.4288462122595857,True
LPJ-GUESS,2019,HD,evapotrans,lai,11874,0.49647914304919427,0.4977450183689235,0.00537027116751405,0.4857115249753756,0.5067865376672093,True
LPJ-GUESS,2019,HD,tran,precipitation,11874,0.3708191927476935,0.3739492578468861,0.0067346692727346235,0.35995081218984926,0.3855987099517764,True
LPJ-GUESS,2019,HD,tran,lai,11874,0.5812183855787652,0.5818828726828797,0.0034855716594951176,0.5751540610457475,0.5881531042599925,True
LPJ-GUESS,2019,HD,evspsblveg,precipitation,11874,0.4225487188232323,0.42582152041764737,0.0060469840318881085,0.41471561321105377,0.43646534421778077,True
LPJ-GUESS,2019,HD,evspsblveg,lai,11874,0.5554877746810478,0.5567518600813366,0.003967762219654887,0.548903976274402,0.5644438434584463,True
LPJ-GUESS,2019,HD,evspsblsoi,precipitation,11874,0.2700676023812847,0.2745262976994409,0.008079930372607272,0.25807812375968225,0.2887272341315391,True
LPJ-GUESS,2019,HD,evspsblsoi,lai,11874,0.21896797072531288,0.22440096406041732,0.007840040402788781,0.2116434678559267,0.24088445285002394,True
LPJ-GUESS,2019,CW,evapotrans,precipitation,22343,0.1811823907922847,0.18406724114345324,0.005775890579106443,0.1733413356236799,0.19592548718101468,True
LPJ-GUESS,2019,CW,evapotrans,lai,22343,0.3398087204013954,0.34113926974404174,0.004013446704000843,0.334820508881192,0.3489937899205521,True
LPJ-GUESS,2019,CW,tran,precipitation,22343,0.15850843161049608,0.16116210355686567,0.005955227403475139,0.15046536812003972,0.17259635921267197,True
LPJ-GUESS,2019,CW,tran,lai,22343,0.36471678174867134,0.36526769187335195,0.0036442627944030196,0.35843994477679636,0.37274471376161145,True
LPJ-GUESS,2019,CW,evspsblveg,precipitation,22343,0.21369054993047573,0.21622457833260292,0.00836445773290187,0.20087834191672213,0.23054509395678519,True
LPJ-GUESS,2019,CW,evspsblveg,lai,22343,0.5543713037367957,0.5547062354400917,0.0039667002981884246,0.5478508828791362,0.5633993228571356,True
LPJ-GUESS,2019,CW,evspsblsoi,precipitation,22343,0.11003075239087845,0.1105879076460932,0.004223615838740054,0.10245783457894951,0.11900831594533168,True
LPJ-GUESS,2019,CW,evspsblsoi,lai,22343,0.13885909630137866,0.1413622258737367,0.006245947774007535,0.13097175353544166,0.1542101360620697,True
LPJ-GUESS,2019,CD,evapotrans,precipitation,10676,0.1764293672811571,0.17849342070335714,0.009198974802495392,0.1630191639539094,0.19603988539992098,True
LPJ-GUESS,2019,CD,evapotrans,lai,10676,0.4775912368812121,0.4798463965109764,0.004665771485529385,0.471650989909119,0.4885616252912105,True
LPJ-GUESS,2019,CD,tran,precipitation,10676,0.1431145921476012,0.14781851314035532,0.005270874693618662,0.13798349517482394,0.15713791694058207,True
LPJ-GUESS,2019,CD,tran,lai,10676,0.5712161066797458,0.5721629603516426,0.003998004243540282,0.5641389863153256,0.5791317586512218,True
LPJ-GUESS,2019,CD,evspsblveg,precipitation,10676,0.19939926160115518,0.19995615263943997,0.008212053936474372,0.1863744657223968,0.21735972466947276,True
LPJ-GUESS,2019,CD,evspsblveg,lai,10676,0.6026612164149973,0.60334003708192,0.0039968011992398385,0.5963183808568366,0.6108905753062447,True
LPJ-GUESS,2019,CD,evspsblsoi,precipitation,10676,0.22954155081448835,0.2340578219000922,0.008997471108408308,0.2167777231397327,0.25163910809673745,True
LPJ-GUESS,2019,CD,evspsblsoi,lai,10676,0.1918702104759459,0.19478360187397498,0.008874779258193346,0.1777860565196492,0.21103544157060222,True
LPJ-GUESS,2020,HW,evapotrans,precipitation,13258,0.25243853491513313,0.2569151045701242,0.005919336813358608,0.24713470343458127,0.26788515327468915,True
LPJ-GUESS,2020,HW,evapotrans,lai,13258,0.42952659904023344,0.43247842784227264,0.005325683384470401,0.4231404356920086,0.4430670178476719,True
LPJ-GUESS,2020,HW,tran,precipitation,13258,0.18140861250681733,0.18572331163018738,0.007029808769088289,0.17181268245962014,0.19963993076909609,True
LPJ-GUESS,2020,HW,tran,lai,13258,0.4681067943382373,0.47019954621386084,0.005106791853606021,0.45974971445147417,0.4790792156518261,True
LPJ-GUESS,2020,HW,evspsblveg,precipitation,13258,0.27470348873852196,0.2784723102140191,0.007419314233661288,0.2649296672423679,0.29248312116536207,True
LPJ-GUESS,2020,HW,evspsblveg,lai,13258,0.4651278024003038,0.46765002134781414,0.005300825007950248,0.45821041962455283,0.47736830357839544,True
LPJ-GUESS,2020,HW,evspsblsoi,precipitation,13258,0.16163318978644436,0.16717115203264338,0.006094319859297665,0.15679661377761234,0.1786186646248632,True
LPJ-GUESS,2020,HW,evspsblsoi,lai,13258,0.14249805724893244,0.1408077718057404,0.007050119619331129,0.12604767580137688,0.15192709737305984,True
LPJ-GUESS,2020,HD,evapotrans,precipitation,11870,0.5211457455770852,0.521232805995879,0.004820838405514839,0.5136634116645901,0.5301400246840761,True
LPJ-GUESS,2020,HD,evapotrans,lai,11870,0.4688711036225779,0.47382610468657105,0.005751086685834568,0.462217224548206,0.48429516430811015,True
LPJ-GUESS,2020,HD,tran,precipitation,11870,0.44780960404380793,0.44717571339526185,0.006128417600314652,0.436592332269028,0.46064336292726077,True
LPJ-GUESS,2020,HD,tran,lai,11870,0.5919545071609098,0.59428583735318,0.00361123208833548,0.5874481422622745,0.6016259584225399,True
LPJ-GUESS,2020,HD,evspsblveg,precipitation,11870,0.4930918281381634,0.49316439927361644,0.004748383842962702,0.4849919342729531,0.5024960589466697,True
LPJ-GUESS,2020,HD,evspsblveg,lai,11870,0.5523588879528223,0.55406254447486,0.00502266437291446,0.5450366023333588,0.5628896377422072,True
LPJ-GUESS,2020,HD,evspsblsoi,precipitation,11870,0.31743892165122156,0.31619610294701084,0.0068811426063777196,0.30265005207611284,0.329459799128607,True
LPJ-GUESS,2020,HD,evspsblsoi,lai,11870,0.21743892165122158,0.22270777022412172,0.008663696913510379,0.20532353470806125,0.23996406759001035,True
LPJ-GUESS,2020,CW,evapotrans,precipitation,22309,0.24582901349789807,0.2474689939118527,0.005657901077285803,0.23649317037484321,0.25749129892973843,True
LPJ-GUESS,2020,CW,evapotrans,lai,22309,0.3597237581060392,0.3618412428006997,0.004027674567119332,0.3542792481426786,0.36931767676209126,True
LPJ-GUESS,2020,CW,tran,precipitation,22309,0.20389743470840938,0.20696229014158796,0.005505278044002538,0.1975487085461872,0.21718349298795558,True
LPJ-GUESS,2020,CW,tran,lai,22309,0.370212014820807,0.3724752805911324,0.0038175689626780184,0.36595376376434097,0.38016260312768546,True
LPJ-GUESS,2020,CW,evspsblveg,precipitation,22309,0.24766607330690996,0.25063660014358075,0.005588148553621822,0.24013645672704817,0.2613902902818884,True
LPJ-GUESS,2020,CW,evspsblveg,lai,22309,0.5425413268135488,0.5439443238554488,0.0033774233987031222,0.5367916263912137,0.5503054266920114,True
LPJ-GUESS,2020,CW,evspsblsoi,precipitation,22309,0.10039333047211729,0.10329746820150038,0.005458434082157732,0.0924972304741285,0.11304738404695935,True
LPJ-GUESS,2020,CW,evspsblsoi,lai,22309,0.14304934183752402,0.14600521996327634,0.007783730795833142,0.1324521536376017,0.16058432784231272,True
LPJ-GUESS,2020,CD,evapotrans,precipitation,10667,0.2027169149791461,0.20795634731703205,0.007422972359983076,0.1956880446137997,0.22348277081948975,True
LPJ-GUESS,2020,CD,evapotrans,lai,10667,0.4633785674430604,0.463991850912615,0.005029839688774851,0.4534736769193964,0.4731085864443108,True
LPJ-GUESS,2020,CD,tran,precipitation,10667,0.18574213838414516,0.18732522745520394,0.008471216910679868,0.1709790750653726,0.20191993098402813,True
LPJ-GUESS,2020,CD,tran,lai,10667,0.5682574879703706,0.569164416033371,0.004299496069504654,0.5613406049782075,0.5771610906032698,True
LPJ-GUESS,2020,CD,evspsblveg,precipitation,10667,0.20936151554805138,0.20871744548195406,0.00580464990888943,0.19742761205508474,0.2195190938624127,True
LPJ-GUESS,2020,CD,evspsblveg,lai,10667,0.5918913005356949,0.5937675077747854,0.004790874091925468,0.585333051309334,0.6037032013128824,True
LPJ-GUESS,2020,CD,evspsblsoi,precipitation,10667,0.1559768330410406,0.15984385537764656,0.008229621332867112,0.14648357213975186,0.17913078114608225,True
LPJ-GUESS,2020,CD,evspsblsoi,lai,10667,0.19582684137468412,0.19797785849983968,0.00895813559193783,0.18021171501518168,0.2154308882802977,True
