model,year,climate_zone,output_var,input_var,n_samples,pawn_original,pawn_boot_mean,pawn_boot_std,pawn_ci_lower,pawn_ci_upper,pawn_significant
LPJ-GUESS,1991,HW,evapotrans,precipitation,13298,0.3122774652715982,0.3157372418952179,0.007433921576016922,0.29976335289203127,0.3274892422507515,True
LPJ-GUESS,1991,HW,evapotrans,lai,13298,0.45992884904395137,0.4623177315369034,0.005462058171951699,0.45178805931583355,0.4724581648748929,True
LPJ-GUESS,1991,HW,tran,precipitation,13298,0.25720488619848114,0.2589708316611829,0.007817915283065078,0.2451403954402009,0.27372963834572117,True
LPJ-GUESS,1991,HW,tran,lai,13298,0.44353715918612896,0.4456607263129632,0.004853495823604232,0.43726954217675296,0.4556235700910063,True
LPJ-GUESS,1991,HW,evspsblveg,precipitation,13298,0.3432547026108946,0.3450415378921579,0.00710405761054707,0.33070981804353927,0.3578657543234245,True
LPJ-GUESS,1991,HW,evspsblveg,lai,13298,0.5035457307730147,0.5058500691934963,0.004821323353888083,0.49679649257578945,0.513999539155019,True
LPJ-GUESS,1991,HW,evspsblsoi,precipitation,13298,0.15165330703461544,0.15380595662219668,0.00842571818896861,0.13752622070731535,0.1693605096979608,True
LPJ-GUESS,1991,HW,evspsblsoi,lai,13298,0.11719304276633832,0.12480536875202024,0.007122974081449313,0.1120140930963112,0.13747039718066073,True
LPJ-GUESS,1991,HD,evapotrans,precipitation,11879,0.49891069830669127,0.49926705879891714,0.004573844319743096,0.4902421210556332,0.5074513540313892,True
LPJ-GUESS,1991,HD,evapotrans,lai,11879,0.5261449412893137,0.5289359814555076,0.005270087277330858,0.5187240324018474,0.5396236873602601,True
LPJ-GUESS,1991,HD,tran,precipitation,11879,0.48565540779742317,0.485435565110803,0.0054573164914574765,0.47425887034505876,0.49518213131863015,True
LPJ-GUESS,1991,HD,tran,lai,11879,0.5684849590270922,0.5702504348936316,0.004213243190778385,0.5614730103044394,0.577981565366622,True
LPJ-GUESS,1991,HD,evspsblveg,precipitation,11879,0.4774453432379184,0.4792683397278885,0.005310591579926499,0.46989272358459444,0.48978509576107154,True
LPJ-GUESS,1991,HD,evspsblveg,lai,11879,0.5761884070664272,0.5785303678297536,0.004049681743007887,0.5709732950960738,0.5879199541372906,True
LPJ-GUESS,1991,HD,evspsblsoi,precipitation,11879,0.2832098583431887,0.2833449081286323,0.007901707863065556,0.26950013984302434,0.29808539355304176,True
LPJ-GUESS,1991,HD,evspsblsoi,lai,11879,0.2293908158669502,0.23419260768389208,0.007793577119632498,0.218169243382209,0.24959846310657607,True
LPJ-GUESS,1991,CW,evapotrans,precipitation,22403,0.26763587284190066,0.2685078216639715,0.006382443822834076,0.2571040367738732,0.28105221215459975,True
LPJ-GUESS,1991,CW,evapotrans,lai,22403,0.36664077794109207,0.36786708813555097,0.003611276399710264,0.3606580529928253,0.37503422920205753,True
LPJ-GUESS,1991,CW,tran,precipitation,22403,0.23732542847227933,0.23921812292971192,0.006407133448740428,0.22778804834380473,0.2526220953581722,True
LPJ-GUESS,1991,CW,tran,lai,22403,0.39049942888707506,0.39196587656996684,0.0035715848354270063,0.3859386708245294,0.3996048014145036,True
LPJ-GUESS,1991,CW,evspsblveg,precipitation,22403,0.24708739067293264,0.2496485929255408,0.006441119263363437,0.23789927860617852,0.26267027293558826,True
LPJ-GUESS,1991,CW,evspsblveg,lai,22403,0.5321521730986284,0.5330180053044277,0.003472747971819343,0.5263282784780174,0.5390718971634102,True
LPJ-GUESS,1991,CW,evspsblsoi,precipitation,22403,0.1305052099990457,0.13274449190264132,0.004932249778436022,0.12191494832749539,0.1424946579654992,True
LPJ-GUESS,1991,CW,evspsblsoi,lai,22403,0.1502158950136281,0.15362852122474363,0.005868236929539102,0.14350407338106017,0.16516564075377374,True
LPJ-GUESS,1991,CD,evapotrans,precipitation,10713,0.25973309771941683,0.26176442314255444,0.00911811682089561,0.24175370760586237,0.28025859072692666,True
LPJ-GUESS,1991,CD,evapotrans,lai,10713,0.5026420163883718,0.5022036652284846,0.004886903559514763,0.49278985656112767,0.5121278753989369,True
LPJ-GUESS,1991,CD,tran,precipitation,10713,0.23359256464556735,0.23466088029556406,0.008810284125667953,0.21650569518190446,0.2516746347804645,True
LPJ-GUESS,1991,CD,tran,lai,10713,0.5762912464528422,0.578028887581103,0.004370687806130159,0.5698718623621837,0.5869527940667126,True
LPJ-GUESS,1991,CD,evspsblveg,precipitation,10713,0.23647190129314222,0.2370487796410819,0.008289562628420045,0.2225879402687997,0.2524124872521215,True
LPJ-GUESS,1991,CD,evspsblveg,lai,10713,0.6037001564370732,0.6052726122627798,0.004687266839485456,0.5957944479359147,0.6142042928225504,True
LPJ-GUESS,1991,CD,evspsblsoi,precipitation,10713,0.18215315315327157,0.18435937978317918,0.008599210074700481,0.16782224371151647,0.1994216637957176,True
LPJ-GUESS,1991,CD,evspsblsoi,lai,10713,0.18838803566875786,0.19846331518380272,0.009973321068379176,0.18105234046744764,0.2193500401479851,True
LPJ-GUESS,1992,HW,evapotrans,precipitation,13294,0.3273923977224692,0.32981530180860585,0.007528605003808522,0.3152908331780929,0.34531490741352017,True
LPJ-GUESS,1992,HW,evapotrans,lai,13294,0.46601093428775153,0.46928727165844863,0.005102237695561425,0.45934559170428363,0.478615706658418,True
LPJ-GUESS,1992,HW,tran,precipitation,13294,0.26467927515279527,0.2685416776332721,0.00723322074292165,0.2563737603422076,0.28356626901487886,True
LPJ-GUESS,1992,HW,tran,lai,13294,0.4462716367686481,0.44891620839611035,0.005263825443964871,0.43880178002385717,0.4590565775379896,True
LPJ-GUESS,1992,HW,evspsblveg,precipitation,13294,0.35824277223641476,0.3596684500868879,0.007861073076213506,0.34504240883054565,0.3753968088332924,True
LPJ-GUESS,1992,HW,evspsblveg,lai,13294,0.5084054959874293,0.5109098216332678,0.004235185713156429,0.5034980753889889,0.5192930848992607,True
LPJ-GUESS,1992,HW,evspsblsoi,precipitation,13294,0.11664764966255164,0.12190805815576393,0.007198585865832184,0.10881674652665203,0.13720542331934435,True
LPJ-GUESS,1992,HW,evspsblsoi,lai,13294,0.10537295518393253,0.1097463238495382,0.005760740488472084,0.09922083378701005,0.12125259082812093,True
LPJ-GUESS,1992,HD,evapotrans,precipitation,11876,0.4304211416128281,0.43366035456563606,0.006022030034839063,0.42044541967473387,0.44423584808802746,True
LPJ-GUESS,1992,HD,evapotrans,lai,11876,0.5197320112421129,0.5225193580259111,0.004944396612708148,0.5133042559421785,0.531370114507888,True
LPJ-GUESS,1992,HD,tran,precipitation,11876,0.4270617267036954,0.4303876036872566,0.00612330286597075,0.41631156538847724,0.44071196613419455,True
LPJ-GUESS,1992,HD,tran,lai,11876,0.5818503437094436,0.5824234378974896,0.0037686721576749775,0.5761663254939972,0.589491653388062,True
LPJ-GUESS,1992,HD,evspsblveg,precipitation,11876,0.4101681785045284,0.4150598373177424,0.005462065010866966,0.40556433241569756,0.42608036048128484,True
LPJ-GUESS,1992,HD,evspsblveg,lai,11876,0.564702605668109,0.5662384241510745,0.004384904472214583,0.5578139241435504,0.5746111021773821,True
LPJ-GUESS,1992,HD,evspsblsoi,precipitation,11876,0.24248338264347702,0.2448602842202655,0.006861665080723402,0.2318123119038208,0.25770121844043414,True
LPJ-GUESS,1992,HD,evspsblsoi,lai,11876,0.2579905300574342,0.2592548264699224,0.0068991105671320895,0.2464346953507759,0.2733762801536557,True
LPJ-GUESS,1992,CW,evapotrans,precipitation,22396,0.2305244029590211,0.2324883337500364,0.005333403745611117,0.22340094737736002,0.24394550174764176,True
LPJ-GUESS,1992,CW,evapotrans,lai,22396,0.35803108786582044,0.35929102959905385,0.0034909085003369564,0.35310886523086166,0.36627894475112976,True
LPJ-GUESS,1992,CW,tran,precipitation,22396,0.20530051419794004,0.2091912143852111,0.005529173092744898,0.19921096246077202,0.2211267295215248,True
LPJ-GUESS,1992,CW,tran,lai,22396,0.38263550960127035,0.3845362943874845,0.003863276841603387,0.37809213958541976,0.39314304740199285,True
LPJ-GUESS,1992,CW,evspsblveg,precipitation,22396,0.1920040502006381,0.19778188263600482,0.0064622028792731216,0.18460293350094129,0.21105793080382584,True
LPJ-GUESS,1992,CW,evspsblveg,lai,22396,0.5298709047890966,0.5303133294645935,0.0034970151746209037,0.5233003022715647,0.5354830776357975,True
LPJ-GUESS,1992,CW,evspsblsoi,precipitation,22396,0.12951167133330915,0.13236245581679953,0.006333147146026653,0.12098549456563529,0.14544996704615698,True
LPJ-GUESS,1992,CW,evspsblsoi,lai,22396,0.21845603291151097,0.21795147697532236,0.00659658113437354,0.20538454354170585,0.23141664130749798,True
LPJ-GUESS,1992,CD,evapotrans,precipitation,10716,0.3140216719553728,0.3156485652157428,0.008519657824003995,0.29998756173217106,0.33180421427911233,True
LPJ-GUESS,1992,CD,evapotrans,lai,10716,0.501716011166435,0.5037977895486024,0.005193391056426855,0.4935767254851164,0.513124818914936,True
LPJ-GUESS,1992,CD,tran,precipitation,10716,0.285394142322069,0.2907695063302883,0.008414026653359276,0.2728774594153011,0.305098174199178,True
LPJ-GUESS,1992,CD,tran,lai,10716,0.6084815845131544,0.6105212806100159,0.00539637349271283,0.6004324372118606,0.6210939195904638,True
LPJ-GUESS,1992,CD,evspsblveg,precipitation,10716,0.2783823869226676,0.2792425823108602,0.00816909218075048,0.26118029354374017,0.2944193530316127,True
LPJ-GUESS,1992,CD,evspsblveg,lai,10716,0.5997539691278895,0.6022919242825651,0.004284803804877925,0.5945876501799513,0.6113167895766966,True
LPJ-GUESS,1992,CD,evspsblsoi,precipitation,10716,0.13518085472337496,0.1379935128561148,0.006943658003970643,0.12508963652663363,0.15131401787555002,True
LPJ-GUESS,1992,CD,evspsblsoi,lai,10716,0.22779474687035148,0.2296774753261457,0.008659201711957028,0.21341966746072424,0.24602666964418263,True
LPJ-GUESS,1993,HW,evapotrans,precipitation,13276,0.3233499622984952,0.3253396233136579,0.0063929756447177865,0.3120485366359337,0.3378905982854481,True
LPJ-GUESS,1993,HW,evapotrans,lai,13276,0.42417315139153344,0.42737145991209347,0.006372852207076148,0.4158490914315117,0.43982836546288,True
LPJ-GUESS,1993,HW,tran,precipitation,13276,0.23938565267439463,0.24042476308825178,0.007326724899656061,0.22557762340920956,0.25514953182416,True
LPJ-GUESS,1993,HW,tran,lai,13276,0.41070714573638123,0.4117571483829117,0.006071127751534028,0.40033376801242976,0.4246179319905889,True
LPJ-GUESS,1993,HW,evspsblveg,precipitation,13276,0.36982045029630245,0.37117712508873246,0.007025650767621718,0.3581612163899719,0.3854084337100679,True
LPJ-GUESS,1993,HW,evspsblveg,lai,13276,0.484691023099649,0.48576718271578906,0.004713121089659161,0.47595161822593546,0.49470960921351465,True
LPJ-GUESS,1993,HW,evspsblsoi,precipitation,13276,0.15334945095453822,0.158542421341207,0.00808426995967601,0.14411983538453707,0.17327433368087822,True
LPJ-GUESS,1993,HW,evspsblsoi,lai,13276,0.12109813160445337,0.12306619305018801,0.0052849961375259005,0.112140694002754,0.1332326385480333,True
LPJ-GUESS,1993,HD,evapotrans,precipitation,11874,0.4709931702580227,0.47232417989857356,0.004958226419926451,0.4629220920472569,0.48048848384075343,True
LPJ-GUESS,1993,HD,evapotrans,lai,11874,0.48876798067436245,0.49089435990998737,0.00580575934567314,0.4808431066867826,0.5038414536813757,True
LPJ-GUESS,1993,HD,tran,precipitation,11874,0.4633196880188002,0.46399223127070016,0.004985072198922826,0.4538202511412495,0.4721811548995426,True
LPJ-GUESS,1993,HD,tran,lai,11874,0.5602870437260429,0.5624980031598934,0.004375978183386949,0.5547963029934845,0.5701603382080094,True
LPJ-GUESS,1993,HD,evspsblveg,precipitation,11874,0.4452601372906835,0.44741726252788105,0.005789334376910922,0.4355178905630103,0.45770727548013274,True
LPJ-GUESS,1993,HD,evspsblveg,lai,11874,0.5693852426042103,0.5696570665242685,0.0038240599599256714,0.5624261755499058,0.57777078502774,True
LPJ-GUESS,1993,HD,evspsblsoi,precipitation,11874,0.24962016428907963,0.2564357514629487,0.008077283920306575,0.24008522272135108,0.27229278649556055,True
LPJ-GUESS,1993,HD,evspsblsoi,lai,11874,0.21333811417186865,0.21614028088856307,0.009182631353380374,0.19957418649040726,0.23625034681471385,True
LPJ-GUESS,1993,CW,evapotrans,precipitation,22450,0.3241769685142412,0.32446153256040083,0.005994141658094214,0.3132572809207424,0.3368887901651649,True
LPJ-GUESS,1993,CW,evapotrans,lai,22450,0.38547884187082404,0.3870829175033856,0.0042162552108600876,0.37975000000000003,0.3963791446167688,True
LPJ-GUESS,1993,CW,tran,precipitation,22450,0.30732963365497745,0.3062797710204471,0.005515698294934774,0.29551169711658704,0.3156489632651906,True
LPJ-GUESS,1993,CW,tran,lai,22450,0.41701559020044543,0.4172245077615361,0.00415072941502317,0.4089515568073616,0.4259578383728982,True
LPJ-GUESS,1993,CW,evspsblveg,precipitation,22450,0.2369850735559688,0.2389255349197878,0.004348905703271362,0.23046073803478678,0.24645112358401927,True
LPJ-GUESS,1993,CW,evspsblveg,lai,22450,0.5193095768374165,0.5196503904699349,0.004692090545435671,0.5111764681127283,0.5291093827779948,True
LPJ-GUESS,1993,CW,evspsblsoi,precipitation,22450,0.1474755670110342,0.14738655037305318,0.0046131075772160674,0.13800383164763635,0.15539348702154668,True
LPJ-GUESS,1993,CW,evspsblsoi,lai,22450,0.13734966592427617,0.14080517953233532,0.007735346809475374,0.12745107179723714,0.1565266376223853,True
LPJ-GUESS,1993,CD,evapotrans,precipitation,10760,0.340849831416962,0.33866448156933465,0.006274993693677279,0.3258215012187721,0.3501537909970574,True
LPJ-GUESS,1993,CD,evapotrans,lai,10760,0.5056691449814126,0.5073661870542405,0.004270523787962923,0.4990095720235709,0.5148501533265954,True
LPJ-GUESS,1993,CD,tran,precipitation,10760,0.29456903259272066,0.29219597343905535,0.0075646042598585825,0.27690056085677894,0.30580960770276605,True
LPJ-GUESS,1993,CD,tran,lai,10760,0.5979553903345725,0.5988463834806426,0.004954661478743032,0.589678321822179,0.6078788358179896,True
LPJ-GUESS,1993,CD,evspsblveg,precipitation,10760,0.32625745655744787,0.3270942850577167,0.006811374681768498,0.3142544528921871,0.3394904413520007,True
LPJ-GUESS,1993,CD,evspsblveg,lai,10760,0.6078066914498141,0.6097367084578191,0.004583988160888997,0.6002484117451361,0.6178174926056974,True
LPJ-GUESS,1993,CD,evspsblsoi,precipitation,10760,0.10985130111524165,0.11368702182555107,0.0055132212598464755,0.10380628947668478,0.12454729712861784,True
LPJ-GUESS,1993,CD,evspsblsoi,lai,10760,0.18080855018587366,0.1849268233254607,0.009824566200613638,0.16556205873158286,0.20556537067403508,True
LPJ-GUESS,1994,HW,evapotrans,precipitation,13305,0.34938809206980315,0.35238307135741737,0.007432177345195663,0.3373715429181259,0.36569715297123184,True
LPJ-GUESS,1994,HW,evapotrans,lai,13305,0.43696739869743867,0.4395356568440752,0.00577227632046528,0.4272915375438224,0.450713787883023,True
LPJ-GUESS,1994,HW,tran,precipitation,13305,0.2484707796289029,0.25515098084416615,0.006921948007669537,0.24277720348083334,0.26806567756296285,True
LPJ-GUESS,1994,HW,tran,lai,13305,0.4294916893741048,0.43146797569368905,0.005773486690494696,0.42044078208506636,0.44286297301241356,True
LPJ-GUESS,1994,HW,evspsblveg,precipitation,13305,0.37837698497737443,0.380511354028367,0.007247973476488334,0.36597326123248697,0.3935529266353737,True
LPJ-GUESS,1994,HW,evspsblveg,lai,13305,0.49258403446166077,0.49502844166046683,0.004861351022299706,0.4864122362218115,0.5043839804494392,True
LPJ-GUESS,1994,HW,evspsblsoi,precipitation,13305,0.1698564935085102,0.17286282488924115,0.00879227763470367,0.15461631445681986,0.18962139269905312,True
LPJ-GUESS,1994,HW,evspsblsoi,lai,13305,0.11033131355956874,0.12006543120949281,0.007123596193530508,0.10738066201289934,0.13455999892999432,True
LPJ-GUESS,1994,HD,evapotrans,precipitation,11875,0.48045979423033314,0.48317798386595195,0.006131034865792927,0.4702185538022753,0.49423923807748665,True
LPJ-GUESS,1994,HD,evapotrans,lai,11875,0.48655661881977674,0.49024181028842934,0.005284765549589831,0.4806189709820833,0.5010930399234664,True
LPJ-GUESS,1994,HD,tran,precipitation,11875,0.45343770778687575,0.4567121028739324,0.006937922750709693,0.4441256901465325,0.46910722844832853,True
LPJ-GUESS,1994,HD,tran,lai,11875,0.5685245791245792,0.5704303364447384,0.004309810988487551,0.5625092301163239,0.5797978350161016,True
LPJ-GUESS,1994,HD,evspsblveg,precipitation,11875,0.46935971649549024,0.4737251724827262,0.005737418942579044,0.4625691418756399,0.4848398066722307,True
LPJ-GUESS,1994,HD,evspsblveg,lai,11875,0.5546618465355307,0.5574839513018565,0.00340141283797419,0.5506751626027335,0.5645726355661032,True
LPJ-GUESS,1994,HD,evspsblsoi,precipitation,11875,0.29196657266760884,0.2950674538987797,0.0076549202359017104,0.28141936943822365,0.30912231331508544,True
LPJ-GUESS,1994,HD,evspsblsoi,lai,11875,0.1996896060025311,0.20631833989489073,0.008397492622756606,0.1892515123812905,0.22350045391882115,True
LPJ-GUESS,1994,CW,evapotrans,precipitation,22368,0.3004458314205021,0.30081566545884125,0.00612447688284948,0.2898113193778235,0.3134778343670238,True
LPJ-GUESS,1994,CW,evapotrans,lai,22368,0.3652137041357377,0.36572487837727835,0.00364271554498716,0.35908890887447353,0.3733161556647638,True
LPJ-GUESS,1994,CW,tran,precipitation,22368,0.2747021465305092,0.27637803212808315,0.007148127439520003,0.26373806798124017,0.29100936257821425,True
LPJ-GUESS,1994,CW,tran,lai,22368,0.3924166464417205,0.3931373478383513,0.0034978351862748358,0.38690737475433795,0.4007222587051726,True
LPJ-GUESS,1994,CW,evspsblveg,precipitation,22368,0.2665062452795672,0.2673608431465479,0.005674265855934039,0.25634913669966514,0.2778412019137259,True
LPJ-GUESS,1994,CW,evspsblveg,lai,22368,0.5608495884343366,0.5600580318561242,0.0030160329939298946,0.5537534389841936,0.5659577999668387,True
LPJ-GUESS,1994,CW,evspsblsoi,precipitation,22368,0.11498436483756408,0.11786166148881244,0.004597840326719459,0.10822532734657267,0.1269680303852016,True
LPJ-GUESS,1994,CW,evspsblsoi,lai,22368,0.20937864528674016,0.2116068086374252,0.006933855508079231,0.1994083101494339,0.2251774025280273,True
LPJ-GUESS,1994,CD,evapotrans,precipitation,10748,0.2608307421526316,0.26089760708422816,0.00819289955277266,0.24557392531976704,0.2755514594203238,True
LPJ-GUESS,1994,CD,evapotrans,lai,10748,0.49020084690405596,0.49206747696122394,0.005705262018251256,0.48223328250081127,0.5035337251090688,True
LPJ-GUESS,1994,CD,tran,precipitation,10748,0.23667993510276847,0.23630231410965513,0.007620830676044746,0.2216595068144138,0.2484385516037621,True
LPJ-GUESS,1994,CD,tran,lai,10748,0.5915971319088211,0.5950150806527877,0.004222785034476521,0.5872252527097838,0.6036102226252327,True
LPJ-GUESS,1994,CD,evspsblveg,precipitation,10748,0.26436778982985165,0.2626623690044274,0.007856499022111245,0.24646053546497473,0.27627998778077695,True
LPJ-GUESS,1994,CD,evspsblveg,lai,10748,0.6044418431552436,0.6063535171588392,0.003967111790334688,0.5997249704781249,0.6147085270981383,True
LPJ-GUESS,1994,CD,evspsblsoi,precipitation,10748,0.14617126135739206,0.1449785421049601,0.006896629487403837,0.1309443508215043,0.15842984846953675,True
LPJ-GUESS,1994,CD,evspsblsoi,lai,10748,0.2021175600003462,0.20081365003708743,0.009839296294344591,0.18196621769376714,0.22103802889744892,True
LPJ-GUESS,1995,HW,evapotrans,precipitation,13296,0.35836293989980617,0.36170179771638516,0.006128927721263085,0.35115063339934477,0.37293860022880027,True
LPJ-GUESS,1995,HW,evapotrans,lai,13296,0.44592159392213776,0.4483271124691358,0.0052337345712137225,0.4373380914140195,0.4585432657544356,True
LPJ-GUESS,1995,HW,tran,precipitation,13296,0.2892489799524685,0.29153658990185727,0.006906816178644623,0.2793311555566846,0.3050044932712304,True
LPJ-GUESS,1995,HW,tran,lai,13296,0.443561061460727,0.44527949237658804,0.005421272114307141,0.4345307623387441,0.4558173436080823,True
LPJ-GUESS,1995,HW,evspsblveg,precipitation,13296,0.3887587086201213,0.39038526611549146,0.006816647642485689,0.3755127257818391,0.403535312341115,True
LPJ-GUESS,1995,HW,evspsblveg,lai,13296,0.48107728383818626,0.48315944761636215,0.005195186704816464,0.4729626001638486,0.49292335566244966,True
LPJ-GUESS,1995,HW,evspsblsoi,precipitation,13296,0.14897605700644037,0.1516133803873394,0.006271554179767025,0.1400845419990005,0.163725478713699,True
LPJ-GUESS,1995,HW,evspsblsoi,lai,13296,0.13181894266351796,0.13573592657840525,0.0057429769103877,0.1255192319816126,0.14607135925356357,True
LPJ-GUESS,1995,HD,evapotrans,precipitation,11879,0.4367607544121811,0.44039849279656396,0.005169648720655614,0.4318438789847387,0.4509825881381343,True
LPJ-GUESS,1995,HD,evapotrans,lai,11879,0.5011820225432483,0.5024153970799624,0.004086364119023982,0.4954960790390996,0.5095451167779792,True
LPJ-GUESS,1995,HD,tran,precipitation,11879,0.4371713417757407,0.44043861466173406,0.005403207862714056,0.4299732921391369,0.45076519588536135,True
LPJ-GUESS,1995,HD,tran,lai,11879,0.5669693965215474,0.568771871722818,0.003994000797783366,0.5614704509801729,0.577393998712469,True
LPJ-GUESS,1995,HD,evspsblveg,precipitation,11879,0.4216132302012111,0.4243506243946781,0.006408201981087131,0.4121523470240945,0.4383033635011673,True
LPJ-GUESS,1995,HD,evspsblveg,lai,11879,0.5735781929064192,0.574361442103369,0.004510688450083972,0.5665060473693356,0.5824589321858857,True
LPJ-GUESS,1995,HD,evspsblsoi,precipitation,11879,0.24562560957669974,0.2507962774091007,0.006990744402963373,0.23819727129327695,0.26421431391172034,True
LPJ-GUESS,1995,HD,evspsblsoi,lai,11879,0.24133387782474408,0.2431520489467423,0.0073371978282293,0.22816929807106456,0.25853511972727355,True
LPJ-GUESS,1995,CW,evapotrans,precipitation,22386,0.23126061099578454,0.23236476752973956,0.005853341036614744,0.22044160211407202,0.24315074851469667,True
LPJ-GUESS,1995,CW,evapotrans,lai,22386,0.35847928675775953,0.35984446664906516,0.003647084534232601,0.3523458793865593,0.3671091405077797,True
LPJ-GUESS,1995,CW,tran,precipitation,22386,0.20372296379196583,0.20470330186847074,0.006009344544077732,0.19246543639892946,0.21754140563877145,True
LPJ-GUESS,1995,CW,tran,lai,22386,0.38744958209484637,0.38883941099497477,0.0034467823606388103,0.3818516831823291,0.39515404269831944,True
LPJ-GUESS,1995,CW,evspsblveg,precipitation,22386,0.20675128934217146,0.20853045618489216,0.007253674044315812,0.19437669868773802,0.2216201669443353,True
LPJ-GUESS,1995,CW,evspsblveg,lai,22386,0.5132212101077185,0.5138376105654503,0.003700130358531243,0.5068868781243325,0.5218183984179158,True
LPJ-GUESS,1995,CW,evspsblsoi,precipitation,22386,0.10449916065136089,0.10785458231954234,0.005150252496276178,0.09741350303890503,0.11752761010264734,True
LPJ-GUESS,1995,CW,evspsblsoi,lai,22386,0.16409064773234017,0.16818524347213604,0.00568327251315904,0.15715715019386353,0.18073003086100375,True
LPJ-GUESS,1995,CD,evapotrans,precipitation,10734,0.22866184065370668,0.23321982067717315,0.00659919047529606,0.22093176946263884,0.24766862190291908,True
LPJ-GUESS,1995,CD,evapotrans,lai,10734,0.47890713699024595,0.482449371398624,0.005652518539981569,0.4714877137794137,0.491849867012017,True
LPJ-GUESS,1995,CD,tran,precipitation,10734,0.19827004487573868,0.1999988088592692,0.007205532334697644,0.187667653738313,0.21646431042212608,True
LPJ-GUESS,1995,CD,tran,lai,10734,0.584998523447643,0.5873713277744841,0.004780772964729643,0.5787924368736719,0.5973633556042819,True
LPJ-GUESS,1995,CD,evspsblveg,precipitation,10734,0.23231463384556578,0.2332761469071221,0.00550341712116796,0.2233372644697796,0.243943720645009,True
LPJ-GUESS,1995,CD,evspsblveg,lai,10734,0.6016278416771854,0.6031234685379172,0.004409747875445922,0.595111527397454,0.6114120355722347,True
LPJ-GUESS,1995,CD,evspsblsoi,precipitation,10734,0.22616220143083088,0.22820184510799474,0.0089841936007816,0.212333887399528,0.24715655343233975,True
LPJ-GUESS,1995,CD,evspsblsoi,lai,10734,0.22431823686176822,0.22647276636951852,0.009330097479942553,0.20892431069017764,0.24605799736472883,True
LPJ-GUESS,1996,HW,evapotrans,precipitation,13295,0.34319277169303153,0.34794153487766805,0.006855661146472579,0.33362498430765836,0.36030187352325366,True
LPJ-GUESS,1996,HW,evapotrans,lai,13295,0.43675317477597714,0.4380813492263047,0.0062723782869834295,0.4265663853203715,0.4494804352928202,True
LPJ-GUESS,1996,HW,tran,precipitation,13295,0.25980947047299763,0.2639711677165394,0.007477934647652812,0.25077861776020816,0.2778269714419843,True
LPJ-GUESS,1996,HW,tran,lai,13295,0.41131537946030927,0.4119299820438431,0.00539175889301434,0.4022785766331715,0.42221652316880826,True
LPJ-GUESS,1996,HW,evspsblveg,precipitation,13295,0.3789491908800251,0.3822979193507454,0.006391232930188534,0.370971708615216,0.3941696357774703,True
LPJ-GUESS,1996,HW,evspsblveg,lai,13295,0.4739999208250035,0.4769420154287192,0.005192547714763659,0.46684877504969646,0.4867617226600496,True
LPJ-GUESS,1996,HW,evspsblsoi,precipitation,13295,0.16770038431086293,0.16957167074711849,0.006373689189365566,0.15722426640782652,0.18067363445646864,True
LPJ-GUESS,1996,HW,evspsblsoi,lai,13295,0.1266625711499696,0.13329107676773566,0.006965824825505821,0.11991164708848283,0.14665400008129734,True
LPJ-GUESS,1996,HD,evapotrans,precipitation,11871,0.47511021369576156,0.47808252771190546,0.0059416348682028225,0.4651868539669894,0.4889319288429005,True
LPJ-GUESS,1996,HD,evapotrans,lai,11871,0.5012994223141682,0.5029377651820357,0.005838872961672997,0.4912885020129967,0.513809722798504,True
LPJ-GUESS,1996,HD,tran,precipitation,11871,0.4801544644808126,0.4800745723434392,0.00559072731777546,0.4691307910547642,0.4900055213800169,True
LPJ-GUESS,1996,HD,tran,lai,11871,0.5670919915062773,0.5690612957128033,0.004556241126669672,0.5602675754333063,0.578231219665525,True
LPJ-GUESS,1996,HD,evspsblveg,precipitation,11871,0.4644908197290845,0.46675913062971036,0.005467124426192573,0.4555017971926341,0.4775426915024018,True
LPJ-GUESS,1996,HD,evspsblveg,lai,11871,0.5718532281560615,0.5732887697757011,0.003846955591916344,0.5661291372636666,0.5808064967464441,True
LPJ-GUESS,1996,HD,evspsblsoi,precipitation,11871,0.25910164736429026,0.2626143781300494,0.007944610756731498,0.2460442083367617,0.2758777769575398,True
LPJ-GUESS,1996,HD,evspsblsoi,lai,11871,0.2153863098797896,0.22447388401589488,0.0069701640712199345,0.21062586056625485,0.23761685344354366,True
LPJ-GUESS,1996,CW,evapotrans,precipitation,22423,0.2339114338893743,0.2359598854130514,0.006718910827602293,0.2230754207671943,0.24735725207482762,True
LPJ-GUESS,1996,CW,evapotrans,lai,22423,0.37014943756575924,0.3716499762701656,0.0035866215083462092,0.36502074195104317,0.37869720003199864,True
LPJ-GUESS,1996,CW,tran,precipitation,22423,0.21312191550402232,0.2134889674923248,0.007335448444769211,0.1992122332965101,0.2267801590166678,True
LPJ-GUESS,1996,CW,tran,lai,22423,0.3888586823226104,0.39030790227691203,0.003648403437713058,0.38326882853837024,0.3979383351032474,True
LPJ-GUESS,1996,CW,evspsblveg,precipitation,22423,0.23093352358824,0.2337594945445039,0.00586857255170492,0.22256941534890032,0.24479983970629451,True
LPJ-GUESS,1996,CW,evspsblveg,lai,22423,0.5253203917237552,0.5262086977960115,0.003876948983213556,0.5183426963935405,0.5334255225060994,True
LPJ-GUESS,1996,CW,evspsblsoi,precipitation,22423,0.12649571734897064,0.12997807298940545,0.006599406009321544,0.11679750254265765,0.14152490714375562,True
LPJ-GUESS,1996,CW,evspsblsoi,lai,22423,0.14125680895941922,0.1450206287001249,0.006987453431826071,0.13185283640718243,0.1578877951888855,True
LPJ-GUESS,1996,CD,evapotrans,precipitation,10685,0.28672085987528434,0.28855552648852517,0.007804850267849451,0.2737115884900168,0.3043318059850656,True
LPJ-GUESS,1996,CD,evapotrans,lai,10685,0.4737353160477851,0.47796020989578525,0.00410708013033853,0.4705098433342088,0.4859704098784693,True
LPJ-GUESS,1996,CD,tran,precipitation,10685,0.25749940318848735,0.2589296870089601,0.007725151244488131,0.24438081182986066,0.27520344492226045,True
LPJ-GUESS,1996,CD,tran,lai,10685,0.5751859430609956,0.5783878398540608,0.004682746413351485,0.570356133823207,0.5867605360381339,True
LPJ-GUESS,1996,CD,evspsblveg,precipitation,10685,0.2740769181289645,0.2757676376695795,0.007926639988937107,0.2619886604891227,0.29116002427098736,True
LPJ-GUESS,1996,CD,evspsblveg,lai,10685,0.6109586846391675,0.6111093943837055,0.0033097915975160174,0.6047343962347248,0.6175795081005142,True
LPJ-GUESS,1996,CD,evspsblsoi,precipitation,10685,0.14379521049459104,0.15174439229487813,0.007988704396762695,0.13622755835578668,0.1680515693039399,True
LPJ-GUESS,1996,CD,evspsblsoi,lai,10685,0.1694358018495879,0.17436797968803341,0.01012879145790553,0.15661603943692903,0.1941669136258585,True
LPJ-GUESS,1997,HW,evapotrans,precipitation,13333,0.3069033121176867,0.3095339103736165,0.007630104615856005,0.2946932360682064,0.32528950174482757,True
LPJ-GUESS,1997,HW,evapotrans,lai,13333,0.4547167880247269,0.4569402067725219,0.006132582909621685,0.44414618433778597,0.46916716406040726,True
LPJ-GUESS,1997,HW,tran,precipitation,13333,0.26162828676868455,0.2627537746383996,0.00769925152472048,0.24969848465339797,0.2786611732129575,True
LPJ-GUESS,1997,HW,tran,lai,13333,0.41927536372955465,0.4204835967923769,0.006282330426773264,0.4072316330324533,0.43223156556895714,True
LPJ-GUESS,1997,HW,evspsblveg,precipitation,13333,0.3464628344890918,0.3498138267282966,0.007769831402525001,0.3369399455746755,0.36543154057929705,True
LPJ-GUESS,1997,HW,evspsblveg,lai,13333,0.4904583886165046,0.4918461268104685,0.005079957142929381,0.4819368330370642,0.5018433205772082,True
LPJ-GUESS,1997,HW,evspsblsoi,precipitation,13333,0.13955516573416796,0.13783535009012635,0.007375956305127113,0.12521305539092745,0.15168970776293422,True
LPJ-GUESS,1997,HW,evspsblsoi,lai,13333,0.13261700838649343,0.139155371730162,0.007306893884184138,0.12666992714699254,0.1545304758477063,True
LPJ-GUESS,1997,HD,evapotrans,precipitation,11875,0.4969371144454193,0.4987611377111715,0.005700561594375282,0.48744845990925684,0.5092376825762789,True
LPJ-GUESS,1997,HD,evapotrans,lai,11875,0.513502215133794,0.5158289105247337,0.0043949857437148255,0.5077218511953228,0.5240428400168894,True
LPJ-GUESS,1997,HD,tran,precipitation,11875,0.46786089577845885,0.47140819887222773,0.006241634594437157,0.458892113973388,0.4826307265513471,True
LPJ-GUESS,1997,HD,tran,lai,11875,0.553267926609389,0.5552578909418275,0.004308227771847457,0.5467065741405234,0.5648784826736789,True
LPJ-GUESS,1997,HD,evspsblveg,precipitation,11875,0.4768477621214286,0.4795473592588266,0.005554878307178176,0.469241739906535,0.4901353454075381,True
LPJ-GUESS,1997,HD,evspsblveg,lai,11875,0.582755626439837,0.5844952928632928,0.0035416992228771886,0.5782908460137602,0.591777968262848,True
LPJ-GUESS,1997,HD,evspsblsoi,precipitation,11875,0.2755146168076067,0.2757576156121846,0.006464129703198018,0.26290932396496286,0.286451107566897,True
LPJ-GUESS,1997,HD,evspsblsoi,lai,11875,0.2135376435992673,0.22030581971011254,0.008520416976027515,0.20522184857935086,0.23771534463940172,True
LPJ-GUESS,1997,CW,evapotrans,precipitation,22380,0.24557640750670245,0.24839065643055896,0.006124616351295382,0.23694693451902205,0.25936433579785745,True
LPJ-GUESS,1997,CW,evapotrans,lai,22380,0.3694146559428061,0.3709911714544635,0.003948451491450703,0.36378306397568266,0.3789215344224829,True
LPJ-GUESS,1997,CW,tran,precipitation,22380,0.23029490616621984,0.23118208352266748,0.00648278482235646,0.2196668813124762,0.24304413657202256,True
LPJ-GUESS,1997,CW,tran,lai,22380,0.394325290437891,0.3964317701239885,0.003872353573557399,0.388806860797268,0.4039600262134328,True
LPJ-GUESS,1997,CW,evspsblveg,precipitation,22380,0.2347184986595175,0.23550183176070605,0.006195207811845896,0.22282089717861533,0.2471475957274011,True
LPJ-GUESS,1997,CW,evspsblveg,lai,22380,0.5341152815013405,0.5353487347171271,0.003130684149071266,0.5294299364336624,0.541860213579244,True
LPJ-GUESS,1997,CW,evspsblsoi,precipitation,22380,0.10770379882758302,0.11003658181566939,0.0041165454076416575,0.10333504308358207,0.11817470026922447,True
LPJ-GUESS,1997,CW,evspsblsoi,lai,22380,0.14166666666666664,0.1434670873875654,0.005028437209598391,0.1330981993368979,0.15312282703400404,True
LPJ-GUESS,1997,CD,evapotrans,precipitation,10708,0.21316904885873264,0.21610547340449016,0.010222617329598092,0.1951700039812453,0.2342366697838407,True
LPJ-GUESS,1997,CD,evapotrans,lai,10708,0.484464400492595,0.48695363353722443,0.0057338382611026835,0.4752631448752903,0.49732135618517154,True
LPJ-GUESS,1997,CD,tran,precipitation,10708,0.19159605434072294,0.1932887018613896,0.010752033171395458,0.17305438895345138,0.2137957117043327,True
LPJ-GUESS,1997,CD,tran,lai,10708,0.5705629219686879,0.5749717899046584,0.004779619335843918,0.5654627701838386,0.5831789612583955,True
LPJ-GUESS,1997,CD,evspsblveg,precipitation,10708,0.21934715675085495,0.21896574381292017,0.00951593105102224,0.20089217917853966,0.23515842432664136,True
LPJ-GUESS,1997,CD,evspsblveg,lai,10708,0.6056287662618278,0.6079182631832771,0.004471396348845686,0.6002904503539679,0.616117779959226,True
LPJ-GUESS,1997,CD,evspsblsoi,precipitation,10708,0.13854123517332273,0.14298839411867484,0.006925668492303071,0.1303206998413014,0.15647217806709735,True
LPJ-GUESS,1997,CD,evspsblsoi,lai,10708,0.23905375249340172,0.24260113706886288,0.00762918140964295,0.22721484740679648,0.2573562160304403,True
LPJ-GUESS,1998,HW,evapotrans,precipitation,13303,0.31729162227526264,0.32158645405775843,0.007328269018769489,0.30773873957728726,0.3361995552705509,True
LPJ-GUESS,1998,HW,evapotrans,lai,13303,0.4574668837771344,0.4609287243409024,0.006275242947939434,0.44965138135245125,0.4723039799807075,True
LPJ-GUESS,1998,HW,tran,precipitation,13303,0.2535030822941741,0.25583374864177516,0.007835416111967568,0.24075515222307306,0.2700315424790463,True
LPJ-GUESS,1998,HW,tran,lai,13303,0.446989598705476,0.4500471830218472,0.005145367496512894,0.43921822570127994,0.4609384359285797,True
LPJ-GUESS,1998,HW,evspsblveg,precipitation,13303,0.35694399307296276,0.3615926007428809,0.00697567408790791,0.34834109552652565,0.3754168382085911,True
LPJ-GUESS,1998,HW,evspsblveg,lai,13303,0.49502014639696285,0.4972525105155252,0.005353484195354746,0.4870553506514911,0.5071641763900981,True
LPJ-GUESS,1998,HW,evspsblsoi,precipitation,13303,0.17077831389719883,0.17650986511675085,0.007003037755277414,0.1627454896095571,0.18953860117678165,True
LPJ-GUESS,1998,HW,evspsblsoi,lai,13303,0.13363572239627108,0.13456198424446522,0.007525418376328727,0.11990535729122098,0.14814728446984607,True
LPJ-GUESS,1998,HD,evapotrans,precipitation,11875,0.46719085592769805,0.4711959081007352,0.006306109922522711,0.4595219936227218,0.4830254669701373,True
LPJ-GUESS,1998,HD,evapotrans,lai,11875,0.5150537302853093,0.5165044415205358,0.004478419936298124,0.50802499616739,0.5258326959879237,True
LPJ-GUESS,1998,HD,tran,precipitation,11875,0.45103413078149923,0.4551487950926789,0.006205246978903041,0.4449001742167357,0.46723428330565564,True
LPJ-GUESS,1998,HD,tran,lai,11875,0.5746639730639731,0.5749619345717408,0.0035716129511949085,0.568335390314506,0.5814403333778225,True
LPJ-GUESS,1998,HD,evspsblveg,precipitation,11875,0.4758657806131491,0.47907175596032486,0.006368365578210583,0.4658961643367053,0.49245177507508364,True
LPJ-GUESS,1998,HD,evspsblveg,lai,11875,0.5624605351763247,0.5640181793454857,0.003713352456174317,0.5571053375863902,0.571233679962396,True
LPJ-GUESS,1998,HD,evspsblsoi,precipitation,11875,0.25253109755232755,0.2522193063351897,0.007609154738272433,0.23763147661868253,0.26711487349633584,True
LPJ-GUESS,1998,HD,evspsblsoi,lai,11875,0.20373172416459787,0.2093034534588728,0.008145733235186641,0.19462064183296235,0.22557288530124092,True
LPJ-GUESS,1998,CW,evapotrans,precipitation,22424,0.3092790536507809,0.3105714864671052,0.005711737196146588,0.3004947133600687,0.3221600681754826,True
LPJ-GUESS,1998,CW,evapotrans,lai,22424,0.36159138227393045,0.3625684387711162,0.003320914506332918,0.3560098906762249,0.36997638682490824,True
LPJ-GUESS,1998,CW,tran,precipitation,22424,0.278456494620577,0.279294398279294,0.005693483522994245,0.26921139458115606,0.2903763113009729,True
LPJ-GUESS,1998,CW,tran,lai,22424,0.3803213940524409,0.3809609050546118,0.003669795591114826,0.37428689944250065,0.38786244527697417,True
LPJ-GUESS,1998,CW,evspsblveg,precipitation,22424,0.2555235135999133,0.2554530405643146,0.006537915975695065,0.24310863148511583,0.26723539160330717,True
LPJ-GUESS,1998,CW,evspsblveg,lai,22424,0.5372728515357097,0.5378022476354795,0.0038418423509863266,0.530865637882978,0.5460021703466834,True
LPJ-GUESS,1998,CW,evspsblsoi,precipitation,22424,0.1176127139935389,0.12482068770724859,0.005211896194864639,0.11291340589080537,0.13477703292584192,True
LPJ-GUESS,1998,CW,evspsblsoi,lai,22424,0.18065103560827364,0.1846495351984212,0.005268616442464279,0.17476227890304732,0.1948984057717566,True
LPJ-GUESS,1998,CD,evapotrans,precipitation,10722,0.27980698327288567,0.281466013771521,0.009226771354994626,0.2647565959068941,0.30006417727361945,True
LPJ-GUESS,1998,CD,evapotrans,lai,10722,0.4900099913137168,0.49143055675444997,0.004210772014870788,0.4832038484226826,0.4998771542804965,True
LPJ-GUESS,1998,CD,tran,precipitation,10722,0.25233878336245164,0.2524113847522603,0.009899700337892866,0.23392839761933593,0.270047163563018,True
LPJ-GUESS,1998,CD,tran,lai,10722,0.581649408942974,0.581799079878646,0.0044067535075681865,0.5734894244259173,0.5901700163015021,True
LPJ-GUESS,1998,CD,evspsblveg,precipitation,10722,0.25201736187727986,0.25588407606678365,0.007375750073996462,0.24107251400455618,0.2706551158627339,True
LPJ-GUESS,1998,CD,evspsblveg,lai,10722,0.6070650524657073,0.6078848360742302,0.0038128118867970873,0.6004658183457925,0.61589000384897,True
LPJ-GUESS,1998,CD,evspsblsoi,precipitation,10722,0.15598908089658034,0.16052088685263924,0.008052269529267832,0.14660653177747363,0.17743008175483901,True
LPJ-GUESS,1998,CD,evspsblsoi,lai,10722,0.15703858644661417,0.1594821968626305,0.008788034542017297,0.14307945480862558,0.17830198100212447,True
LPJ-GUESS,1999,HW,evapotrans,precipitation,13289,0.34635297805383486,0.3496120360812456,0.007224769255965096,0.33659394503573364,0.3626180794976653,True
LPJ-GUESS,1999,HW,evapotrans,lai,13289,0.45741520578496864,0.46095782010865494,0.005564880293679367,0.44786219256892024,0.4706015549260728,True
LPJ-GUESS,1999,HW,tran,precipitation,13289,0.27874199772935754,0.27927811113558926,0.006509421051334503,0.26740733253065907,0.294100914152462,True
LPJ-GUESS,1999,HW,tran,lai,13289,0.44349349283885847,0.44407722172521547,0.005898374089715814,0.4341104265777196,0.45631139608526455,True
LPJ-GUESS,1999,HW,evspsblveg,precipitation,13289,0.3901841569040989,0.3910817243812959,0.006984398768536083,0.3771710778305408,0.405313475182509,True
LPJ-GUESS,1999,HW,evspsblveg,lai,13289,0.5152806614725339,0.5161850931007277,0.00455151387583099,0.5078481963323234,0.5252325439220026,True
LPJ-GUESS,1999,HW,evspsblsoi,precipitation,13289,0.13459523754535282,0.13658540981556397,0.006364406035983528,0.12494915430020448,0.1480198587189676,True
LPJ-GUESS,1999,HW,evspsblsoi,lai,13289,0.12146487522479514,0.12746680975737018,0.006499145113939425,0.11642305638529975,0.14081062099942637,True
LPJ-GUESS,1999,HD,evapotrans,precipitation,11879,0.4444003265582929,0.44670870216184083,0.005394932148154103,0.43615733301424486,0.4567533023179891,True
LPJ-GUESS,1999,HD,evapotrans,lai,11879,0.5069923992286987,0.5091153887101055,0.004856953682813778,0.49924342745692823,0.518558642990487,True
LPJ-GUESS,1999,HD,tran,precipitation,11879,0.42792937790842855,0.4302333376170121,0.005832818675930948,0.4188783890041972,0.4413874462282929,True
LPJ-GUESS,1999,HD,tran,lai,11879,0.5589739327217229,0.5609674133442474,0.004681829938201672,0.5509250009057628,0.5701435742558165,True
LPJ-GUESS,1999,HD,evspsblveg,precipitation,11879,0.4181743212457568,0.4220011608038283,0.005879936699606367,0.41139624008879133,0.4321532912908607,True
LPJ-GUESS,1999,HD,evspsblveg,lai,11879,0.5662126427447582,0.5684972629185904,0.00392315163829711,0.561897449834057,0.5758689485815479,True
LPJ-GUESS,1999,HD,evspsblsoi,precipitation,11879,0.2982217635680811,0.30068111029892736,0.00633055573322704,0.2887953384843623,0.31180700240499193,True
LPJ-GUESS,1999,HD,evspsblsoi,lai,11879,0.24533713683684216,0.24838197797879133,0.00839746249018696,0.23107087015187724,0.26450186083589555,True
LPJ-GUESS,1999,CW,evapotrans,precipitation,22360,0.24590697994868005,0.2474513572890485,0.006274382505668549,0.2357732600638703,0.26118108270759277,True
LPJ-GUESS,1999,CW,evapotrans,lai,22360,0.3492397137745975,0.3509742171201905,0.003817464190133783,0.3430950326392316,0.3580204154600968,True
LPJ-GUESS,1999,CW,tran,precipitation,22360,0.22186491335448838,0.22474357410589468,0.006307072749786354,0.21240101862576738,0.2371791335281068,True
LPJ-GUESS,1999,CW,tran,lai,22360,0.3723389982110913,0.3740760291188774,0.003789437028929126,0.36579750811691286,0.38049594086844846,True
LPJ-GUESS,1999,CW,evspsblveg,precipitation,22360,0.21218901387305558,0.21205942467898922,0.005820999639679829,0.20079740806632224,0.22539785094913006,True
LPJ-GUESS,1999,CW,evspsblveg,lai,22360,0.547160107334526,0.5476122780134862,0.003829804791238437,0.5397773016166508,0.5546392884274218,True
LPJ-GUESS,1999,CW,evspsblsoi,precipitation,22360,0.14830135782421272,0.1493851564410336,0.004507191593615901,0.14145376759500466,0.1579316191756943,True
LPJ-GUESS,1999,CW,evspsblsoi,lai,22360,0.1489042933810376,0.15159738848891136,0.0062265531572666755,0.13951361072884566,0.1638001466233448,True
LPJ-GUESS,1999,CD,evapotrans,precipitation,10698,0.256638646794646,0.2608604634735317,0.008655388154943815,0.24699946526806157,0.28008145619493224,True
LPJ-GUESS,1999,CD,evapotrans,lai,10698,0.47641848283827304,0.4791020995432099,0.004728401096320305,0.4706993218071443,0.487541332124171,True
LPJ-GUESS,1999,CD,tran,precipitation,10698,0.24228128072846203,0.24360250024250021,0.008039025725984755,0.2284503361631108,0.2602648662889518,True
LPJ-GUESS,1999,CD,tran,lai,10698,0.5710399995200011,0.5722459387230038,0.004151725101696416,0.5639139730686792,0.5809623900909258,True
LPJ-GUESS,1999,CD,evspsblveg,precipitation,10698,0.27257421434949464,0.2751515396653229,0.008026291306001129,0.2596299030371354,0.2924944277801645,True
LPJ-GUESS,1999,CD,evspsblveg,lai,10698,0.6028289854160879,0.6040501516734456,0.003735705578720019,0.5973674070572779,0.6107090720231813,True
LPJ-GUESS,1999,CD,evspsblsoi,precipitation,10698,0.16370109357500662,0.16804170024645904,0.008016818254740833,0.15233140253613267,0.1846802810024188,True
LPJ-GUESS,1999,CD,evspsblsoi,lai,10698,0.17670924602904203,0.18125589034683146,0.007904711955998855,0.16641522033273523,0.19497533145486817,True
LPJ-GUESS,2000,HW,evapotrans,precipitation,13256,0.3629737386239771,0.36293277504632654,0.007538132976002098,0.34935271609933394,0.37760932528855873,True
LPJ-GUESS,2000,HW,evapotrans,lai,13256,0.4575627853107831,0.4578548965983682,0.006512632113373921,0.44590844801154744,0.47103038650060386,True
LPJ-GUESS,2000,HW,tran,precipitation,13256,0.2759054222102463,0.27711623334815727,0.008611317127621308,0.2612771237902717,0.2939328760837286,True
LPJ-GUESS,2000,HW,tran,lai,13256,0.41826472491187383,0.4209862485286221,0.0062288171098295155,0.4088984385081983,0.4324228992346312,True
LPJ-GUESS,2000,HW,evspsblveg,precipitation,13256,0.3971560207333985,0.3991538609255245,0.007040420977703324,0.3870429255516967,0.4127575711522793,True
LPJ-GUESS,2000,HW,evspsblveg,lai,13256,0.5008202423368265,0.5035022002064448,0.005095571118306204,0.49308232730385965,0.5127658122188627,True
LPJ-GUESS,2000,HW,evspsblsoi,precipitation,13256,0.1388438715113302,0.1439562116753801,0.006668389992569535,0.1308168942424732,0.15668807604017074,True
LPJ-GUESS,2000,HW,evspsblsoi,lai,13256,0.11768153480230586,0.12415495186590961,0.0076513755227283625,0.1102015039007538,0.13830046450449085,True
LPJ-GUESS,2000,HD,evapotrans,precipitation,11881,0.49126485842867557,0.4935534391401922,0.004889688827778725,0.4836679147059671,0.5023637418983244,True
LPJ-GUESS,2000,HD,evapotrans,lai,11881,0.47415071796437,0.4772807770086411,0.006147546019448351,0.46475776802567403,0.4893919164402506,True
LPJ-GUESS,2000,HD,tran,precipitation,11881,0.44283390550843804,0.4448888589248753,0.006384453552442762,0.4319189494091592,0.4570826491281228,True
LPJ-GUESS,2000,HD,tran,lai,11881,0.5733485855950295,0.5754283148121712,0.0039257910410873805,0.5672211198520962,0.5835060076587073,True
LPJ-GUESS,2000,HD,evspsblveg,precipitation,11881,0.42648336702286793,0.4288904135134064,0.005491589872005247,0.4188239288235429,0.439658220274223,True
LPJ-GUESS,2000,HD,evspsblveg,lai,11881,0.5585769245919907,0.5601639041253549,0.004513563731547715,0.5505373181205412,0.5685397362865101,True
LPJ-GUESS,2000,HD,evspsblsoi,precipitation,11881,0.2990029188512605,0.304014543401703,0.006943312408845174,0.29103339807041867,0.3181463435016597,True
LPJ-GUESS,2000,HD,evspsblsoi,lai,11881,0.21368285441174933,0.21894458059932007,0.006867336939523483,0.20756515244326668,0.23307104354382702,True
LPJ-GUESS,2000,CW,evapotrans,precipitation,22368,0.2774964972120209,0.280786931000993,0.006477848577519328,0.2668308636556712,0.2935837318696138,True
LPJ-GUESS,2000,CW,evapotrans,lai,22368,0.37301668622011264,0.374151484270523,0.004049014357594172,0.366241145323934,0.38143384281016496,True
LPJ-GUESS,2000,CW,tran,precipitation,22368,0.25920677437187645,0.2617117035201974,0.006111315721852088,0.24942613976915126,0.27372519480994245,True
LPJ-GUESS,2000,CW,tran,lai,22368,0.3865634630831579,0.3879798854693112,0.0040304704747781755,0.3803230761650009,0.39538314241943434,True
LPJ-GUESS,2000,CW,evspsblveg,precipitation,22368,0.2378586214179545,0.2388390943693282,0.005614536037910097,0.22725947352885592,0.25176537165777996,True
LPJ-GUESS,2000,CW,evspsblveg,lai,22368,0.536954024380573,0.5372799708643196,0.0032941779523428557,0.5307055170817186,0.5436042978734256,True
LPJ-GUESS,2000,CW,evspsblsoi,precipitation,22368,0.11606865989894805,0.11912670221077763,0.005186843665779672,0.10947186897321354,0.1300715658747625,True
LPJ-GUESS,2000,CW,evspsblsoi,lai,22368,0.16677108894307788,0.16993658386583038,0.004645726969431329,0.16054525044845278,0.1787951696947084,True
LPJ-GUESS,2000,CD,evapotrans,precipitation,10683,0.26171289307007206,0.26512436644640897,0.00845905659556802,0.2502626191090662,0.2820111141107221,True
LPJ-GUESS,2000,CD,evapotrans,lai,10683,0.47035455890751554,0.47131586574422335,0.004882408285625359,0.46196410010997513,0.4811234097228331,True
LPJ-GUESS,2000,CD,tran,precipitation,10683,0.2436806529989055,0.24437640311674094,0.007592092279470182,0.2295178779144205,0.2602009210728799,True
LPJ-GUESS,2000,CD,tran,lai,10683,0.5596144299406702,0.5596407637046859,0.004321378833959096,0.5507169352678829,0.5675877292968877,True
LPJ-GUESS,2000,CD,evspsblveg,precipitation,10683,0.2912881881158149,0.2909091905657942,0.006764995233673234,0.2778120046607017,0.3037611007670881,True
LPJ-GUESS,2000,CD,evspsblveg,lai,10683,0.5934553427844511,0.5960509528239217,0.0045341680041969595,0.5883288811075724,0.6062532318579913,True
LPJ-GUESS,2000,CD,evspsblsoi,precipitation,10683,0.15051175743194023,0.15353990217200056,0.005639309521525087,0.14275253070269162,0.16503099518579092,True
LPJ-GUESS,2000,CD,evspsblsoi,lai,10683,0.1793190148194332,0.18564259621363455,0.009599433632515123,0.16911256877314684,0.20676698336566277,True
LPJ-GUESS,2001,HW,evapotrans,precipitation,13274,0.33570275710328823,0.3364429445413581,0.008049493129297178,0.3219128325437568,0.3499075945981581,True
LPJ-GUESS,2001,HW,evapotrans,lai,13274,0.44448891198084683,0.4474413314571592,0.00590330723066119,0.43509980763170203,0.4585768396881606,True
LPJ-GUESS,2001,HW,tran,precipitation,13274,0.25241385370487107,0.25409914828385916,0.007593055283729839,0.2395211499478557,0.268932179504761,True
LPJ-GUESS,2001,HW,tran,lai,13274,0.4084761684598195,0.410367569449206,0.006883334246615365,0.39729227073476214,0.42398112656815046,True
LPJ-GUESS,2001,HW,evspsblveg,precipitation,13274,0.37537526504434665,0.376344327462472,0.007528179215224158,0.36179811546131524,0.38883027592995845,True
LPJ-GUESS,2001,HW,evspsblveg,lai,13274,0.4949351668428652,0.4963000343699153,0.004900022570631137,0.486996514914538,0.5049729252697647,True
LPJ-GUESS,2001,HW,evspsblsoi,precipitation,13274,0.18570091599505656,0.1857718546112171,0.006552032070032788,0.17249291454563465,0.19802072360231812,True
LPJ-GUESS,2001,HW,evspsblsoi,lai,13274,0.1379194065120552,0.14660180289347363,0.0066359461678173375,0.13349531506703788,0.15885335396294797,True
LPJ-GUESS,2001,HD,evapotrans,precipitation,11874,0.5087255696183133,0.5103082265304882,0.00566358540571636,0.5001498281320529,0.5206901461709692,True
LPJ-GUESS,2001,HD,evapotrans,lai,11874,0.5366679749841746,0.5388592123059456,0.004313519616768559,0.53062097187439,0.5470883672972435,True
LPJ-GUESS,2001,HD,tran,precipitation,11874,0.48169739013361157,0.48372992602699083,0.006343809670714687,0.47001606225934206,0.49585116919083755,True
LPJ-GUESS,2001,HD,tran,lai,11874,0.5831121467915216,0.5853816227600145,0.003598060191345731,0.5785991351819647,0.5925265518826389,True
LPJ-GUESS,2001,HD,evspsblveg,precipitation,11874,0.49015671997705756,0.4911779600668389,0.005230348392458731,0.4814856799082646,0.5004015941429035,True
LPJ-GUESS,2001,HD,evspsblveg,lai,11874,0.5873237372075424,0.5889059513555368,0.003626436552679702,0.5818354025635785,0.5955722879788515,True
LPJ-GUESS,2001,HD,evspsblsoi,precipitation,11874,0.2856673747851206,0.28902880557385013,0.007249847366780474,0.27410871294557904,0.30136845592993616,True
LPJ-GUESS,2001,HD,evspsblsoi,lai,11874,0.22432621537257713,0.22603054038268922,0.007258432072982559,0.21246029325742624,0.24078152600144304,True
LPJ-GUESS,2001,CW,evapotrans,precipitation,22323,0.26026893332649925,0.26146310195612604,0.0066364258356061325,0.24897850008635786,0.27372695520367435,True
LPJ-GUESS,2001,CW,evapotrans,lai,22323,0.37127009054261506,0.37228273101127884,0.003620993262305775,0.364299815658569,0.3788951191960598,True
LPJ-GUESS,2001,CW,tran,precipitation,22323,0.24157828569102094,0.24288468737856866,0.006235428880132747,0.23103260466440764,0.2535901612842402,True
LPJ-GUESS,2001,CW,tran,lai,22323,0.39380332570823573,0.3947204743118931,0.003490498828338224,0.38785144848400016,0.40143328150535024,True
LPJ-GUESS,2001,CW,evspsblveg,precipitation,22323,0.2269470653869429,0.2291682043843187,0.005572794501264816,0.21938511792571122,0.23989297578140767,True
LPJ-GUESS,2001,CW,evspsblveg,lai,22323,0.5378897927736425,0.5393718497089296,0.003180117345816223,0.533961047103706,0.545838868884085,True
LPJ-GUESS,2001,CW,evspsblsoi,precipitation,22323,0.10852710196970192,0.11366640417008393,0.005327862809501782,0.10338025512204202,0.12371367358208002,True
LPJ-GUESS,2001,CW,evspsblsoi,lai,22323,0.1698973983629402,0.17403139240259363,0.0050546517382818994,0.1647707919952939,0.18447693727166414,True
LPJ-GUESS,2001,CD,evapotrans,precipitation,10661,0.2231827216095751,0.22918115240898623,0.007663377147377812,0.21290907551139618,0.24346384152491674,True
LPJ-GUESS,2001,CD,evapotrans,lai,10661,0.4848822682843598,0.48530334432728706,0.005837513264307464,0.473309010996057,0.49577022367268236,True
LPJ-GUESS,2001,CD,tran,precipitation,10661,0.2174898613762858,0.22105009398128048,0.008439266307554578,0.2034963212111224,0.23859321932370686,True
LPJ-GUESS,2001,CD,tran,lai,10661,0.5774742609215648,0.5807836528389422,0.004311599869071077,0.572262831026872,0.589461651699827,True
LPJ-GUESS,2001,CD,evspsblveg,precipitation,10661,0.22516721540291182,0.22824586267172947,0.008070168583084522,0.21357598141198142,0.2431587046145295,True
LPJ-GUESS,2001,CD,evspsblveg,lai,10661,0.5986555761594721,0.6005850803795181,0.0043720612693979284,0.5923084568559543,0.6089808963256024,True
LPJ-GUESS,2001,CD,evspsblsoi,precipitation,10661,0.15163872397757838,0.15506642969507353,0.008239154033563888,0.13899511681984686,0.1696814040458589,True
LPJ-GUESS,2001,CD,evspsblsoi,lai,10661,0.19727997610618314,0.19892545740094406,0.008432240576429951,0.1828608108694927,0.21473335265868795,True
LPJ-GUESS,2002,HW,evapotrans,precipitation,13301,0.2767042502881518,0.2809922875832484,0.0056934104654515795,0.27041691453940386,0.2927927206238242,True
LPJ-GUESS,2002,HW,evapotrans,lai,13301,0.4764999013585388,0.48018405029703454,0.00476261975871689,0.46995466911033934,0.48930510895857426,True
LPJ-GUESS,2002,HW,tran,precipitation,13301,0.19248467948308484,0.19978329686162472,0.00655732641397548,0.1888852437386437,0.21280127759488238,True
LPJ-GUESS,2002,HW,tran,lai,13301,0.4534183081943638,0.45480690741907087,0.00559859999492819,0.44527722115342555,0.4667485241214205,True
LPJ-GUESS,2002,HW,evspsblveg,precipitation,13301,0.3349692459100537,0.33735919284078475,0.0049106720609826465,0.32683500718134095,0.3459769581817173,True
LPJ-GUESS,2002,HW,evspsblveg,lai,13301,0.502550545976248,0.5038569191146918,0.004678151428318932,0.4949638691012307,0.5130286427725067,True
LPJ-GUESS,2002,HW,evspsblsoi,precipitation,13301,0.17324046527113968,0.17907984597012308,0.007922075240021828,0.1639929628268664,0.1938673581337063,True
LPJ-GUESS,2002,HW,evspsblsoi,lai,13301,0.15129002681125794,0.15613248140924196,0.00831632125064435,0.14146419991089537,0.17352343077780127,True
LPJ-GUESS,2002,HD,evapotrans,precipitation,11875,0.48585999363388277,0.4875187060726827,0.005554700881740544,0.4763116951741004,0.49840793459740834,True
LPJ-GUESS,2002,HD,evapotrans,lai,11875,0.5177431508063086,0.5181471773123727,0.004931416559379155,0.5085661524368668,0.5272887259139131,True
LPJ-GUESS,2002,HD,tran,precipitation,11875,0.4757691114406245,0.4778777992438461,0.005481427164745191,0.4669883958168451,0.48846108667559146,True
LPJ-GUESS,2002,HD,tran,lai,11875,0.5703292574871521,0.5702676807063174,0.0044356787203635424,0.5608345514786169,0.5789080984361068,True
LPJ-GUESS,2002,HD,evspsblveg,precipitation,11875,0.4735560318287917,0.4753688850527341,0.005796923800022674,0.46334770372773987,0.48601410232423337,True
LPJ-GUESS,2002,HD,evspsblveg,lai,11875,0.581280701754386,0.5811402096804646,0.004120561090489426,0.5723411823859108,0.5883326689980346,True
LPJ-GUESS,2002,HD,evspsblsoi,precipitation,11875,0.24081759411164816,0.24573937153436326,0.007342310013209219,0.2326731437139309,0.2598615837746388,True
LPJ-GUESS,2002,HD,evspsblsoi,lai,11875,0.23392829335343415,0.23568557923783584,0.007087871403797266,0.2214048943111632,0.24889273675387277,True
LPJ-GUESS,2002,CW,evapotrans,precipitation,22359,0.21566562856595956,0.21823032294631375,0.006760332223879481,0.2059262551037372,0.2324463809271901,True
LPJ-GUESS,2002,CW,evapotrans,lai,22359,0.36663263707586424,0.3680633508202606,0.0033594125968626942,0.36233868243790596,0.37433543597926483,True
LPJ-GUESS,2002,CW,tran,precipitation,22359,0.20104320354240507,0.20376714394627826,0.0067316979688502795,0.19156099385360392,0.2183471125158488,True
LPJ-GUESS,2002,CW,tran,lai,22359,0.3787083413041744,0.3802889723031029,0.003505603452797337,0.37397386735312904,0.3874820318363182,True
LPJ-GUESS,2002,CW,evspsblveg,precipitation,22359,0.2237085106079454,0.22856242387660167,0.006421299034095306,0.21622171877660015,0.24077720542756698,True
LPJ-GUESS,2002,CW,evspsblveg,lai,22359,0.5305045788431595,0.5319945421348053,0.00342852790507419,0.5247663648840007,0.5387022373311704,True
LPJ-GUESS,2002,CW,evspsblsoi,precipitation,22359,0.12370216879781792,0.1268792072890725,0.004666718180567825,0.11781399447366472,0.13520966169861126,True
LPJ-GUESS,2002,CW,evspsblsoi,lai,22359,0.17679116756776012,0.18019020603644,0.005179725028527014,0.17009001261534906,0.18967157050307148,True
LPJ-GUESS,2002,CD,evapotrans,precipitation,10697,0.21929853334170546,0.21806078225727887,0.007401025477625371,0.20192592640488782,0.23096777814487818,True
LPJ-GUESS,2002,CD,evapotrans,lai,10697,0.4907332508108988,0.49370433312807444,0.0051352586874806126,0.48329986137148495,0.5038743875738549,True
LPJ-GUESS,2002,CD,tran,precipitation,10697,0.18471353178001232,0.18917413798377172,0.006318286514719482,0.1775392190700785,0.2008273771032015,True
LPJ-GUESS,2002,CD,tran,lai,10697,0.5859954035280595,0.5882099278147287,0.004534519902652928,0.5802756210490596,0.5971290759492371,True
LPJ-GUESS,2002,CD,evspsblveg,precipitation,10697,0.20896160576482303,0.20780075972590278,0.007127983300068124,0.19184943607280475,0.22002810621112567,True
LPJ-GUESS,2002,CD,evspsblveg,lai,10697,0.6047736996979386,0.6075659755925217,0.004855264344923082,0.5972009091533234,0.617448652338937,True
LPJ-GUESS,2002,CD,evspsblsoi,precipitation,10697,0.13922241490928713,0.1448681415649515,0.006441887888466279,0.13364049708997136,0.1565391313645862,True
LPJ-GUESS,2002,CD,evspsblsoi,lai,10697,0.23807619532079358,0.23757729904751543,0.009635579643952546,0.2181911286213145,0.2556612406539417,True
LPJ-GUESS,2003,HW,evapotrans,precipitation,13299,0.310178280177552,0.31322921318296587,0.007177603513395901,0.2989316311310797,0.3274863871069444,True
LPJ-GUESS,2003,HW,evapotrans,lai,13299,0.4653074147131872,0.4669288119016342,0.005646735889194118,0.45526830086306486,0.47810742269583845,True
LPJ-GUESS,2003,HW,tran,precipitation,13299,0.24261596070377842,0.24558270735070728,0.007349225168162702,0.23246853811157717,0.2612851216124145,True
LPJ-GUESS,2003,HW,tran,lai,13299,0.4516567473273755,0.45459784699975914,0.005309145373528162,0.44468267550314855,0.46525684431564346,True
LPJ-GUESS,2003,HW,evspsblveg,precipitation,13299,0.35110830818250893,0.3542563870344666,0.007501490186676762,0.33967318682375736,0.36676285978009177,True
LPJ-GUESS,2003,HW,evspsblveg,lai,13299,0.5000432787359782,0.5023783340630242,0.004609826563248398,0.49395408751637176,0.5120589078832591,True
LPJ-GUESS,2003,HW,evspsblsoi,precipitation,13299,0.12330077958261323,0.12653187781399347,0.00644198626216811,0.11398341366693032,0.13857177454861483,True
LPJ-GUESS,2003,HW,evspsblsoi,lai,13299,0.14713546216092904,0.1497729895539635,0.006492531457467164,0.13755439025491578,0.16467294505331423,True
LPJ-GUESS,2003,HD,evapotrans,precipitation,11878,0.5279557617923296,0.5287172838323753,0.004197127336999717,0.5207028724407128,0.5363583731774124,True
LPJ-GUESS,2003,HD,evapotrans,lai,11878,0.46903422732686917,0.47237342484051537,0.006008459901794242,0.4597128362853415,0.4834086837623442,True
LPJ-GUESS,2003,HD,tran,precipitation,11878,0.4858810934197485,0.486483213995583,0.00577560114777702,0.47621618710191443,0.49733150489229844,True
LPJ-GUESS,2003,HD,tran,lai,11878,0.5635695508148784,0.5637858569375689,0.003898370588757342,0.5564084907461507,0.5718686529869929,True
LPJ-GUESS,2003,HD,evspsblveg,precipitation,11878,0.48193482649428765,0.48437586020240375,0.0052061543190728525,0.4732341307532583,0.49432594192106366,True
LPJ-GUESS,2003,HD,evspsblveg,lai,11878,0.5421448729876075,0.5441178668939213,0.004651535777139294,0.5354567145012432,0.55283052153807,True
LPJ-GUESS,2003,HD,evspsblsoi,precipitation,11878,0.2907629335569294,0.29556618947652663,0.008136667551619207,0.2806156943926315,0.31289725016761005,True
LPJ-GUESS,2003,HD,evspsblsoi,lai,11878,0.21732464681614375,0.21821132578444793,0.008928448571774363,0.20194878122923038,0.23368447465322603,True
LPJ-GUESS,2003,CW,evapotrans,precipitation,22382,0.2016200103028661,0.20308584918708264,0.005760430858608655,0.1927360167513291,0.21550992912500433,True
LPJ-GUESS,2003,CW,evapotrans,lai,22382,0.37592297174202205,0.37721938112888,0.004219017636634869,0.3690381813276847,0.38556151994759336,True
LPJ-GUESS,2003,CW,tran,precipitation,22382,0.18144305845794476,0.18362793516702142,0.00605990576416749,0.1724608196245751,0.19665817927421636,True
LPJ-GUESS,2003,CW,tran,lai,22382,0.398576500377833,0.39952512188196776,0.0036951511855035507,0.3919413105503785,0.4069375523825338,True
LPJ-GUESS,2003,CW,evspsblveg,precipitation,22382,0.18253024161107373,0.18549191448444147,0.006759326907205358,0.17256785467584076,0.19844658223060385,True
LPJ-GUESS,2003,CW,evspsblveg,lai,22382,0.5281187910398764,0.5290847846863553,0.004088741077792251,0.5218294892225546,0.537458686512164,True
LPJ-GUESS,2003,CW,evspsblsoi,precipitation,22382,0.12289553512366874,0.12331861982015059,0.0054110895657681415,0.11279368229050088,0.1341100895560443,True
LPJ-GUESS,2003,CW,evspsblsoi,lai,22382,0.15338645434234024,0.15633844159257232,0.005736233809087198,0.14561922085257017,0.1670480895595035,True
LPJ-GUESS,2003,CD,evapotrans,precipitation,10675,0.2648320818947826,0.26785844748341164,0.0075213372050466284,0.25325552456850187,0.28176486920195526,True
LPJ-GUESS,2003,CD,evapotrans,lai,10675,0.50350343278034,0.5021556288069321,0.004788861594716605,0.4916206453015112,0.5105257085688152,True
LPJ-GUESS,2003,CD,tran,precipitation,10675,0.24109387424592327,0.24053596841350103,0.007611175656718208,0.22646200352686366,0.25439293482871084,True
LPJ-GUESS,2003,CD,tran,lai,10675,0.5730930249402448,0.5758293644537268,0.003779277538322822,0.5689992212475865,0.582988693222796,True
LPJ-GUESS,2003,CD,evspsblveg,precipitation,10675,0.2606139913829622,0.26538468037836566,0.008317287829067528,0.25034818496740213,0.28412582091705446,True
LPJ-GUESS,2003,CD,evspsblveg,lai,10675,0.5966819228653442,0.5969445278028221,0.004601822692883114,0.5871637418217357,0.6054034331766783,True
LPJ-GUESS,2003,CD,evspsblsoi,precipitation,10675,0.14506744758763537,0.1491047923049227,0.008329181668440473,0.13308268032466164,0.16588892190704962,True
LPJ-GUESS,2003,CD,evspsblsoi,lai,10675,0.1752021557572912,0.1836962712555842,0.010052250966841437,0.16597418415836265,0.20502421968955206,True
LPJ-GUESS,2004,HW,evapotrans,precipitation,13297,0.3451887133158167,0.3464461080722876,0.007295090913642879,0.3327553720028636,0.3607854062457539,True
LPJ-GUESS,2004,HW,evapotrans,lai,13297,0.4801007013872983,0.48192135323047297,0.005201369788055652,0.47145343930215555,0.49200329194082854,True
LPJ-GUESS,2004,HW,tran,precipitation,13297,0.2674804852915466,0.27071751858973625,0.007263359024421928,0.25685206524879356,0.2848270849524331,True
LPJ-GUESS,2004,HW,tran,lai,13297,0.43596356504884387,0.4386789172960417,0.004853243948320209,0.42897248803650406,0.4476996158396112,True
LPJ-GUESS,2004,HW,evspsblveg,precipitation,13297,0.39399731107761526,0.3957534758843895,0.006714955124235163,0.3828078893854812,0.40878634375310685,True
LPJ-GUESS,2004,HW,evspsblveg,lai,13297,0.4967635848318723,0.4977384005835578,0.004932098508087772,0.4877646477152361,0.5077650811558594,True
LPJ-GUESS,2004,HW,evspsblsoi,precipitation,13297,0.16883671538777756,0.1681551588782458,0.006691553312924739,0.1548397925440028,0.18118655224704167,True
LPJ-GUESS,2004,HW,evspsblsoi,lai,13297,0.15075755662783064,0.1566868187573319,0.006965380355279982,0.14435013042251607,0.16975634310086118,True
LPJ-GUESS,2004,HD,evapotrans,precipitation,11875,0.5123793543419678,0.511603119232737,0.004597229962232662,0.5025119512026514,0.5195767430923411,True
LPJ-GUESS,2004,HD,evapotrans,lai,11875,0.5188838915470495,0.5213070839758687,0.004749219586400389,0.5130080263418499,0.5298508743392482,True
LPJ-GUESS,2004,HD,tran,precipitation,11875,0.47216769250315116,0.47449569509618605,0.004854276333826905,0.46423082358320517,0.48254286386804457,True
LPJ-GUESS,2004,HD,tran,lai,11875,0.5896538011695907,0.5919734361840281,0.004078575932400522,0.584009117224955,0.6000082715584021,True
LPJ-GUESS,2004,HD,evspsblveg,precipitation,11875,0.48983004879479586,0.4902573042023758,0.005305763492812798,0.47873895364637015,0.5001170860023922,True
LPJ-GUESS,2004,HD,evspsblveg,lai,11875,0.5803076732234627,0.5818863476376847,0.003514621125285545,0.5762274053036195,0.5891515905618221,True
LPJ-GUESS,2004,HD,evspsblsoi,precipitation,11875,0.24849501999106927,0.25288400031955904,0.00767436695788385,0.239943146002659,0.2688166456998045,True
LPJ-GUESS,2004,HD,evspsblsoi,lai,11875,0.20798752845709792,0.21359307107174313,0.00715271121431562,0.20062301524218973,0.22612745042470883,True
LPJ-GUESS,2004,CW,evapotrans,precipitation,22331,0.28976877537265067,0.2929453951126074,0.005746328094413185,0.2811690088044413,0.30325246466675393,True
LPJ-GUESS,2004,CW,evapotrans,lai,22331,0.3744484829522877,0.3757235146247922,0.004379381131853564,0.367281373721617,0.3831849284911682,True
LPJ-GUESS,2004,CW,tran,precipitation,22331,0.25966501206721426,0.2632057446910691,0.006095228814181286,0.2506773492418592,0.2741771563162028,True
LPJ-GUESS,2004,CW,tran,lai,22331,0.38214976812166723,0.3836202401597087,0.0041392407205121055,0.3759194130454969,0.39210573099447,True
LPJ-GUESS,2004,CW,evspsblveg,precipitation,22331,0.2317318071260674,0.23286766856497684,0.006208081541836569,0.21959051742317856,0.24544679780794104,True
LPJ-GUESS,2004,CW,evspsblveg,lai,22331,0.5471904114962176,0.5483446765018221,0.0033433818155804733,0.5421155022667563,0.5541944309755451,True
LPJ-GUESS,2004,CW,evspsblsoi,precipitation,22331,0.12763726490516025,0.1285338014819012,0.0055069880033736624,0.11837984589029758,0.14031345413848412,True
LPJ-GUESS,2004,CW,evspsblsoi,lai,22331,0.17395826939001033,0.17377829206426548,0.0061201128989136315,0.16253111944595025,0.1849924901783122,True
LPJ-GUESS,2004,CD,evapotrans,precipitation,10737,0.2786026840434301,0.28298780321608985,0.008438297252694588,0.27001154834031466,0.3022722224020363,True
LPJ-GUESS,2004,CD,evapotrans,lai,10737,0.49724107288379255,0.49903847578092636,0.004217742436338341,0.4912531633260812,0.5077736869597193,True
LPJ-GUESS,2004,CD,tran,precipitation,10737,0.2609334450689428,0.26430296692869226,0.00871343249779655,0.249069898158819,0.2839103238550648,True
LPJ-GUESS,2004,CD,tran,lai,10737,0.59298788819521,0.5951805931595865,0.0047467205696153925,0.58738298230971,0.6037887624703094,True
LPJ-GUESS,2004,CD,evspsblveg,precipitation,10737,0.27421170010409424,0.2755129614765033,0.0084913535261817,0.26115222845331043,0.29277253258019253,True
LPJ-GUESS,2004,CD,evspsblveg,lai,10737,0.6064753657319486,0.6093858720458503,0.005103749408060984,0.6002471118928446,0.6199644473281162,True
LPJ-GUESS,2004,CD,evspsblsoi,precipitation,10737,0.1428013108334362,0.1457060265458799,0.0060985405703097625,0.1345142292493761,0.15789151751762653,True
LPJ-GUESS,2004,CD,evspsblsoi,lai,10737,0.20850076506188228,0.21139231655422538,0.009741329196594808,0.19167078596671855,0.22777097963097506,True
LPJ-GUESS,2005,HW,evapotrans,precipitation,13281,0.3556498412897128,0.3586898136196757,0.00677392281546401,0.3461208328829857,0.3710906675488576,True
LPJ-GUESS,2005,HW,evapotrans,lai,13281,0.47612315083691437,0.47809283142901216,0.005224441685804972,0.4691085786934359,0.4888998466253483,True
LPJ-GUESS,2005,HW,tran,precipitation,13281,0.26950287597192474,0.2723160660695803,0.008523959828368935,0.2581877563701189,0.28901692174307,True
LPJ-GUESS,2005,HW,tran,lai,13281,0.44028536780961663,0.4417658292805464,0.005834221986383422,0.4310230374811959,0.4519697985698544,True
LPJ-GUESS,2005,HW,evspsblveg,precipitation,13281,0.4030112147256295,0.40629970739068383,0.006195164794247527,0.394628015730235,0.41744160997416024,True
LPJ-GUESS,2005,HW,evspsblveg,lai,13281,0.5118918184597436,0.5129987155682286,0.004725016985598915,0.5037425187374514,0.5220181324890443,True
LPJ-GUESS,2005,HW,evspsblsoi,precipitation,13281,0.1487631120823933,0.15309256115986136,0.007440251323856804,0.13799504712027455,0.16526861656894437,True
LPJ-GUESS,2005,HW,evspsblsoi,lai,13281,0.13717372312833898,0.14245283964951996,0.007998257572580984,0.12648043608815202,0.1580209149999589,True
LPJ-GUESS,2005,HD,evapotrans,precipitation,11875,0.4858595345852739,0.4871926149192927,0.004972093285288615,0.4782145351036196,0.497075519193548,True
LPJ-GUESS,2005,HD,evapotrans,lai,11875,0.4871857168172958,0.48798286160792037,0.005403052423624327,0.47828009220255535,0.4989361783317442,True
LPJ-GUESS,2005,HD,tran,precipitation,11875,0.46585031888222594,0.4690150758153392,0.004897764250162116,0.46079611265490394,0.4790151268017713,True
LPJ-GUESS,2005,HD,tran,lai,11875,0.5432422715754778,0.5443290866385585,0.00514927572172595,0.5346455119918886,0.5537703004176767,True
LPJ-GUESS,2005,HD,evspsblveg,precipitation,11875,0.47596036239962103,0.4778140041746502,0.005498764300677169,0.46834560760839733,0.48967701747501835,True
LPJ-GUESS,2005,HD,evspsblveg,lai,11875,0.5803911749069643,0.5815505450531876,0.00436273599534078,0.571739098956726,0.5894945372777719,True
LPJ-GUESS,2005,HD,evspsblsoi,precipitation,11875,0.27324601052724135,0.2763054088898788,0.008608776734121902,0.25936477200483277,0.29256568703788005,True
LPJ-GUESS,2005,HD,evspsblsoi,lai,11875,0.1904808761583825,0.19339500780437693,0.006411874875063759,0.18009902073619027,0.20545751440375368,True
LPJ-GUESS,2005,CW,evapotrans,precipitation,22323,0.2537662154884148,0.25615088774314004,0.006383566613509588,0.2432950369397376,0.26871764024465317,True
LPJ-GUESS,2005,CW,evapotrans,lai,22323,0.37826032531180775,0.3791446200722811,0.003758247031732882,0.37200016916326767,0.3867397038316706,True
LPJ-GUESS,2005,CW,tran,precipitation,22323,0.23187144998684556,0.23426951992416364,0.006487458776875734,0.2204454004944426,0.24590650446878196,True
LPJ-GUESS,2005,CW,tran,lai,22323,0.39906809915420666,0.4001432364400754,0.003913317540895526,0.3915719218513922,0.40668081975902654,True
LPJ-GUESS,2005,CW,evspsblveg,precipitation,22323,0.21716441069405307,0.22013219153588515,0.005438025518819651,0.21063881208955965,0.22967880387002526,True
LPJ-GUESS,2005,CW,evspsblveg,lai,22323,0.549583214718028,0.5512507196010098,0.003405070887481101,0.5447699734888897,0.558151694942254,True
LPJ-GUESS,2005,CW,evspsblsoi,precipitation,22323,0.133773016491748,0.13540016215744743,0.005395274842548618,0.125799076769652,0.145343517206433,True
LPJ-GUESS,2005,CW,evspsblsoi,lai,22323,0.16046328041677735,0.16385077591482755,0.005229476588290449,0.15428358598299008,0.17413275828688377,True
LPJ-GUESS,2005,CD,evapotrans,precipitation,10673,0.22559018012764387,0.22684196088397066,0.008971293653421655,0.20699487394117333,0.2415200764711911,True
LPJ-GUESS,2005,CD,evapotrans,lai,10673,0.4949206148774189,0.49558461162069606,0.0054423620931754995,0.48605006684426477,0.505865465261698,True
LPJ-GUESS,2005,CD,tran,precipitation,10673,0.18857007953795157,0.1869884718177072,0.007220703329479007,0.1732651324068447,0.20051366910488336,True
LPJ-GUESS,2005,CD,tran,lai,10673,0.5828112016315992,0.5853253634361559,0.005229304586199032,0.5743988059572118,0.5956442841025918,True
LPJ-GUESS,2005,CD,evspsblveg,precipitation,10673,0.22310517188526152,0.22443337430670776,0.008477405088873345,0.2099411316210508,0.23979597141855066,True
LPJ-GUESS,2005,CD,evspsblveg,lai,10673,0.6026804668139727,0.6049101866545447,0.004336384073451999,0.5974790043523033,0.6125416300925871,True
LPJ-GUESS,2005,CD,evspsblsoi,precipitation,10673,0.21083898082654942,0.21465152149404232,0.00915215043056661,0.19857386839550814,0.23148406399449697,True
LPJ-GUESS,2005,CD,evspsblsoi,lai,10673,0.19858144795183547,0.2028913796552393,0.008715277474313375,0.18550509684872227,0.2202748907893794,True
LPJ-GUESS,2006,HW,evapotrans,precipitation,13288,0.3337185980271619,0.3358075263268327,0.00661998524882195,0.3209513507361154,0.34713458936168823,True
LPJ-GUESS,2006,HW,evapotrans,lai,13288,0.4363125541060826,0.4385597391585695,0.005580502090499693,0.4263632540132015,0.4497111408174751,True
LPJ-GUESS,2006,HW,tran,precipitation,13288,0.2640859899234035,0.26606386072630356,0.00837679628422215,0.24726163149511962,0.2816043813722368,True
LPJ-GUESS,2006,HW,tran,lai,13288,0.41463750453573756,0.41523002061654246,0.0063657083592133295,0.4015612942586296,0.42712170706756314,True
LPJ-GUESS,2006,HW,evspsblveg,precipitation,13288,0.3952958381108168,0.3958578233734225,0.006263015026301195,0.3836881851834556,0.4084428683490093,True
LPJ-GUESS,2006,HW,evspsblveg,lai,13288,0.4846189516138166,0.48555095074184623,0.005083257330220856,0.4735166315400502,0.49527109967325633,True
LPJ-GUESS,2006,HW,evspsblsoi,precipitation,13288,0.12041376501194087,0.1284183399680234,0.006686612006509255,0.11556188338417787,0.1406378606286468,True
LPJ-GUESS,2006,HW,evspsblsoi,lai,13288,0.13774961893200624,0.14202336648563688,0.008528929274682353,0.12639840585047074,0.1598333215102775,True
LPJ-GUESS,2006,HD,evapotrans,precipitation,11878,0.4683949965536722,0.4701549349767402,0.006279832930685081,0.4586929188684256,0.4813527470172323,True
LPJ-GUESS,2006,HD,evapotrans,lai,11878,0.5303989125129047,0.5304334705128563,0.005250251682129795,0.5198430606061814,0.5407779954117072,True
LPJ-GUESS,2006,HD,tran,precipitation,11878,0.45067278774180997,0.4541288071058381,0.006080828009484628,0.44297187143121586,0.46463321406621827,True
LPJ-GUESS,2006,HD,tran,lai,11878,0.5851625362906724,0.5862199725280375,0.004601053682780962,0.5770764602049894,0.5973584281923049,True
LPJ-GUESS,2006,HD,evspsblveg,precipitation,11878,0.4353878383978663,0.4384362074362679,0.005234097912429407,0.4263438916663169,0.4470353238359415,True
LPJ-GUESS,2006,HD,evspsblveg,lai,11878,0.5694603893795678,0.5717293534180016,0.0040396145419638275,0.5641702671655723,0.579317891898558,True
LPJ-GUESS,2006,HD,evspsblsoi,precipitation,11878,0.26447682317433463,0.2679639254475628,0.007890223875369409,0.2517956188932476,0.2849927240590758,True
LPJ-GUESS,2006,HD,evspsblsoi,lai,11878,0.23555778642914527,0.2379388212186393,0.009791308111120453,0.2183382534373223,0.2577916816247396,True
LPJ-GUESS,2006,CW,evapotrans,precipitation,22404,0.23638188115193615,0.2390068225358983,0.00534563474097052,0.22893761593191989,0.24893741042471904,True
LPJ-GUESS,2006,CW,evapotrans,lai,22404,0.37238240301476777,0.37396384702846036,0.0037627798019208725,0.36668094673551205,0.38161168485524033,True
LPJ-GUESS,2006,CW,tran,precipitation,22404,0.2160350921439113,0.218744841070151,0.005733044906728583,0.20805221267860763,0.2318642982212525,True
LPJ-GUESS,2006,CW,tran,lai,22404,0.4026465299563854,0.4041756996411223,0.0037743566809303477,0.39775739324849746,0.4127090082329259,True
LPJ-GUESS,2006,CW,evspsblveg,precipitation,22404,0.21649380707051497,0.21987098841967853,0.005018864042514223,0.20999171232688887,0.2295850554186718,True
LPJ-GUESS,2006,CW,evspsblveg,lai,22404,0.5377503140383095,0.5378542502336745,0.003357829272613228,0.5306920375934815,0.5440616344166643,True
LPJ-GUESS,2006,CW,evspsblsoi,precipitation,22404,0.09784331872329555,0.09888062631849145,0.005774311784595008,0.08707810525288316,0.10912797531133867,True
LPJ-GUESS,2006,CW,evspsblsoi,lai,22404,0.17005652689570738,0.17281353721402823,0.005638820802526374,0.1631923249515393,0.18393505942816332,True
LPJ-GUESS,2006,CD,evapotrans,precipitation,10726,0.22961818812912185,0.23116654392541355,0.008274656484961252,0.21524633113524835,0.2460587878104662,True
LPJ-GUESS,2006,CD,evapotrans,lai,10726,0.4896340671881253,0.4926488033288217,0.005651452976699647,0.48283614460967567,0.5052219961232637,True
LPJ-GUESS,2006,CD,tran,precipitation,10726,0.20354015273510379,0.2054782870977093,0.008640702854004,0.18977505105250572,0.2207193655050034,True
LPJ-GUESS,2006,CD,tran,lai,10726,0.5864723706168925,0.5884712305601909,0.004473577643553925,0.5801028098063634,0.5969605047513872,True
LPJ-GUESS,2006,CD,evspsblveg,precipitation,10726,0.23974865562003478,0.24088077291076637,0.008342700005431374,0.2264956760078363,0.25558395361674263,True
LPJ-GUESS,2006,CD,evspsblveg,lai,10726,0.613467389430634,0.6147327190087909,0.004719980400999209,0.6063770640515642,0.6248316484905182,True
LPJ-GUESS,2006,CD,evspsblsoi,precipitation,10726,0.18116712068514362,0.18452504799579508,0.007003062059320913,0.17004675621904203,0.19773430722987217,True
LPJ-GUESS,2006,CD,evspsblsoi,lai,10726,0.1900980432875216,0.19301949109975222,0.008918742550384561,0.17726873401382945,0.21085384926315726,True
LPJ-GUESS,2007,HW,evapotrans,precipitation,13288,0.3443914161421972,0.34560245011079926,0.007533924853182149,0.3313369162328294,0.3598862589515165,True
LPJ-GUESS,2007,HW,evapotrans,lai,13288,0.44451419816088017,0.4478200495676907,0.005634359821766764,0.43859246337258395,0.45961179810393005,True
LPJ-GUESS,2007,HW,tran,precipitation,13288,0.2692222404935245,0.27148761847199715,0.008585843401315102,0.2573324451272022,0.2902387198428412,True
LPJ-GUESS,2007,HW,tran,lai,13288,0.4114768146234443,0.41541449022203947,0.005470068581733988,0.4047740646304668,0.42569934586454405,True
LPJ-GUESS,2007,HW,evspsblveg,precipitation,13288,0.3788953265028863,0.38151245223962715,0.006953023163279087,0.369285607243294,0.39554287909990105,True
LPJ-GUESS,2007,HW,evspsblveg,lai,13288,0.5060677239408572,0.5084757014537304,0.004497751638489163,0.49976348520432,0.5170295286578411,True
LPJ-GUESS,2007,HW,evspsblsoi,precipitation,13288,0.14988219014790893,0.1569657619733715,0.008250594383975796,0.14023149348334177,0.1726064874907199,True
LPJ-GUESS,2007,HW,evspsblsoi,lai,13288,0.14104421895114058,0.145984103319051,0.007400050403915114,0.13081541730243204,0.1604081594075975,True
LPJ-GUESS,2007,HD,evapotrans,precipitation,11879,0.5075014472577019,0.5099682478652383,0.005040744296503276,0.500540771105937,0.5213505923606625,True
LPJ-GUESS,2007,HD,evapotrans,lai,11879,0.5011407817830917,0.502144714193777,0.0048762452390196,0.4925917919577622,0.5113271733668021,True
LPJ-GUESS,2007,HD,tran,precipitation,11879,0.46651390014165484,0.4703189928348062,0.006157977983660228,0.4592418696142639,0.4819019267453296,True
LPJ-GUESS,2007,HD,tran,lai,11879,0.5592254871865949,0.5612754731856296,0.004531780479193144,0.5519671772940364,0.5698377609225839,True
LPJ-GUESS,2007,HD,evspsblveg,precipitation,11879,0.4828106866076697,0.48499434823710486,0.006077788011364773,0.47244064918683726,0.4970130884157439,True
LPJ-GUESS,2007,HD,evspsblveg,lai,11879,0.5620461922023501,0.5624879490265295,0.004660715741343785,0.5546082999481731,0.5716381307218311,True
LPJ-GUESS,2007,HD,evspsblsoi,precipitation,11879,0.2627466115577526,0.26685231860778935,0.006339457357022314,0.25258640137203275,0.27806252776712514,True
LPJ-GUESS,2007,HD,evspsblsoi,lai,11879,0.18990822865809898,0.1923080563356641,0.007368554070134362,0.17883490375818212,0.20697495531436716,True
LPJ-GUESS,2007,CW,evapotrans,precipitation,22401,0.2259067458772569,0.2280605693284523,0.006253109224521203,0.21709171809138902,0.24078343882393916,True
LPJ-GUESS,2007,CW,evapotrans,lai,22401,0.3592105125896201,0.36061942075160613,0.004062941229851122,0.35371874094033523,0.36956159742894173,True
LPJ-GUESS,2007,CW,tran,precipitation,22401,0.21084489906190945,0.21212175761845245,0.0066325675069032804,0.20049158576804127,0.22509930082023813,True
LPJ-GUESS,2007,CW,tran,lai,22401,0.3859723819980349,0.3868786461221914,0.0037799164435904156,0.380004788487005,0.3947546088298495,True
LPJ-GUESS,2007,CW,evspsblveg,precipitation,22401,0.21034696898734528,0.21452666701840503,0.005566724613059991,0.2029437764583734,0.22542350150627757,True
LPJ-GUESS,2007,CW,evspsblveg,lai,22401,0.5264805778993582,0.5277575724558028,0.0032301686371709855,0.521457004119906,0.5337023057023592,True
LPJ-GUESS,2007,CW,evspsblsoi,precipitation,22401,0.10853256108011089,0.11232054529431684,0.00452453939766181,0.1047244669761475,0.12118248717041954,True
LPJ-GUESS,2007,CW,evspsblsoi,lai,22401,0.10948529681391775,0.11634277587047943,0.005760822401265821,0.10659070282623186,0.1270569188741116,True
LPJ-GUESS,2007,CD,evapotrans,precipitation,10701,0.2834016140798904,0.2854304153324048,0.008705621560355835,0.26824827469037604,0.3026678778305973,True
LPJ-GUESS,2007,CD,evapotrans,lai,10701,0.5089208624925438,0.5116451984279781,0.004422289597267693,0.5033435448411225,0.5196974307515969,True
LPJ-GUESS,2007,CD,tran,precipitation,10701,0.24747420574647983,0.24793591668596324,0.008244927962699532,0.23371686806999195,0.2639477058694108,True
LPJ-GUESS,2007,CD,tran,lai,10701,0.589003910019764,0.5907448599306186,0.0051475348534673155,0.5820321491055415,0.6015941814214831,True
LPJ-GUESS,2007,CD,evspsblveg,precipitation,10701,0.2877713462733005,0.28472306720938123,0.006529518535654422,0.2716739825919967,0.2955221679280272,True
LPJ-GUESS,2007,CD,evspsblveg,lai,10701,0.6067137540377519,0.609575191255217,0.00412247289454118,0.6021453579456694,0.6184673260646538,True
LPJ-GUESS,2007,CD,evspsblsoi,precipitation,10701,0.1664256127456284,0.1735593163367637,0.008458031873041214,0.1581358923147078,0.19127795335025422,True
LPJ-GUESS,2007,CD,evspsblsoi,lai,10701,0.20846890129100015,0.21123839482549042,0.010465702655183212,0.19067229236246952,0.23134417429828072,True
LPJ-GUESS,2008,HW,evapotrans,precipitation,13278,0.3524123782327162,0.3561756079640993,0.006151731070532393,0.34384926328709525,0.3671354029605932,True
LPJ-GUESS,2008,HW,evapotrans,lai,13278,0.4547508833345129,0.4574785740625174,0.005342963255863148,0.4480835658933986,0.46857123235505715,True
LPJ-GUESS,2008,HW,tran,precipitation,13278,0.2681105811594934,0.27240291648273973,0.006912270150221053,0.2579917217395014,0.2845227893463061,True
LPJ-GUESS,2008,HW,tran,lai,13278,0.43008687483780583,0.43120759811731146,0.005344762778603728,0.4211758451459985,0.4409969826101959,True
LPJ-GUESS,2008,HW,evspsblveg,precipitation,13278,0.38966755174937123,0.3917443256571221,0.006189960436355162,0.38063528191463775,0.40252056297747246,True
LPJ-GUESS,2008,HW,evspsblveg,lai,13278,0.4910834594591652,0.4931362331621741,0.004625521358974889,0.4846704911820474,0.5025918780253206,True
LPJ-GUESS,2008,HW,evspsblsoi,precipitation,13278,0.16774480276038392,0.17124772948112582,0.007217125109960499,0.15645943591970046,0.18567080320103194,True
LPJ-GUESS,2008,HW,evspsblsoi,lai,13278,0.13848712570022745,0.145601776424459,0.008313247349802353,0.12788546029454567,0.1611136722731706,True
LPJ-GUESS,2008,HD,evapotrans,precipitation,11876,0.5071428328417213,0.509093394440604,0.005344620982632196,0.4992065875893529,0.5197742106171054,True
LPJ-GUESS,2008,HD,evapotrans,lai,11876,0.5312769600620286,0.5326473731147423,0.004332458268542196,0.5251298374586653,0.5400952251928602,True
LPJ-GUESS,2008,HD,tran,precipitation,11876,0.4762064759736574,0.4801082156044737,0.004828045480461065,0.4715995108080268,0.49023802147235923,True
LPJ-GUESS,2008,HD,tran,lai,11876,0.5530346128138734,0.5554311522178397,0.004714307446663378,0.5454582832719441,0.5645014848848787,True
LPJ-GUESS,2008,HD,evspsblveg,precipitation,11876,0.48546909535457866,0.4892151736328755,0.005871535748180095,0.47889097239516865,0.500448376947549,True
LPJ-GUESS,2008,HD,evspsblveg,lai,11876,0.578177708400485,0.5795720510684381,0.0037251532020567213,0.5722877630604711,0.5864715823436093,True
LPJ-GUESS,2008,HD,evspsblsoi,precipitation,11876,0.27190877761524523,0.2770593102619465,0.008020800699595211,0.26233667451964365,0.2956282613108058,True
LPJ-GUESS,2008,HD,evspsblsoi,lai,11876,0.2270487034377267,0.23302362208913452,0.007981068571795995,0.21751723982046198,0.2485961769179033,True
LPJ-GUESS,2008,CW,evapotrans,precipitation,22390,0.20558565958419991,0.2079235195249966,0.006098148846920216,0.19535414232555462,0.22062300673276608,True
LPJ-GUESS,2008,CW,evapotrans,lai,22390,0.35089325591782045,0.3521217935672095,0.0037020231214506282,0.345366780569368,0.3590209527983298,True
LPJ-GUESS,2008,CW,tran,precipitation,22390,0.18478283260983633,0.18782605713635214,0.006730983597152237,0.17560476464117494,0.2006800377882188,True
LPJ-GUESS,2008,CW,tran,lai,22390,0.378427869584636,0.3792197611379426,0.0033996234472995386,0.37245674257180605,0.385642423828779,True
LPJ-GUESS,2008,CW,evspsblveg,precipitation,22390,0.2250016947935941,0.22651317662131162,0.00708541440923282,0.2148271671395548,0.24200932792547675,True
LPJ-GUESS,2008,CW,evspsblveg,lai,22390,0.5264180437695399,0.5284351880024073,0.0038268820214970908,0.5209394071408164,0.535206565430996,True
LPJ-GUESS,2008,CW,evspsblsoi,precipitation,22390,0.09531507626801028,0.09784802619238224,0.0049114921402932275,0.08910031527129318,0.10707846039588216,True
LPJ-GUESS,2008,CW,evspsblsoi,lai,22390,0.16359982134881645,0.16728032726451025,0.006174839647840901,0.15694441249236038,0.18086103739312834,True
LPJ-GUESS,2008,CD,evapotrans,precipitation,10675,0.2391134369143203,0.23724497832196645,0.00923676858092944,0.21834747750327513,0.2552799207978696,True
LPJ-GUESS,2008,CD,evapotrans,lai,10675,0.48332002846780303,0.48634151066349757,0.005238231662210329,0.47493722422545387,0.4961644818565442,True
LPJ-GUESS,2008,CD,tran,precipitation,10675,0.2265672165533811,0.22446577453400848,0.007712239380134745,0.20900904048361874,0.23674010587227462,True
LPJ-GUESS,2008,CD,tran,lai,10675,0.5844014794109835,0.5868656791087674,0.004679150155620626,0.5777268055633206,0.5952851816672143,True
LPJ-GUESS,2008,CD,evspsblveg,precipitation,10675,0.22219028876077934,0.22084646689021362,0.008216343410458689,0.2028878130876239,0.2369664829834776,True
LPJ-GUESS,2008,CD,evspsblveg,lai,10675,0.604787604487365,0.6062338628113156,0.0037855093704518288,0.5992182809277361,0.6136627721063859,True
LPJ-GUESS,2008,CD,evspsblsoi,precipitation,10675,0.16980888484253087,0.17207043868435087,0.007027469142216454,0.15910546259456146,0.18574240820386184,True
LPJ-GUESS,2008,CD,evspsblsoi,lai,10675,0.19189438377178714,0.19804935465479495,0.009011344513601032,0.17905301573008361,0.21417579423399905,True
LPJ-GUESS,2009,HW,evapotrans,precipitation,13284,0.3261147893770633,0.3276461657367635,0.0068296818731440456,0.31371142425967413,0.33969973543302207,True
LPJ-GUESS,2009,HW,evapotrans,lai,13284,0.4502550627079229,0.4524130783332363,0.00562462158210076,0.440634790930857,0.4630217997851449,True
LPJ-GUESS,2009,HW,tran,precipitation,13284,0.2676304416075398,0.27004034942797384,0.007822007548494,0.25588732659255775,0.2843758825856119,True
LPJ-GUESS,2009,HW,tran,lai,13284,0.41058100967555855,0.41290309185333807,0.00559023635212386,0.40151855385263446,0.4231929346741555,True
LPJ-GUESS,2009,HW,evspsblveg,precipitation,13284,0.38125025366504217,0.3818099296154247,0.006209820903767333,0.37094691149846665,0.39351884492146444,True
LPJ-GUESS,2009,HW,evspsblveg,lai,13284,0.4912110048141981,0.492458593447648,0.004764258456915673,0.48314148681533087,0.5022483222322325,True
LPJ-GUESS,2009,HW,evspsblsoi,precipitation,13284,0.13260073082843632,0.13248920463316483,0.007219870034396906,0.120961242491332,0.14798650359737134,True
LPJ-GUESS,2009,HW,evspsblsoi,lai,13284,0.14468346549998598,0.15155226574509653,0.006959004955153364,0.1382260731606895,0.16533436883199198,True
LPJ-GUESS,2009,HD,evapotrans,precipitation,11879,0.4978438193815398,0.5005733275680179,0.004956488498950901,0.49155999392373834,0.5109539702701013,True
LPJ-GUESS,2009,HD,evapotrans,lai,11879,0.4920079374999823,0.4934934129205965,0.005091470288185167,0.4836957850681585,0.5025597424021067,True
LPJ-GUESS,2009,HD,tran,precipitation,11879,0.4713747830850997,0.4742587004479612,0.005309000354588574,0.4641896818506612,0.4849236570055585,True
LPJ-GUESS,2009,HD,tran,lai,11879,0.5583011839641185,0.5614395611574886,0.004511363438173605,0.5517194565223957,0.5690219409257437,True
LPJ-GUESS,2009,HD,evspsblveg,precipitation,11879,0.4794684772351826,0.48266016956976154,0.005634182439635774,0.4708308817475677,0.49307654039852095,True
LPJ-GUESS,2009,HD,evspsblveg,lai,11879,0.5706732348600351,0.5723782969805434,0.003843499828833808,0.5652957595271754,0.5797931915027541,True
LPJ-GUESS,2009,HD,evspsblsoi,precipitation,11879,0.27837418963366484,0.28244990002804654,0.007962164718917777,0.26535964472935697,0.29655234631232763,True
LPJ-GUESS,2009,HD,evspsblsoi,lai,11879,0.22984683805249506,0.23068293640560114,0.007115279169858421,0.21641148796754875,0.24269990772530153,True
LPJ-GUESS,2009,CW,evapotrans,precipitation,22339,0.27880540747190047,0.2804721236920776,0.00524651275667008,0.27110970195593237,0.2903917504338926,True
LPJ-GUESS,2009,CW,evapotrans,lai,22339,0.3670060886888105,0.3678960479720122,0.004002463045534138,0.3604559245048124,0.3757046823974133,True
LPJ-GUESS,2009,CW,tran,precipitation,22339,0.26195583680274376,0.2633203980813281,0.005749528520073296,0.25345134055564755,0.2742014138133072,True
LPJ-GUESS,2009,CW,tran,lai,22339,0.3869489400790609,0.3882325687200221,0.00408488378944322,0.3806330815294759,0.39571519595983307,True
LPJ-GUESS,2009,CW,evspsblveg,precipitation,22339,0.2434626917375512,0.2456880412996123,0.00580666323073849,0.23490233160449628,0.25596404410538864,True
LPJ-GUESS,2009,CW,evspsblveg,lai,22339,0.5374926515859249,0.5385006048249734,0.0034927105200696614,0.5317484924857008,0.5441280907309427,True
LPJ-GUESS,2009,CW,evspsblsoi,precipitation,22339,0.13572713366398845,0.13885005423808855,0.0049828230258578965,0.12844538581173684,0.1484717609575454,True
LPJ-GUESS,2009,CW,evspsblsoi,lai,22339,0.16046531787008064,0.1630493414593905,0.004623976736860241,0.15419856145778799,0.17179783162341264,True
LPJ-GUESS,2009,CD,evapotrans,precipitation,10735,0.25950711837401663,0.2609323559663438,0.009927705698002756,0.2415299312296635,0.27860238481956345,True
LPJ-GUESS,2009,CD,evapotrans,lai,10735,0.4892282069820951,0.49062166328151435,0.005032859106709568,0.48117173509678884,0.5004975948620007,True
LPJ-GUESS,2009,CD,tran,precipitation,10735,0.22373959982477373,0.2228635543667732,0.008546363205761853,0.20783717716406253,0.2393536044531589,True
LPJ-GUESS,2009,CD,tran,lai,10735,0.5765700000454368,0.577964137561649,0.004331567169226731,0.5698685671221196,0.5861998164283821,True
LPJ-GUESS,2009,CD,evspsblveg,precipitation,10735,0.2538461214459127,0.25519192561229587,0.007581019959419945,0.24029323831131152,0.2699733594012991,True
LPJ-GUESS,2009,CD,evspsblveg,lai,10735,0.6127758710564912,0.6144156266283547,0.0068077829797228,0.6025005475178303,0.6293028642917406,True
LPJ-GUESS,2009,CD,evspsblsoi,precipitation,10735,0.17134726795923716,0.1772579218946268,0.008003625514002403,0.1621413074831356,0.19250862165001922,True
LPJ-GUESS,2009,CD,evspsblsoi,lai,10735,0.22374897794226434,0.22501514333190023,0.0088018116942386,0.2081469198815995,0.24448623692479193,True
LPJ-GUESS,2010,HW,evapotrans,precipitation,13283,0.3423357074372463,0.34441018910026805,0.007788114971074508,0.3279797737357355,0.3607560980568195,True
LPJ-GUESS,2010,HW,evapotrans,lai,13283,0.4632047065775713,0.4655284884636558,0.004898382017064428,0.45592931040366236,0.47486338864631,True
LPJ-GUESS,2010,HW,tran,precipitation,13283,0.2556055937342525,0.2575572155286594,0.008214839441613003,0.24201644947082973,0.2745449709644488,True
LPJ-GUESS,2010,HW,tran,lai,13283,0.43184645719821235,0.4338676739165942,0.005972741957253956,0.4226720498038122,0.44481889109156497,True
LPJ-GUESS,2010,HW,evspsblveg,precipitation,13283,0.3663332460506403,0.3688709647532297,0.008319934094539298,0.3541532416569741,0.3879149406241531,True
LPJ-GUESS,2010,HW,evspsblveg,lai,13283,0.48880694614640147,0.49120701275902745,0.005237998099477654,0.48030897745922774,0.5013182703159527,True
LPJ-GUESS,2010,HW,evspsblsoi,precipitation,13283,0.18106876066807087,0.18687563601948745,0.0061226325788836895,0.17536915511389647,0.20132001314780498,True
LPJ-GUESS,2010,HW,evspsblsoi,lai,13283,0.14294759336951723,0.15231509684714437,0.00694934143547161,0.1396488980439642,0.164667799124019,True
LPJ-GUESS,2010,HD,evapotrans,precipitation,11877,0.4922782219883213,0.49492030225158956,0.0061502402957439,0.4833486710393435,0.5069152705917659,True
LPJ-GUESS,2010,HD,evapotrans,lai,11877,0.5071236705294133,0.5086896216054771,0.004954350330970997,0.4991779375566041,0.5172065666972143,True
LPJ-GUESS,2010,HD,tran,precipitation,11877,0.455763322324944,0.45809515788831434,0.006294337211376329,0.4471527147961433,0.47021766233990214,True
LPJ-GUESS,2010,HD,tran,lai,11877,0.5691900318619685,0.5709311503781803,0.0038880377434575763,0.5644066279134328,0.5789322610747127,True
LPJ-GUESS,2010,HD,evspsblveg,precipitation,11877,0.4423974832538399,0.4456324553204717,0.006389339150913854,0.43260062635521024,0.4575756778011467,True
LPJ-GUESS,2010,HD,evspsblveg,lai,11877,0.5769313787013319,0.5769772891417171,0.004235524102215875,0.5691765275520383,0.5857586593449801,True
LPJ-GUESS,2010,HD,evspsblsoi,precipitation,11877,0.25302809181313857,0.25587916866340044,0.007387295876576063,0.2407241474790576,0.27002579611889005,True
LPJ-GUESS,2010,HD,evspsblsoi,lai,11877,0.21325743755650298,0.22013612165166127,0.00826037490054174,0.20670399661486288,0.23554212400590904,True
LPJ-GUESS,2010,CW,evapotrans,precipitation,22416,0.2611529965873245,0.262397129345603,0.005423075893087835,0.2518210298846554,0.27246174375579774,True
LPJ-GUESS,2010,CW,evapotrans,lai,22416,0.35877972223500587,0.3605214950113726,0.004023659740836971,0.3537081904339986,0.367763350247081,True
LPJ-GUESS,2010,CW,tran,precipitation,22416,0.23689973385289842,0.23943147328730013,0.0060833203260581585,0.22788495028390623,0.251254338473234,True
LPJ-GUESS,2010,CW,tran,lai,22416,0.3816227204397635,0.3834970390897143,0.003426116724070509,0.3775638267518762,0.389944014391307,True
LPJ-GUESS,2010,CW,evspsblveg,precipitation,22416,0.2125485513849757,0.21333035313010917,0.006196749516119108,0.20040336758093963,0.22572687315567513,True
LPJ-GUESS,2010,CW,evspsblveg,lai,22416,0.5414609577613909,0.5411208435310978,0.0032890259557827057,0.5345719169205969,0.5483247736445311,True
LPJ-GUESS,2010,CW,evspsblsoi,precipitation,22416,0.13472994542968306,0.1381824338930521,0.00583369002901796,0.1278300470718285,0.15160949434159798,True
LPJ-GUESS,2010,CW,evspsblsoi,lai,22416,0.1837426879360416,0.1862079769603165,0.005368901266918835,0.17488080456333366,0.19545794549490592,True
LPJ-GUESS,2010,CD,evapotrans,precipitation,10721,0.22171180769649057,0.22642065674298514,0.009660577660348025,0.206593499447974,0.2435803950887956,True
LPJ-GUESS,2010,CD,evapotrans,lai,10721,0.4864062481667456,0.48819739445236077,0.00479421263188519,0.47863676947151207,0.4982723699993828,True
LPJ-GUESS,2010,CD,tran,precipitation,10721,0.19198815848809708,0.19776730090602426,0.009332003079260309,0.17668931023564022,0.21599063706430296,True
LPJ-GUESS,2010,CD,tran,lai,10721,0.5767991271465439,0.5805090147870036,0.004367224685339423,0.5720115837345026,0.5887977449794559,True
LPJ-GUESS,2010,CD,evspsblveg,precipitation,10721,0.20698711009238796,0.2112642633195977,0.008788008815335955,0.1935910637424445,0.22810079933538052,True
LPJ-GUESS,2010,CD,evspsblveg,lai,10721,0.6021945402008764,0.6033081151006475,0.006284844606687352,0.5913095214694291,0.6178830280277204,True
LPJ-GUESS,2010,CD,evspsblsoi,precipitation,10721,0.16009195748132032,0.1635448452682502,0.00898584405634143,0.14543052339796383,0.18034700958912903,True
LPJ-GUESS,2010,CD,evspsblsoi,lai,10721,0.17080146023136095,0.17336797279400964,0.008729864048059942,0.1587498454265794,0.18994592060337046,True
LPJ-GUESS,2011,HW,evapotrans,precipitation,13278,0.33911527265864183,0.3409669006753623,0.007027569044293859,0.3270068871520483,0.3549569656403543,True
LPJ-GUESS,2011,HW,evapotrans,lai,13278,0.46917130791580236,0.4722389384098797,0.00516981695435363,0.4620114937945097,0.48284732531455193,True
LPJ-GUESS,2011,HW,tran,precipitation,13278,0.27996452597556964,0.2830125112149047,0.008369103625520093,0.2657795932596584,0.29889014049022083,True
LPJ-GUESS,2011,HW,tran,lai,13278,0.4360734850835788,0.43866553236098244,0.0050337572287482545,0.4291962611948651,0.44915623958166057,True
LPJ-GUESS,2011,HW,evspsblveg,precipitation,13278,0.38941866653237434,0.3903936602477673,0.005998383311610833,0.37935264251784606,0.4016849650092068,True
LPJ-GUESS,2011,HW,evspsblveg,lai,13278,0.5069027805755331,0.5096474486080698,0.004865618283605935,0.5005003615334845,0.5197205213783528,True
LPJ-GUESS,2011,HW,evspsblsoi,precipitation,13278,0.09596021741217967,0.1017321195064459,0.0076915113035428894,0.08562241325077387,0.11776972794947199,True
LPJ-GUESS,2011,HW,evspsblsoi,lai,13278,0.15163200247896236,0.15582596356868397,0.006463826271258904,0.1427311146815966,0.16865629520249198,True
LPJ-GUESS,2011,HD,evapotrans,precipitation,11878,0.42510490654720906,0.42940192071740574,0.006284624050831685,0.41713757381039235,0.44160813453648406,True
LPJ-GUESS,2011,HD,evapotrans,lai,11878,0.5295179725639398,0.5305734925856517,0.005315489184198835,0.5187396252996438,0.5398888995891462,True
LPJ-GUESS,2011,HD,tran,precipitation,11878,0.4213926314295668,0.4250353883805191,0.005815763237956421,0.41395459997077305,0.4362754488048082,True
LPJ-GUESS,2011,HD,tran,lai,11878,0.562599673561115,0.5630149167997942,0.003641465891600666,0.5566083118139312,0.5693777272925699,True
LPJ-GUESS,2011,HD,evspsblveg,precipitation,11878,0.437682041684098,0.4393469220580354,0.005853675308276568,0.4289869620259732,0.4491366230051304,True
LPJ-GUESS,2011,HD,evspsblveg,lai,11878,0.5759878206207554,0.5774590370198578,0.0037818979149617125,0.5690735154860883,0.5838896364120976,True
LPJ-GUESS,2011,HD,evspsblsoi,precipitation,11878,0.24028386519967593,0.24115737288837344,0.007248929538614656,0.2264101558890244,0.25395154548515997,True
LPJ-GUESS,2011,HD,evspsblsoi,lai,11878,0.24115540350264822,0.24191310655978376,0.007655846659985693,0.22619809063003174,0.25526680733435003,True
LPJ-GUESS,2011,CW,evapotrans,precipitation,22363,0.22481939422056618,0.22748895812260708,0.0063733465179986815,0.21400257225490923,0.23949433118306102,True
LPJ-GUESS,2011,CW,evapotrans,lai,22363,0.3726622414979637,0.3736076304589057,0.003646811685531261,0.36672363828959126,0.3814475172732497,True
LPJ-GUESS,2011,CW,tran,precipitation,22363,0.20467562890267377,0.20668125800587944,0.006758959520919483,0.19303528891850186,0.2189938498751769,True
LPJ-GUESS,2011,CW,tran,lai,22363,0.397078710305812,0.3981805524597417,0.003475424354800471,0.3917074157522755,0.40476591393021527,True
LPJ-GUESS,2011,CW,evspsblveg,precipitation,22363,0.1986319617463831,0.20122003976775096,0.0061692195528892,0.1902323112131492,0.21344893670955906,True
LPJ-GUESS,2011,CW,evspsblveg,lai,22363,0.5259708147810277,0.5276330243384493,0.0038766307691094574,0.5202438779924706,0.5349558259727544,True
LPJ-GUESS,2011,CW,evspsblsoi,precipitation,22363,0.09238666430161696,0.09766830995489865,0.004855858003152,0.08753046334644575,0.10806093275739086,True
LPJ-GUESS,2011,CW,evspsblsoi,lai,22363,0.14653188139570025,0.14902082097389335,0.005634656648830665,0.1383106261715672,0.15878316730868847,True
LPJ-GUESS,2011,CD,evapotrans,precipitation,10676,0.24364494061967226,0.24548818326315505,0.008090305847514809,0.23042551745943926,0.26175499483498277,True
LPJ-GUESS,2011,CD,evapotrans,lai,10676,0.4996469030609453,0.500935666751118,0.0048579882046939195,0.49253661527203496,0.5101040093574105,True
LPJ-GUESS,2011,CD,tran,precipitation,10676,0.22985668525134703,0.2331228259418303,0.007537308978698565,0.21776920408849781,0.24791987858459655,True
LPJ-GUESS,2011,CD,tran,lai,10676,0.5742793594141188,0.5769122873500239,0.004235111118532826,0.5700324541073929,0.5858146401473601,True
LPJ-GUESS,2011,CD,evspsblveg,precipitation,10676,0.24697129103180743,0.24967977479339956,0.00825237482530468,0.2321441229155881,0.2650904925593958,True
LPJ-GUESS,2011,CD,evspsblveg,lai,10676,0.6029871255583348,0.6043797659609652,0.004216465433090327,0.5962980510248455,0.6132767090832631,True
LPJ-GUESS,2011,CD,evspsblsoi,precipitation,10676,0.20531542866252572,0.21154076215755013,0.008565994701282803,0.1952485159677462,0.22916020825067498,True
LPJ-GUESS,2011,CD,evspsblsoi,lai,10676,0.19065884064926336,0.19824725450930367,0.007977384251154363,0.1849026242102658,0.21594947515995927,True
LPJ-GUESS,2012,HW,evapotrans,precipitation,13274,0.3403637993895745,0.3416372409427361,0.006285854996589476,0.3286805118023489,0.3540756486074908,True
LPJ-GUESS,2012,HW,evapotrans,lai,13274,0.4734903686135783,0.4754187866921125,0.0050984438063145536,0.46557196651924115,0.48421320398060863,True
LPJ-GUESS,2012,HW,tran,precipitation,13274,0.2435113478036797,0.24650271001976576,0.007667885863570761,0.23162849776772007,0.26211670518463204,True
LPJ-GUESS,2012,HW,tran,lai,13274,0.4383543127126716,0.4403601673008697,0.004989363611550482,0.4308551289660967,0.4493893089086977,True
LPJ-GUESS,2012,HW,evspsblveg,precipitation,13274,0.37347420588309765,0.3750597223226422,0.006301699841691699,0.36362502919913137,0.38874614538044827,True
LPJ-GUESS,2012,HW,evspsblveg,lai,13274,0.5160255147463484,0.5182489816201672,0.004520510699668357,0.5097488632790197,0.5283539982356895,True
LPJ-GUESS,2012,HW,evspsblsoi,precipitation,13274,0.15072366740267062,0.15648539665000105,0.006855268493953648,0.14551620683663602,0.16979495237168363,True
LPJ-GUESS,2012,HW,evspsblsoi,lai,13274,0.13446835403226348,0.13605684549057565,0.006980046378793036,0.12218921301382271,0.15095502935697752,True
LPJ-GUESS,2012,HD,evapotrans,precipitation,11878,0.5131166395760324,0.5133092661934033,0.004857801116681348,0.5050908660241654,0.5241064317260872,True
LPJ-GUESS,2012,HD,evapotrans,lai,11878,0.5195823645899417,0.5208855452898039,0.004959468965293379,0.5121735078337529,0.5300686221275356,True
LPJ-GUESS,2012,HD,tran,precipitation,11878,0.4780764583920596,0.47963614691363593,0.0061488312200367054,0.467153613159238,0.4914499506866231,True
LPJ-GUESS,2012,HD,tran,lai,11878,0.5800269915861767,0.5794895491621613,0.0037171619064561715,0.5718104794987378,0.5858305379565243,True
LPJ-GUESS,2012,HD,evspsblveg,precipitation,11878,0.4950162312567844,0.4961403598801892,0.005787259710316666,0.48501766428205245,0.506130273965725,True
LPJ-GUESS,2012,HD,evspsblveg,lai,11878,0.5678639116086497,0.568989760710451,0.004014863946257949,0.5617542784158588,0.5774295594001666,True
LPJ-GUESS,2012,HD,evspsblsoi,precipitation,11878,0.3033229961580116,0.3118768265735595,0.006320996919134197,0.29916265998582253,0.3236911145655156,True
LPJ-GUESS,2012,HD,evspsblsoi,lai,11878,0.2604004462810354,0.2615830442645416,0.006928783897551853,0.24759622053512642,0.2736867331174877,True
LPJ-GUESS,2012,CW,evapotrans,precipitation,22412,0.23348354071913946,0.23395074964400117,0.006780036967475209,0.2204043712055709,0.24623584793539122,True
LPJ-GUESS,2012,CW,evapotrans,lai,22412,0.3638416975256211,0.3670579875243064,0.005038619574425417,0.3590354387640575,0.3778558343754447,True
LPJ-GUESS,2012,CW,tran,precipitation,22412,0.21051689819687727,0.21216970308834257,0.006535280526760066,0.1993658390261007,0.224186460859436,True
LPJ-GUESS,2012,CW,tran,lai,22412,0.389899823778028,0.39303184151631493,0.004480946881328209,0.3848293676072739,0.40232802753043223,True
LPJ-GUESS,2012,CW,evspsblveg,precipitation,22412,0.22205363826313984,0.2227883850165696,0.005647704954111494,0.2109854163941691,0.23374999179227154,True
LPJ-GUESS,2012,CW,evspsblveg,lai,22412,0.525004563437879,0.5244518363906094,0.003587685624064428,0.5177718471502367,0.5312201747911902,True
LPJ-GUESS,2012,CW,evspsblsoi,precipitation,22412,0.12375817970126546,0.12839940015522894,0.006354818592827418,0.11682556560423789,0.1429970948363876,True
LPJ-GUESS,2012,CW,evspsblsoi,lai,22412,0.22785975042215778,0.2316488240822091,0.0055634485310968665,0.2195874604845363,0.24186755765897788,True
LPJ-GUESS,2012,CD,evapotrans,precipitation,10689,0.1983200033042724,0.2049767960213154,0.009323136669846481,0.18580122029208604,0.22274049659484638,True
LPJ-GUESS,2012,CD,evapotrans,lai,10689,0.5013162776031697,0.5030076652289844,0.005212553363471878,0.4919721542777892,0.5124166559418208,True
LPJ-GUESS,2012,CD,tran,precipitation,10689,0.21389800511028417,0.21442059022660515,0.0074507632104235805,0.20083307135514497,0.23018238768075697,True
LPJ-GUESS,2012,CD,tran,lai,10689,0.6034770277374404,0.6047357021166193,0.005238674427058922,0.5934711192924994,0.6138868907879415,True
LPJ-GUESS,2012,CD,evspsblveg,precipitation,10689,0.19371289384994647,0.20002557986172007,0.00890458691594233,0.1834778234301916,0.21624564186297937,True
LPJ-GUESS,2012,CD,evspsblveg,lai,10689,0.6019296653291665,0.6038004100345156,0.00438220671867882,0.5953496547076809,0.6123808475810832,True
LPJ-GUESS,2012,CD,evspsblsoi,precipitation,10689,0.17716907852688107,0.1800659272340095,0.009370275363874758,0.1645968144573679,0.19847195199793013,True
LPJ-GUESS,2012,CD,evspsblsoi,lai,10689,0.2296489670039824,0.231940399494977,0.00940691675473962,0.2149056498247508,0.2498939689280149,True
LPJ-GUESS,2013,HW,evapotrans,precipitation,13285,0.33823066124765094,0.33984980650877433,0.007906651909339075,0.3241255641709301,0.3536373010458484,True
LPJ-GUESS,2013,HW,evapotrans,lai,13285,0.44445516804284607,0.44372100731233854,0.006863853215746982,0.43181139811584984,0.45600496203543867,True
LPJ-GUESS,2013,HW,tran,precipitation,13285,0.22942315621565007,0.23474598612963965,0.008900949981021911,0.21598361936060784,0.2508274122206915,True
LPJ-GUESS,2013,HW,tran,lai,13285,0.40435834980812213,0.404740489085701,0.006357061911775819,0.39239349229557596,0.419390984021036,True
LPJ-GUESS,2013,HW,evspsblveg,precipitation,13285,0.38221433543487227,0.3845602876037648,0.007302009524726233,0.368290955389685,0.39813363715654365,True
LPJ-GUESS,2013,HW,evspsblveg,lai,13285,0.49324993847618614,0.4911794878033755,0.00492913651079778,0.4823377634402526,0.501039314425594,True
LPJ-GUESS,2013,HW,evspsblsoi,precipitation,13285,0.14010173691125746,0.14319448185571607,0.008027087049347726,0.12844448725292684,0.15991074290371718,True
LPJ-GUESS,2013,HW,evspsblsoi,lai,13285,0.11017661394833189,0.11983105094086033,0.007313960921799973,0.10540273832760298,0.13400275948071882,True
LPJ-GUESS,2013,HD,evapotrans,precipitation,11879,0.48045191583299707,0.4827629585825747,0.005222546539130528,0.4726911567133638,0.4926471070762081,True
LPJ-GUESS,2013,HD,evapotrans,lai,11879,0.4926844064292502,0.4945981391014783,0.006234892068483507,0.48386576326335634,0.5074757140792534,True
LPJ-GUESS,2013,HD,tran,precipitation,11879,0.46147734878033164,0.46397270479648706,0.005678143940883658,0.45328097767655634,0.4747235518584167,True
LPJ-GUESS,2013,HD,tran,lai,11879,0.5489990895854184,0.5520897499834768,0.004958577581134733,0.5432644588835804,0.5609899878203194,True
LPJ-GUESS,2013,HD,evspsblveg,precipitation,11879,0.4537071482008783,0.4560868651531777,0.006451073896384002,0.4430891492485136,0.4692912459516328,True
LPJ-GUESS,2013,HD,evspsblveg,lai,11879,0.5673905908142796,0.5672338950227991,0.004185319833688186,0.5590543599747395,0.5754028889549427,True
LPJ-GUESS,2013,HD,evspsblsoi,precipitation,11879,0.23829524160991455,0.24161551072739712,0.0068835808028858535,0.22976563174174025,0.2562811071239791,True
LPJ-GUESS,2013,HD,evspsblsoi,lai,11879,0.22416234489009979,0.22694803574165193,0.007334218892973302,0.21090801243584772,0.23918039872078234,True
LPJ-GUESS,2013,CW,evapotrans,precipitation,22416,0.2631951348526562,0.26485763068695733,0.005922031588566264,0.25407476254130285,0.27599201093823666,True
LPJ-GUESS,2013,CW,evapotrans,lai,22416,0.3887396061199473,0.3900130382751813,0.003520869097366599,0.38350600404901636,0.3970745915330575,True
LPJ-GUESS,2013,CW,tran,precipitation,22416,0.24193688181910886,0.24363490231392,0.005650710121335187,0.23365526145168014,0.2550373433046228,True
LPJ-GUESS,2013,CW,tran,lai,22416,0.4201236977951519,0.4213612180526403,0.003471942421846555,0.41415107217156577,0.427768488697143,True
LPJ-GUESS,2013,CW,evspsblveg,precipitation,22416,0.2175716218430706,0.21998463258388096,0.005614469358869653,0.20944200057345563,0.23235345395507548,True
LPJ-GUESS,2013,CW,evspsblveg,lai,22416,0.5151824136637619,0.5167061692049387,0.0044717420314383345,0.5089192714551414,0.525145425615201,True
LPJ-GUESS,2013,CW,evspsblsoi,precipitation,22416,0.14379988371273789,0.143504949811078,0.005306870356851233,0.13313241195456885,0.15356041353743935,True
LPJ-GUESS,2013,CW,evspsblsoi,lai,22416,0.14515505523326336,0.1484827855317905,0.0073909095908102585,0.13695473734156738,0.1625155930430646,True
LPJ-GUESS,2013,CD,evapotrans,precipitation,10727,0.3086014641641387,0.3110891769881638,0.008716772753363746,0.2958495948073634,0.32853639946094165,True
LPJ-GUESS,2013,CD,evapotrans,lai,10727,0.5039021289486398,0.5066028916591384,0.004606009866639778,0.49756707224221053,0.5150227767650208,True
LPJ-GUESS,2013,CD,tran,precipitation,10727,0.2635458782247381,0.26606383972614295,0.0074965457531238015,0.2521185068702999,0.2821635381693337,True
LPJ-GUESS,2013,CD,tran,lai,10727,0.5980558467793572,0.5988727359396799,0.004524814189732708,0.5893838085203558,0.6065022142015821,True
LPJ-GUESS,2013,CD,evspsblveg,precipitation,10727,0.3165993960542932,0.3177193834293977,0.007930671709050718,0.30100401476334354,0.3329590229483569,True
LPJ-GUESS,2013,CD,evspsblveg,lai,10727,0.6087753788390016,0.6085650458771336,0.005573296623528322,0.5974348289726218,0.6178556991598615,True
LPJ-GUESS,2013,CD,evspsblsoi,precipitation,10727,0.12870315917251945,0.13525828899814624,0.007850499877498541,0.12094605988787117,0.15134007833105861,True
LPJ-GUESS,2013,CD,evspsblsoi,lai,10727,0.18131980596632621,0.18569746041496116,0.008491476274230327,0.1691611268972486,0.20196845945588895,True
LPJ-GUESS,2014,HW,evapotrans,precipitation,13268,0.3367654104963606,0.3377501242696097,0.006366042877121397,0.3268535377800029,0.3506376995825728,True
LPJ-GUESS,2014,HW,evapotrans,lai,13268,0.44669177576000324,0.44791226358249153,0.005122719101611667,0.4380540532390639,0.45677301363734957,True
LPJ-GUESS,2014,HW,tran,precipitation,13268,0.24215474778941304,0.24519186937442655,0.007456682133745943,0.2305998368424277,0.26005097333917815,True
LPJ-GUESS,2014,HW,tran,lai,13268,0.4199327174140477,0.4211381580325106,0.006074595820201387,0.40937091793981023,0.43271306625952294,True
LPJ-GUESS,2014,HW,evspsblveg,precipitation,13268,0.3779197229953524,0.3800349740351845,0.006009341166265242,0.3686376620089353,0.39147326855934983,True
LPJ-GUESS,2014,HW,evspsblveg,lai,13268,0.5058508905392263,0.5061182018735706,0.0042385310952854985,0.498662425462878,0.5152676243856823,True
LPJ-GUESS,2014,HW,evspsblsoi,precipitation,13268,0.18040277540809047,0.18076975037414691,0.007949800044405103,0.16363862954353442,0.19621974918175436,True
LPJ-GUESS,2014,HW,evspsblsoi,lai,13268,0.14944794697398472,0.15173381420052845,0.007153845542969927,0.1395247452327912,0.16701640204042406,True
LPJ-GUESS,2014,HD,evapotrans,precipitation,11878,0.5257798604470457,0.5293930400689881,0.005467519860305255,0.5192769238883916,0.5397821493629111,True
LPJ-GUESS,2014,HD,evapotrans,lai,11878,0.49289670856853884,0.4950328558307391,0.005548080191550601,0.48467741319271473,0.5046487635517777,True
LPJ-GUESS,2014,HD,tran,precipitation,11878,0.5124696620932472,0.5134631182695741,0.005146868238126624,0.5033443669797495,0.5246644388216574,True
LPJ-GUESS,2014,HD,tran,lai,11878,0.5663898909394784,0.5668532480085408,0.004478041981505629,0.5578835383878721,0.5754845311452063,True
LPJ-GUESS,2014,HD,evspsblveg,precipitation,11878,0.48786388242235224,0.48999883821563495,0.005624621557738193,0.47914519512364256,0.500634703517991,True
LPJ-GUESS,2014,HD,evspsblveg,lai,11878,0.5562049041801524,0.5597263302029315,0.0046117589619102785,0.5507805429537702,0.5686234987754827,True
LPJ-GUESS,2014,HD,evspsblsoi,precipitation,11878,0.2747329863372886,0.2772212025454159,0.00877478554937296,0.25990121828222035,0.2955617350115975,True
LPJ-GUESS,2014,HD,evspsblsoi,lai,11878,0.2123140602532604,0.21568921316318634,0.008158965348382771,0.19995723380118138,0.23245310725063997,True
LPJ-GUESS,2014,CW,evapotrans,precipitation,22352,0.18077215840177951,0.18286246877144766,0.006064814520785005,0.17289472104285603,0.1966918339363376,True
LPJ-GUESS,2014,CW,evapotrans,lai,22352,0.36935905719991224,0.37111347249273735,0.0032839689710094833,0.3644703340359132,0.37662127626434866,True
LPJ-GUESS,2014,CW,tran,precipitation,22352,0.15610251425046756,0.15982750465777176,0.005984974011819188,0.14928428209773978,0.17235073117742067,True
LPJ-GUESS,2014,CW,tran,lai,22352,0.398461578342213,0.40074876060596426,0.003515250683383065,0.3945878141633107,0.4075072995923152,True
LPJ-GUESS,2014,CW,evspsblveg,precipitation,22352,0.2136196515607222,0.21529309508775354,0.006625625952338358,0.20130653436956833,0.22709448943306715,True
LPJ-GUESS,2014,CW,evspsblveg,lai,22352,0.5531226329510824,0.5530569526344958,0.003149437412163586,0.5464051697102214,0.5594151965441285,True
LPJ-GUESS,2014,CW,evspsblsoi,precipitation,22352,0.09441462002758433,0.09634034081597591,0.0036919064263695707,0.08970327509540829,0.1031740636432989,True
LPJ-GUESS,2014,CW,evspsblsoi,lai,22352,0.21287536491587117,0.2127983276264237,0.006039776818256109,0.20185497009181308,0.22371693590429104,True
LPJ-GUESS,2014,CD,evapotrans,precipitation,10681,0.2493906868274911,0.2510913785175615,0.009030770427120766,0.23268503650652714,0.2664965335253429,True
LPJ-GUESS,2014,CD,evapotrans,lai,10681,0.48658695055408074,0.48854403069939123,0.005234835726743626,0.47793936810689003,0.49906282936945523,True
LPJ-GUESS,2014,CD,tran,precipitation,10681,0.2191356073478094,0.22331909051037177,0.008371236249467858,0.20774194495158793,0.23858613934565392,True
LPJ-GUESS,2014,CD,tran,lai,10681,0.5907651042647397,0.5927555945580846,0.004466594087830328,0.5839450930235345,0.6013360534177085,True
LPJ-GUESS,2014,CD,evspsblveg,precipitation,10681,0.24535535243121928,0.24652353015683254,0.00958914928311841,0.22810107328616386,0.26303915712404585,True
LPJ-GUESS,2014,CD,evspsblveg,lai,10681,0.5990611678415759,0.5992657370775398,0.00374296609619559,0.5919796005607847,0.6070764347968756,True
LPJ-GUESS,2014,CD,evspsblsoi,precipitation,10681,0.15887039255887542,0.1599706227873513,0.007310693263702499,0.14464859551425446,0.17396844822939808,True
LPJ-GUESS,2014,CD,evspsblsoi,lai,10681,0.1952116134674368,0.197852119214248,0.009321524611755422,0.18043812056842867,0.21523051425140127,True
LPJ-GUESS,2015,HW,evapotrans,precipitation,13287,0.29579332797434943,0.2991698281844414,0.007739739545513645,0.2843578769177263,0.31368066038437253,True
LPJ-GUESS,2015,HW,evapotrans,lai,13287,0.4582626622996842,0.4594951057678776,0.005473658215361042,0.44864529008883236,0.47001594238658123,True
LPJ-GUESS,2015,HW,tran,precipitation,13287,0.21876890039272012,0.22243831543512185,0.008212223523160278,0.20700498208015514,0.23728931820269053,True
LPJ-GUESS,2015,HW,tran,lai,13287,0.42958603436097065,0.43212818243741524,0.004909133210216426,0.4224710215901826,0.44181264478077537,True
LPJ-GUESS,2015,HW,evspsblveg,precipitation,13287,0.316546327554517,0.3211922320071021,0.006635603144590391,0.30989099819517624,0.3339952244998171,True
LPJ-GUESS,2015,HW,evspsblveg,lai,13287,0.48901433800226873,0.48994332819129427,0.004986957678487282,0.4815509922961206,0.5003564152293516,True
LPJ-GUESS,2015,HW,evspsblsoi,precipitation,13287,0.19687465862608453,0.1967582399974671,0.007299639834558876,0.18295335956537553,0.21192278655921662,True
LPJ-GUESS,2015,HW,evspsblsoi,lai,13287,0.14255836217343887,0.1461837484335656,0.008166817675754733,0.13088740919216826,0.16347806011390845,True
LPJ-GUESS,2015,HD,evapotrans,precipitation,11878,0.4761905268093179,0.47687278790760845,0.005393140547630963,0.465718088741813,0.4874466562332366,True
LPJ-GUESS,2015,HD,evapotrans,lai,11878,0.5064475648328148,0.508309027318496,0.004431841879337555,0.499080226448105,0.5161038516153506,True
LPJ-GUESS,2015,HD,tran,precipitation,11878,0.47733310542706064,0.47901934107113514,0.005857677798581715,0.4671422830420844,0.4898209693016236,True
LPJ-GUESS,2015,HD,tran,lai,11878,0.564367081036554,0.5665030376287405,0.003505296100534686,0.559261255717992,0.5727098654389784,True
LPJ-GUESS,2015,HD,evspsblveg,precipitation,11878,0.4691593773509921,0.47147205804158276,0.005694512970067564,0.46038302337587284,0.48174150198834914,True
LPJ-GUESS,2015,HD,evspsblveg,lai,11878,0.5760703799515047,0.5773310981827674,0.0036647406792666487,0.5698215844019591,0.583954007320301,True
LPJ-GUESS,2015,HD,evspsblsoi,precipitation,11878,0.22301429573276688,0.23251131806602218,0.006425128470958706,0.21918685936470397,0.24545551494792378,True
LPJ-GUESS,2015,HD,evspsblsoi,lai,11878,0.2424762828834915,0.24506716962349942,0.006590543955653452,0.23254347410420675,0.2564337902135837,True
LPJ-GUESS,2015,CW,evapotrans,precipitation,22341,0.23014059749426927,0.23143255638659593,0.006493113023451862,0.21906424278267433,0.24413538852885014,True
LPJ-GUESS,2015,CW,evapotrans,lai,22341,0.3596733338550746,0.36113905604740393,0.003857977106633256,0.3538491958015345,0.3687018464902583,True
LPJ-GUESS,2015,CW,tran,precipitation,22341,0.2158817856621954,0.21566153486012937,0.007112749721519419,0.2031773962339506,0.22963621874484005,True
LPJ-GUESS,2015,CW,tran,lai,22341,0.39523638386485827,0.39571501992530095,0.0036280215149908502,0.38948402770866164,0.40331984285326766,True
LPJ-GUESS,2015,CW,evspsblveg,precipitation,22341,0.255439313384896,0.2577757232079088,0.006231976704020996,0.24710068245459166,0.2709218952730886,True
LPJ-GUESS,2015,CW,evspsblveg,lai,22341,0.5037790678919652,0.5057617176690955,0.004047871378257913,0.498048077093154,0.514031394896804,True
LPJ-GUESS,2015,CW,evspsblsoi,precipitation,22341,0.09871012222290426,0.10079331472258189,0.004624580984900696,0.09243676012750418,0.11014527923805618,True
LPJ-GUESS,2015,CW,evspsblsoi,lai,22341,0.17479473066949547,0.17574522061097939,0.0063229733741041825,0.16226353002387534,0.1891551398365699,True
LPJ-GUESS,2015,CD,evapotrans,precipitation,10698,0.2775103434804945,0.28246843696271734,0.0078502323358066,0.2668880934660714,0.29803804701544173,True
LPJ-GUESS,2015,CD,evapotrans,lai,10698,0.48057638576076306,0.4858479302262535,0.0053390330291954394,0.4761062480931532,0.4964759157761135,True
LPJ-GUESS,2015,CD,tran,precipitation,10698,0.26096985159881436,0.2624742412682576,0.007984259970190848,0.24593042774086774,0.27635638588520856,True
LPJ-GUESS,2015,CD,tran,lai,10698,0.5819902575902911,0.5844354819435416,0.005566718197972503,0.5738002869114139,0.5954332330720546,True
LPJ-GUESS,2015,CD,evspsblveg,precipitation,10698,0.27844763695348007,0.2791158344653289,0.006930246312003516,0.26439951892929453,0.2918150530586885,True
LPJ-GUESS,2015,CD,evspsblveg,lai,10698,0.5964279287070865,0.6006533855798991,0.004397478105772386,0.5927764692015313,0.6092888371855694,True
LPJ-GUESS,2015,CD,evspsblsoi,precipitation,10698,0.19702082789124908,0.19992862103259448,0.008050049682654813,0.18468941655534135,0.21642447281023391,True
LPJ-GUESS,2015,CD,evspsblsoi,lai,10698,0.22493548449094336,0.22733928535476194,0.008868243486882603,0.2097782258884867,0.2437238036058288,True
LPJ-GUESS,2016,HW,evapotrans,precipitation,13265,0.3027516303648512,0.3057064052158969,0.007388413650683611,0.2929213836138673,0.3235001170360115,True
LPJ-GUESS,2016,HW,evapotrans,lai,13265,0.45521931208672783,0.4555537701553573,0.0051739112644722356,0.444583414958592,0.46562546231905305,True
LPJ-GUESS,2016,HW,tran,precipitation,13265,0.21249962008572001,0.2154168806351271,0.008815678937196238,0.19912145134181616,0.23265624460235917,True
LPJ-GUESS,2016,HW,tran,lai,13265,0.40063462017519513,0.4024432390346739,0.00591134252479286,0.390371307031915,0.41264757434366356,True
LPJ-GUESS,2016,HW,evspsblveg,precipitation,13265,0.34086843717609644,0.34442114752555925,0.0068527329529928785,0.33124124365678,0.3585140870323709,True
LPJ-GUESS,2016,HW,evspsblveg,lai,13265,0.48656981006558386,0.4879792758745684,0.004707706962139803,0.47797472526161533,0.49697334310610397,True
LPJ-GUESS,2016,HW,evspsblsoi,precipitation,13265,0.18026735171484073,0.18136958993054747,0.007292491439509416,0.16733968697485618,0.19712074895358206,True
LPJ-GUESS,2016,HW,evspsblsoi,lai,13265,0.1502874935884665,0.15480162796410604,0.008175190010120511,0.14068963038446722,0.17158811319594922,True
LPJ-GUESS,2016,HD,evapotrans,precipitation,11877,0.5251986755551463,0.5254285510758834,0.004856979837658782,0.5157680107933486,0.5347998038595347,True
LPJ-GUESS,2016,HD,evapotrans,lai,11877,0.505008583132968,0.5074493482649052,0.005751375658054027,0.4971201507036566,0.5187271340589933,True
LPJ-GUESS,2016,HD,tran,precipitation,11877,0.4769927180711062,0.4801491600677781,0.005515061817897365,0.4700130663968946,0.4896223924902985,True
LPJ-GUESS,2016,HD,tran,lai,11877,0.5511850216359345,0.5549974465138717,0.004469371968757885,0.5464556972722467,0.5633344771180476,True
LPJ-GUESS,2016,HD,evspsblveg,precipitation,11877,0.45916203688684387,0.4606375424371079,0.005991833575376815,0.4496120393541479,0.4727257735017766,True
LPJ-GUESS,2016,HD,evspsblveg,lai,11877,0.575925987794438,0.5769671833317308,0.003857358415496434,0.5699317596862504,0.5840982640889116,True
LPJ-GUESS,2016,HD,evspsblsoi,precipitation,11877,0.3109758527691509,0.31456473765412946,0.006679791463256737,0.3021161015769818,0.3273006097469437,True
LPJ-GUESS,2016,HD,evspsblsoi,lai,11877,0.23063456272028104,0.234774024852085,0.006175237066781093,0.22239799859533707,0.24689707597376395,True
LPJ-GUESS,2016,CW,evapotrans,precipitation,22380,0.3257806756696155,0.32823973142296664,0.006466576505746552,0.3141598758543535,0.3396457847107968,True
LPJ-GUESS,2016,CW,evapotrans,lai,22380,0.37547705174458307,0.3761265269171926,0.003927443075299099,0.36840784790980907,0.38472140588776904,True
LPJ-GUESS,2016,CW,tran,precipitation,22380,0.29054144381596464,0.2924301848315438,0.0065691686576135715,0.2782201283713618,0.3047045551206931,True
LPJ-GUESS,2016,CW,tran,lai,22380,0.39412890784496624,0.39467932329609523,0.003825895800076228,0.38855316868028683,0.40248449075432224,True
LPJ-GUESS,2016,CW,evspsblveg,precipitation,22380,0.2692769340735395,0.2712442042469186,0.006666331325827013,0.2583937600086366,0.2844738688145493,True
LPJ-GUESS,2016,CW,evspsblveg,lai,22380,0.5176231649438163,0.5180348604474146,0.003994052266663381,0.5100730171239969,0.5258696308289819,True
LPJ-GUESS,2016,CW,evspsblsoi,precipitation,22380,0.169683558396459,0.17230794704632493,0.006117005749899167,0.1599821646115822,0.18351485596421302,True
LPJ-GUESS,2016,CW,evspsblsoi,lai,22380,0.14624664879356566,0.1519342701267475,0.007634412081105984,0.13797281306672035,0.16745915134099637,True
LPJ-GUESS,2016,CD,evapotrans,precipitation,10690,0.2588218765011321,0.26246328643473066,0.006304690048508607,0.25018145235247363,0.27535216712261684,True
LPJ-GUESS,2016,CD,evapotrans,lai,10690,0.4793732460243218,0.48286599819734005,0.004539037967648079,0.47407303315583177,0.4922480354529236,True
LPJ-GUESS,2016,CD,tran,precipitation,10690,0.23688280201665599,0.23737015657390695,0.008543049924946918,0.22202029667465292,0.2545774561723518,True
LPJ-GUESS,2016,CD,tran,lai,10690,0.574976613657624,0.5782212177074513,0.005165160670056902,0.568900208072878,0.5881484118189748,True
LPJ-GUESS,2016,CD,evspsblveg,precipitation,10690,0.2793215683389215,0.27751296751207793,0.006872325117776555,0.2650869409586113,0.290094357766004,True
LPJ-GUESS,2016,CD,evspsblveg,lai,10690,0.6091674462114125,0.6093814806457416,0.0037117559804331316,0.6022418759780737,0.6162667981956592,True
LPJ-GUESS,2016,CD,evspsblsoi,precipitation,10690,0.11343313257866394,0.11653142884093905,0.006111749821856645,0.10503822370770025,0.1276302183795456,True
LPJ-GUESS,2016,CD,evspsblsoi,lai,10690,0.1750701590271282,0.17789939766179394,0.01035631636469366,0.1571889616463985,0.19757430081393215,True
LPJ-GUESS,2017,HW,evapotrans,precipitation,13259,0.3017879069719238,0.3048833610443631,0.006409946925913814,0.29229270236129756,0.31836480027691505,True
LPJ-GUESS,2017,HW,evapotrans,lai,13259,0.463955983340153,0.46497864967528413,0.005253588375352734,0.4541987109563888,0.47478111812910617,True
LPJ-GUESS,2017,HW,tran,precipitation,13259,0.21600033994944862,0.2202430451598633,0.008018562155785534,0.20548990374534926,0.23592806258095714,True
LPJ-GUESS,2017,HW,tran,lai,13259,0.41629110003199965,0.4171719136833884,0.00611538855806422,0.4042093481812962,0.4287251317905078,True
LPJ-GUESS,2017,HW,evspsblveg,precipitation,13259,0.3418931571662132,0.3440756312735789,0.0069651170206157555,0.33116958326479745,0.3576594711384316,True
LPJ-GUESS,2017,HW,evspsblveg,lai,13259,0.49216153244382677,0.4935875478228147,0.004919245406626544,0.483373030259343,0.5025875393474899,True
LPJ-GUESS,2017,HW,evspsblsoi,precipitation,13259,0.1977317771169398,0.19870627327908047,0.0059801336069679155,0.18741007941520943,0.21044001744712615,True
LPJ-GUESS,2017,HW,evspsblsoi,lai,13259,0.17291968334323582,0.17654617747180823,0.0069671637141293105,0.16362511425454457,0.191401098659925,True
LPJ-GUESS,2017,HD,evapotrans,precipitation,11876,0.4515161645084708,0.45572218250341734,0.006532913824395171,0.44287416283510056,0.4675566180587837,True
LPJ-GUESS,2017,HD,evapotrans,lai,11876,0.5141028603041858,0.5165318810033073,0.00433956158059105,0.5080058350383003,0.5254619801848799,True
LPJ-GUESS,2017,HD,tran,precipitation,11876,0.4397651321057292,0.44195050398562236,0.0055792233492809925,0.4309121131469162,0.45308836681215275,True
LPJ-GUESS,2017,HD,tran,lai,11876,0.5458039579808388,0.5478138382987339,0.004921760744532178,0.5386566147306365,0.557180225751112,True
LPJ-GUESS,2017,HD,evspsblveg,precipitation,11876,0.4412701354242303,0.4439368735511411,0.005846688113142581,0.4342093325190068,0.4561875142043025,True
LPJ-GUESS,2017,HD,evspsblveg,lai,11876,0.5829765947243218,0.5833865057425771,0.0035433042505228106,0.5764313135036339,0.591195522380755,True
LPJ-GUESS,2017,HD,evspsblsoi,precipitation,11876,0.26478205899693835,0.2672657728889054,0.007916359770365684,0.2517832312869248,0.2824163735822746,True
LPJ-GUESS,2017,HD,evspsblsoi,lai,11876,0.2217919555144809,0.22900956327725544,0.008224419520223547,0.21289752692214656,0.24406625386919995,True
LPJ-GUESS,2017,CW,evapotrans,precipitation,22323,0.23001856117470365,0.2323235699453923,0.005778233272630883,0.22031763697202114,0.24418667318457543,True
LPJ-GUESS,2017,CW,evapotrans,lai,22323,0.3703968831992077,0.37202025407690315,0.0036875044001270355,0.36458152486678325,0.37932968352059276,True
LPJ-GUESS,2017,CW,tran,precipitation,22323,0.21094551621355997,0.2130342682834609,0.006123536989174297,0.20129231381629675,0.22559900825248194,True
LPJ-GUESS,2017,CW,tran,lai,22323,0.40153126338185363,0.4021755077815253,0.0037567932929716513,0.39482305496829745,0.4094161992306931,True
LPJ-GUESS,2017,CW,evspsblveg,precipitation,22323,0.22421497237653898,0.2254323923332638,0.006098292696715304,0.21332636205645297,0.23725477736213677,True
LPJ-GUESS,2017,CW,evspsblveg,lai,22323,0.5284843817962958,0.5290722552138328,0.0031340024399497727,0.522537457072828,0.5346159573149487,True
LPJ-GUESS,2017,CW,evspsblsoi,precipitation,22323,0.08632671006122211,0.08949395713594069,0.004629959424603765,0.0812706595248274,0.09849371359460433,True
LPJ-GUESS,2017,CW,evspsblsoi,lai,22323,0.14827075875884158,0.14984534512391293,0.004893981524490904,0.14017046649677453,0.1583633847899441,True
LPJ-GUESS,2017,CD,evapotrans,precipitation,10707,0.19879046833451325,0.19925865475080376,0.008547782017647767,0.18156727991191848,0.21578642046407456,True
LPJ-GUESS,2017,CD,evapotrans,lai,10707,0.47636294824515857,0.48040028490780884,0.005410560403903558,0.47074819301472937,0.49140559093324776,True
LPJ-GUESS,2017,CD,tran,precipitation,10707,0.14071346293257192,0.14500212279195793,0.008027073330161715,0.1269195042153825,0.15927426158998978,True
LPJ-GUESS,2017,CD,tran,lai,10707,0.565932663665816,0.5690179019721318,0.00481563140427044,0.5603976841598814,0.5780634268551561,True
LPJ-GUESS,2017,CD,evspsblveg,precipitation,10707,0.18232842777533165,0.18494155509135674,0.00689368149926455,0.1706691717439426,0.19847712560629632,True
LPJ-GUESS,2017,CD,evspsblveg,lai,10707,0.598321519069104,0.6004079953983084,0.00485212403011018,0.5902515459789381,0.6094002886137028,True
LPJ-GUESS,2017,CD,evspsblsoi,precipitation,10707,0.16754420292922334,0.17557445984263803,0.007587994182826074,0.16196636604087514,0.19066325458283118,True
LPJ-GUESS,2017,CD,evspsblsoi,lai,10707,0.23533559793355102,0.2374079158854042,0.008006079105934816,0.22204558185525228,0.2550237168817313,True
LPJ-GUESS,2018,HW,evapotrans,precipitation,13251,0.32053006223616093,0.3219775126350919,0.008345501971753726,0.30609721978649085,0.33882601392809736,True
LPJ-GUESS,2018,HW,evapotrans,lai,13251,0.4693170041990423,0.47188364381410586,0.0050226615485043005,0.46110829340902143,0.4814870737051865,True
LPJ-GUESS,2018,HW,tran,precipitation,13251,0.22396624620190267,0.22734108680979945,0.008220145511423697,0.2119010219016797,0.24232675968932904,True
LPJ-GUESS,2018,HW,tran,lai,13251,0.43735615539161876,0.43901029070526304,0.005724958198963694,0.42735787176166296,0.45000542062026455,True
LPJ-GUESS,2018,HW,evspsblveg,precipitation,13251,0.3764536710421807,0.37702664936067104,0.008598439592984761,0.3592837666465463,0.39304186142618197,True
LPJ-GUESS,2018,HW,evspsblveg,lai,13251,0.4981462986773515,0.5006931151159546,0.004253682895033759,0.49260366027082936,0.5091884258265428,True
LPJ-GUESS,2018,HW,evspsblsoi,precipitation,13251,0.1839117455478393,0.18471927865894475,0.008263400121505967,0.16795877481959592,0.19973334243260354,True
LPJ-GUESS,2018,HW,evspsblsoi,lai,13251,0.15207962944768846,0.15663418516948904,0.006948749707972777,0.14461534995443223,0.17072841936095443,True
LPJ-GUESS,2018,HD,evapotrans,precipitation,11874,0.48591712595412806,0.48760640087029317,0.005764585719203779,0.4747099269658022,0.499011063601532,True
LPJ-GUESS,2018,HD,evapotrans,lai,11874,0.512866564810885,0.5144133392098774,0.004645886681713007,0.5052147214947659,0.5239915407516774,True
LPJ-GUESS,2018,HD,tran,precipitation,11874,0.47928895781442293,0.4787796385896284,0.005533114134513296,0.46749537473165276,0.4892797419398755,True
LPJ-GUESS,2018,HD,tran,lai,11874,0.5635321181305704,0.5638812405149254,0.004020016110547247,0.556147711569221,0.5720056172014957,True
LPJ-GUESS,2018,HD,evspsblveg,precipitation,11874,0.47108153357412375,0.4719977723401874,0.0055240199307943945,0.4614947229498298,0.48195854819073336,True
LPJ-GUESS,2018,HD,evspsblveg,lai,11874,0.5570482129191672,0.5596439964226713,0.0037570097922487045,0.5525643469703914,0.5667963132841565,True
LPJ-GUESS,2018,HD,evspsblsoi,precipitation,11874,0.20865123024293897,0.2141897951698406,0.006987590742284856,0.20142649270437513,0.22818068269451755,True
LPJ-GUESS,2018,HD,evspsblsoi,lai,11874,0.21008134556340596,0.21589860363146118,0.0071069163825685155,0.20404125238408474,0.22909433381257946,True
LPJ-GUESS,2018,CW,evapotrans,precipitation,22383,0.23628936213489,0.23718758628561443,0.006301332150251435,0.22438757148934005,0.24920293434387616,True
LPJ-GUESS,2018,CW,evapotrans,lai,22383,0.3658966153339037,0.36706774873310155,0.0036287564689236676,0.36030405498271884,0.37452492099840173,True
LPJ-GUESS,2018,CW,tran,precipitation,22383,0.20637076633817994,0.20692266951794544,0.006376192755936099,0.1943290040820061,0.21836636539714419,True
LPJ-GUESS,2018,CW,tran,lai,22383,0.38736430930262444,0.38800123971397354,0.003524658467227258,0.3812528551805702,0.39499703592515323,True
LPJ-GUESS,2018,CW,evspsblveg,precipitation,22383,0.2186548406208224,0.22047897986690146,0.006746510670375042,0.20677251395772167,0.23342416715782804,True
LPJ-GUESS,2018,CW,evspsblveg,lai,22383,0.5319151095976109,0.5317573456734709,0.0036813381083520102,0.5244239234177959,0.5381097215039897,True
LPJ-GUESS,2018,CW,evspsblsoi,precipitation,22383,0.1199929250483737,0.12325642079027414,0.004097816378619045,0.11553315196594978,0.13117274168367787,True
LPJ-GUESS,2018,CW,evspsblsoi,lai,22383,0.18791396785486272,0.19173455777208445,0.0050921023691911935,0.18189388330304757,0.20181094069929859,True
LPJ-GUESS,2018,CD,evapotrans,precipitation,10681,0.20255909652283888,0.2062308382336046,0.008379043571494077,0.19089118017833068,0.2235263277404246,True
LPJ-GUESS,2018,CD,evapotrans,lai,10681,0.4866999295539316,0.48749992165904243,0.004872922284354132,0.47830402613434736,0.4967087399779421,True
LPJ-GUESS,2018,CD,tran,precipitation,10681,0.17197492751020266,0.17644755115099095,0.007884367489065009,0.16130233003553543,0.1927731957270528,True
LPJ-GUESS,2018,CD,tran,lai,10681,0.5826681457185166,0.5821702130883527,0.003602411630814373,0.5760312523886042,0.5890056359540402,True
LPJ-GUESS,2018,CD,evspsblveg,precipitation,10681,0.20175447355047016,0.2030248822670252,0.00827315554771982,0.18669108304899837,0.2191569646494699,True
LPJ-GUESS,2018,CD,evspsblveg,lai,10681,0.6049963760073805,0.6071110374384123,0.004632706063274152,0.5978094353307294,0.616251139592091,True
LPJ-GUESS,2018,CD,evspsblsoi,precipitation,10681,0.14052413032829708,0.14422937760464757,0.008024618627256633,0.13139030725589892,0.16021001411939628,True
LPJ-GUESS,2018,CD,evspsblsoi,lai,10681,0.15224481534118306,0.15782364014822256,0.008810482391248207,0.1407276520339046,0.1772289207822921,True
LPJ-GUESS,2019,HW,evapotrans,precipitation,13275,0.28556030977652325,0.2862715611925144,0.008366017289796957,0.26952709492993027,0.30267559607206973,True
LPJ-GUESS,2019,HW,evapotrans,lai,13275,0.4625568658816055,0.46338418000897613,0.005224266354702981,0.4536003631152307,0.4725076277022105,True
LPJ-GUESS,2019,HW,tran,precipitation,13275,0.19933511864974449,0.20146817259830932,0.008215253990388778,0.1869066874844009,0.21729386077011692,True
LPJ-GUESS,2019,HW,tran,lai,13275,0.4262518435323214,0.42602672910603084,0.005754723317470829,0.4139268646137948,0.4371164403376217,True
LPJ-GUESS,2019,HW,evspsblveg,precipitation,13275,0.290614146007093,0.29545991831435453,0.00755857191690165,0.28129300847080174,0.3094122517716861,True
LPJ-GUESS,2019,HW,evspsblveg,lai,13275,0.5198377691557189,0.5200863855203677,0.00481873271860468,0.5105986938921879,0.5292820555047903,True
LPJ-GUESS,2019,HW,evspsblsoi,precipitation,13275,0.17255495444710822,0.1745829629410451,0.007948313754999096,0.15831654477830184,0.18975961458380275,True
LPJ-GUESS,2019,HW,evspsblsoi,lai,13275,0.13802307454862983,0.1421609143684639,0.007345950047064799,0.12815985113162853,0.15473083107787824,True
LPJ-GUESS,2019,HD,evapotrans,precipitation,11874,0.4152040213367665,0.4178269687201357,0.0058512825390310014,0.4066116137500552,0.4278358577652622,True
LPJ-GUESS,2019,HD,evapotrans,lai,11874,0.506084634236569,0.5079187844311491,0.0052363061586684105,0.4978911191848731,0.517398206827492,True
LPJ-GUESS,2019,HD,tran,precipitation,11874,0.3773687819596773,0.3809271060174877,0.006874776088216643,0.36789178400071704,0.39385571585340307,True
LPJ-GUESS,2019,HD,tran,lai,11874,0.5563255519659599,0.5583590665832209,0.00463580573598252,0.5489146894106758,0.5669025753279414,True
LPJ-GUESS,2019,HD,evspsblveg,precipitation,11874,0.43962132504796236,0.44392787430193614,0.005749184964098467,0.4318446162488175,0.45430743464526957,True
LPJ-GUESS,2019,HD,evspsblveg,lai,11874,0.5719982591714547,0.5736743773493249,0.0034384127956962,0.5672350219162733,0.5800328492730452,True
LPJ-GUESS,2019,HD,evspsblsoi,precipitation,11874,0.2757647040237674,0.2780080190803892,0.0064019114902937845,0.2652073986558032,0.2903619255799386,True
LPJ-GUESS,2019,HD,evspsblsoi,lai,11874,0.25240530622036433,0.25602828164906893,0.007874479370135455,0.24237257846784913,0.2715532412976801,True
LPJ-GUESS,2019,CW,evapotrans,precipitation,22343,0.18322911252186097,0.1851787214209589,0.005814223512063068,0.1751014601520425,0.1964966610072314,True
LPJ-GUESS,2019,CW,evapotrans,lai,22343,0.35261104331263077,0.3541899909662981,0.003918214055806581,0.3479064022569934,0.36228766619156677,True
LPJ-GUESS,2019,CW,tran,precipitation,22343,0.16264857823128515,0.1647722749107381,0.0063618097624920655,0.15320523965538982,0.17700701009695255,True
LPJ-GUESS,2019,CW,tran,lai,22343,0.3790836074066366,0.379873400051353,0.003768986021562561,0.3733467979674188,0.3879259301890317,True
LPJ-GUESS,2019,CW,evspsblveg,precipitation,22343,0.19470219812264813,0.19675872675034953,0.0070111615692746475,0.18424484217793619,0.20962673190725145,True
LPJ-GUESS,2019,CW,evspsblveg,lai,22343,0.5408093482379845,0.541648408729312,0.003895118722169947,0.5340764178426416,0.5491079930604585,True
LPJ-GUESS,2019,CW,evspsblsoi,precipitation,22343,0.10561654425409411,0.10743427518540549,0.004418191212432893,0.0990321252435069,0.11593071078589477,True
LPJ-GUESS,2019,CW,evspsblsoi,lai,22343,0.15255523538276275,0.15442365942100153,0.006397941149961033,0.14272485543371313,0.16796215009743784,True
LPJ-GUESS,2019,CD,evapotrans,precipitation,10676,0.17652461399646097,0.17810817608026305,0.009178982296432402,0.16180805989794728,0.19733481406628153,True
LPJ-GUESS,2019,CD,evapotrans,lai,10676,0.47647318427836316,0.4776423600365537,0.00500435434718973,0.46810645129300466,0.4868452656065064,True
LPJ-GUESS,2019,CD,tran,precipitation,10676,0.14718353884171578,0.151961651345897,0.005665428620773972,0.1397884559292415,0.1626665559744367,True
LPJ-GUESS,2019,CD,tran,lai,10676,0.5659293939202059,0.5680583654674478,0.004191928033516667,0.5594132984704867,0.5773940164332458,True
LPJ-GUESS,2019,CD,evspsblveg,precipitation,10676,0.201880412223574,0.20139946929544883,0.007602955556801182,0.18821123926399647,0.21641787709997531,True
LPJ-GUESS,2019,CD,evspsblveg,lai,10676,0.6003234682552527,0.6019276009301915,0.004195362384786942,0.5937252586880112,0.6094144941618532,True
LPJ-GUESS,2019,CD,evspsblsoi,precipitation,10676,0.21841484967863123,0.22294634865146776,0.00757988879415539,0.2073517642787795,0.2374177337193934,True
LPJ-GUESS,2019,CD,evspsblsoi,lai,10676,0.17414923458827453,0.17993641929657284,0.008693208639552884,0.16388566004529462,0.19976846245522414,True
LPJ-GUESS,2020,HW,evapotrans,precipitation,13258,0.26244821704167004,0.267199307470908,0.007640955334778923,0.2542012526004784,0.283581269725297,True
LPJ-GUESS,2020,HW,evapotrans,lai,13258,0.45792830169188947,0.46071338207180756,0.006009085428882793,0.4499638787494333,0.4722615979356118,True
LPJ-GUESS,2020,HW,tran,precipitation,13258,0.18668850043469593,0.1883838945741798,0.00856982807939798,0.17330489202946558,0.205867418688025,True
LPJ-GUESS,2020,HW,tran,lai,13258,0.4025679478192057,0.407064126854061,0.006300067198441312,0.39588900302908253,0.41834594505000394,True
LPJ-GUESS,2020,HW,evspsblveg,precipitation,13258,0.2756846544970031,0.2809882367206253,0.008710875306444077,0.2664699328245704,0.2988523179410496,True
LPJ-GUESS,2020,HW,evspsblveg,lai,13258,0.5002742872796914,0.5036909711337395,0.005117195120014185,0.4948830749392477,0.5138837536105895,True
LPJ-GUESS,2020,HW,evspsblsoi,precipitation,13258,0.19826044299614087,0.20296505515062335,0.0067409486042297705,0.18977018606133556,0.2160618546812905,True
LPJ-GUESS,2020,HW,evspsblsoi,lai,13258,0.1387141575548567,0.14828647249945223,0.006557088974521423,0.1347019734454742,0.16059302224711683,True
LPJ-GUESS,2020,HD,evapotrans,precipitation,11870,0.5225358045492838,0.5227094942102006,0.004342373879590036,0.5150211698977613,0.5308384069718872,True
LPJ-GUESS,2020,HD,evapotrans,lai,11870,0.47877000842459977,0.4796582122474397,0.0057187172296006596,0.4674083728583043,0.4908614371300279,True
LPJ-GUESS,2020,HD,tran,precipitation,11870,0.47316764953664703,0.47675398543795994,0.0057706135068204085,0.46358368596734784,0.4869173467062984,True
LPJ-GUESS,2020,HD,tran,lai,11870,0.5669334456613311,0.5684778710486033,0.004279183721797011,0.5596367185592426,0.5772081869559447,True
LPJ-GUESS,2020,HD,evspsblveg,precipitation,11870,0.490016849199663,0.49129480688489624,0.005404795223204805,0.48141996701074213,0.5011993889546906,True
LPJ-GUESS,2020,HD,evspsblveg,lai,11870,0.5620050547598989,0.5642442832251376,0.0039280309813594,0.556470566820715,0.5705644387374853,True
LPJ-GUESS,2020,HD,evspsblsoi,precipitation,11870,0.30421229991575405,0.3066941014564534,0.0061060095534746514,0.29411363357498577,0.31949674674452677,True
LPJ-GUESS,2020,HD,evspsblsoi,lai,11870,0.21950294860994107,0.22432571293502895,0.00783546410713167,0.20780600667648808,0.24015076331550872,True
LPJ-GUESS,2020,CW,evapotrans,precipitation,22309,0.2443270056873449,0.2472039493926158,0.005470663447083429,0.23674367967374488,0.2560833125483711,True
LPJ-GUESS,2020,CW,evapotrans,lai,22309,0.3670300857044769,0.3675680899123091,0.004511282386661168,0.35896814173997077,0.3763991973904414,True
LPJ-GUESS,2020,CW,tran,precipitation,22309,0.2160881859431703,0.21866417173762812,0.0056696222679337325,0.207252839640018,0.22922382338572192,True
LPJ-GUESS,2020,CW,tran,lai,22309,0.3802759011358717,0.3817244957094985,0.00430137900856497,0.3737966354568726,0.3903635926662039,True
LPJ-GUESS,2020,CW,evspsblveg,precipitation,22309,0.23327726161656076,0.23599643494406408,0.005709766568617919,0.2254012676836784,0.24673815984832834,True
LPJ-GUESS,2020,CW,evspsblveg,lai,22309,0.5331729004333998,0.5330250680048947,0.003729902634591134,0.526110976211283,0.5402707592512541,True
LPJ-GUESS,2020,CW,evspsblsoi,precipitation,22309,0.09312317631870626,0.09690113307829544,0.004809468125222239,0.0882962401686042,0.10512537809138234,True
LPJ-GUESS,2020,CW,evspsblsoi,lai,22309,0.1850665720955813,0.18466651944017812,0.00544217210186936,0.17329750754568243,0.1951037457000293,True
LPJ-GUESS,2020,CD,evapotrans,precipitation,10667,0.2014023013938413,0.2081164005401002,0.007577782357563381,0.1935689390963438,0.22388002154054745,True
LPJ-GUESS,2020,CD,evapotrans,lai,10667,0.4622048371792111,0.4654163153415234,0.00539749652004322,0.4554353950559939,0.4757752456078664,True
LPJ-GUESS,2020,CD,tran,precipitation,10667,0.1952067254824916,0.1936064422371219,0.008624900083349079,0.17759047088011337,0.2097526707921672,True
LPJ-GUESS,2020,CD,tran,lai,10667,0.5558412727671613,0.5581393501377414,0.004755180238697471,0.5484704221542407,0.5680436906537379,True
LPJ-GUESS,2020,CD,evspsblveg,precipitation,10667,0.2011411551222045,0.2051452162767523,0.0065051780788153825,0.19108873195390888,0.2172497827492641,True
LPJ-GUESS,2020,CD,evspsblveg,lai,10667,0.5931057032516515,0.5958064165672112,0.0053516339183310065,0.5849135460398407,0.6063024293387184,True
LPJ-GUESS,2020,CD,evspsblsoi,precipitation,10667,0.15112515831910273,0.15358174257504686,0.008588090996424852,0.13818800936823433,0.17038275094255848,True
LPJ-GUESS,2020,CD,evspsblsoi,lai,10667,0.180877571175519,0.18500931905008897,0.01102909104802137,0.16468725413213653,0.20359965667776295,True
