model,year,climate_zone,input_var,output_var,hsic,n_samples
CLASSIC,1991,HW,precipitation,evapotrans,0.35062821550676443,13251
CLASSIC,1991,HW,lai,evapotrans,0.5293137295209559,13251
CLASSIC,1991,HW,precipitation,tran,0.234147200617025,13251
CLASSIC,1991,HW,lai,tran,0.5821441246667005,13251
CLASSIC,1991,HW,precipitation,evspsblveg,0.4651880740238559,13251
CLASSIC,1991,HW,lai,evspsblveg,0.6899101443933323,13251
CLASSIC,1991,HW,precipitation,evspsblsoi,0.17138624724186705,13251
CLASSIC,1991,HW,lai,evspsblsoi,0.5229998290928128,13251
CLASSIC,1991,HD,precipitation,evapotrans,0.6787809626423479,11829
CLASSIC,1991,HD,lai,evapotrans,0.6154586873390602,11829
CLASSIC,1991,HD,precipitation,tran,0.5480645013689772,11829
CLASSIC,1991,HD,lai,tran,0.8700455209921762,11829
CLASSIC,1991,HD,precipitation,evspsblveg,0.5995432162892306,11829
CLASSIC,1991,HD,lai,evspsblveg,0.8502191028946404,11829
CLASSIC,1991,HD,precipitation,evspsblsoi,0.5256066826408006,11829
CLASSIC,1991,HD,lai,evspsblsoi,0.33584864837543416,11829
CLASSIC,1991,CW,precipitation,evapotrans,0.3488670516296094,22462
CLASSIC,1991,CW,lai,evapotrans,0.27306110986926463,22462
CLASSIC,1991,CW,precipitation,tran,0.2839745583509809,22462
CLASSIC,1991,CW,lai,tran,0.5015092282093059,22462
CLASSIC,1991,CW,precipitation,evspsblveg,0.40329154166606573,22462
CLASSIC,1991,CW,lai,evspsblveg,0.7973113108983915,22462
CLASSIC,1991,CW,precipitation,evspsblsoi,0.04696218181240321,22462
CLASSIC,1991,CW,lai,evspsblsoi,0.16406576697989791,22462
CLASSIC,1991,CD,precipitation,evapotrans,0.4062980815940196,13122
CLASSIC,1991,CD,lai,evapotrans,0.5291461171046686,13122
CLASSIC,1991,CD,precipitation,tran,0.28466398310557683,13122
CLASSIC,1991,CD,lai,tran,0.7840478176373273,13122
CLASSIC,1991,CD,precipitation,evspsblveg,0.3747708165097929,13122
CLASSIC,1991,CD,lai,evspsblveg,0.7997837884325772,13122
CLASSIC,1991,CD,precipitation,evspsblsoi,0.3725562245855265,13122
CLASSIC,1991,CD,lai,evspsblsoi,0.38984662359334515,13122
CLASSIC,1992,HW,precipitation,evapotrans,0.3535078094536686,13257
CLASSIC,1992,HW,lai,evapotrans,0.5092038596625099,13257
CLASSIC,1992,HW,precipitation,tran,0.2649626250577485,13257
CLASSIC,1992,HW,lai,tran,0.6182421201101405,13257
CLASSIC,1992,HW,precipitation,evspsblveg,0.4423914073653459,13257
CLASSIC,1992,HW,lai,evspsblveg,0.6701786952085731,13257
CLASSIC,1992,HW,precipitation,evspsblsoi,0.16025394697421888,13257
CLASSIC,1992,HW,lai,evspsblsoi,0.5383677753195879,13257
CLASSIC,1992,HD,precipitation,evapotrans,0.5844749893213065,11822
CLASSIC,1992,HD,lai,evapotrans,0.5973341309800382,11822
CLASSIC,1992,HD,precipitation,tran,0.34227860739104415,11822
CLASSIC,1992,HD,lai,tran,0.870481596740729,11822
CLASSIC,1992,HD,precipitation,evspsblveg,0.45484451262217296,11822
CLASSIC,1992,HD,lai,evspsblveg,0.815509986966654,11822
CLASSIC,1992,HD,precipitation,evspsblsoi,0.5373384979468867,11822
CLASSIC,1992,HD,lai,evspsblsoi,0.3249377222216073,11822
CLASSIC,1992,CW,precipitation,evapotrans,0.3306085068396084,22431
CLASSIC,1992,CW,lai,evapotrans,0.22697471170513214,22431
CLASSIC,1992,CW,precipitation,tran,0.22184275224349176,22431
CLASSIC,1992,CW,lai,tran,0.43053070259508097,22431
CLASSIC,1992,CW,precipitation,evspsblveg,0.3559890270119977,22431
CLASSIC,1992,CW,lai,evspsblveg,0.7437178734852102,22431
CLASSIC,1992,CW,precipitation,evspsblsoi,0.06088205431097524,22431
CLASSIC,1992,CW,lai,evspsblsoi,0.12579741331415414,22431
CLASSIC,1992,CD,precipitation,evapotrans,0.4935837715330334,13396
CLASSIC,1992,CD,lai,evapotrans,0.5634662457470822,13396
CLASSIC,1992,CD,precipitation,tran,0.35039376215511114,13396
CLASSIC,1992,CD,lai,tran,0.801406522415397,13396
CLASSIC,1992,CD,precipitation,evspsblveg,0.3968551034652712,13396
CLASSIC,1992,CD,lai,evspsblveg,0.8146718417902997,13396
CLASSIC,1992,CD,precipitation,evspsblsoi,0.4621435243335858,13396
CLASSIC,1992,CD,lai,evspsblsoi,0.4236130314629223,13396
CLASSIC,1993,HW,precipitation,evapotrans,0.27891738797686805,13246
CLASSIC,1993,HW,lai,evapotrans,0.42159608795071135,13246
CLASSIC,1993,HW,precipitation,tran,0.2569971857848667,13246
CLASSIC,1993,HW,lai,tran,0.60320180164789,13246
CLASSIC,1993,HW,precipitation,evspsblveg,0.3461693451143473,13246
CLASSIC,1993,HW,lai,evspsblveg,0.5675554913070542,13246
CLASSIC,1993,HW,precipitation,evspsblsoi,0.184598453291286,13246
CLASSIC,1993,HW,lai,evspsblsoi,0.5701126952037388,13246
CLASSIC,1993,HD,precipitation,evapotrans,0.6616742646327146,11824
CLASSIC,1993,HD,lai,evapotrans,0.5914709624693477,11824
CLASSIC,1993,HD,precipitation,tran,0.44931756746110885,11824
CLASSIC,1993,HD,lai,tran,0.8686824777353782,11824
CLASSIC,1993,HD,precipitation,evspsblveg,0.5300852115895526,11824
CLASSIC,1993,HD,lai,evspsblveg,0.8234069909469673,11824
CLASSIC,1993,HD,precipitation,evspsblsoi,0.5827371656955838,11824
CLASSIC,1993,HD,lai,evspsblsoi,0.30639314899135867,11824
CLASSIC,1993,CW,precipitation,evapotrans,0.36032485666697006,22453
CLASSIC,1993,CW,lai,evapotrans,0.2348332451841307,22453
CLASSIC,1993,CW,precipitation,tran,0.25179675356631465,22453
CLASSIC,1993,CW,lai,tran,0.4718423394992902,22453
CLASSIC,1993,CW,precipitation,evspsblveg,0.3315595454432572,22453
CLASSIC,1993,CW,lai,evspsblveg,0.7606309336558646,22453
CLASSIC,1993,CW,precipitation,evspsblsoi,0.07116426127430901,22453
CLASSIC,1993,CW,lai,evspsblsoi,0.14628999312189964,22453
CLASSIC,1993,CD,precipitation,evapotrans,0.498672431130243,13313
CLASSIC,1993,CD,lai,evapotrans,0.5431624796787018,13313
CLASSIC,1993,CD,precipitation,tran,0.3195107105319322,13313
CLASSIC,1993,CD,lai,tran,0.8000572031536973,13313
CLASSIC,1993,CD,precipitation,evspsblveg,0.39595872718175645,13313
CLASSIC,1993,CD,lai,evspsblveg,0.8026942908330568,13313
CLASSIC,1993,CD,precipitation,evspsblsoi,0.4725646122460421,13313
CLASSIC,1993,CD,lai,evspsblsoi,0.41997561686027424,13313
CLASSIC,1994,HW,precipitation,evapotrans,0.3663486900489697,13255
CLASSIC,1994,HW,lai,evapotrans,0.4807154150261508,13255
CLASSIC,1994,HW,precipitation,tran,0.22794749862865432,13255
CLASSIC,1994,HW,lai,tran,0.570391694306006,13255
CLASSIC,1994,HW,precipitation,evspsblveg,0.497241445249352,13255
CLASSIC,1994,HW,lai,evspsblveg,0.6677897931524921,13255
CLASSIC,1994,HW,precipitation,evspsblsoi,0.112167173342267,13255
CLASSIC,1994,HW,lai,evspsblsoi,0.47462766180112637,13255
CLASSIC,1994,HD,precipitation,evapotrans,0.666176717909944,11822
CLASSIC,1994,HD,lai,evapotrans,0.5980304980615655,11822
CLASSIC,1994,HD,precipitation,tran,0.5243035610726047,11822
CLASSIC,1994,HD,lai,tran,0.859459933040833,11822
CLASSIC,1994,HD,precipitation,evspsblveg,0.5805025680886626,11822
CLASSIC,1994,HD,lai,evspsblveg,0.824691072695939,11822
CLASSIC,1994,HD,precipitation,evspsblsoi,0.47974497319324366,11822
CLASSIC,1994,HD,lai,evspsblsoi,0.3086997176183632,11822
CLASSIC,1994,CW,precipitation,evapotrans,0.3396687711806191,22366
CLASSIC,1994,CW,lai,evapotrans,0.23033638781797186,22366
CLASSIC,1994,CW,precipitation,tran,0.2410886707526974,22366
CLASSIC,1994,CW,lai,tran,0.4668055938623109,22366
CLASSIC,1994,CW,precipitation,evspsblveg,0.3554729559529222,22366
CLASSIC,1994,CW,lai,evspsblveg,0.7746924789974184,22366
CLASSIC,1994,CW,precipitation,evspsblsoi,0.04318762021350551,22366
CLASSIC,1994,CW,lai,evspsblsoi,0.1377980008763801,22366
CLASSIC,1994,CD,precipitation,evapotrans,0.3831362913894098,13314
CLASSIC,1994,CD,lai,evapotrans,0.5686092018749492,13314
CLASSIC,1994,CD,precipitation,tran,0.23519478625205875,13314
CLASSIC,1994,CD,lai,tran,0.8353881441521401,13314
CLASSIC,1994,CD,precipitation,evspsblveg,0.3174286222446597,13314
CLASSIC,1994,CD,lai,evspsblveg,0.8111236583295488,13314
CLASSIC,1994,CD,precipitation,evspsblsoi,0.3861607656690973,13314
CLASSIC,1994,CD,lai,evspsblsoi,0.42400831482021994,13314
CLASSIC,1995,HW,precipitation,evapotrans,0.4014367334690014,13260
CLASSIC,1995,HW,lai,evapotrans,0.4989695403485767,13260
CLASSIC,1995,HW,precipitation,tran,0.22739419562490273,13260
CLASSIC,1995,HW,lai,tran,0.5775372529987265,13260
CLASSIC,1995,HW,precipitation,evspsblveg,0.5039764018347691,13260
CLASSIC,1995,HW,lai,evspsblveg,0.6604857042945073,13260
CLASSIC,1995,HW,precipitation,evspsblsoi,0.13493082237475135,13260
CLASSIC,1995,HW,lai,evspsblsoi,0.5039233967662231,13260
CLASSIC,1995,HD,precipitation,evapotrans,0.6500902611857352,11831
CLASSIC,1995,HD,lai,evapotrans,0.6329149238510107,11831
CLASSIC,1995,HD,precipitation,tran,0.4447570444514105,11831
CLASSIC,1995,HD,lai,tran,0.8561867931852573,11831
CLASSIC,1995,HD,precipitation,evspsblveg,0.5217743345853383,11831
CLASSIC,1995,HD,lai,evspsblveg,0.852492175994548,11831
CLASSIC,1995,HD,precipitation,evspsblsoi,0.5794956916485652,11831
CLASSIC,1995,HD,lai,evspsblsoi,0.35662974282549936,11831
CLASSIC,1995,CW,precipitation,evapotrans,0.24182975324241415,22400
CLASSIC,1995,CW,lai,evapotrans,0.2430572600485386,22400
CLASSIC,1995,CW,precipitation,tran,0.21335455685937363,22400
CLASSIC,1995,CW,lai,tran,0.4504433319391472,22400
CLASSIC,1995,CW,precipitation,evspsblveg,0.35350350045298046,22400
CLASSIC,1995,CW,lai,evspsblveg,0.7543932345110884,22400
CLASSIC,1995,CW,precipitation,evspsblsoi,0.03906146965762348,22400
CLASSIC,1995,CW,lai,evspsblsoi,0.13157827344819814,22400
CLASSIC,1995,CD,precipitation,evapotrans,0.3876853606996267,13440
CLASSIC,1995,CD,lai,evapotrans,0.5516040528473444,13440
CLASSIC,1995,CD,precipitation,tran,0.3065639024295085,13440
CLASSIC,1995,CD,lai,tran,0.823760235110381,13440
CLASSIC,1995,CD,precipitation,evspsblveg,0.3874698622099772,13440
CLASSIC,1995,CD,lai,evspsblveg,0.8567963752637804,13440
CLASSIC,1995,CD,precipitation,evspsblsoi,0.3266258037335321,13440
CLASSIC,1995,CD,lai,evspsblsoi,0.4055737419434234,13440
CLASSIC,1996,HW,precipitation,evapotrans,0.3557245069617798,13255
CLASSIC,1996,HW,lai,evapotrans,0.44129454108351507,13255
CLASSIC,1996,HW,precipitation,tran,0.2588051763986608,13255
CLASSIC,1996,HW,lai,tran,0.5934443159283959,13255
CLASSIC,1996,HW,precipitation,evspsblveg,0.4445799277741802,13255
CLASSIC,1996,HW,lai,evspsblveg,0.6644623145868297,13255
CLASSIC,1996,HW,precipitation,evspsblsoi,0.13172189196642436,13255
CLASSIC,1996,HW,lai,evspsblsoi,0.5223381262753667,13255
CLASSIC,1996,HD,precipitation,evapotrans,0.6252152604806611,11826
CLASSIC,1996,HD,lai,evapotrans,0.5493743424733155,11826
CLASSIC,1996,HD,precipitation,tran,0.51277120392916,11826
CLASSIC,1996,HD,lai,tran,0.8689636462345264,11826
CLASSIC,1996,HD,precipitation,evspsblveg,0.6049534525974601,11826
CLASSIC,1996,HD,lai,evspsblveg,0.8302162919173616,11826
CLASSIC,1996,HD,precipitation,evspsblsoi,0.43088198318524773,11826
CLASSIC,1996,HD,lai,evspsblsoi,0.29375264119042743,11826
CLASSIC,1996,CW,precipitation,evapotrans,0.2912364150059244,22457
CLASSIC,1996,CW,lai,evapotrans,0.22420676451294558,22457
CLASSIC,1996,CW,precipitation,tran,0.20141573748466596,22457
CLASSIC,1996,CW,lai,tran,0.4284582401432172,22457
CLASSIC,1996,CW,precipitation,evspsblveg,0.3209510965626596,22457
CLASSIC,1996,CW,lai,evspsblveg,0.7681124416157384,22457
CLASSIC,1996,CW,precipitation,evspsblsoi,0.04569335540385819,22457
CLASSIC,1996,CW,lai,evspsblsoi,0.14190337192441102,22457
CLASSIC,1996,CD,precipitation,evapotrans,0.4111273676705712,13045
CLASSIC,1996,CD,lai,evapotrans,0.5614229063741344,13045
CLASSIC,1996,CD,precipitation,tran,0.305589293635268,13045
CLASSIC,1996,CD,lai,tran,0.7983560261742083,13045
CLASSIC,1996,CD,precipitation,evspsblveg,0.38066815095533113,13045
CLASSIC,1996,CD,lai,evspsblveg,0.8193830637547648,13045
CLASSIC,1996,CD,precipitation,evspsblsoi,0.3597163404821721,13045
CLASSIC,1996,CD,lai,evspsblsoi,0.4188397480700113,13045
CLASSIC,1997,HW,precipitation,evapotrans,0.2753698067189121,13273
CLASSIC,1997,HW,lai,evapotrans,0.4401711314232641,13273
CLASSIC,1997,HW,precipitation,tran,0.2278183655253503,13273
CLASSIC,1997,HW,lai,tran,0.5505860633038197,13273
CLASSIC,1997,HW,precipitation,evspsblveg,0.39322945649661956,13273
CLASSIC,1997,HW,lai,evspsblveg,0.6455928397676726,13273
CLASSIC,1997,HW,precipitation,evspsblsoi,0.1670309064934217,13273
CLASSIC,1997,HW,lai,evspsblsoi,0.49926655666911657,13273
CLASSIC,1997,HD,precipitation,evapotrans,0.6917039082259714,11823
CLASSIC,1997,HD,lai,evapotrans,0.6143345855796657,11823
CLASSIC,1997,HD,precipitation,tran,0.4795667678349854,11823
CLASSIC,1997,HD,lai,tran,0.8664446102628526,11823
CLASSIC,1997,HD,precipitation,evspsblveg,0.5656555194227642,11823
CLASSIC,1997,HD,lai,evspsblveg,0.870816238984975,11823
CLASSIC,1997,HD,precipitation,evspsblsoi,0.5509147163353953,11823
CLASSIC,1997,HD,lai,evspsblsoi,0.3179959255614682,11823
CLASSIC,1997,CW,precipitation,evapotrans,0.31957253637358296,22370
CLASSIC,1997,CW,lai,evapotrans,0.22041030722562696,22370
CLASSIC,1997,CW,precipitation,tran,0.27930777808621154,22370
CLASSIC,1997,CW,lai,tran,0.4654473486854498,22370
CLASSIC,1997,CW,precipitation,evspsblveg,0.3573475160395635,22370
CLASSIC,1997,CW,lai,evspsblveg,0.776983855501891,22370
CLASSIC,1997,CW,precipitation,evspsblsoi,0.03147125812364173,22370
CLASSIC,1997,CW,lai,evspsblsoi,0.1620712311527495,22370
CLASSIC,1997,CD,precipitation,evapotrans,0.4202838169828898,13399
CLASSIC,1997,CD,lai,evapotrans,0.5468125801297461,13399
CLASSIC,1997,CD,precipitation,tran,0.3162603619554051,13399
CLASSIC,1997,CD,lai,tran,0.7904421642590523,13399
CLASSIC,1997,CD,precipitation,evspsblveg,0.35563884961370623,13399
CLASSIC,1997,CD,lai,evspsblveg,0.7913507704569024,13399
CLASSIC,1997,CD,precipitation,evspsblsoi,0.37703525036348484,13399
CLASSIC,1997,CD,lai,evspsblsoi,0.4258700124416768,13399
CLASSIC,1998,HW,precipitation,evapotrans,0.3092028132447361,13255
CLASSIC,1998,HW,lai,evapotrans,0.5260709422875857,13255
CLASSIC,1998,HW,precipitation,tran,0.21902254971022528,13255
CLASSIC,1998,HW,lai,tran,0.5832736799259699,13255
CLASSIC,1998,HW,precipitation,evspsblveg,0.42107198404191587,13255
CLASSIC,1998,HW,lai,evspsblveg,0.6816359027141701,13255
CLASSIC,1998,HW,precipitation,evspsblsoi,0.1459122445469072,13255
CLASSIC,1998,HW,lai,evspsblsoi,0.4726258625483222,13255
CLASSIC,1998,HD,precipitation,evapotrans,0.6708677903612014,11823
CLASSIC,1998,HD,lai,evapotrans,0.6518898938295411,11823
CLASSIC,1998,HD,precipitation,tran,0.4573330587909483,11823
CLASSIC,1998,HD,lai,tran,0.8607654554761985,11823
CLASSIC,1998,HD,precipitation,evspsblveg,0.5241467627338782,11823
CLASSIC,1998,HD,lai,evspsblveg,0.8241632172880549,11823
CLASSIC,1998,HD,precipitation,evspsblsoi,0.5712267888865218,11823
CLASSIC,1998,HD,lai,evspsblsoi,0.34788848779781517,11823
CLASSIC,1998,CW,precipitation,evapotrans,0.32391000056668656,22463
CLASSIC,1998,CW,lai,evapotrans,0.23440168558000832,22463
CLASSIC,1998,CW,precipitation,tran,0.28679521549155595,22463
CLASSIC,1998,CW,lai,tran,0.42083289963102094,22463
CLASSIC,1998,CW,precipitation,evspsblveg,0.42141348661396383,22463
CLASSIC,1998,CW,lai,evspsblveg,0.7736266708351394,22463
CLASSIC,1998,CW,precipitation,evspsblsoi,0.06000505289157793,22463
CLASSIC,1998,CW,lai,evspsblsoi,0.14366147944242585,22463
CLASSIC,1998,CD,precipitation,evapotrans,0.44971555567127447,13384
CLASSIC,1998,CD,lai,evapotrans,0.5245942058731159,13384
CLASSIC,1998,CD,precipitation,tran,0.29834738247517884,13384
CLASSIC,1998,CD,lai,tran,0.7826555432212844,13384
CLASSIC,1998,CD,precipitation,evspsblveg,0.3908913257108157,13384
CLASSIC,1998,CD,lai,evspsblveg,0.7573176487815652,13384
CLASSIC,1998,CD,precipitation,evspsblsoi,0.42528095670292143,13384
CLASSIC,1998,CD,lai,evspsblsoi,0.3999219410624146,13384
CLASSIC,1999,HW,precipitation,evapotrans,0.38042005407542084,13252
CLASSIC,1999,HW,lai,evapotrans,0.5211489761263659,13252
CLASSIC,1999,HW,precipitation,tran,0.1856787970949515,13252
CLASSIC,1999,HW,lai,tran,0.5785728948737238,13252
CLASSIC,1999,HW,precipitation,evspsblveg,0.4929135029183804,13252
CLASSIC,1999,HW,lai,evspsblveg,0.6700852331732786,13252
CLASSIC,1999,HW,precipitation,evspsblsoi,0.13053159865990235,13252
CLASSIC,1999,HW,lai,evspsblsoi,0.5223090215442456,13252
CLASSIC,1999,HD,precipitation,evapotrans,0.6214677770081782,11832
CLASSIC,1999,HD,lai,evapotrans,0.6121569872705593,11832
CLASSIC,1999,HD,precipitation,tran,0.47253744760449645,11832
CLASSIC,1999,HD,lai,tran,0.8578766112351899,11832
CLASSIC,1999,HD,precipitation,evspsblveg,0.5034923351891702,11832
CLASSIC,1999,HD,lai,evspsblveg,0.8290418077097055,11832
CLASSIC,1999,HD,precipitation,evspsblsoi,0.4945560541952519,11832
CLASSIC,1999,HD,lai,evspsblsoi,0.3185843214744901,11832
CLASSIC,1999,CW,precipitation,evapotrans,0.28025593194474885,22423
CLASSIC,1999,CW,lai,evapotrans,0.2607390250812792,22423
CLASSIC,1999,CW,precipitation,tran,0.21838111070417282,22423
CLASSIC,1999,CW,lai,tran,0.49486239662271125,22423
CLASSIC,1999,CW,precipitation,evspsblveg,0.35429600117655885,22423
CLASSIC,1999,CW,lai,evspsblveg,0.789537048496574,22423
CLASSIC,1999,CW,precipitation,evspsblsoi,0.03527023063309526,22423
CLASSIC,1999,CW,lai,evspsblsoi,0.1297907066639274,22423
CLASSIC,1999,CD,precipitation,evapotrans,0.423942246667232,12999
CLASSIC,1999,CD,lai,evapotrans,0.536225140682865,12999
CLASSIC,1999,CD,precipitation,tran,0.30166960880718496,12999
CLASSIC,1999,CD,lai,tran,0.8030505365119637,12999
CLASSIC,1999,CD,precipitation,evspsblveg,0.3691592964194508,12999
CLASSIC,1999,CD,lai,evspsblveg,0.7934059698091632,12999
CLASSIC,1999,CD,precipitation,evspsblsoi,0.3986797373164411,12999
CLASSIC,1999,CD,lai,evspsblsoi,0.390397573822662,12999
CLASSIC,2000,HW,precipitation,evapotrans,0.36179859850258184,13229
CLASSIC,2000,HW,lai,evapotrans,0.4616393700537571,13229
CLASSIC,2000,HW,precipitation,tran,0.23105949426651803,13229
CLASSIC,2000,HW,lai,tran,0.5881744751367646,13229
CLASSIC,2000,HW,precipitation,evspsblveg,0.4426622457934201,13229
CLASSIC,2000,HW,lai,evspsblveg,0.654318890609896,13229
CLASSIC,2000,HW,precipitation,evspsblsoi,0.13518906510591042,13229
CLASSIC,2000,HW,lai,evspsblsoi,0.5302663556214819,13229
CLASSIC,2000,HD,precipitation,evapotrans,0.6925980603798949,11830
CLASSIC,2000,HD,lai,evapotrans,0.5574038491418017,11830
CLASSIC,2000,HD,precipitation,tran,0.4675342259211552,11830
CLASSIC,2000,HD,lai,tran,0.8692655631503684,11830
CLASSIC,2000,HD,precipitation,evspsblveg,0.5257592328525619,11830
CLASSIC,2000,HD,lai,evspsblveg,0.8362648561958347,11830
CLASSIC,2000,HD,precipitation,evspsblsoi,0.5270127668851463,11830
CLASSIC,2000,HD,lai,evspsblsoi,0.3013325826242228,11830
CLASSIC,2000,CW,precipitation,evapotrans,0.3372608188760355,22356
CLASSIC,2000,CW,lai,evapotrans,0.2309484125541539,22356
CLASSIC,2000,CW,precipitation,tran,0.2781899999307858,22356
CLASSIC,2000,CW,lai,tran,0.4694276181204586,22356
CLASSIC,2000,CW,precipitation,evspsblveg,0.38726423637242724,22356
CLASSIC,2000,CW,lai,evspsblveg,0.7641541474030482,22356
CLASSIC,2000,CW,precipitation,evspsblsoi,0.04388390525706415,22356
CLASSIC,2000,CW,lai,evspsblsoi,0.16004357717751058,22356
CLASSIC,2000,CD,precipitation,evapotrans,0.45856601358810856,13548
CLASSIC,2000,CD,lai,evapotrans,0.5445722530495596,13548
CLASSIC,2000,CD,precipitation,tran,0.3250358953880095,13548
CLASSIC,2000,CD,lai,tran,0.7862412267473283,13548
CLASSIC,2000,CD,precipitation,evspsblveg,0.41467111475519336,13548
CLASSIC,2000,CD,lai,evspsblveg,0.8123668402845845,13548
CLASSIC,2000,CD,precipitation,evspsblsoi,0.4233904741994863,13548
CLASSIC,2000,CD,lai,evspsblsoi,0.39533378874010056,13548
CLASSIC,2001,HW,precipitation,evapotrans,0.38818242464061525,13234
CLASSIC,2001,HW,lai,evapotrans,0.4344715688280316,13234
CLASSIC,2001,HW,precipitation,tran,0.20670587507483196,13234
CLASSIC,2001,HW,lai,tran,0.553435767230454,13234
CLASSIC,2001,HW,precipitation,evspsblveg,0.5214519812367434,13234
CLASSIC,2001,HW,lai,evspsblveg,0.551731815530175,13234
CLASSIC,2001,HW,precipitation,evspsblsoi,0.13925387325615532,13234
CLASSIC,2001,HW,lai,evspsblsoi,0.5009937094563656,13234
CLASSIC,2001,HD,precipitation,evapotrans,0.6650744972482248,11827
CLASSIC,2001,HD,lai,evapotrans,0.6577412619529023,11827
CLASSIC,2001,HD,precipitation,tran,0.5184256244873673,11827
CLASSIC,2001,HD,lai,tran,0.8746293275460023,11827
CLASSIC,2001,HD,precipitation,evspsblveg,0.5661525310304332,11827
CLASSIC,2001,HD,lai,evspsblveg,0.8528926739254464,11827
CLASSIC,2001,HD,precipitation,evspsblsoi,0.5624071162063747,11827
CLASSIC,2001,HD,lai,evspsblsoi,0.3751088180578585,11827
CLASSIC,2001,CW,precipitation,evapotrans,0.27034737324621333,22313
CLASSIC,2001,CW,lai,evapotrans,0.1976413416486993,22313
CLASSIC,2001,CW,precipitation,tran,0.2561819199691739,22313
CLASSIC,2001,CW,lai,tran,0.5122139521018523,22313
CLASSIC,2001,CW,precipitation,evspsblveg,0.3353916939061107,22313
CLASSIC,2001,CW,lai,evspsblveg,0.6557589374443574,22313
CLASSIC,2001,CW,precipitation,evspsblsoi,0.023722493813036125,22313
CLASSIC,2001,CW,lai,evspsblsoi,0.1446787262165586,22313
CLASSIC,2001,CD,precipitation,evapotrans,0.38705422058555267,13167
CLASSIC,2001,CD,lai,evapotrans,0.5058596721981207,13167
CLASSIC,2001,CD,precipitation,tran,0.27237291048314854,13167
CLASSIC,2001,CD,lai,tran,0.7918216678290381,13167
CLASSIC,2001,CD,precipitation,evspsblveg,0.358424901583534,13167
CLASSIC,2001,CD,lai,evspsblveg,0.7959524652761075,13167
CLASSIC,2001,CD,precipitation,evspsblsoi,0.33295100021779017,13167
CLASSIC,2001,CD,lai,evspsblsoi,0.3691348133624963,13167
CLASSIC,2002,HW,precipitation,evapotrans,0.2749343694452338,13266
CLASSIC,2002,HW,lai,evapotrans,0.49588641600427347,13266
CLASSIC,2002,HW,precipitation,tran,0.19935110365466926,13266
CLASSIC,2002,HW,lai,tran,0.5915140906743119,13266
CLASSIC,2002,HW,precipitation,evspsblveg,0.4412217262083737,13266
CLASSIC,2002,HW,lai,evspsblveg,0.6626334565359359,13266
CLASSIC,2002,HW,precipitation,evspsblsoi,0.136276944927545,13266
CLASSIC,2002,HW,lai,evspsblsoi,0.4767241590881538,13266
CLASSIC,2002,HD,precipitation,evapotrans,0.6996990815377838,11825
CLASSIC,2002,HD,lai,evapotrans,0.6427965876592863,11825
CLASSIC,2002,HD,precipitation,tran,0.5346580570181393,11825
CLASSIC,2002,HD,lai,tran,0.8612940217006476,11825
CLASSIC,2002,HD,precipitation,evspsblveg,0.6128167355421513,11825
CLASSIC,2002,HD,lai,evspsblveg,0.8284129525864101,11825
CLASSIC,2002,HD,precipitation,evspsblsoi,0.5777924741987375,11825
CLASSIC,2002,HD,lai,evspsblsoi,0.3582906206444968,11825
CLASSIC,2002,CW,precipitation,evapotrans,0.2509861502469264,22365
CLASSIC,2002,CW,lai,evapotrans,0.24921106275637894,22365
CLASSIC,2002,CW,precipitation,tran,0.18311436585681798,22365
CLASSIC,2002,CW,lai,tran,0.42573960332924565,22365
CLASSIC,2002,CW,precipitation,evspsblveg,0.36336233437709214,22365
CLASSIC,2002,CW,lai,evspsblveg,0.7870404236055298,22365
CLASSIC,2002,CW,precipitation,evspsblsoi,0.026710446464243875,22365
CLASSIC,2002,CW,lai,evspsblsoi,0.12121158458117207,22365
CLASSIC,2002,CD,precipitation,evapotrans,0.4115098938985355,13613
CLASSIC,2002,CD,lai,evapotrans,0.5407736521339152,13613
CLASSIC,2002,CD,precipitation,tran,0.26641554632392966,13613
CLASSIC,2002,CD,lai,tran,0.7972555169867392,13613
CLASSIC,2002,CD,precipitation,evspsblveg,0.32927867612541367,13613
CLASSIC,2002,CD,lai,evspsblveg,0.8062059435202974,13613
CLASSIC,2002,CD,precipitation,evspsblsoi,0.4033475331855719,13613
CLASSIC,2002,CD,lai,evspsblsoi,0.42707874460129064,13613
CLASSIC,2003,HW,precipitation,evapotrans,0.29823777358699527,13254
CLASSIC,2003,HW,lai,evapotrans,0.46139537149461274,13254
CLASSIC,2003,HW,precipitation,tran,0.18949294559731542,13254
CLASSIC,2003,HW,lai,tran,0.5638079710364662,13254
CLASSIC,2003,HW,precipitation,evspsblveg,0.3794945491703396,13254
CLASSIC,2003,HW,lai,evspsblveg,0.6472176049347463,13254
CLASSIC,2003,HW,precipitation,evspsblsoi,0.13359838206278907,13254
CLASSIC,2003,HW,lai,evspsblsoi,0.5097284969557356,13254
CLASSIC,2003,HD,precipitation,evapotrans,0.721010464250857,11832
CLASSIC,2003,HD,lai,evapotrans,0.5954028807612344,11832
CLASSIC,2003,HD,precipitation,tran,0.5475065120169718,11832
CLASSIC,2003,HD,lai,tran,0.8684070973994095,11832
CLASSIC,2003,HD,precipitation,evspsblveg,0.6014252774252182,11832
CLASSIC,2003,HD,lai,evspsblveg,0.862718324026753,11832
CLASSIC,2003,HD,precipitation,evspsblsoi,0.5853251607325188,11832
CLASSIC,2003,HD,lai,evspsblsoi,0.321733139596987,11832
CLASSIC,2003,CW,precipitation,evapotrans,0.2115519271624614,22432
CLASSIC,2003,CW,lai,evapotrans,0.29087231589491774,22432
CLASSIC,2003,CW,precipitation,tran,0.1551667850065988,22432
CLASSIC,2003,CW,lai,tran,0.4679201854091479,22432
CLASSIC,2003,CW,precipitation,evspsblveg,0.27157375514270193,22432
CLASSIC,2003,CW,lai,evspsblveg,0.8168166841066573,22432
CLASSIC,2003,CW,precipitation,evspsblsoi,0.024165831211498564,22432
CLASSIC,2003,CW,lai,evspsblsoi,0.11744465435472821,22432
CLASSIC,2003,CD,precipitation,evapotrans,0.39836092868108286,13321
CLASSIC,2003,CD,lai,evapotrans,0.5468833590579906,13321
CLASSIC,2003,CD,precipitation,tran,0.25412223930340444,13321
CLASSIC,2003,CD,lai,tran,0.8016524519340986,13321
CLASSIC,2003,CD,precipitation,evspsblveg,0.32326637038267514,13321
CLASSIC,2003,CD,lai,evspsblveg,0.8172437909305702,13321
CLASSIC,2003,CD,precipitation,evspsblsoi,0.3913331191872915,13321
CLASSIC,2003,CD,lai,evspsblsoi,0.413638934351812,13321
CLASSIC,2004,HW,precipitation,evapotrans,0.32649385653773116,13259
CLASSIC,2004,HW,lai,evapotrans,0.4478170950854595,13259
CLASSIC,2004,HW,precipitation,tran,0.21687502995418118,13259
CLASSIC,2004,HW,lai,tran,0.5782214470876675,13259
CLASSIC,2004,HW,precipitation,evspsblveg,0.4660691127467112,13259
CLASSIC,2004,HW,lai,evspsblveg,0.6564248281359722,13259
CLASSIC,2004,HW,precipitation,evspsblsoi,0.12716861180231634,13259
CLASSIC,2004,HW,lai,evspsblsoi,0.4956154105772892,13259
CLASSIC,2004,HD,precipitation,evapotrans,0.7140736873121293,11828
CLASSIC,2004,HD,lai,evapotrans,0.6081508591171078,11828
CLASSIC,2004,HD,precipitation,tran,0.4983188529206334,11828
CLASSIC,2004,HD,lai,tran,0.8736473887848517,11828
CLASSIC,2004,HD,precipitation,evspsblveg,0.6002305669322056,11828
CLASSIC,2004,HD,lai,evspsblveg,0.8469098043153748,11828
CLASSIC,2004,HD,precipitation,evspsblsoi,0.5460009691875588,11828
CLASSIC,2004,HD,lai,evspsblsoi,0.31722931078733646,11828
CLASSIC,2004,CW,precipitation,evapotrans,0.3230445965954543,22319
CLASSIC,2004,CW,lai,evapotrans,0.28573617071419266,22319
CLASSIC,2004,CW,precipitation,tran,0.25085239499503803,22319
CLASSIC,2004,CW,lai,tran,0.4814788874657014,22319
CLASSIC,2004,CW,precipitation,evspsblveg,0.3676806509385373,22319
CLASSIC,2004,CW,lai,evspsblveg,0.7852152814332539,22319
CLASSIC,2004,CW,precipitation,evspsblsoi,0.03319804161733573,22319
CLASSIC,2004,CW,lai,evspsblsoi,0.14212077542587026,22319
CLASSIC,2004,CD,precipitation,evapotrans,0.45294454583485133,13146
CLASSIC,2004,CD,lai,evapotrans,0.5425967890061418,13146
CLASSIC,2004,CD,precipitation,tran,0.3015540204856952,13146
CLASSIC,2004,CD,lai,tran,0.7751290954763168,13146
CLASSIC,2004,CD,precipitation,evspsblveg,0.3772725258319025,13146
CLASSIC,2004,CD,lai,evspsblveg,0.7948355238890933,13146
CLASSIC,2004,CD,precipitation,evspsblsoi,0.4218250933551244,13146
CLASSIC,2004,CD,lai,evspsblsoi,0.3895602858630885,13146
CLASSIC,2005,HW,precipitation,evapotrans,0.3690390278549448,13259
CLASSIC,2005,HW,lai,evapotrans,0.4681212081488144,13259
CLASSIC,2005,HW,precipitation,tran,0.23134304632496971,13259
CLASSIC,2005,HW,lai,tran,0.5582615885924724,13259
CLASSIC,2005,HW,precipitation,evspsblveg,0.4895318027097636,13259
CLASSIC,2005,HW,lai,evspsblveg,0.6881467637397017,13259
CLASSIC,2005,HW,precipitation,evspsblsoi,0.1197119220776868,13259
CLASSIC,2005,HW,lai,evspsblsoi,0.490798266458526,13259
CLASSIC,2005,HD,precipitation,evapotrans,0.691403181884886,11828
CLASSIC,2005,HD,lai,evapotrans,0.6415354302813012,11828
CLASSIC,2005,HD,precipitation,tran,0.534450674854166,11828
CLASSIC,2005,HD,lai,tran,0.8615321586129361,11828
CLASSIC,2005,HD,precipitation,evspsblveg,0.5803917275342955,11828
CLASSIC,2005,HD,lai,evspsblveg,0.8658492779774629,11828
CLASSIC,2005,HD,precipitation,evspsblsoi,0.5325516697996507,11828
CLASSIC,2005,HD,lai,evspsblsoi,0.3534985476571742,11828
CLASSIC,2005,CW,precipitation,evapotrans,0.3062681267683024,22361
CLASSIC,2005,CW,lai,evapotrans,0.30286662173679163,22361
CLASSIC,2005,CW,precipitation,tran,0.224897201862941,22361
CLASSIC,2005,CW,lai,tran,0.5026158078410486,22361
CLASSIC,2005,CW,precipitation,evspsblveg,0.3602962859020686,22361
CLASSIC,2005,CW,lai,evspsblveg,0.8068730357165691,22361
CLASSIC,2005,CW,precipitation,evspsblsoi,0.03769386294875207,22361
CLASSIC,2005,CW,lai,evspsblsoi,0.1313119353111168,22361
CLASSIC,2005,CD,precipitation,evapotrans,0.3820278870703684,13277
CLASSIC,2005,CD,lai,evapotrans,0.5630255369268055,13277
CLASSIC,2005,CD,precipitation,tran,0.2652907499278412,13277
CLASSIC,2005,CD,lai,tran,0.8060097152545168,13277
CLASSIC,2005,CD,precipitation,evspsblveg,0.34056391461111557,13277
CLASSIC,2005,CD,lai,evspsblveg,0.8287382924591357,13277
CLASSIC,2005,CD,precipitation,evspsblsoi,0.3174490050874948,13277
CLASSIC,2005,CD,lai,evspsblsoi,0.40566909679802954,13277
CLASSIC,2006,HW,precipitation,evapotrans,0.3881659428027499,13256
CLASSIC,2006,HW,lai,evapotrans,0.42732736575470026,13256
CLASSIC,2006,HW,precipitation,tran,0.21119529024717706,13256
CLASSIC,2006,HW,lai,tran,0.5418687311929152,13256
CLASSIC,2006,HW,precipitation,evspsblveg,0.5357149210669612,13256
CLASSIC,2006,HW,lai,evspsblveg,0.5599233704908655,13256
CLASSIC,2006,HW,precipitation,evspsblsoi,0.1125784506876509,13256
CLASSIC,2006,HW,lai,evspsblsoi,0.5135573552412033,13256
CLASSIC,2006,HD,precipitation,evapotrans,0.6530648737425501,11829
CLASSIC,2006,HD,lai,evapotrans,0.6219196145678024,11829
CLASSIC,2006,HD,precipitation,tran,0.5469832529980103,11829
CLASSIC,2006,HD,lai,tran,0.8833149845450291,11829
CLASSIC,2006,HD,precipitation,evspsblveg,0.5571730906600905,11829
CLASSIC,2006,HD,lai,evspsblveg,0.869537171383547,11829
CLASSIC,2006,HD,precipitation,evspsblsoi,0.5103062589301028,11829
CLASSIC,2006,HD,lai,evspsblsoi,0.350241025811607,11829
CLASSIC,2006,CW,precipitation,evapotrans,0.25809557379806425,22439
CLASSIC,2006,CW,lai,evapotrans,0.28138326352595777,22439
CLASSIC,2006,CW,precipitation,tran,0.2005652336752577,22439
CLASSIC,2006,CW,lai,tran,0.4882503690688297,22439
CLASSIC,2006,CW,precipitation,evspsblveg,0.3272125307185875,22439
CLASSIC,2006,CW,lai,evspsblveg,0.8005685983948548,22439
CLASSIC,2006,CW,precipitation,evspsblsoi,0.032911246112063836,22439
CLASSIC,2006,CW,lai,evspsblsoi,0.15117162373995385,22439
CLASSIC,2006,CD,precipitation,evapotrans,0.38685733925365773,13372
CLASSIC,2006,CD,lai,evapotrans,0.5473949708945007,13372
CLASSIC,2006,CD,precipitation,tran,0.29192769099008414,13372
CLASSIC,2006,CD,lai,tran,0.8015200021783344,13372
CLASSIC,2006,CD,precipitation,evspsblveg,0.3729961528693223,13372
CLASSIC,2006,CD,lai,evspsblveg,0.8269319796621813,13372
CLASSIC,2006,CD,precipitation,evspsblsoi,0.3486990672920808,13372
CLASSIC,2006,CD,lai,evspsblsoi,0.3949862809991479,13372
CLASSIC,2007,HW,precipitation,evapotrans,0.3591195255051821,13254
CLASSIC,2007,HW,lai,evapotrans,0.4670145020028532,13254
CLASSIC,2007,HW,precipitation,tran,0.20251396681092562,13254
CLASSIC,2007,HW,lai,tran,0.5467384866833231,13254
CLASSIC,2007,HW,precipitation,evspsblveg,0.46918639757255587,13254
CLASSIC,2007,HW,lai,evspsblveg,0.6650359773905875,13254
CLASSIC,2007,HW,precipitation,evspsblsoi,0.10843152257297854,13254
CLASSIC,2007,HW,lai,evspsblsoi,0.5118635040554905,13254
CLASSIC,2007,HD,precipitation,evapotrans,0.7326687941727328,11829
CLASSIC,2007,HD,lai,evapotrans,0.6382451667882464,11829
CLASSIC,2007,HD,precipitation,tran,0.4810600829756442,11829
CLASSIC,2007,HD,lai,tran,0.8612572599237712,11829
CLASSIC,2007,HD,precipitation,evspsblveg,0.5524688003831145,11829
CLASSIC,2007,HD,lai,evspsblveg,0.880902777754297,11829
CLASSIC,2007,HD,precipitation,evspsblsoi,0.6361654665890122,11829
CLASSIC,2007,HD,lai,evspsblsoi,0.32057686379336686,11829
CLASSIC,2007,CW,precipitation,evapotrans,0.26251460440465885,22403
CLASSIC,2007,CW,lai,evapotrans,0.25918690700431823,22403
CLASSIC,2007,CW,precipitation,tran,0.218115907332366,22403
CLASSIC,2007,CW,lai,tran,0.46184525446399727,22403
CLASSIC,2007,CW,precipitation,evspsblveg,0.38321313153540426,22403
CLASSIC,2007,CW,lai,evspsblveg,0.7966324336939477,22403
CLASSIC,2007,CW,precipitation,evspsblsoi,0.024423813765217912,22403
CLASSIC,2007,CW,lai,evspsblsoi,0.15100881156076248,22403
CLASSIC,2007,CD,precipitation,evapotrans,0.42804643043809004,13097
CLASSIC,2007,CD,lai,evapotrans,0.5483982889450372,13097
CLASSIC,2007,CD,precipitation,tran,0.3190966420032222,13097
CLASSIC,2007,CD,lai,tran,0.7991419620797774,13097
CLASSIC,2007,CD,precipitation,evspsblveg,0.4146572418455437,13097
CLASSIC,2007,CD,lai,evspsblveg,0.8187615636465991,13097
CLASSIC,2007,CD,precipitation,evspsblsoi,0.3917811274156695,13097
CLASSIC,2007,CD,lai,evspsblsoi,0.42592675972931787,13097
CLASSIC,2008,HW,precipitation,evapotrans,0.4012988684122734,13243
CLASSIC,2008,HW,lai,evapotrans,0.4766231398037629,13243
CLASSIC,2008,HW,precipitation,tran,0.17320674833978836,13243
CLASSIC,2008,HW,lai,tran,0.5499762019837614,13243
CLASSIC,2008,HW,precipitation,evspsblveg,0.5187861398216868,13243
CLASSIC,2008,HW,lai,evspsblveg,0.6216452653816377,13243
CLASSIC,2008,HW,precipitation,evspsblsoi,0.09126318941695309,13243
CLASSIC,2008,HW,lai,evspsblsoi,0.46974230516353005,13243
CLASSIC,2008,HD,precipitation,evapotrans,0.6884444489227982,11830
CLASSIC,2008,HD,lai,evapotrans,0.6132203434172849,11830
CLASSIC,2008,HD,precipitation,tran,0.577760996576742,11830
CLASSIC,2008,HD,lai,tran,0.8585145993638953,11830
CLASSIC,2008,HD,precipitation,evspsblveg,0.6351522674923394,11830
CLASSIC,2008,HD,lai,evspsblveg,0.8621137404939981,11830
CLASSIC,2008,HD,precipitation,evspsblsoi,0.47746101081214926,11830
CLASSIC,2008,HD,lai,evspsblsoi,0.32977114364924953,11830
CLASSIC,2008,CW,precipitation,evapotrans,0.24930284652653575,22360
CLASSIC,2008,CW,lai,evapotrans,0.2600193864974514,22360
CLASSIC,2008,CW,precipitation,tran,0.21376588871405405,22360
CLASSIC,2008,CW,lai,tran,0.4788400454582555,22360
CLASSIC,2008,CW,precipitation,evspsblveg,0.3775706106258064,22360
CLASSIC,2008,CW,lai,evspsblveg,0.771966880596286,22360
CLASSIC,2008,CW,precipitation,evspsblsoi,0.02793573360138246,22360
CLASSIC,2008,CW,lai,evspsblsoi,0.12427815956446865,22360
CLASSIC,2008,CD,precipitation,evapotrans,0.379582342928251,13131
CLASSIC,2008,CD,lai,evapotrans,0.5411432544393677,13131
CLASSIC,2008,CD,precipitation,tran,0.2831864973637554,13131
CLASSIC,2008,CD,lai,tran,0.8033265181942126,13131
CLASSIC,2008,CD,precipitation,evspsblveg,0.3750769889075184,13131
CLASSIC,2008,CD,lai,evspsblveg,0.8218794937057293,13131
CLASSIC,2008,CD,precipitation,evspsblsoi,0.3563460059199339,13131
CLASSIC,2008,CD,lai,evspsblsoi,0.398221844087263,13131
CLASSIC,2009,HW,precipitation,evapotrans,0.3040837847561514,13263
CLASSIC,2009,HW,lai,evapotrans,0.39818480672603046,13263
CLASSIC,2009,HW,precipitation,tran,0.2746869896091503,13263
CLASSIC,2009,HW,lai,tran,0.5943166040866815,13263
CLASSIC,2009,HW,precipitation,evspsblveg,0.400145170541312,13263
CLASSIC,2009,HW,lai,evspsblveg,0.576586284058692,13263
CLASSIC,2009,HW,precipitation,evspsblsoi,0.15535797391268788,13263
CLASSIC,2009,HW,lai,evspsblsoi,0.5218527934680124,13263
CLASSIC,2009,HD,precipitation,evapotrans,0.6903894615835264,11832
CLASSIC,2009,HD,lai,evapotrans,0.6164849639064182,11832
CLASSIC,2009,HD,precipitation,tran,0.5348491030371678,11832
CLASSIC,2009,HD,lai,tran,0.8750799914622055,11832
CLASSIC,2009,HD,precipitation,evspsblveg,0.6176420153538578,11832
CLASSIC,2009,HD,lai,evspsblveg,0.8459343839950207,11832
CLASSIC,2009,HD,precipitation,evspsblsoi,0.504407204897617,11832
CLASSIC,2009,HD,lai,evspsblsoi,0.3180403285409616,11832
CLASSIC,2009,CW,precipitation,evapotrans,0.33940442394889275,22375
CLASSIC,2009,CW,lai,evapotrans,0.24139727414247333,22375
CLASSIC,2009,CW,precipitation,tran,0.2313314156695081,22375
CLASSIC,2009,CW,lai,tran,0.47150123487427187,22375
CLASSIC,2009,CW,precipitation,evspsblveg,0.40346627130317847,22375
CLASSIC,2009,CW,lai,evspsblveg,0.7639009418936413,22375
CLASSIC,2009,CW,precipitation,evspsblsoi,0.03986276281698958,22375
CLASSIC,2009,CW,lai,evspsblsoi,0.15939270720700827,22375
CLASSIC,2009,CD,precipitation,evapotrans,0.4519257996435056,13607
CLASSIC,2009,CD,lai,evapotrans,0.5789253109183374,13607
CLASSIC,2009,CD,precipitation,tran,0.28944006914988,13607
CLASSIC,2009,CD,lai,tran,0.7834403098813326,13607
CLASSIC,2009,CD,precipitation,evspsblveg,0.38386250270991396,13607
CLASSIC,2009,CD,lai,evspsblveg,0.8077919157305186,13607
CLASSIC,2009,CD,precipitation,evspsblsoi,0.42111274625357065,13607
CLASSIC,2009,CD,lai,evspsblsoi,0.44287453043544384,13607
CLASSIC,2010,HW,precipitation,evapotrans,0.4053995500312645,13248
CLASSIC,2010,HW,lai,evapotrans,0.4301289310995762,13248
CLASSIC,2010,HW,precipitation,tran,0.18058130426310431,13248
CLASSIC,2010,HW,lai,tran,0.5519018714470364,13248
CLASSIC,2010,HW,precipitation,evspsblveg,0.49388252235978547,13248
CLASSIC,2010,HW,lai,evspsblveg,0.547888372750043,13248
CLASSIC,2010,HW,precipitation,evspsblsoi,0.07837387677193922,13248
CLASSIC,2010,HW,lai,evspsblsoi,0.5296988856543707,13248
CLASSIC,2010,HD,precipitation,evapotrans,0.6848916512353639,11830
CLASSIC,2010,HD,lai,evapotrans,0.6217566334877813,11830
CLASSIC,2010,HD,precipitation,tran,0.4833392813091815,11830
CLASSIC,2010,HD,lai,tran,0.8734287051559141,11830
CLASSIC,2010,HD,precipitation,evspsblveg,0.5302200037140161,11830
CLASSIC,2010,HD,lai,evspsblveg,0.8602644091392251,11830
CLASSIC,2010,HD,precipitation,evspsblsoi,0.5634806276707365,11830
CLASSIC,2010,HD,lai,evspsblsoi,0.33087951473320015,11830
CLASSIC,2010,CW,precipitation,evapotrans,0.301772988743249,22422
CLASSIC,2010,CW,lai,evapotrans,0.26840701668489125,22422
CLASSIC,2010,CW,precipitation,tran,0.22450981733108333,22422
CLASSIC,2010,CW,lai,tran,0.45483466278180873,22422
CLASSIC,2010,CW,precipitation,evspsblveg,0.33334781980895023,22422
CLASSIC,2010,CW,lai,evspsblveg,0.8087508708957382,22422
CLASSIC,2010,CW,precipitation,evspsblsoi,0.03583228709013268,22422
CLASSIC,2010,CW,lai,evspsblsoi,0.12905815247953806,22422
CLASSIC,2010,CD,precipitation,evapotrans,0.45467741385059185,13662
CLASSIC,2010,CD,lai,evapotrans,0.5226447984504944,13662
CLASSIC,2010,CD,precipitation,tran,0.3186184865750985,13662
CLASSIC,2010,CD,lai,tran,0.7805156200929128,13662
CLASSIC,2010,CD,precipitation,evspsblveg,0.4191854147245362,13662
CLASSIC,2010,CD,lai,evspsblveg,0.7912801427942568,13662
CLASSIC,2010,CD,precipitation,evspsblsoi,0.3917084743292816,13662
CLASSIC,2010,CD,lai,evspsblsoi,0.3851981052762769,13662
CLASSIC,2011,HW,precipitation,evapotrans,0.3184282127258056,13244
CLASSIC,2011,HW,lai,evapotrans,0.528901627332801,13244
CLASSIC,2011,HW,precipitation,tran,0.15981107400980987,13244
CLASSIC,2011,HW,lai,tran,0.5696470321463718,13244
CLASSIC,2011,HW,precipitation,evspsblveg,0.43034653095175834,13244
CLASSIC,2011,HW,lai,evspsblveg,0.690860527079822,13244
CLASSIC,2011,HW,precipitation,evspsblsoi,0.104608829775578,13244
CLASSIC,2011,HW,lai,evspsblsoi,0.518847480290931,13244
CLASSIC,2011,HD,precipitation,evapotrans,0.557973326704886,11827
CLASSIC,2011,HD,lai,evapotrans,0.6107082905279773,11827
CLASSIC,2011,HD,precipitation,tran,0.43470421462160513,11827
CLASSIC,2011,HD,lai,tran,0.863252702527338,11827
CLASSIC,2011,HD,precipitation,evspsblveg,0.4736300701290552,11827
CLASSIC,2011,HD,lai,evspsblveg,0.8555910902948388,11827
CLASSIC,2011,HD,precipitation,evspsblsoi,0.45873081989829506,11827
CLASSIC,2011,HD,lai,evspsblsoi,0.32012602535829,11827
CLASSIC,2011,CW,precipitation,evapotrans,0.23755985885554556,22393
CLASSIC,2011,CW,lai,evapotrans,0.2822418101602131,22393
CLASSIC,2011,CW,precipitation,tran,0.200996959615333,22393
CLASSIC,2011,CW,lai,tran,0.49258666176321436,22393
CLASSIC,2011,CW,precipitation,evspsblveg,0.3188855504182233,22393
CLASSIC,2011,CW,lai,evspsblveg,0.8078779937882673,22393
CLASSIC,2011,CW,precipitation,evspsblsoi,0.04458233250811526,22393
CLASSIC,2011,CW,lai,evspsblsoi,0.16245087888702817,22393
CLASSIC,2011,CD,precipitation,evapotrans,0.41416305292066585,13361
CLASSIC,2011,CD,lai,evapotrans,0.5383811491318348,13361
CLASSIC,2011,CD,precipitation,tran,0.2899499535732837,13361
CLASSIC,2011,CD,lai,tran,0.7828228041094945,13361
CLASSIC,2011,CD,precipitation,evspsblveg,0.3775202756524203,13361
CLASSIC,2011,CD,lai,evspsblveg,0.804163754624085,13361
CLASSIC,2011,CD,precipitation,evspsblsoi,0.41903185129632875,13361
CLASSIC,2011,CD,lai,evspsblsoi,0.40245093816178107,13361
CLASSIC,2012,HW,precipitation,evapotrans,0.3690476328194497,13238
CLASSIC,2012,HW,lai,evapotrans,0.5004245131880829,13238
CLASSIC,2012,HW,precipitation,tran,0.25055324612145924,13238
CLASSIC,2012,HW,lai,tran,0.5947580718133729,13238
CLASSIC,2012,HW,precipitation,evspsblveg,0.4703947503774042,13238
CLASSIC,2012,HW,lai,evspsblveg,0.6579509066073472,13238
CLASSIC,2012,HW,precipitation,evspsblsoi,0.11828328874428437,13238
CLASSIC,2012,HW,lai,evspsblsoi,0.5305065540175314,13238
CLASSIC,2012,HD,precipitation,evapotrans,0.7135609068564501,11827
CLASSIC,2012,HD,lai,evapotrans,0.6002525905671238,11827
CLASSIC,2012,HD,precipitation,tran,0.5369238451851087,11827
CLASSIC,2012,HD,lai,tran,0.8681843619909771,11827
CLASSIC,2012,HD,precipitation,evspsblveg,0.6047477269941121,11827
CLASSIC,2012,HD,lai,evspsblveg,0.8174734709775442,11827
CLASSIC,2012,HD,precipitation,evspsblsoi,0.5357088966204333,11827
CLASSIC,2012,HD,lai,evspsblsoi,0.306961525615057,11827
CLASSIC,2012,CW,precipitation,evapotrans,0.2669869203096366,22433
CLASSIC,2012,CW,lai,evapotrans,0.23240918009567513,22433
CLASSIC,2012,CW,precipitation,tran,0.21344970614190747,22433
CLASSIC,2012,CW,lai,tran,0.4255630467861105,22433
CLASSIC,2012,CW,precipitation,evspsblveg,0.3924420491927309,22433
CLASSIC,2012,CW,lai,evspsblveg,0.7650907346289395,22433
CLASSIC,2012,CW,precipitation,evspsblsoi,0.031078634292717584,22433
CLASSIC,2012,CW,lai,evspsblsoi,0.127991321668864,22433
CLASSIC,2012,CD,precipitation,evapotrans,0.35491151200585963,12999
CLASSIC,2012,CD,lai,evapotrans,0.5446599241789049,12999
CLASSIC,2012,CD,precipitation,tran,0.2541583050527876,12999
CLASSIC,2012,CD,lai,tran,0.8072069461482992,12999
CLASSIC,2012,CD,precipitation,evspsblveg,0.3044447485739734,12999
CLASSIC,2012,CD,lai,evspsblveg,0.8132935141355162,12999
CLASSIC,2012,CD,precipitation,evspsblsoi,0.32282296720546483,12999
CLASSIC,2012,CD,lai,evspsblsoi,0.4221703245162612,12999
CLASSIC,2013,HW,precipitation,evapotrans,0.3295979931671331,13248
CLASSIC,2013,HW,lai,evapotrans,0.41234739435354417,13248
CLASSIC,2013,HW,precipitation,tran,0.22988774532673162,13248
CLASSIC,2013,HW,lai,tran,0.598926726421406,13248
CLASSIC,2013,HW,precipitation,evspsblveg,0.440226144108202,13248
CLASSIC,2013,HW,lai,evspsblveg,0.5684896557816927,13248
CLASSIC,2013,HW,precipitation,evspsblsoi,0.14671280827178765,13248
CLASSIC,2013,HW,lai,evspsblsoi,0.557554467848659,13248
CLASSIC,2013,HD,precipitation,evapotrans,0.6872139872742009,11830
CLASSIC,2013,HD,lai,evapotrans,0.5899654131324309,11830
CLASSIC,2013,HD,precipitation,tran,0.5144513370375099,11830
CLASSIC,2013,HD,lai,tran,0.8675392945043883,11830
CLASSIC,2013,HD,precipitation,evspsblveg,0.5983985732941818,11830
CLASSIC,2013,HD,lai,evspsblveg,0.812978088084981,11830
CLASSIC,2013,HD,precipitation,evspsblsoi,0.5342240112748146,11830
CLASSIC,2013,HD,lai,evspsblsoi,0.3042631609417294,11830
CLASSIC,2013,CW,precipitation,evapotrans,0.3260280385993412,22435
CLASSIC,2013,CW,lai,evapotrans,0.2492066279911213,22435
CLASSIC,2013,CW,precipitation,tran,0.21806054540365358,22435
CLASSIC,2013,CW,lai,tran,0.4729113158714101,22435
CLASSIC,2013,CW,precipitation,evspsblveg,0.3386594064081899,22435
CLASSIC,2013,CW,lai,evspsblveg,0.7536792283213579,22435
CLASSIC,2013,CW,precipitation,evspsblsoi,0.043925920945403166,22435
CLASSIC,2013,CW,lai,evspsblsoi,0.13674096038449876,22435
CLASSIC,2013,CD,precipitation,evapotrans,0.5016859890605,13315
CLASSIC,2013,CD,lai,evapotrans,0.5436670727903827,13315
CLASSIC,2013,CD,precipitation,tran,0.34285950324836856,13315
CLASSIC,2013,CD,lai,tran,0.8141374062892112,13315
CLASSIC,2013,CD,precipitation,evspsblveg,0.4143730799413438,13315
CLASSIC,2013,CD,lai,evspsblveg,0.7966403007276438,13315
CLASSIC,2013,CD,precipitation,evspsblsoi,0.4489441588391327,13315
CLASSIC,2013,CD,lai,evspsblsoi,0.4298069293343033,13315
CLASSIC,2014,HW,precipitation,evapotrans,0.3251785972512141,13234
CLASSIC,2014,HW,lai,evapotrans,0.46939965852510707,13234
CLASSIC,2014,HW,precipitation,tran,0.20951845725207371,13234
CLASSIC,2014,HW,lai,tran,0.5674782258247115,13234
CLASSIC,2014,HW,precipitation,evspsblveg,0.458934517262976,13234
CLASSIC,2014,HW,lai,evspsblveg,0.660069029741776,13234
CLASSIC,2014,HW,precipitation,evspsblsoi,0.15242966807437308,13234
CLASSIC,2014,HW,lai,evspsblsoi,0.47184478438420485,13234
CLASSIC,2014,HD,precipitation,evapotrans,0.7333599452038836,11830
CLASSIC,2014,HD,lai,evapotrans,0.5887268462107259,11830
CLASSIC,2014,HD,precipitation,tran,0.5799885765273972,11830
CLASSIC,2014,HD,lai,tran,0.8696086408063279,11830
CLASSIC,2014,HD,precipitation,evspsblveg,0.6591626828671542,11830
CLASSIC,2014,HD,lai,evspsblveg,0.8291118160817589,11830
CLASSIC,2014,HD,precipitation,evspsblsoi,0.5642103581793678,11830
CLASSIC,2014,HD,lai,evspsblsoi,0.30720999783029873,11830
CLASSIC,2014,CW,precipitation,evapotrans,0.2501936277507731,22324
CLASSIC,2014,CW,lai,evapotrans,0.240106181908238,22324
CLASSIC,2014,CW,precipitation,tran,0.17282600907146042,22324
CLASSIC,2014,CW,lai,tran,0.46804848931807547,22324
CLASSIC,2014,CW,precipitation,evspsblveg,0.32472616702687057,22324
CLASSIC,2014,CW,lai,evspsblveg,0.7799591521647281,22324
CLASSIC,2014,CW,precipitation,evspsblsoi,0.04023944562630957,22324
CLASSIC,2014,CW,lai,evspsblsoi,0.1331000471207627,22324
CLASSIC,2014,CD,precipitation,evapotrans,0.42485266279542355,13357
CLASSIC,2014,CD,lai,evapotrans,0.573589764456244,13357
CLASSIC,2014,CD,precipitation,tran,0.32318488721382116,13357
CLASSIC,2014,CD,lai,tran,0.8254390997199719,13357
CLASSIC,2014,CD,precipitation,evspsblveg,0.41765093751990207,13357
CLASSIC,2014,CD,lai,evspsblveg,0.8136189788994495,13357
CLASSIC,2014,CD,precipitation,evspsblsoi,0.37712064172110543,13357
CLASSIC,2014,CD,lai,evspsblsoi,0.4157741046512628,13357
CLASSIC,2015,HW,precipitation,evapotrans,0.2795771024826219,13262
CLASSIC,2015,HW,lai,evapotrans,0.4894480990016866,13262
CLASSIC,2015,HW,precipitation,tran,0.18229167369759042,13262
CLASSIC,2015,HW,lai,tran,0.5692759800600901,13262
CLASSIC,2015,HW,precipitation,evspsblveg,0.3965823774674158,13262
CLASSIC,2015,HW,lai,evspsblveg,0.6729186658642091,13262
CLASSIC,2015,HW,precipitation,evspsblsoi,0.14165779854817678,13262
CLASSIC,2015,HW,lai,evspsblsoi,0.5117893104255616,13262
CLASSIC,2015,HD,precipitation,evapotrans,0.6608990729153135,11827
CLASSIC,2015,HD,lai,evapotrans,0.629150483250085,11827
CLASSIC,2015,HD,precipitation,tran,0.4762773542752756,11827
CLASSIC,2015,HD,lai,tran,0.8514071270895693,11827
CLASSIC,2015,HD,precipitation,evspsblveg,0.5293201465291635,11827
CLASSIC,2015,HD,lai,evspsblveg,0.8597944165435538,11827
CLASSIC,2015,HD,precipitation,evspsblsoi,0.5892975213531357,11827
CLASSIC,2015,HD,lai,evspsblsoi,0.34782802242567185,11827
CLASSIC,2015,CW,precipitation,evapotrans,0.21098636757590172,22368
CLASSIC,2015,CW,lai,evapotrans,0.25187619803692923,22368
CLASSIC,2015,CW,precipitation,tran,0.22458990812478846,22368
CLASSIC,2015,CW,lai,tran,0.4584311213334811,22368
CLASSIC,2015,CW,precipitation,evspsblveg,0.37401910070166194,22368
CLASSIC,2015,CW,lai,evspsblveg,0.7595917129968996,22368
CLASSIC,2015,CW,precipitation,evspsblsoi,0.03243898168208767,22368
CLASSIC,2015,CW,lai,evspsblsoi,0.12825916172172677,22368
CLASSIC,2015,CD,precipitation,evapotrans,0.4523514712891237,13646
CLASSIC,2015,CD,lai,evapotrans,0.5727754723853383,13646
CLASSIC,2015,CD,precipitation,tran,0.2954514449779245,13646
CLASSIC,2015,CD,lai,tran,0.8263733716077903,13646
CLASSIC,2015,CD,precipitation,evspsblveg,0.3943941194221333,13646
CLASSIC,2015,CD,lai,evspsblveg,0.8440887219056121,13646
CLASSIC,2015,CD,precipitation,evspsblsoi,0.4344263058960166,13646
CLASSIC,2015,CD,lai,evspsblsoi,0.42490374341974024,13646
CLASSIC,2016,HW,precipitation,evapotrans,0.2968958856138726,13249
CLASSIC,2016,HW,lai,evapotrans,0.4410857902648349,13249
CLASSIC,2016,HW,precipitation,tran,0.22099816464242,13249
CLASSIC,2016,HW,lai,tran,0.5856556334952442,13249
CLASSIC,2016,HW,precipitation,evspsblveg,0.4558053163300345,13249
CLASSIC,2016,HW,lai,evspsblveg,0.6737630825413332,13249
CLASSIC,2016,HW,precipitation,evspsblsoi,0.14652956201590628,13249
CLASSIC,2016,HW,lai,evspsblsoi,0.5062431941563668,13249
CLASSIC,2016,HD,precipitation,evapotrans,0.7347442340424276,11826
CLASSIC,2016,HD,lai,evapotrans,0.5609383806081106,11826
CLASSIC,2016,HD,precipitation,tran,0.4771048467858637,11826
CLASSIC,2016,HD,lai,tran,0.8666750412221733,11826
CLASSIC,2016,HD,precipitation,evspsblveg,0.5630490382774392,11826
CLASSIC,2016,HD,lai,evspsblveg,0.8382091077210531,11826
CLASSIC,2016,HD,precipitation,evspsblsoi,0.6118580892775611,11826
CLASSIC,2016,HD,lai,evspsblsoi,0.2858918097308109,11826
CLASSIC,2016,CW,precipitation,evapotrans,0.3871859616176448,22364
CLASSIC,2016,CW,lai,evapotrans,0.21813416232205257,22364
CLASSIC,2016,CW,precipitation,tran,0.30793701518772876,22364
CLASSIC,2016,CW,lai,tran,0.439657608878889,22364
CLASSIC,2016,CW,precipitation,evspsblveg,0.38344728388137783,22364
CLASSIC,2016,CW,lai,evspsblveg,0.7585868380447399,22364
CLASSIC,2016,CW,precipitation,evspsblsoi,0.05385942138606296,22364
CLASSIC,2016,CW,lai,evspsblsoi,0.14629185623641847,22364
CLASSIC,2016,CD,precipitation,evapotrans,0.4444079941851084,13403
CLASSIC,2016,CD,lai,evapotrans,0.565908093002468,13403
CLASSIC,2016,CD,precipitation,tran,0.3102707658013271,13403
CLASSIC,2016,CD,lai,tran,0.804944841778647,13403
CLASSIC,2016,CD,precipitation,evspsblveg,0.3729041581183988,13403
CLASSIC,2016,CD,lai,evspsblveg,0.814979957344079,13403
CLASSIC,2016,CD,precipitation,evspsblsoi,0.4174278995069854,13403
CLASSIC,2016,CD,lai,evspsblsoi,0.43365260632298164,13403
CLASSIC,2017,HW,precipitation,evapotrans,0.336790178794778,13231
CLASSIC,2017,HW,lai,evapotrans,0.4440838756044268,13231
CLASSIC,2017,HW,precipitation,tran,0.22110183995718916,13231
CLASSIC,2017,HW,lai,tran,0.5520339296854954,13231
CLASSIC,2017,HW,precipitation,evspsblveg,0.4928792206261089,13231
CLASSIC,2017,HW,lai,evspsblveg,0.6338853717757894,13231
CLASSIC,2017,HW,precipitation,evspsblsoi,0.12656174146588486,13231
CLASSIC,2017,HW,lai,evspsblsoi,0.5040579256253828,13231
CLASSIC,2017,HD,precipitation,evapotrans,0.6377477035460617,11825
CLASSIC,2017,HD,lai,evapotrans,0.6127557112669779,11825
CLASSIC,2017,HD,precipitation,tran,0.4797006040423337,11825
CLASSIC,2017,HD,lai,tran,0.8661091365592892,11825
CLASSIC,2017,HD,precipitation,evspsblveg,0.5818145786987333,11825
CLASSIC,2017,HD,lai,evspsblveg,0.8732322054553507,11825
CLASSIC,2017,HD,precipitation,evspsblsoi,0.5050017467413181,11825
CLASSIC,2017,HD,lai,evspsblsoi,0.3185779451747608,11825
CLASSIC,2017,CW,precipitation,evapotrans,0.25801402697077375,22293
CLASSIC,2017,CW,lai,evapotrans,0.24161706179657147,22293
CLASSIC,2017,CW,precipitation,tran,0.24458133707139137,22293
CLASSIC,2017,CW,lai,tran,0.462123763709259,22293
CLASSIC,2017,CW,precipitation,evspsblveg,0.4297356431082217,22293
CLASSIC,2017,CW,lai,evspsblveg,0.7711249210399701,22293
CLASSIC,2017,CW,precipitation,evspsblsoi,0.028760425536541682,22293
CLASSIC,2017,CW,lai,evspsblsoi,0.15292857305073188,22293
CLASSIC,2017,CD,precipitation,evapotrans,0.36674583347647616,13474
CLASSIC,2017,CD,lai,evapotrans,0.5374548919270192,13474
CLASSIC,2017,CD,precipitation,tran,0.25595245638115627,13474
CLASSIC,2017,CD,lai,tran,0.778331682169211,13474
CLASSIC,2017,CD,precipitation,evspsblveg,0.3392864413179925,13474
CLASSIC,2017,CD,lai,evspsblveg,0.7955947494734529,13474
CLASSIC,2017,CD,precipitation,evspsblsoi,0.3332093620222009,13474
CLASSIC,2017,CD,lai,evspsblsoi,0.41934356593316424,13474
CLASSIC,2018,HW,precipitation,evapotrans,0.3218369842578122,13236
CLASSIC,2018,HW,lai,evapotrans,0.5156928932140936,13236
CLASSIC,2018,HW,precipitation,tran,0.20098615114128812,13236
CLASSIC,2018,HW,lai,tran,0.5662534765323297,13236
CLASSIC,2018,HW,precipitation,evspsblveg,0.4679061083349265,13236
CLASSIC,2018,HW,lai,evspsblveg,0.6804926914436711,13236
CLASSIC,2018,HW,precipitation,evspsblsoi,0.14005332829437625,13236
CLASSIC,2018,HW,lai,evspsblsoi,0.46394231451361534,13236
CLASSIC,2018,HD,precipitation,evapotrans,0.6592674885949278,11826
CLASSIC,2018,HD,lai,evapotrans,0.641330657750038,11826
CLASSIC,2018,HD,precipitation,tran,0.4630897516620542,11826
CLASSIC,2018,HD,lai,tran,0.8625873785776869,11826
CLASSIC,2018,HD,precipitation,evspsblveg,0.5545314306756107,11826
CLASSIC,2018,HD,lai,evspsblveg,0.822133206176037,11826
CLASSIC,2018,HD,precipitation,evspsblsoi,0.5387241008235101,11826
CLASSIC,2018,HD,lai,evspsblsoi,0.3566786987813286,11826
CLASSIC,2018,CW,precipitation,evapotrans,0.2937327051721506,22416
CLASSIC,2018,CW,lai,evapotrans,0.22922816759289033,22416
CLASSIC,2018,CW,precipitation,tran,0.18713875827834617,22416
CLASSIC,2018,CW,lai,tran,0.41459262336123837,22416
CLASSIC,2018,CW,precipitation,evspsblveg,0.29621775509087467,22416
CLASSIC,2018,CW,lai,evspsblveg,0.7753909969936186,22416
CLASSIC,2018,CW,precipitation,evspsblsoi,0.05249309194411661,22416
CLASSIC,2018,CW,lai,evspsblsoi,0.14217467774901418,22416
CLASSIC,2018,CD,precipitation,evapotrans,0.3466362955774705,13125
CLASSIC,2018,CD,lai,evapotrans,0.5335537221450966,13125
CLASSIC,2018,CD,precipitation,tran,0.22401610521435925,13125
CLASSIC,2018,CD,lai,tran,0.7765198995075294,13125
CLASSIC,2018,CD,precipitation,evspsblveg,0.3029684413394607,13125
CLASSIC,2018,CD,lai,evspsblveg,0.7644943788381151,13125
CLASSIC,2018,CD,precipitation,evspsblsoi,0.3229708819413472,13125
CLASSIC,2018,CD,lai,evspsblsoi,0.40679202445034807,13125
CLASSIC,2019,HW,precipitation,evapotrans,0.3074037877855871,13237
CLASSIC,2019,HW,lai,evapotrans,0.49382341532780366,13237
CLASSIC,2019,HW,precipitation,tran,0.1521259692188368,13237
CLASSIC,2019,HW,lai,tran,0.5679262599440951,13237
CLASSIC,2019,HW,precipitation,evspsblveg,0.4382429498695334,13237
CLASSIC,2019,HW,lai,evspsblveg,0.666652120910716,13237
CLASSIC,2019,HW,precipitation,evspsblsoi,0.11008011059873471,13237
CLASSIC,2019,HW,lai,evspsblsoi,0.5288246971157808,13237
CLASSIC,2019,HD,precipitation,evapotrans,0.576552632479598,11825
CLASSIC,2019,HD,lai,evapotrans,0.6046313013050892,11825
CLASSIC,2019,HD,precipitation,tran,0.4403932503766226,11825
CLASSIC,2019,HD,lai,tran,0.8553003944561692,11825
CLASSIC,2019,HD,precipitation,evspsblveg,0.5258130753690015,11825
CLASSIC,2019,HD,lai,evspsblveg,0.8414754269731118,11825
CLASSIC,2019,HD,precipitation,evspsblsoi,0.4605667886280317,11825
CLASSIC,2019,HD,lai,evspsblsoi,0.321066127446358,11825
CLASSIC,2019,CW,precipitation,evapotrans,0.2224761195562392,22359
CLASSIC,2019,CW,lai,evapotrans,0.2505523436646663,22359
CLASSIC,2019,CW,precipitation,tran,0.18645897862299482,22359
CLASSIC,2019,CW,lai,tran,0.48766479033062654,22359
CLASSIC,2019,CW,precipitation,evspsblveg,0.3344617291325583,22359
CLASSIC,2019,CW,lai,evspsblveg,0.785156400728997,22359
CLASSIC,2019,CW,precipitation,evspsblsoi,0.02340027576880146,22359
CLASSIC,2019,CW,lai,evspsblsoi,0.15832925232930367,22359
CLASSIC,2019,CD,precipitation,evapotrans,0.345727461460883,13402
CLASSIC,2019,CD,lai,evapotrans,0.537283022896735,13402
CLASSIC,2019,CD,precipitation,tran,0.21715731375904318,13402
CLASSIC,2019,CD,lai,tran,0.7983356814687665,13402
CLASSIC,2019,CD,precipitation,evspsblveg,0.2787819567299176,13402
CLASSIC,2019,CD,lai,evspsblveg,0.7861276660137971,13402
CLASSIC,2019,CD,precipitation,evspsblsoi,0.3424603860982348,13402
CLASSIC,2019,CD,lai,evspsblsoi,0.3905830290510706,13402
CLASSIC,2020,HW,precipitation,evapotrans,0.2731023631022701,13225
CLASSIC,2020,HW,lai,evapotrans,0.45341898555252463,13225
CLASSIC,2020,HW,precipitation,tran,0.14139015931362908,13225
CLASSIC,2020,HW,lai,tran,0.5650967826488057,13225
CLASSIC,2020,HW,precipitation,evspsblveg,0.37658599535364806,13225
CLASSIC,2020,HW,lai,evspsblveg,0.6598152317512644,13225
CLASSIC,2020,HW,precipitation,evspsblsoi,0.10434339977640938,13225
CLASSIC,2020,HW,lai,evspsblsoi,0.5318658817829234,13225
CLASSIC,2020,HD,precipitation,evapotrans,0.7144296098778182,11825
CLASSIC,2020,HD,lai,evapotrans,0.5683396954472812,11825
CLASSIC,2020,HD,precipitation,tran,0.5412993040452516,11825
CLASSIC,2020,HD,lai,tran,0.8670139579760349,11825
CLASSIC,2020,HD,precipitation,evspsblveg,0.6113820800457683,11825
CLASSIC,2020,HD,lai,evspsblveg,0.8369489020578776,11825
CLASSIC,2020,HD,precipitation,evspsblsoi,0.5211646771589392,11825
CLASSIC,2020,HD,lai,evspsblsoi,0.31187439563493524,11825
CLASSIC,2020,CW,precipitation,evapotrans,0.27495619958303313,22333
CLASSIC,2020,CW,lai,evapotrans,0.22645602907498372,22333
CLASSIC,2020,CW,precipitation,tran,0.2541482802358053,22333
CLASSIC,2020,CW,lai,tran,0.47902732433962913,22333
CLASSIC,2020,CW,precipitation,evspsblveg,0.42520235483369123,22333
CLASSIC,2020,CW,lai,evspsblveg,0.7636547487235715,22333
CLASSIC,2020,CW,precipitation,evspsblsoi,0.044318288606624075,22333
CLASSIC,2020,CW,lai,evspsblsoi,0.18156968103754492,22333
CLASSIC,2020,CD,precipitation,evapotrans,0.3478350734263943,13367
CLASSIC,2020,CD,lai,evapotrans,0.5163406398821972,13367
CLASSIC,2020,CD,precipitation,tran,0.23994385067197752,13367
CLASSIC,2020,CD,lai,tran,0.7832310107756156,13367
CLASSIC,2020,CD,precipitation,evspsblveg,0.29246798551038744,13367
CLASSIC,2020,CD,lai,evspsblveg,0.8086845660966671,13367
CLASSIC,2020,CD,precipitation,evspsblsoi,0.32772400702121796,13367
CLASSIC,2020,CD,lai,evspsblsoi,0.39013473293754447,13367
LPJ-GUESS,1991,HW,precipitation,evapotrans,0.4273459148999972,13298
LPJ-GUESS,1991,HW,lai,evapotrans,0.6943238173996255,13298
LPJ-GUESS,1991,HW,precipitation,tran,0.27770842984290856,13298
LPJ-GUESS,1991,HW,lai,tran,0.7425859479099871,13298
LPJ-GUESS,1991,HW,precipitation,evspsblveg,0.4812578718512084,13298
LPJ-GUESS,1991,HW,lai,evspsblveg,0.7127192158145179,13298
LPJ-GUESS,1991,HW,precipitation,evspsblsoi,0.05749930786289366,13298
LPJ-GUESS,1991,HW,lai,evspsblsoi,0.045758693561872954,13298
LPJ-GUESS,1991,HD,precipitation,evapotrans,0.674691390632377,11879
LPJ-GUESS,1991,HD,lai,evapotrans,0.7923033813348771,11879
LPJ-GUESS,1991,HD,precipitation,tran,0.6387348804474933,11879
LPJ-GUESS,1991,HD,lai,tran,0.846175260612371,11879
LPJ-GUESS,1991,HD,precipitation,evspsblveg,0.5516777962246593,11879
LPJ-GUESS,1991,HD,lai,evspsblveg,0.8029235465015782,11879
LPJ-GUESS,1991,HD,precipitation,evspsblsoi,0.2362207563312684,11879
LPJ-GUESS,1991,HD,lai,evspsblsoi,0.18037488767623053,11879
LPJ-GUESS,1991,CW,precipitation,evapotrans,0.35167507551950494,22403
LPJ-GUESS,1991,CW,lai,evapotrans,0.5053253560342894,22403
LPJ-GUESS,1991,CW,precipitation,tran,0.2952887182506156,22403
LPJ-GUESS,1991,CW,lai,tran,0.5506500809278759,22403
LPJ-GUESS,1991,CW,precipitation,evspsblveg,0.28699635437130244,22403
LPJ-GUESS,1991,CW,lai,evspsblveg,0.7909772125825673,22403
LPJ-GUESS,1991,CW,precipitation,evspsblsoi,0.11778116027307851,22403
LPJ-GUESS,1991,CW,lai,evspsblsoi,0.029230277248548195,22403
LPJ-GUESS,1991,CD,precipitation,evapotrans,0.23678915834715109,10713
LPJ-GUESS,1991,CD,lai,evapotrans,0.7451401895148585,10713
LPJ-GUESS,1991,CD,precipitation,tran,0.15823048005182166,10713
LPJ-GUESS,1991,CD,lai,tran,0.8724408041638838,10713
LPJ-GUESS,1991,CD,precipitation,evspsblveg,0.16650224465612007,10713
LPJ-GUESS,1991,CD,lai,evspsblveg,0.7746823520722921,10713
LPJ-GUESS,1991,CD,precipitation,evspsblsoi,0.16923467270275303,10713
LPJ-GUESS,1991,CD,lai,evspsblsoi,0.029433048471019803,10713
LPJ-GUESS,1992,HW,precipitation,evapotrans,0.4155282723010406,13294
LPJ-GUESS,1992,HW,lai,evapotrans,0.7073611830169277,13294
LPJ-GUESS,1992,HW,precipitation,tran,0.2890928064327842,13294
LPJ-GUESS,1992,HW,lai,tran,0.7599444031079143,13294
LPJ-GUESS,1992,HW,precipitation,evspsblveg,0.44992566310200843,13294
LPJ-GUESS,1992,HW,lai,evspsblveg,0.7321169021370608,13294
LPJ-GUESS,1992,HW,precipitation,evspsblsoi,0.0462408672301198,13294
LPJ-GUESS,1992,HW,lai,evspsblsoi,0.03384698755567778,13294
LPJ-GUESS,1992,HD,precipitation,evapotrans,0.577616117122524,11876
LPJ-GUESS,1992,HD,lai,evapotrans,0.7890105394489696,11876
LPJ-GUESS,1992,HD,precipitation,tran,0.5391489090422036,11876
LPJ-GUESS,1992,HD,lai,tran,0.857403396732113,11876
LPJ-GUESS,1992,HD,precipitation,evspsblveg,0.42892084085307425,11876
LPJ-GUESS,1992,HD,lai,evspsblveg,0.7712323837351514,11876
LPJ-GUESS,1992,HD,precipitation,evspsblsoi,0.2246761113239828,11876
LPJ-GUESS,1992,HD,lai,evspsblsoi,0.18839101641460432,11876
LPJ-GUESS,1992,CW,precipitation,evapotrans,0.3081341830764572,22396
LPJ-GUESS,1992,CW,lai,evapotrans,0.4550389683990404,22396
LPJ-GUESS,1992,CW,precipitation,tran,0.24477037878784955,22396
LPJ-GUESS,1992,CW,lai,tran,0.4989079313587847,22396
LPJ-GUESS,1992,CW,precipitation,evspsblveg,0.2143557990081273,22396
LPJ-GUESS,1992,CW,lai,evspsblveg,0.7932638406474879,22396
LPJ-GUESS,1992,CW,precipitation,evspsblsoi,0.11912914834432502,22396
LPJ-GUESS,1992,CW,lai,evspsblsoi,0.023865318275441662,22396
LPJ-GUESS,1992,CD,precipitation,evapotrans,0.30412127116132864,10716
LPJ-GUESS,1992,CD,lai,evapotrans,0.7851378080133974,10716
LPJ-GUESS,1992,CD,precipitation,tran,0.2241639594049745,10716
LPJ-GUESS,1992,CD,lai,tran,0.8914946539637195,10716
LPJ-GUESS,1992,CD,precipitation,evspsblveg,0.22929116325739538,10716
LPJ-GUESS,1992,CD,lai,evspsblveg,0.7773952213425874,10716
LPJ-GUESS,1992,CD,precipitation,evspsblsoi,0.081919260220065,10716
LPJ-GUESS,1992,CD,lai,evspsblsoi,0.0406808850049229,10716
LPJ-GUESS,1993,HW,precipitation,evapotrans,0.37438448436731675,13276
LPJ-GUESS,1993,HW,lai,evapotrans,0.6457388270682078,13276
LPJ-GUESS,1993,HW,precipitation,tran,0.23555084453283512,13276
LPJ-GUESS,1993,HW,lai,tran,0.7136078456931461,13276
LPJ-GUESS,1993,HW,precipitation,evspsblveg,0.4724326469113185,13276
LPJ-GUESS,1993,HW,lai,evspsblveg,0.6899224497293381,13276
LPJ-GUESS,1993,HW,precipitation,evspsblsoi,0.06075115490223498,13276
LPJ-GUESS,1993,HW,lai,evspsblsoi,0.04317541537045148,13276
LPJ-GUESS,1993,HD,precipitation,evapotrans,0.6530157275196188,11874
LPJ-GUESS,1993,HD,lai,evapotrans,0.7341802133593359,11874
LPJ-GUESS,1993,HD,precipitation,tran,0.5788658076407931,11874
LPJ-GUESS,1993,HD,lai,tran,0.8353815264123229,11874
LPJ-GUESS,1993,HD,precipitation,evspsblveg,0.5273198433550345,11874
LPJ-GUESS,1993,HD,lai,evspsblveg,0.7892270044847504,11874
LPJ-GUESS,1993,HD,precipitation,evspsblsoi,0.23399346060837536,11874
LPJ-GUESS,1993,HD,lai,evspsblsoi,0.15926787894458916,11874
LPJ-GUESS,1993,CW,precipitation,evapotrans,0.3760633944410381,22450
LPJ-GUESS,1993,CW,lai,evapotrans,0.5401344704087047,22450
LPJ-GUESS,1993,CW,precipitation,tran,0.3020951127357152,22450
LPJ-GUESS,1993,CW,lai,tran,0.548575125100477,22450
LPJ-GUESS,1993,CW,precipitation,evspsblveg,0.20692728062466342,22450
LPJ-GUESS,1993,CW,lai,evspsblveg,0.7840282493622557,22450
LPJ-GUESS,1993,CW,precipitation,evspsblsoi,0.12413893942817235,22450
LPJ-GUESS,1993,CW,lai,evspsblsoi,0.01492174936130445,22450
LPJ-GUESS,1993,CD,precipitation,evapotrans,0.3221999534124269,10760
LPJ-GUESS,1993,CD,lai,evapotrans,0.7826632349158922,10760
LPJ-GUESS,1993,CD,precipitation,tran,0.22856326378942382,10760
LPJ-GUESS,1993,CD,lai,tran,0.8800952113062591,10760
LPJ-GUESS,1993,CD,precipitation,evspsblveg,0.28092430643464744,10760
LPJ-GUESS,1993,CD,lai,evspsblveg,0.7670602730162238,10760
LPJ-GUESS,1993,CD,precipitation,evspsblsoi,0.07206535668142612,10760
LPJ-GUESS,1993,CD,lai,evspsblsoi,0.02874963558826519,10760
LPJ-GUESS,1994,HW,precipitation,evapotrans,0.45218470910360514,13305
LPJ-GUESS,1994,HW,lai,evapotrans,0.6697100407100696,13305
LPJ-GUESS,1994,HW,precipitation,tran,0.28025375547850195,13305
LPJ-GUESS,1994,HW,lai,tran,0.735310925551457,13305
LPJ-GUESS,1994,HW,precipitation,evspsblveg,0.48880790158016574,13305
LPJ-GUESS,1994,HW,lai,evspsblveg,0.7181719376516627,13305
LPJ-GUESS,1994,HW,precipitation,evspsblsoi,0.0661637993239118,13305
LPJ-GUESS,1994,HW,lai,evspsblsoi,0.03028121152241383,13305
LPJ-GUESS,1994,HD,precipitation,evapotrans,0.6798741555797535,11875
LPJ-GUESS,1994,HD,lai,evapotrans,0.7565603514604742,11875
LPJ-GUESS,1994,HD,precipitation,tran,0.5948522521158061,11875
LPJ-GUESS,1994,HD,lai,tran,0.8492502268137964,11875
LPJ-GUESS,1994,HD,precipitation,evspsblveg,0.5744528054840825,11875
LPJ-GUESS,1994,HD,lai,evspsblveg,0.765102290243356,11875
LPJ-GUESS,1994,HD,precipitation,evspsblsoi,0.25314015500140985,11875
LPJ-GUESS,1994,HD,lai,evspsblsoi,0.15287513287954582,11875
LPJ-GUESS,1994,CW,precipitation,evapotrans,0.3384851842384181,22368
LPJ-GUESS,1994,CW,lai,evapotrans,0.5021875273275579,22368
LPJ-GUESS,1994,CW,precipitation,tran,0.2577375504924013,22368
LPJ-GUESS,1994,CW,lai,tran,0.5389413938206853,22368
LPJ-GUESS,1994,CW,precipitation,evspsblveg,0.26147908779448564,22368
LPJ-GUESS,1994,CW,lai,evspsblveg,0.8207672006330418,22368
LPJ-GUESS,1994,CW,precipitation,evspsblsoi,0.11186686161935268,22368
LPJ-GUESS,1994,CW,lai,evspsblsoi,0.020635370503539984,22368
LPJ-GUESS,1994,CD,precipitation,evapotrans,0.20819419736064668,10748
LPJ-GUESS,1994,CD,lai,evapotrans,0.7756033557461641,10748
LPJ-GUESS,1994,CD,precipitation,tran,0.15418746756912252,10748
LPJ-GUESS,1994,CD,lai,tran,0.887902476284361,10748
LPJ-GUESS,1994,CD,precipitation,evspsblveg,0.20157341304634036,10748
LPJ-GUESS,1994,CD,lai,evspsblveg,0.7699000167341856,10748
LPJ-GUESS,1994,CD,precipitation,evspsblsoi,0.11208862762572963,10748
LPJ-GUESS,1994,CD,lai,evspsblsoi,0.01950082030970198,10748
LPJ-GUESS,1995,HW,precipitation,evapotrans,0.4758822136118476,13296
LPJ-GUESS,1995,HW,lai,evapotrans,0.6778127869992818,13296
LPJ-GUESS,1995,HW,precipitation,tran,0.2962833288825931,13296
LPJ-GUESS,1995,HW,lai,tran,0.7505528083671383,13296
LPJ-GUESS,1995,HW,precipitation,evspsblveg,0.5017646162812135,13296
LPJ-GUESS,1995,HW,lai,evspsblveg,0.6912006421536913,13296
LPJ-GUESS,1995,HW,precipitation,evspsblsoi,0.05048198585465393,13296
LPJ-GUESS,1995,HW,lai,evspsblsoi,0.02906761224066686,13296
LPJ-GUESS,1995,HD,precipitation,evapotrans,0.6150013175072812,11879
LPJ-GUESS,1995,HD,lai,evapotrans,0.7269184667000681,11879
LPJ-GUESS,1995,HD,precipitation,tran,0.5632595587433321,11879
LPJ-GUESS,1995,HD,lai,tran,0.8369912308133224,11879
LPJ-GUESS,1995,HD,precipitation,evspsblveg,0.5200192713559932,11879
LPJ-GUESS,1995,HD,lai,evspsblveg,0.7860931498807282,11879
LPJ-GUESS,1995,HD,precipitation,evspsblsoi,0.20955156116167317,11879
LPJ-GUESS,1995,HD,lai,evspsblsoi,0.15921844134439614,11879
LPJ-GUESS,1995,CW,precipitation,evapotrans,0.2994830019005472,22386
LPJ-GUESS,1995,CW,lai,evapotrans,0.4960232153777156,22386
LPJ-GUESS,1995,CW,precipitation,tran,0.21023566986832976,22386
LPJ-GUESS,1995,CW,lai,tran,0.528869728151679,22386
LPJ-GUESS,1995,CW,precipitation,evspsblveg,0.20051685813662315,22386
LPJ-GUESS,1995,CW,lai,evspsblveg,0.7652755315963035,22386
LPJ-GUESS,1995,CW,precipitation,evspsblsoi,0.09189785566793462,22386
LPJ-GUESS,1995,CW,lai,evspsblsoi,0.031421178466113954,22386
LPJ-GUESS,1995,CD,precipitation,evapotrans,0.22056289059893253,10734
LPJ-GUESS,1995,CD,lai,evapotrans,0.7883557483875838,10734
LPJ-GUESS,1995,CD,precipitation,tran,0.15067090696246968,10734
LPJ-GUESS,1995,CD,lai,tran,0.888474812517995,10734
LPJ-GUESS,1995,CD,precipitation,evspsblveg,0.21045359757753246,10734
LPJ-GUESS,1995,CD,lai,evspsblveg,0.7721234701189805,10734
LPJ-GUESS,1995,CD,precipitation,evspsblsoi,0.18482766827820032,10734
LPJ-GUESS,1995,CD,lai,evspsblsoi,0.03589860337159514,10734
LPJ-GUESS,1996,HW,precipitation,evapotrans,0.4274214983039635,13295
LPJ-GUESS,1996,HW,lai,evapotrans,0.6518803234571782,13295
LPJ-GUESS,1996,HW,precipitation,tran,0.281315970675889,13295
LPJ-GUESS,1996,HW,lai,tran,0.715718258941664,13295
LPJ-GUESS,1996,HW,precipitation,evspsblveg,0.5290802630117942,13295
LPJ-GUESS,1996,HW,lai,evspsblveg,0.7016174341119508,13295
LPJ-GUESS,1996,HW,precipitation,evspsblsoi,0.05474875134715311,13295
LPJ-GUESS,1996,HW,lai,evspsblsoi,0.03385196680843923,13295
LPJ-GUESS,1996,HD,precipitation,evapotrans,0.6156396878360989,11871
LPJ-GUESS,1996,HD,lai,evapotrans,0.7088475977758844,11871
LPJ-GUESS,1996,HD,precipitation,tran,0.5683453910973983,11871
LPJ-GUESS,1996,HD,lai,tran,0.83566173346063,11871
LPJ-GUESS,1996,HD,precipitation,evspsblveg,0.5286063329007179,11871
LPJ-GUESS,1996,HD,lai,evspsblveg,0.7805970981724984,11871
LPJ-GUESS,1996,HD,precipitation,evspsblsoi,0.19282260673350907,11871
LPJ-GUESS,1996,HD,lai,evspsblsoi,0.16099397568024318,11871
LPJ-GUESS,1996,CW,precipitation,evapotrans,0.27664069267026614,22423
LPJ-GUESS,1996,CW,lai,evapotrans,0.511556410341917,22423
LPJ-GUESS,1996,CW,precipitation,tran,0.23430524198444228,22423
LPJ-GUESS,1996,CW,lai,tran,0.5241857688146301,22423
LPJ-GUESS,1996,CW,precipitation,evspsblveg,0.21837817179805555,22423
LPJ-GUESS,1996,CW,lai,evspsblveg,0.7935404926376398,22423
LPJ-GUESS,1996,CW,precipitation,evspsblsoi,0.1059237053177016,22423
LPJ-GUESS,1996,CW,lai,evspsblsoi,0.014893692311112323,22423
LPJ-GUESS,1996,CD,precipitation,evapotrans,0.2556068685979368,10685
LPJ-GUESS,1996,CD,lai,evapotrans,0.7301019501729292,10685
LPJ-GUESS,1996,CD,precipitation,tran,0.16935267816455715,10685
LPJ-GUESS,1996,CD,lai,tran,0.8618224094677474,10685
LPJ-GUESS,1996,CD,precipitation,evspsblveg,0.22037708556180174,10685
LPJ-GUESS,1996,CD,lai,evspsblveg,0.7868351545740428,10685
LPJ-GUESS,1996,CD,precipitation,evspsblsoi,0.11194297220485971,10685
LPJ-GUESS,1996,CD,lai,evspsblsoi,0.03387258451287799,10685
LPJ-GUESS,1997,HW,precipitation,evapotrans,0.3167032593357215,13333
LPJ-GUESS,1997,HW,lai,evapotrans,0.6687406768012144,13333
LPJ-GUESS,1997,HW,precipitation,tran,0.22476448819768335,13333
LPJ-GUESS,1997,HW,lai,tran,0.7464951604756751,13333
LPJ-GUESS,1997,HW,precipitation,evspsblveg,0.3728127122036883,13333
LPJ-GUESS,1997,HW,lai,evspsblveg,0.7059511965825254,13333
LPJ-GUESS,1997,HW,precipitation,evspsblsoi,0.0430138026108153,13333
LPJ-GUESS,1997,HW,lai,evspsblsoi,0.04410004364563829,13333
LPJ-GUESS,1997,HD,precipitation,evapotrans,0.6635747691928926,11875
LPJ-GUESS,1997,HD,lai,evapotrans,0.721231092310486,11875
LPJ-GUESS,1997,HD,precipitation,tran,0.5939198028118959,11875
LPJ-GUESS,1997,HD,lai,tran,0.8249439664759637,11875
LPJ-GUESS,1997,HD,precipitation,evspsblveg,0.5222129336189998,11875
LPJ-GUESS,1997,HD,lai,evspsblveg,0.7822284562914863,11875
LPJ-GUESS,1997,HD,precipitation,evspsblsoi,0.22681388809775366,11875
LPJ-GUESS,1997,HD,lai,evspsblsoi,0.17197066365665134,11875
LPJ-GUESS,1997,CW,precipitation,evapotrans,0.3208452074035705,22380
LPJ-GUESS,1997,CW,lai,evapotrans,0.48895511381653317,22380
LPJ-GUESS,1997,CW,precipitation,tran,0.25219747674137777,22380
LPJ-GUESS,1997,CW,lai,tran,0.5558216755480572,22380
LPJ-GUESS,1997,CW,precipitation,evspsblveg,0.21561200218996784,22380
LPJ-GUESS,1997,CW,lai,evspsblveg,0.7971991358027388,22380
LPJ-GUESS,1997,CW,precipitation,evspsblsoi,0.06609591734501581,22380
LPJ-GUESS,1997,CW,lai,evspsblsoi,0.047213182967871505,22380
LPJ-GUESS,1997,CD,precipitation,evapotrans,0.20261284584541964,10708
LPJ-GUESS,1997,CD,lai,evapotrans,0.73647989851475,10708
LPJ-GUESS,1997,CD,precipitation,tran,0.12623090824257263,10708
LPJ-GUESS,1997,CD,lai,tran,0.8552852848853111,10708
LPJ-GUESS,1997,CD,precipitation,evspsblveg,0.16103177120517692,10708
LPJ-GUESS,1997,CD,lai,evspsblveg,0.774403212056248,10708
LPJ-GUESS,1997,CD,precipitation,evspsblsoi,0.13831881040656102,10708
LPJ-GUESS,1997,CD,lai,evspsblsoi,0.052239602330010536,10708
LPJ-GUESS,1998,HW,precipitation,evapotrans,0.37859612103561985,13303
LPJ-GUESS,1998,HW,lai,evapotrans,0.7047534130415105,13303
LPJ-GUESS,1998,HW,precipitation,tran,0.22883854180750773,13303
LPJ-GUESS,1998,HW,lai,tran,0.7630734626257897,13303
LPJ-GUESS,1998,HW,precipitation,evspsblveg,0.434284030964737,13303
LPJ-GUESS,1998,HW,lai,evspsblveg,0.7090492966380921,13303
LPJ-GUESS,1998,HW,precipitation,evspsblsoi,0.08501374828719578,13303
LPJ-GUESS,1998,HW,lai,evspsblsoi,0.04886992490212961,13303
LPJ-GUESS,1998,HD,precipitation,evapotrans,0.6357305638820705,11875
LPJ-GUESS,1998,HD,lai,evapotrans,0.7540224375818431,11875
LPJ-GUESS,1998,HD,precipitation,tran,0.5928088906290736,11875
LPJ-GUESS,1998,HD,lai,tran,0.8423326040932406,11875
LPJ-GUESS,1998,HD,precipitation,evspsblveg,0.5125203498195836,11875
LPJ-GUESS,1998,HD,lai,evspsblveg,0.7655860927471916,11875
LPJ-GUESS,1998,HD,precipitation,evspsblsoi,0.20563696973521736,11875
LPJ-GUESS,1998,HD,lai,evspsblsoi,0.1277239047185797,11875
LPJ-GUESS,1998,CW,precipitation,evapotrans,0.35555147048487973,22424
LPJ-GUESS,1998,CW,lai,evapotrans,0.4875321540481015,22424
LPJ-GUESS,1998,CW,precipitation,tran,0.28932200883791087,22424
LPJ-GUESS,1998,CW,lai,tran,0.5177046929282678,22424
LPJ-GUESS,1998,CW,precipitation,evspsblveg,0.21813663419965196,22424
LPJ-GUESS,1998,CW,lai,evspsblveg,0.7801370572245121,22424
LPJ-GUESS,1998,CW,precipitation,evspsblsoi,0.09961127590614434,22424
LPJ-GUESS,1998,CW,lai,evspsblsoi,0.019674501952750455,22424
LPJ-GUESS,1998,CD,precipitation,evapotrans,0.2488534245768202,10722
LPJ-GUESS,1998,CD,lai,evapotrans,0.7449050027438937,10722
LPJ-GUESS,1998,CD,precipitation,tran,0.17445172276589546,10722
LPJ-GUESS,1998,CD,lai,tran,0.8653406244542,10722
LPJ-GUESS,1998,CD,precipitation,evspsblveg,0.20525657540133063,10722
LPJ-GUESS,1998,CD,lai,evspsblveg,0.7924780569945743,10722
LPJ-GUESS,1998,CD,precipitation,evspsblsoi,0.12023905750707256,10722
LPJ-GUESS,1998,CD,lai,evspsblsoi,0.020399890970985077,10722
LPJ-GUESS,1999,HW,precipitation,evapotrans,0.4523895900133026,13289
LPJ-GUESS,1999,HW,lai,evapotrans,0.6806679891160191,13289
LPJ-GUESS,1999,HW,precipitation,tran,0.2835445440163065,13289
LPJ-GUESS,1999,HW,lai,tran,0.7637926076328182,13289
LPJ-GUESS,1999,HW,precipitation,evspsblveg,0.551043234429883,13289
LPJ-GUESS,1999,HW,lai,evspsblveg,0.7179280101912544,13289
LPJ-GUESS,1999,HW,precipitation,evspsblsoi,0.037632441795075626,13289
LPJ-GUESS,1999,HW,lai,evspsblsoi,0.05948413658556958,13289
LPJ-GUESS,1999,HD,precipitation,evapotrans,0.6135087530011758,11879
LPJ-GUESS,1999,HD,lai,evapotrans,0.7277727871518451,11879
LPJ-GUESS,1999,HD,precipitation,tran,0.5567710311741904,11879
LPJ-GUESS,1999,HD,lai,tran,0.8276341789694858,11879
LPJ-GUESS,1999,HD,precipitation,evspsblveg,0.5133986836527834,11879
LPJ-GUESS,1999,HD,lai,evspsblveg,0.757080356209802,11879
LPJ-GUESS,1999,HD,precipitation,evspsblsoi,0.26235478376409693,11879
LPJ-GUESS,1999,HD,lai,evspsblsoi,0.19541194270506715,11879
LPJ-GUESS,1999,CW,precipitation,evapotrans,0.25104219772911296,22360
LPJ-GUESS,1999,CW,lai,evapotrans,0.48971890369403603,22360
LPJ-GUESS,1999,CW,precipitation,tran,0.19606383230360508,22360
LPJ-GUESS,1999,CW,lai,tran,0.5397731949806465,22360
LPJ-GUESS,1999,CW,precipitation,evspsblveg,0.19862340161153322,22360
LPJ-GUESS,1999,CW,lai,evspsblveg,0.8117898556360608,22360
LPJ-GUESS,1999,CW,precipitation,evspsblsoi,0.11350281948520778,22360
LPJ-GUESS,1999,CW,lai,evspsblsoi,0.01798303112179774,22360
LPJ-GUESS,1999,CD,precipitation,evapotrans,0.23947612910660365,10698
LPJ-GUESS,1999,CD,lai,evapotrans,0.730984338933427,10698
LPJ-GUESS,1999,CD,precipitation,tran,0.1851050515002841,10698
LPJ-GUESS,1999,CD,lai,tran,0.8639101434870448,10698
LPJ-GUESS,1999,CD,precipitation,evspsblveg,0.22326619029511807,10698
LPJ-GUESS,1999,CD,lai,evspsblveg,0.7629983166643189,10698
LPJ-GUESS,1999,CD,precipitation,evspsblsoi,0.10588983687304826,10698
LPJ-GUESS,1999,CD,lai,evspsblsoi,0.040750599141331084,10698
LPJ-GUESS,2000,HW,precipitation,evapotrans,0.48865073451504876,13256
LPJ-GUESS,2000,HW,lai,evapotrans,0.6667148036417765,13256
LPJ-GUESS,2000,HW,precipitation,tran,0.2925833742771301,13256
LPJ-GUESS,2000,HW,lai,tran,0.7419259162902366,13256
LPJ-GUESS,2000,HW,precipitation,evspsblveg,0.5667877321735669,13256
LPJ-GUESS,2000,HW,lai,evspsblveg,0.7287543498700244,13256
LPJ-GUESS,2000,HW,precipitation,evspsblsoi,0.0478254465743397,13256
LPJ-GUESS,2000,HW,lai,evspsblsoi,0.04877455340020972,13256
LPJ-GUESS,2000,HD,precipitation,evapotrans,0.6465336665752799,11881
LPJ-GUESS,2000,HD,lai,evapotrans,0.6970510649785565,11881
LPJ-GUESS,2000,HD,precipitation,tran,0.5162439660185552,11881
LPJ-GUESS,2000,HD,lai,tran,0.8395751216716281,11881
LPJ-GUESS,2000,HD,precipitation,evspsblveg,0.44619090575270565,11881
LPJ-GUESS,2000,HD,lai,evspsblveg,0.7815303419168863,11881
LPJ-GUESS,2000,HD,precipitation,evspsblsoi,0.28655276903419324,11881
LPJ-GUESS,2000,HD,lai,evspsblsoi,0.1880912917997765,11881
LPJ-GUESS,2000,CW,precipitation,evapotrans,0.3401172000984299,22368
LPJ-GUESS,2000,CW,lai,evapotrans,0.5255541518393425,22368
LPJ-GUESS,2000,CW,precipitation,tran,0.27944309969101205,22368
LPJ-GUESS,2000,CW,lai,tran,0.5512376857980981,22368
LPJ-GUESS,2000,CW,precipitation,evspsblveg,0.24295799622641434,22368
LPJ-GUESS,2000,CW,lai,evspsblveg,0.7703601198695033,22368
LPJ-GUESS,2000,CW,precipitation,evspsblsoi,0.10325682007007013,22368
LPJ-GUESS,2000,CW,lai,evspsblsoi,0.028938549925890185,22368
LPJ-GUESS,2000,CD,precipitation,evapotrans,0.2392070940962461,10683
LPJ-GUESS,2000,CD,lai,evapotrans,0.7287619393814072,10683
LPJ-GUESS,2000,CD,precipitation,tran,0.16394872647884165,10683
LPJ-GUESS,2000,CD,lai,tran,0.8711926102902254,10683
LPJ-GUESS,2000,CD,precipitation,evspsblveg,0.22078483928461373,10683
LPJ-GUESS,2000,CD,lai,evspsblveg,0.7728136356223079,10683
LPJ-GUESS,2000,CD,precipitation,evspsblsoi,0.10579543029485822,10683
LPJ-GUESS,2000,CD,lai,evspsblsoi,0.02152021140471681,10683
LPJ-GUESS,2001,HW,precipitation,evapotrans,0.45780298158418115,13274
LPJ-GUESS,2001,HW,lai,evapotrans,0.684526283183594,13274
LPJ-GUESS,2001,HW,precipitation,tran,0.27511952190690114,13274
LPJ-GUESS,2001,HW,lai,tran,0.7494336581110572,13274
LPJ-GUESS,2001,HW,precipitation,evspsblveg,0.5415207405122423,13274
LPJ-GUESS,2001,HW,lai,evspsblveg,0.6924199330292409,13274
LPJ-GUESS,2001,HW,precipitation,evspsblsoi,0.08220857084126826,13274
LPJ-GUESS,2001,HW,lai,evspsblsoi,0.035131745456254984,13274
LPJ-GUESS,2001,HD,precipitation,evapotrans,0.64753312830067,11874
LPJ-GUESS,2001,HD,lai,evapotrans,0.7756905611861574,11874
LPJ-GUESS,2001,HD,precipitation,tran,0.5917130109221369,11874
LPJ-GUESS,2001,HD,lai,tran,0.8552625515975083,11874
LPJ-GUESS,2001,HD,precipitation,evspsblveg,0.5134098240110913,11874
LPJ-GUESS,2001,HD,lai,evspsblveg,0.7804300366943959,11874
LPJ-GUESS,2001,HD,precipitation,evspsblsoi,0.23062114723800614,11874
LPJ-GUESS,2001,HD,lai,evspsblsoi,0.16853639376222904,11874
LPJ-GUESS,2001,CW,precipitation,evapotrans,0.30408063712651207,22323
LPJ-GUESS,2001,CW,lai,evapotrans,0.49106930055601056,22323
LPJ-GUESS,2001,CW,precipitation,tran,0.26639777653121754,22323
LPJ-GUESS,2001,CW,lai,tran,0.5409797893207033,22323
LPJ-GUESS,2001,CW,precipitation,evspsblveg,0.23203168922084788,22323
LPJ-GUESS,2001,CW,lai,evspsblveg,0.7868410015281401,22323
LPJ-GUESS,2001,CW,precipitation,evspsblsoi,0.08371522782807733,22323
LPJ-GUESS,2001,CW,lai,evspsblsoi,0.018874002893664473,22323
LPJ-GUESS,2001,CD,precipitation,evapotrans,0.1825589989652465,10661
LPJ-GUESS,2001,CD,lai,evapotrans,0.7563032331500338,10661
LPJ-GUESS,2001,CD,precipitation,tran,0.14251182394299797,10661
LPJ-GUESS,2001,CD,lai,tran,0.8759261703448691,10661
LPJ-GUESS,2001,CD,precipitation,evspsblveg,0.19984191583785677,10661
LPJ-GUESS,2001,CD,lai,evspsblveg,0.7699355916526431,10661
LPJ-GUESS,2001,CD,precipitation,evspsblsoi,0.1093459424416911,10661
LPJ-GUESS,2001,CD,lai,evspsblsoi,0.02834410406327003,10661
LPJ-GUESS,2002,HW,precipitation,evapotrans,0.3712014118174036,13301
LPJ-GUESS,2002,HW,lai,evapotrans,0.7202875358043463,13301
LPJ-GUESS,2002,HW,precipitation,tran,0.22720786313097635,13301
LPJ-GUESS,2002,HW,lai,tran,0.7783261402978616,13301
LPJ-GUESS,2002,HW,precipitation,evspsblveg,0.4845826564225396,13301
LPJ-GUESS,2002,HW,lai,evspsblveg,0.7270234100900582,13301
LPJ-GUESS,2002,HW,precipitation,evspsblsoi,0.09278378344510273,13301
LPJ-GUESS,2002,HW,lai,evspsblsoi,0.026912170049665483,13301
LPJ-GUESS,2002,HD,precipitation,evapotrans,0.6885594784266598,11875
LPJ-GUESS,2002,HD,lai,evapotrans,0.7810368160409334,11875
LPJ-GUESS,2002,HD,precipitation,tran,0.6289620988906306,11875
LPJ-GUESS,2002,HD,lai,tran,0.844231005017527,11875
LPJ-GUESS,2002,HD,precipitation,evspsblveg,0.6015846835477395,11875
LPJ-GUESS,2002,HD,lai,evspsblveg,0.8003656101515632,11875
LPJ-GUESS,2002,HD,precipitation,evspsblsoi,0.19941838222488414,11875
LPJ-GUESS,2002,HD,lai,evspsblsoi,0.13362584037031533,11875
LPJ-GUESS,2002,CW,precipitation,evapotrans,0.2852054944497961,22359
LPJ-GUESS,2002,CW,lai,evapotrans,0.4933692382048913,22359
LPJ-GUESS,2002,CW,precipitation,tran,0.2236571395876596,22359
LPJ-GUESS,2002,CW,lai,tran,0.5166254168967274,22359
LPJ-GUESS,2002,CW,precipitation,evspsblveg,0.2438525885889086,22359
LPJ-GUESS,2002,CW,lai,evspsblveg,0.8102885234280892,22359
LPJ-GUESS,2002,CW,precipitation,evspsblsoi,0.11877401874444732,22359
LPJ-GUESS,2002,CW,lai,evspsblsoi,0.020117849346537767,22359
LPJ-GUESS,2002,CD,precipitation,evapotrans,0.17099432694053499,10697
LPJ-GUESS,2002,CD,lai,evapotrans,0.7684770207397721,10697
LPJ-GUESS,2002,CD,precipitation,tran,0.11984596772518953,10697
LPJ-GUESS,2002,CD,lai,tran,0.8727718659995038,10697
LPJ-GUESS,2002,CD,precipitation,evspsblveg,0.15222932075435852,10697
LPJ-GUESS,2002,CD,lai,evspsblveg,0.765784944295684,10697
LPJ-GUESS,2002,CD,precipitation,evspsblsoi,0.15070739768319963,10697
LPJ-GUESS,2002,CD,lai,evspsblsoi,0.0405003590758034,10697
LPJ-GUESS,2003,HW,precipitation,evapotrans,0.39042248293453696,13299
LPJ-GUESS,2003,HW,lai,evapotrans,0.6945301619884919,13299
LPJ-GUESS,2003,HW,precipitation,tran,0.2330602964536865,13299
LPJ-GUESS,2003,HW,lai,tran,0.7738974691970539,13299
LPJ-GUESS,2003,HW,precipitation,evspsblveg,0.48138934330576527,13299
LPJ-GUESS,2003,HW,lai,evspsblveg,0.7318582046894069,13299
LPJ-GUESS,2003,HW,precipitation,evspsblsoi,0.0347855911756401,13299
LPJ-GUESS,2003,HW,lai,evspsblsoi,0.0625978478966214,13299
LPJ-GUESS,2003,HD,precipitation,evapotrans,0.7226041941605309,11878
LPJ-GUESS,2003,HD,lai,evapotrans,0.6802967646098937,11878
LPJ-GUESS,2003,HD,precipitation,tran,0.6063821400823532,11878
LPJ-GUESS,2003,HD,lai,tran,0.8291930335761833,11878
LPJ-GUESS,2003,HD,precipitation,evspsblveg,0.5568742654061688,11878
LPJ-GUESS,2003,HD,lai,evspsblveg,0.7682671297256134,11878
LPJ-GUESS,2003,HD,precipitation,evspsblsoi,0.26489144184142893,11878
LPJ-GUESS,2003,HD,lai,evspsblsoi,0.15201492330426175,11878
LPJ-GUESS,2003,CW,precipitation,evapotrans,0.22667783701144384,22382
LPJ-GUESS,2003,CW,lai,evapotrans,0.52447250847598,22382
LPJ-GUESS,2003,CW,precipitation,tran,0.18576926856800377,22382
LPJ-GUESS,2003,CW,lai,tran,0.5509181551061536,22382
LPJ-GUESS,2003,CW,precipitation,evspsblveg,0.18853727669324036,22382
LPJ-GUESS,2003,CW,lai,evspsblveg,0.7937414352718016,22382
LPJ-GUESS,2003,CW,precipitation,evspsblsoi,0.09951651009447446,22382
LPJ-GUESS,2003,CW,lai,evspsblsoi,0.023752945365378638,22382
LPJ-GUESS,2003,CD,precipitation,evapotrans,0.2209165825219552,10675
LPJ-GUESS,2003,CD,lai,evapotrans,0.7728239401531977,10675
LPJ-GUESS,2003,CD,precipitation,tran,0.16232158160552485,10675
LPJ-GUESS,2003,CD,lai,tran,0.8814967097106196,10675
LPJ-GUESS,2003,CD,precipitation,evspsblveg,0.18874801698903257,10675
LPJ-GUESS,2003,CD,lai,evspsblveg,0.7549975998831278,10675
LPJ-GUESS,2003,CD,precipitation,evspsblsoi,0.1326248184987169,10675
LPJ-GUESS,2003,CD,lai,evspsblsoi,0.022116530892211,10675
LPJ-GUESS,2004,HW,precipitation,evapotrans,0.41342512974352014,13297
LPJ-GUESS,2004,HW,lai,evapotrans,0.6946453732917344,13297
LPJ-GUESS,2004,HW,precipitation,tran,0.2793968859079056,13297
LPJ-GUESS,2004,HW,lai,tran,0.7640556173583423,13297
LPJ-GUESS,2004,HW,precipitation,evspsblveg,0.49622016855604384,13297
LPJ-GUESS,2004,HW,lai,evspsblveg,0.7110367240546763,13297
LPJ-GUESS,2004,HW,precipitation,evspsblsoi,0.046591702192724106,13297
LPJ-GUESS,2004,HW,lai,evspsblsoi,0.05064453343765201,13297
LPJ-GUESS,2004,HD,precipitation,evapotrans,0.6869688464683417,11875
LPJ-GUESS,2004,HD,lai,evapotrans,0.7439152394576362,11875
LPJ-GUESS,2004,HD,precipitation,tran,0.5987335907666311,11875
LPJ-GUESS,2004,HD,lai,tran,0.8597618962389401,11875
LPJ-GUESS,2004,HD,precipitation,evspsblveg,0.5522963527511172,11875
LPJ-GUESS,2004,HD,lai,evspsblveg,0.7799894706113308,11875
LPJ-GUESS,2004,HD,precipitation,evspsblsoi,0.2045051062206015,11875
LPJ-GUESS,2004,HD,lai,evspsblsoi,0.15567092515551156,11875
LPJ-GUESS,2004,CW,precipitation,evapotrans,0.3468654799253423,22331
LPJ-GUESS,2004,CW,lai,evapotrans,0.5506832620745946,22331
LPJ-GUESS,2004,CW,precipitation,tran,0.2695531146365653,22331
LPJ-GUESS,2004,CW,lai,tran,0.5651667141942976,22331
LPJ-GUESS,2004,CW,precipitation,evspsblveg,0.23071571707576488,22331
LPJ-GUESS,2004,CW,lai,evspsblveg,0.7988509785599065,22331
LPJ-GUESS,2004,CW,precipitation,evspsblsoi,0.09911689292467249,22331
LPJ-GUESS,2004,CW,lai,evspsblsoi,0.013188979815925143,22331
LPJ-GUESS,2004,CD,precipitation,evapotrans,0.2713147963531446,10737
LPJ-GUESS,2004,CD,lai,evapotrans,0.7406664613602639,10737
LPJ-GUESS,2004,CD,precipitation,tran,0.2079786220356799,10737
LPJ-GUESS,2004,CD,lai,tran,0.8670943343649566,10737
LPJ-GUESS,2004,CD,precipitation,evspsblveg,0.23002340945091854,10737
LPJ-GUESS,2004,CD,lai,evspsblveg,0.7873444635738335,10737
LPJ-GUESS,2004,CD,precipitation,evspsblsoi,0.11690096140656697,10737
LPJ-GUESS,2004,CD,lai,evspsblsoi,0.03004716228756803,10737
LPJ-GUESS,2005,HW,precipitation,evapotrans,0.43750120425537553,13281
LPJ-GUESS,2005,HW,lai,evapotrans,0.701403553950899,13281
LPJ-GUESS,2005,HW,precipitation,tran,0.2837616862503773,13281
LPJ-GUESS,2005,HW,lai,tran,0.7619546676550785,13281
LPJ-GUESS,2005,HW,precipitation,evspsblveg,0.518487841034005,13281
LPJ-GUESS,2005,HW,lai,evspsblveg,0.7238083334687102,13281
LPJ-GUESS,2005,HW,precipitation,evspsblsoi,0.05412622785879174,13281
LPJ-GUESS,2005,HW,lai,evspsblsoi,0.042963140470355966,13281
LPJ-GUESS,2005,HD,precipitation,evapotrans,0.6578249964060463,11875
LPJ-GUESS,2005,HD,lai,evapotrans,0.7319291899246266,11875
LPJ-GUESS,2005,HD,precipitation,tran,0.5828069917771336,11875
LPJ-GUESS,2005,HD,lai,tran,0.8096427486706587,11875
LPJ-GUESS,2005,HD,precipitation,evspsblveg,0.5452268010342237,11875
LPJ-GUESS,2005,HD,lai,evspsblveg,0.7728309152292148,11875
LPJ-GUESS,2005,HD,precipitation,evspsblsoi,0.2572271266627393,11875
LPJ-GUESS,2005,HD,lai,evspsblsoi,0.11570253359311365,11875
LPJ-GUESS,2005,CW,precipitation,evapotrans,0.2837017408289218,22323
LPJ-GUESS,2005,CW,lai,evapotrans,0.5375023088812773,22323
LPJ-GUESS,2005,CW,precipitation,tran,0.21125036337845715,22323
LPJ-GUESS,2005,CW,lai,tran,0.5673233989991969,22323
LPJ-GUESS,2005,CW,precipitation,evspsblveg,0.2119678793154819,22323
LPJ-GUESS,2005,CW,lai,evspsblveg,0.8259621794795111,22323
LPJ-GUESS,2005,CW,precipitation,evspsblsoi,0.11882246354791705,22323
LPJ-GUESS,2005,CW,lai,evspsblsoi,0.018407056235358772,22323
LPJ-GUESS,2005,CD,precipitation,evapotrans,0.15831999224357055,10673
LPJ-GUESS,2005,CD,lai,evapotrans,0.7825353022478772,10673
LPJ-GUESS,2005,CD,precipitation,tran,0.1242053626017564,10673
LPJ-GUESS,2005,CD,lai,tran,0.8836520363857746,10673
LPJ-GUESS,2005,CD,precipitation,evspsblveg,0.16108895682613442,10673
LPJ-GUESS,2005,CD,lai,evspsblveg,0.7815810738732383,10673
LPJ-GUESS,2005,CD,precipitation,evspsblsoi,0.2001270573603639,10673
LPJ-GUESS,2005,CD,lai,evspsblsoi,0.034249212634699176,10673
LPJ-GUESS,2006,HW,precipitation,evapotrans,0.4586020167264876,13288
LPJ-GUESS,2006,HW,lai,evapotrans,0.6435986513577259,13288
LPJ-GUESS,2006,HW,precipitation,tran,0.29060734260664206,13288
LPJ-GUESS,2006,HW,lai,tran,0.7096465105549996,13288
LPJ-GUESS,2006,HW,precipitation,evspsblveg,0.5512719809548955,13288
LPJ-GUESS,2006,HW,lai,evspsblveg,0.6820027821487527,13288
LPJ-GUESS,2006,HW,precipitation,evspsblsoi,0.04361611380213313,13288
LPJ-GUESS,2006,HW,lai,evspsblsoi,0.05030965834529404,13288
LPJ-GUESS,2006,HD,precipitation,evapotrans,0.6154990828973601,11878
LPJ-GUESS,2006,HD,lai,evapotrans,0.7410911066958268,11878
LPJ-GUESS,2006,HD,precipitation,tran,0.5376629766678614,11878
LPJ-GUESS,2006,HD,lai,tran,0.8535256245717853,11878
LPJ-GUESS,2006,HD,precipitation,evspsblveg,0.4875120111312084,11878
LPJ-GUESS,2006,HD,lai,evspsblveg,0.7835905361688511,11878
LPJ-GUESS,2006,HD,precipitation,evspsblsoi,0.24481227748209863,11878
LPJ-GUESS,2006,HD,lai,evspsblsoi,0.19718570235607122,11878
LPJ-GUESS,2006,CW,precipitation,evapotrans,0.27018069879389933,22404
LPJ-GUESS,2006,CW,lai,evapotrans,0.5175792276300681,22404
LPJ-GUESS,2006,CW,precipitation,tran,0.21510882715503551,22404
LPJ-GUESS,2006,CW,lai,tran,0.546625077944463,22404
LPJ-GUESS,2006,CW,precipitation,evspsblveg,0.22855995105400959,22404
LPJ-GUESS,2006,CW,lai,evspsblveg,0.8205618192882805,22404
LPJ-GUESS,2006,CW,precipitation,evspsblsoi,0.07636995052717707,22404
LPJ-GUESS,2006,CW,lai,evspsblsoi,0.020236710956951398,22404
LPJ-GUESS,2006,CD,precipitation,evapotrans,0.1987883089809662,10726
LPJ-GUESS,2006,CD,lai,evapotrans,0.7794887968207973,10726
LPJ-GUESS,2006,CD,precipitation,tran,0.13740199740732983,10726
LPJ-GUESS,2006,CD,lai,tran,0.8918522516622106,10726
LPJ-GUESS,2006,CD,precipitation,evspsblveg,0.19865900436523332,10726
LPJ-GUESS,2006,CD,lai,evspsblveg,0.7945014055443509,10726
LPJ-GUESS,2006,CD,precipitation,evspsblsoi,0.13180309974623006,10726
LPJ-GUESS,2006,CD,lai,evspsblsoi,0.024870475073833356,10726
LPJ-GUESS,2007,HW,precipitation,evapotrans,0.4493597401927783,13288
LPJ-GUESS,2007,HW,lai,evapotrans,0.6781865902722803,13288
LPJ-GUESS,2007,HW,precipitation,tran,0.28502206018744325,13288
LPJ-GUESS,2007,HW,lai,tran,0.7429320996384953,13288
LPJ-GUESS,2007,HW,precipitation,evspsblveg,0.510820938434255,13288
LPJ-GUESS,2007,HW,lai,evspsblveg,0.7225888213577364,13288
LPJ-GUESS,2007,HW,precipitation,evspsblsoi,0.04994827196993174,13288
LPJ-GUESS,2007,HW,lai,evspsblsoi,0.038775582135213,13288
LPJ-GUESS,2007,HD,precipitation,evapotrans,0.7108492306941809,11879
LPJ-GUESS,2007,HD,lai,evapotrans,0.725543890184659,11879
LPJ-GUESS,2007,HD,precipitation,tran,0.6032259381679245,11879
LPJ-GUESS,2007,HD,lai,tran,0.8335104695473535,11879
LPJ-GUESS,2007,HD,precipitation,evspsblveg,0.5609233255329671,11879
LPJ-GUESS,2007,HD,lai,evspsblveg,0.7866858685277125,11879
LPJ-GUESS,2007,HD,precipitation,evspsblsoi,0.22768337361223623,11879
LPJ-GUESS,2007,HD,lai,evspsblsoi,0.1280245970977709,11879
LPJ-GUESS,2007,CW,precipitation,evapotrans,0.25763905544877935,22401
LPJ-GUESS,2007,CW,lai,evapotrans,0.5138669069382664,22401
LPJ-GUESS,2007,CW,precipitation,tran,0.1829589654125871,22401
LPJ-GUESS,2007,CW,lai,tran,0.5337832067818787,22401
LPJ-GUESS,2007,CW,precipitation,evspsblveg,0.20488022703582448,22401
LPJ-GUESS,2007,CW,lai,evspsblveg,0.7945004502989435,22401
LPJ-GUESS,2007,CW,precipitation,evspsblsoi,0.08922747122114726,22401
LPJ-GUESS,2007,CW,lai,evspsblsoi,0.02184284601285098,22401
LPJ-GUESS,2007,CD,precipitation,evapotrans,0.2344039450457287,10701
LPJ-GUESS,2007,CD,lai,evapotrans,0.7993102268190293,10701
LPJ-GUESS,2007,CD,precipitation,tran,0.18299903697088418,10701
LPJ-GUESS,2007,CD,lai,tran,0.8959329127485548,10701
LPJ-GUESS,2007,CD,precipitation,evspsblveg,0.21696853328467527,10701
LPJ-GUESS,2007,CD,lai,evspsblveg,0.7759262066683148,10701
LPJ-GUESS,2007,CD,precipitation,evspsblsoi,0.1304081807817263,10701
LPJ-GUESS,2007,CD,lai,evspsblsoi,0.023698702741346386,10701
LPJ-GUESS,2008,HW,precipitation,evapotrans,0.47131771028041297,13278
LPJ-GUESS,2008,HW,lai,evapotrans,0.683252910960546,13278
LPJ-GUESS,2008,HW,precipitation,tran,0.3079092803384436,13278
LPJ-GUESS,2008,HW,lai,tran,0.7404360365071955,13278
LPJ-GUESS,2008,HW,precipitation,evspsblveg,0.5380908980247977,13278
LPJ-GUESS,2008,HW,lai,evspsblveg,0.71687982838991,13278
LPJ-GUESS,2008,HW,precipitation,evspsblsoi,0.0577817284344683,13278
LPJ-GUESS,2008,HW,lai,evspsblsoi,0.038924178446528,13278
LPJ-GUESS,2008,HD,precipitation,evapotrans,0.6760940041988002,11876
LPJ-GUESS,2008,HD,lai,evapotrans,0.7966607478106968,11876
LPJ-GUESS,2008,HD,precipitation,tran,0.6069629718757227,11876
LPJ-GUESS,2008,HD,lai,tran,0.8577808415640779,11876
LPJ-GUESS,2008,HD,precipitation,evspsblveg,0.5562041094235669,11876
LPJ-GUESS,2008,HD,lai,evspsblveg,0.7574566363446971,11876
LPJ-GUESS,2008,HD,precipitation,evspsblsoi,0.24008169272350208,11876
LPJ-GUESS,2008,HD,lai,evspsblsoi,0.18895100376627844,11876
LPJ-GUESS,2008,CW,precipitation,evapotrans,0.27254612530062183,22390
LPJ-GUESS,2008,CW,lai,evapotrans,0.5090092584138123,22390
LPJ-GUESS,2008,CW,precipitation,tran,0.22411579517362287,22390
LPJ-GUESS,2008,CW,lai,tran,0.5357065866607766,22390
LPJ-GUESS,2008,CW,precipitation,evspsblveg,0.19521221856961937,22390
LPJ-GUESS,2008,CW,lai,evspsblveg,0.7936254783770623,22390
LPJ-GUESS,2008,CW,precipitation,evspsblsoi,0.08083966769380115,22390
LPJ-GUESS,2008,CW,lai,evspsblsoi,0.011929006746286887,22390
LPJ-GUESS,2008,CD,precipitation,evapotrans,0.19076128819161373,10675
LPJ-GUESS,2008,CD,lai,evapotrans,0.7880040805976647,10675
LPJ-GUESS,2008,CD,precipitation,tran,0.16324764130146302,10675
LPJ-GUESS,2008,CD,lai,tran,0.8910674726957893,10675
LPJ-GUESS,2008,CD,precipitation,evspsblveg,0.16862229196341227,10675
LPJ-GUESS,2008,CD,lai,evspsblveg,0.7738178668158233,10675
LPJ-GUESS,2008,CD,precipitation,evspsblsoi,0.1426375909712745,10675
LPJ-GUESS,2008,CD,lai,evspsblsoi,0.04083193082445693,10675
LPJ-GUESS,2009,HW,precipitation,evapotrans,0.42593938776981266,13284
LPJ-GUESS,2009,HW,lai,evapotrans,0.6503633053391126,13284
LPJ-GUESS,2009,HW,precipitation,tran,0.28899329427440773,13284
LPJ-GUESS,2009,HW,lai,tran,0.7233611081405528,13284
LPJ-GUESS,2009,HW,precipitation,evspsblveg,0.5149098832868678,13284
LPJ-GUESS,2009,HW,lai,evspsblveg,0.7002107878594076,13284
LPJ-GUESS,2009,HW,precipitation,evspsblsoi,0.029696326014977983,13284
LPJ-GUESS,2009,HW,lai,evspsblsoi,0.043799802719955566,13284
LPJ-GUESS,2009,HD,precipitation,evapotrans,0.6772083182286825,11879
LPJ-GUESS,2009,HD,lai,evapotrans,0.7282915391856313,11879
LPJ-GUESS,2009,HD,precipitation,tran,0.5835491631154119,11879
LPJ-GUESS,2009,HD,lai,tran,0.8461000206955636,11879
LPJ-GUESS,2009,HD,precipitation,evspsblveg,0.5723500524497062,11879
LPJ-GUESS,2009,HD,lai,evspsblveg,0.7649002441719511,11879
LPJ-GUESS,2009,HD,precipitation,evspsblsoi,0.22168903170429272,11879
LPJ-GUESS,2009,HD,lai,evspsblsoi,0.16479266968896808,11879
LPJ-GUESS,2009,CW,precipitation,evapotrans,0.3655650310996239,22339
LPJ-GUESS,2009,CW,lai,evapotrans,0.5144317387787276,22339
LPJ-GUESS,2009,CW,precipitation,tran,0.2697491755237964,22339
LPJ-GUESS,2009,CW,lai,tran,0.5328673441044133,22339
LPJ-GUESS,2009,CW,precipitation,evspsblveg,0.24242793419199224,22339
LPJ-GUESS,2009,CW,lai,evspsblveg,0.7962110616487852,22339
LPJ-GUESS,2009,CW,precipitation,evspsblsoi,0.12590172573387332,22339
LPJ-GUESS,2009,CW,lai,evspsblsoi,0.021428644339821983,22339
LPJ-GUESS,2009,CD,precipitation,evapotrans,0.21587507563845945,10735
LPJ-GUESS,2009,CD,lai,evapotrans,0.748196236048308,10735
LPJ-GUESS,2009,CD,precipitation,tran,0.1612020637075037,10735
LPJ-GUESS,2009,CD,lai,tran,0.873574994513462,10735
LPJ-GUESS,2009,CD,precipitation,evspsblveg,0.19238414368778028,10735
LPJ-GUESS,2009,CD,lai,evspsblveg,0.7826838666315205,10735
LPJ-GUESS,2009,CD,precipitation,evspsblsoi,0.18605411094861876,10735
LPJ-GUESS,2009,CD,lai,evspsblsoi,0.04239080381917122,10735
LPJ-GUESS,2010,HW,precipitation,evapotrans,0.4585970732869809,13283
LPJ-GUESS,2010,HW,lai,evapotrans,0.6743411606202719,13283
LPJ-GUESS,2010,HW,precipitation,tran,0.2985292399435921,13283
LPJ-GUESS,2010,HW,lai,tran,0.7589624453909758,13283
LPJ-GUESS,2010,HW,precipitation,evspsblveg,0.5126162086357358,13283
LPJ-GUESS,2010,HW,lai,evspsblveg,0.682695076274489,13283
LPJ-GUESS,2010,HW,precipitation,evspsblsoi,0.07350849992694487,13283
LPJ-GUESS,2010,HW,lai,evspsblsoi,0.03756433315158828,13283
LPJ-GUESS,2010,HD,precipitation,evapotrans,0.6747467939112219,11877
LPJ-GUESS,2010,HD,lai,evapotrans,0.7530534575649555,11877
LPJ-GUESS,2010,HD,precipitation,tran,0.5483144441552904,11877
LPJ-GUESS,2010,HD,lai,tran,0.8419892183628591,11877
LPJ-GUESS,2010,HD,precipitation,evspsblveg,0.5020441472301901,11877
LPJ-GUESS,2010,HD,lai,evspsblveg,0.79401931252494,11877
LPJ-GUESS,2010,HD,precipitation,evspsblsoi,0.2433966791963949,11877
LPJ-GUESS,2010,HD,lai,evspsblsoi,0.14215169207769998,11877
LPJ-GUESS,2010,CW,precipitation,evapotrans,0.322709937787056,22416
LPJ-GUESS,2010,CW,lai,evapotrans,0.5047051676884836,22416
LPJ-GUESS,2010,CW,precipitation,tran,0.23978620904589795,22416
LPJ-GUESS,2010,CW,lai,tran,0.5225013128960617,22416
LPJ-GUESS,2010,CW,precipitation,evspsblveg,0.1752369130446911,22416
LPJ-GUESS,2010,CW,lai,evspsblveg,0.8052113254330309,22416
LPJ-GUESS,2010,CW,precipitation,evspsblsoi,0.12242024181845855,22416
LPJ-GUESS,2010,CW,lai,evspsblsoi,0.02408508180066105,22416
LPJ-GUESS,2010,CD,precipitation,evapotrans,0.22457898619599334,10721
LPJ-GUESS,2010,CD,lai,evapotrans,0.7423325115564237,10721
LPJ-GUESS,2010,CD,precipitation,tran,0.15155069323176207,10721
LPJ-GUESS,2010,CD,lai,tran,0.8768877833747656,10721
LPJ-GUESS,2010,CD,precipitation,evspsblveg,0.19883914215436227,10721
LPJ-GUESS,2010,CD,lai,evspsblveg,0.7775203611701424,10721
LPJ-GUESS,2010,CD,precipitation,evspsblsoi,0.10494286417726728,10721
LPJ-GUESS,2010,CD,lai,evspsblsoi,0.03646101572411546,10721
LPJ-GUESS,2011,HW,precipitation,evapotrans,0.4228470751687027,13278
LPJ-GUESS,2011,HW,lai,evapotrans,0.6957818621425089,13278
LPJ-GUESS,2011,HW,precipitation,tran,0.2847490067639676,13278
LPJ-GUESS,2011,HW,lai,tran,0.732291283753289,13278
LPJ-GUESS,2011,HW,precipitation,evspsblveg,0.5021500308507095,13278
LPJ-GUESS,2011,HW,lai,evspsblveg,0.7157034210046561,13278
LPJ-GUESS,2011,HW,precipitation,evspsblsoi,0.02534219035228261,13278
LPJ-GUESS,2011,HW,lai,evspsblsoi,0.04322685803680621,13278
LPJ-GUESS,2011,HD,precipitation,evapotrans,0.5377105104409989,11878
LPJ-GUESS,2011,HD,lai,evapotrans,0.7933052936470992,11878
LPJ-GUESS,2011,HD,precipitation,tran,0.5100221695592516,11878
LPJ-GUESS,2011,HD,lai,tran,0.8408604912570937,11878
LPJ-GUESS,2011,HD,precipitation,evspsblveg,0.44851968209606324,11878
LPJ-GUESS,2011,HD,lai,evspsblveg,0.7996273351590608,11878
LPJ-GUESS,2011,HD,precipitation,evspsblsoi,0.16184187148107945,11878
LPJ-GUESS,2011,HD,lai,evspsblsoi,0.1897818813322114,11878
LPJ-GUESS,2011,CW,precipitation,evapotrans,0.23778442888113382,22363
LPJ-GUESS,2011,CW,lai,evapotrans,0.5112004142274211,22363
LPJ-GUESS,2011,CW,precipitation,tran,0.1947225860166828,22363
LPJ-GUESS,2011,CW,lai,tran,0.5383292484210555,22363
LPJ-GUESS,2011,CW,precipitation,evspsblveg,0.16352013683788286,22363
LPJ-GUESS,2011,CW,lai,evspsblveg,0.7857550419491282,22363
LPJ-GUESS,2011,CW,precipitation,evspsblsoi,0.08801876278922358,22363
LPJ-GUESS,2011,CW,lai,evspsblsoi,0.023310508462094374,22363
LPJ-GUESS,2011,CD,precipitation,evapotrans,0.1927898042815477,10676
LPJ-GUESS,2011,CD,lai,evapotrans,0.7539438636686113,10676
LPJ-GUESS,2011,CD,precipitation,tran,0.15577199513746762,10676
LPJ-GUESS,2011,CD,lai,tran,0.8775615449668026,10676
LPJ-GUESS,2011,CD,precipitation,evspsblveg,0.19679759289816884,10676
LPJ-GUESS,2011,CD,lai,evspsblveg,0.7678423172825128,10676
LPJ-GUESS,2011,CD,precipitation,evspsblsoi,0.1710228327143615,10676
LPJ-GUESS,2011,CD,lai,evspsblsoi,0.02954576630960724,10676
LPJ-GUESS,2012,HW,precipitation,evapotrans,0.44913414847561367,13274
LPJ-GUESS,2012,HW,lai,evapotrans,0.6984437042370623,13274
LPJ-GUESS,2012,HW,precipitation,tran,0.2755961058905586,13274
LPJ-GUESS,2012,HW,lai,tran,0.7611116532112342,13274
LPJ-GUESS,2012,HW,precipitation,evspsblveg,0.5232605826475292,13274
LPJ-GUESS,2012,HW,lai,evspsblveg,0.7223224246969298,13274
LPJ-GUESS,2012,HW,precipitation,evspsblsoi,0.048515983590359836,13274
LPJ-GUESS,2012,HW,lai,evspsblsoi,0.03235975116992787,13274
LPJ-GUESS,2012,HD,precipitation,evapotrans,0.6895524976310128,11878
LPJ-GUESS,2012,HD,lai,evapotrans,0.7915729146744407,11878
LPJ-GUESS,2012,HD,precipitation,tran,0.5961477630388159,11878
LPJ-GUESS,2012,HD,lai,tran,0.8514297922049093,11878
LPJ-GUESS,2012,HD,precipitation,evspsblveg,0.5857958750322865,11878
LPJ-GUESS,2012,HD,lai,evspsblveg,0.7655445065538604,11878
LPJ-GUESS,2012,HD,precipitation,evspsblsoi,0.293700124282445,11878
LPJ-GUESS,2012,HD,lai,evspsblsoi,0.1933196433725946,11878
LPJ-GUESS,2012,CW,precipitation,evapotrans,0.26661711691989654,22412
LPJ-GUESS,2012,CW,lai,evapotrans,0.4906318199434232,22412
LPJ-GUESS,2012,CW,precipitation,tran,0.1928797057881422,22412
LPJ-GUESS,2012,CW,lai,tran,0.4987978856699382,22412
LPJ-GUESS,2012,CW,precipitation,evspsblveg,0.2342577307515439,22412
LPJ-GUESS,2012,CW,lai,evspsblveg,0.794415555923354,22412
LPJ-GUESS,2012,CW,precipitation,evspsblsoi,0.11617465246718398,22412
LPJ-GUESS,2012,CW,lai,evspsblsoi,0.019997127012530237,22412
LPJ-GUESS,2012,CD,precipitation,evapotrans,0.1729976760524828,10689
LPJ-GUESS,2012,CD,lai,evapotrans,0.7856547694631384,10689
LPJ-GUESS,2012,CD,precipitation,tran,0.1338687037621608,10689
LPJ-GUESS,2012,CD,lai,tran,0.8965365387646353,10689
LPJ-GUESS,2012,CD,precipitation,evspsblveg,0.14218823247068943,10689
LPJ-GUESS,2012,CD,lai,evspsblveg,0.7782535125730295,10689
LPJ-GUESS,2012,CD,precipitation,evspsblsoi,0.14021348965155017,10689
LPJ-GUESS,2012,CD,lai,evspsblsoi,0.042864897980574586,10689
LPJ-GUESS,2013,HW,precipitation,evapotrans,0.44553722804906953,13285
LPJ-GUESS,2013,HW,lai,evapotrans,0.63718559340218,13285
LPJ-GUESS,2013,HW,precipitation,tran,0.2804266836385144,13285
LPJ-GUESS,2013,HW,lai,tran,0.7068567070416912,13285
LPJ-GUESS,2013,HW,precipitation,evspsblveg,0.5317105974107186,13285
LPJ-GUESS,2013,HW,lai,evspsblveg,0.6777576327245011,13285
LPJ-GUESS,2013,HW,precipitation,evspsblsoi,0.047754423249350225,13285
LPJ-GUESS,2013,HW,lai,evspsblsoi,0.03826743576208155,13285
LPJ-GUESS,2013,HD,precipitation,evapotrans,0.6837415727785675,11879
LPJ-GUESS,2013,HD,lai,evapotrans,0.7365326423961212,11879
LPJ-GUESS,2013,HD,precipitation,tran,0.6133489770950841,11879
LPJ-GUESS,2013,HD,lai,tran,0.8259428113206198,11879
LPJ-GUESS,2013,HD,precipitation,evspsblveg,0.5508262768063681,11879
LPJ-GUESS,2013,HD,lai,evspsblveg,0.7913680836797571,11879
LPJ-GUESS,2013,HD,precipitation,evspsblsoi,0.20656375546687164,11879
LPJ-GUESS,2013,HD,lai,evspsblsoi,0.13068375029791499,11879
LPJ-GUESS,2013,CW,precipitation,evapotrans,0.33974950508060614,22416
LPJ-GUESS,2013,CW,lai,evapotrans,0.5344494151351273,22416
LPJ-GUESS,2013,CW,precipitation,tran,0.276947069498356,22416
LPJ-GUESS,2013,CW,lai,tran,0.572638658657216,22416
LPJ-GUESS,2013,CW,precipitation,evspsblveg,0.216863990233331,22416
LPJ-GUESS,2013,CW,lai,evspsblveg,0.7868247901590835,22416
LPJ-GUESS,2013,CW,precipitation,evspsblsoi,0.12094262787118316,22416
LPJ-GUESS,2013,CW,lai,evspsblsoi,0.01483183280143421,22416
LPJ-GUESS,2013,CD,precipitation,evapotrans,0.2991399541869826,10727
LPJ-GUESS,2013,CD,lai,evapotrans,0.7709493327211483,10727
LPJ-GUESS,2013,CD,precipitation,tran,0.23556345860843392,10727
LPJ-GUESS,2013,CD,lai,tran,0.8818105023734361,10727
LPJ-GUESS,2013,CD,precipitation,evspsblveg,0.2970672094750823,10727
LPJ-GUESS,2013,CD,lai,evspsblveg,0.7766158157578148,10727
LPJ-GUESS,2013,CD,precipitation,evspsblsoi,0.08692974655091565,10727
LPJ-GUESS,2013,CD,lai,evspsblsoi,0.028182805008029638,10727
LPJ-GUESS,2014,HW,precipitation,evapotrans,0.41542003209715156,13268
LPJ-GUESS,2014,HW,lai,evapotrans,0.6734525141293197,13268
LPJ-GUESS,2014,HW,precipitation,tran,0.26482742264824694,13268
LPJ-GUESS,2014,HW,lai,tran,0.7305848880656712,13268
LPJ-GUESS,2014,HW,precipitation,evspsblveg,0.499142907007936,13268
LPJ-GUESS,2014,HW,lai,evspsblveg,0.7236018230447002,13268
LPJ-GUESS,2014,HW,precipitation,evspsblsoi,0.0613349679504505,13268
LPJ-GUESS,2014,HW,lai,evspsblsoi,0.01963804678218256,13268
LPJ-GUESS,2014,HD,precipitation,evapotrans,0.7383288360127123,11878
LPJ-GUESS,2014,HD,lai,evapotrans,0.7590403611751193,11878
LPJ-GUESS,2014,HD,precipitation,tran,0.633009843558333,11878
LPJ-GUESS,2014,HD,lai,tran,0.8493946602174621,11878
LPJ-GUESS,2014,HD,precipitation,evspsblveg,0.5881561468299176,11878
LPJ-GUESS,2014,HD,lai,evspsblveg,0.7605416818820628,11878
LPJ-GUESS,2014,HD,precipitation,evspsblsoi,0.23730141272751706,11878
LPJ-GUESS,2014,HD,lai,evspsblsoi,0.16045725776008188,11878
LPJ-GUESS,2014,CW,precipitation,evapotrans,0.25698062698743535,22352
LPJ-GUESS,2014,CW,lai,evapotrans,0.5036041012869159,22352
LPJ-GUESS,2014,CW,precipitation,tran,0.19552467747233132,22352
LPJ-GUESS,2014,CW,lai,tran,0.527444992894116,22352
LPJ-GUESS,2014,CW,precipitation,evspsblveg,0.20575413681501745,22352
LPJ-GUESS,2014,CW,lai,evspsblveg,0.8056924420019027,22352
LPJ-GUESS,2014,CW,precipitation,evspsblsoi,0.10232433547927197,22352
LPJ-GUESS,2014,CW,lai,evspsblsoi,0.017272799749954642,22352
LPJ-GUESS,2014,CD,precipitation,evapotrans,0.22954622409838116,10681
LPJ-GUESS,2014,CD,lai,evapotrans,0.7840752656022699,10681
LPJ-GUESS,2014,CD,precipitation,tran,0.19246350945673374,10681
LPJ-GUESS,2014,CD,lai,tran,0.8864742191961001,10681
LPJ-GUESS,2014,CD,precipitation,evspsblveg,0.2303004507114114,10681
LPJ-GUESS,2014,CD,lai,evspsblveg,0.7660760731076149,10681
LPJ-GUESS,2014,CD,precipitation,evspsblsoi,0.12503563695954215,10681
LPJ-GUESS,2014,CD,lai,evspsblsoi,0.020398724180264425,10681
LPJ-GUESS,2015,HW,precipitation,evapotrans,0.340848696986691,13287
LPJ-GUESS,2015,HW,lai,evapotrans,0.6564394706711899,13287
LPJ-GUESS,2015,HW,precipitation,tran,0.1845763941037036,13287
LPJ-GUESS,2015,HW,lai,tran,0.7392717879571065,13287
LPJ-GUESS,2015,HW,precipitation,evspsblveg,0.3986835773925485,13287
LPJ-GUESS,2015,HW,lai,evspsblveg,0.6869451040954503,13287
LPJ-GUESS,2015,HW,precipitation,evspsblsoi,0.0931062036051354,13287
LPJ-GUESS,2015,HW,lai,evspsblsoi,0.031722332398292134,13287
LPJ-GUESS,2015,HD,precipitation,evapotrans,0.6269069975614876,11878
LPJ-GUESS,2015,HD,lai,evapotrans,0.7343970721721291,11878
LPJ-GUESS,2015,HD,precipitation,tran,0.5986989229146221,11878
LPJ-GUESS,2015,HD,lai,tran,0.8409953404846487,11878
LPJ-GUESS,2015,HD,precipitation,evspsblveg,0.5239100448237609,11878
LPJ-GUESS,2015,HD,lai,evspsblveg,0.7911028490965006,11878
LPJ-GUESS,2015,HD,precipitation,evspsblsoi,0.20915114479098004,11878
LPJ-GUESS,2015,HD,lai,evspsblsoi,0.16196915263345416,11878
LPJ-GUESS,2015,CW,precipitation,evapotrans,0.2628543327133297,22341
LPJ-GUESS,2015,CW,lai,evapotrans,0.4884673002057258,22341
LPJ-GUESS,2015,CW,precipitation,tran,0.20421235431724952,22341
LPJ-GUESS,2015,CW,lai,tran,0.5314974844317811,22341
LPJ-GUESS,2015,CW,precipitation,evspsblveg,0.2850640594858821,22341
LPJ-GUESS,2015,CW,lai,evspsblveg,0.7753627372782427,22341
LPJ-GUESS,2015,CW,precipitation,evspsblsoi,0.06352893586589589,22341
LPJ-GUESS,2015,CW,lai,evspsblsoi,0.03268280726191754,22341
LPJ-GUESS,2015,CD,precipitation,evapotrans,0.2604092622401514,10698
LPJ-GUESS,2015,CD,lai,evapotrans,0.781836613354381,10698
LPJ-GUESS,2015,CD,precipitation,tran,0.18282143180722896,10698
LPJ-GUESS,2015,CD,lai,tran,0.8912420500694036,10698
LPJ-GUESS,2015,CD,precipitation,evspsblveg,0.22449810741931173,10698
LPJ-GUESS,2015,CD,lai,evspsblveg,0.7780188240196049,10698
LPJ-GUESS,2015,CD,precipitation,evspsblsoi,0.18172740349409705,10698
LPJ-GUESS,2015,CD,lai,evspsblsoi,0.03244949746210036,10698
LPJ-GUESS,2016,HW,precipitation,evapotrans,0.3986263413641789,13265
LPJ-GUESS,2016,HW,lai,evapotrans,0.6601516217278707,13265
LPJ-GUESS,2016,HW,precipitation,tran,0.23577046085247286,13265
LPJ-GUESS,2016,HW,lai,tran,0.7080137740605381,13265
LPJ-GUESS,2016,HW,precipitation,evspsblveg,0.4759869671896452,13265
LPJ-GUESS,2016,HW,lai,evspsblveg,0.7015306524777911,13265
LPJ-GUESS,2016,HW,precipitation,evspsblsoi,0.06787756675075902,13265
LPJ-GUESS,2016,HW,lai,evspsblsoi,0.03257749996463957,13265
LPJ-GUESS,2016,HD,precipitation,evapotrans,0.7198653727239936,11877
LPJ-GUESS,2016,HD,lai,evapotrans,0.6995936284531749,11877
LPJ-GUESS,2016,HD,precipitation,tran,0.600942195701637,11877
LPJ-GUESS,2016,HD,lai,tran,0.8398379623481929,11877
LPJ-GUESS,2016,HD,precipitation,evspsblveg,0.5100606907181496,11877
LPJ-GUESS,2016,HD,lai,evspsblveg,0.7731522987651632,11877
LPJ-GUESS,2016,HD,precipitation,evspsblsoi,0.2961991540717946,11877
LPJ-GUESS,2016,HD,lai,evspsblsoi,0.16002108829409326,11877
LPJ-GUESS,2016,CW,precipitation,evapotrans,0.3897681009634358,22380
LPJ-GUESS,2016,CW,lai,evapotrans,0.4966956417567856,22380
LPJ-GUESS,2016,CW,precipitation,tran,0.2902734842365358,22380
LPJ-GUESS,2016,CW,lai,tran,0.5555907447362656,22380
LPJ-GUESS,2016,CW,precipitation,evspsblveg,0.25829062002405906,22380
LPJ-GUESS,2016,CW,lai,evspsblveg,0.7923246298057578,22380
LPJ-GUESS,2016,CW,precipitation,evspsblsoi,0.1311696796049078,22380
LPJ-GUESS,2016,CW,lai,evspsblsoi,0.01951145995887185,22380
LPJ-GUESS,2016,CD,precipitation,evapotrans,0.2475466232106381,10690
LPJ-GUESS,2016,CD,lai,evapotrans,0.7478172684936368,10690
LPJ-GUESS,2016,CD,precipitation,tran,0.17487232400042416,10690
LPJ-GUESS,2016,CD,lai,tran,0.8725856370675684,10690
LPJ-GUESS,2016,CD,precipitation,evspsblveg,0.23503343362985138,10690
LPJ-GUESS,2016,CD,lai,evspsblveg,0.7873219886907387,10690
LPJ-GUESS,2016,CD,precipitation,evspsblsoi,0.08856459723052033,10690
LPJ-GUESS,2016,CD,lai,evspsblsoi,0.033041238277533844,10690
LPJ-GUESS,2017,HW,precipitation,evapotrans,0.45155474058789774,13259
LPJ-GUESS,2017,HW,lai,evapotrans,0.6852042997361487,13259
LPJ-GUESS,2017,HW,precipitation,tran,0.23875319828793737,13259
LPJ-GUESS,2017,HW,lai,tran,0.7507969634154806,13259
LPJ-GUESS,2017,HW,precipitation,evspsblveg,0.49887946819950896,13259
LPJ-GUESS,2017,HW,lai,evspsblveg,0.7068948889080361,13259
LPJ-GUESS,2017,HW,precipitation,evspsblsoi,0.06305322195547618,13259
LPJ-GUESS,2017,HW,lai,evspsblsoi,0.05013106021675842,13259
LPJ-GUESS,2017,HD,precipitation,evapotrans,0.6236517570573876,11876
LPJ-GUESS,2017,HD,lai,evapotrans,0.7301348794880037,11876
LPJ-GUESS,2017,HD,precipitation,tran,0.5292062239360505,11876
LPJ-GUESS,2017,HD,lai,tran,0.8267013949201497,11876
LPJ-GUESS,2017,HD,precipitation,evspsblveg,0.4708025220521995,11876
LPJ-GUESS,2017,HD,lai,evspsblveg,0.7840621954719408,11876
LPJ-GUESS,2017,HD,precipitation,evspsblsoi,0.23587114501102588,11876
LPJ-GUESS,2017,HD,lai,evspsblsoi,0.16220920999818317,11876
LPJ-GUESS,2017,CW,precipitation,evapotrans,0.23941334532449907,22323
LPJ-GUESS,2017,CW,lai,evapotrans,0.49497815660726757,22323
LPJ-GUESS,2017,CW,precipitation,tran,0.18961289746078877,22323
LPJ-GUESS,2017,CW,lai,tran,0.5505364852699673,22323
LPJ-GUESS,2017,CW,precipitation,evspsblveg,0.2270382496960369,22323
LPJ-GUESS,2017,CW,lai,evspsblveg,0.787259617067971,22323
LPJ-GUESS,2017,CW,precipitation,evspsblsoi,0.07126862912528377,22323
LPJ-GUESS,2017,CW,lai,evspsblsoi,0.04409405717467969,22323
LPJ-GUESS,2017,CD,precipitation,evapotrans,0.12849776015640338,10707
LPJ-GUESS,2017,CD,lai,evapotrans,0.740518772463168,10707
LPJ-GUESS,2017,CD,precipitation,tran,0.09335916290892488,10707
LPJ-GUESS,2017,CD,lai,tran,0.8598030600572529,10707
LPJ-GUESS,2017,CD,precipitation,evspsblveg,0.11202086950319448,10707
LPJ-GUESS,2017,CD,lai,evspsblveg,0.771826936724178,10707
LPJ-GUESS,2017,CD,precipitation,evspsblsoi,0.14667656539363946,10707
LPJ-GUESS,2017,CD,lai,evspsblsoi,0.050138172983667295,10707
LPJ-GUESS,2018,HW,precipitation,evapotrans,0.4329960402041736,13251
LPJ-GUESS,2018,HW,lai,evapotrans,0.719891956912314,13251
LPJ-GUESS,2018,HW,precipitation,tran,0.24250234433191617,13251
LPJ-GUESS,2018,HW,lai,tran,0.7611930469092422,13251
LPJ-GUESS,2018,HW,precipitation,evspsblveg,0.5142301767704994,13251
LPJ-GUESS,2018,HW,lai,evspsblveg,0.7183281683361723,13251
LPJ-GUESS,2018,HW,precipitation,evspsblsoi,0.06912812765772981,13251
LPJ-GUESS,2018,HW,lai,evspsblsoi,0.045540287678630095,13251
LPJ-GUESS,2018,HD,precipitation,evapotrans,0.6457176805766823,11874
LPJ-GUESS,2018,HD,lai,evapotrans,0.7341213995558143,11874
LPJ-GUESS,2018,HD,precipitation,tran,0.5814730188955798,11874
LPJ-GUESS,2018,HD,lai,tran,0.8435873415678456,11874
LPJ-GUESS,2018,HD,precipitation,evspsblveg,0.5019558049913339,11874
LPJ-GUESS,2018,HD,lai,evspsblveg,0.7643745037851003,11874
LPJ-GUESS,2018,HD,precipitation,evspsblsoi,0.18450345630686565,11874
LPJ-GUESS,2018,HD,lai,evspsblsoi,0.13359898969629225,11874
LPJ-GUESS,2018,CW,precipitation,evapotrans,0.3106471221898273,22383
LPJ-GUESS,2018,CW,lai,evapotrans,0.48791132753773314,22383
LPJ-GUESS,2018,CW,precipitation,tran,0.23294856355880109,22383
LPJ-GUESS,2018,CW,lai,tran,0.5189672292524218,22383
LPJ-GUESS,2018,CW,precipitation,evspsblveg,0.2509166693030561,22383
LPJ-GUESS,2018,CW,lai,evspsblveg,0.7823685590667294,22383
LPJ-GUESS,2018,CW,precipitation,evspsblsoi,0.12984215206397096,22383
LPJ-GUESS,2018,CW,lai,evspsblsoi,0.017556362263022155,22383
LPJ-GUESS,2018,CD,precipitation,evapotrans,0.14770587929010237,10681
LPJ-GUESS,2018,CD,lai,evapotrans,0.7452312776026081,10681
LPJ-GUESS,2018,CD,precipitation,tran,0.11716360984339627,10681
LPJ-GUESS,2018,CD,lai,tran,0.8617002548598238,10681
LPJ-GUESS,2018,CD,precipitation,evspsblveg,0.1353317313959718,10681
LPJ-GUESS,2018,CD,lai,evspsblveg,0.7914907899391493,10681
LPJ-GUESS,2018,CD,precipitation,evspsblsoi,0.11221659640412801,10681
LPJ-GUESS,2018,CD,lai,evspsblsoi,0.018351439710068047,10681
LPJ-GUESS,2019,HW,precipitation,evapotrans,0.3684798661305322,13275
LPJ-GUESS,2019,HW,lai,evapotrans,0.6675857890154573,13275
LPJ-GUESS,2019,HW,precipitation,tran,0.19969596406475315,13275
LPJ-GUESS,2019,HW,lai,tran,0.7559948129104413,13275
LPJ-GUESS,2019,HW,precipitation,evspsblveg,0.45869978336147693,13275
LPJ-GUESS,2019,HW,lai,evspsblveg,0.7350744404999201,13275
LPJ-GUESS,2019,HW,precipitation,evspsblsoi,0.06124661411932115,13275
LPJ-GUESS,2019,HW,lai,evspsblsoi,0.06722197059246901,13275
LPJ-GUESS,2019,HD,precipitation,evapotrans,0.5779997386602439,11874
LPJ-GUESS,2019,HD,lai,evapotrans,0.7374960543401008,11874
LPJ-GUESS,2019,HD,precipitation,tran,0.5004918338249836,11874
LPJ-GUESS,2019,HD,lai,tran,0.8292933435850091,11874
LPJ-GUESS,2019,HD,precipitation,evspsblveg,0.4878461215346743,11874
LPJ-GUESS,2019,HD,lai,evspsblveg,0.7615242131275877,11874
LPJ-GUESS,2019,HD,precipitation,evspsblsoi,0.23779525686221364,11874
LPJ-GUESS,2019,HD,lai,evspsblsoi,0.1766639888295537,11874
LPJ-GUESS,2019,CW,precipitation,evapotrans,0.2039427364920495,22343
LPJ-GUESS,2019,CW,lai,evapotrans,0.5028672971693915,22343
LPJ-GUESS,2019,CW,precipitation,tran,0.15351929237712778,22343
LPJ-GUESS,2019,CW,lai,tran,0.5189485220198669,22343
LPJ-GUESS,2019,CW,precipitation,evspsblveg,0.21248362067992935,22343
LPJ-GUESS,2019,CW,lai,evspsblveg,0.8082126235588446,22343
LPJ-GUESS,2019,CW,precipitation,evspsblsoi,0.0733225764495058,22343
LPJ-GUESS,2019,CW,lai,evspsblsoi,0.01702379881686146,22343
LPJ-GUESS,2019,CD,precipitation,evapotrans,0.12182729355889112,10676
LPJ-GUESS,2019,CD,lai,evapotrans,0.7358792442627508,10676
LPJ-GUESS,2019,CD,precipitation,tran,0.07680708078692189,10676
LPJ-GUESS,2019,CD,lai,tran,0.867788454715109,10676
LPJ-GUESS,2019,CD,precipitation,evspsblveg,0.14008682250254323,10676
LPJ-GUESS,2019,CD,lai,evspsblveg,0.7649202911527113,10676
LPJ-GUESS,2019,CD,precipitation,evspsblsoi,0.1738963063931349,10676
LPJ-GUESS,2019,CD,lai,evspsblsoi,0.03785531552724554,10676
LPJ-GUESS,2020,HW,precipitation,evapotrans,0.3717912750260981,13258
LPJ-GUESS,2020,HW,lai,evapotrans,0.6726293091194244,13258
LPJ-GUESS,2020,HW,precipitation,tran,0.1774517132671895,13258
LPJ-GUESS,2020,HW,lai,tran,0.7248468706940452,13258
LPJ-GUESS,2020,HW,precipitation,evspsblveg,0.4435219096165713,13258
LPJ-GUESS,2020,HW,lai,evspsblveg,0.7138425851805856,13258
LPJ-GUESS,2020,HW,precipitation,evspsblsoi,0.09008742834916818,13258
LPJ-GUESS,2020,HW,lai,evspsblsoi,0.042860762134788455,13258
LPJ-GUESS,2020,HD,precipitation,evapotrans,0.6913049674951373,11870
LPJ-GUESS,2020,HD,lai,evapotrans,0.6994957489809335,11870
LPJ-GUESS,2020,HD,precipitation,tran,0.5851985849592275,11870
LPJ-GUESS,2020,HD,lai,tran,0.841783769427417,11870
LPJ-GUESS,2020,HD,precipitation,evspsblveg,0.5230496197476743,11870
LPJ-GUESS,2020,HD,lai,evspsblveg,0.7778364694660577,11870
LPJ-GUESS,2020,HD,precipitation,evspsblsoi,0.28718750710498864,11870
LPJ-GUESS,2020,HD,lai,evspsblsoi,0.17394210808777025,11870
LPJ-GUESS,2020,CW,precipitation,evapotrans,0.29280356065022306,22309
LPJ-GUESS,2020,CW,lai,evapotrans,0.5180878492906372,22309
LPJ-GUESS,2020,CW,precipitation,tran,0.23205445371587088,22309
LPJ-GUESS,2020,CW,lai,tran,0.5438866896077896,22309
LPJ-GUESS,2020,CW,precipitation,evspsblveg,0.2686409353973343,22309
LPJ-GUESS,2020,CW,lai,evspsblveg,0.7760220358226599,22309
LPJ-GUESS,2020,CW,precipitation,evspsblsoi,0.07353968446977996,22309
LPJ-GUESS,2020,CW,lai,evspsblsoi,0.026008225565435125,22309
LPJ-GUESS,2020,CD,precipitation,evapotrans,0.14008154817486038,10667
LPJ-GUESS,2020,CD,lai,evapotrans,0.7279895041562221,10667
LPJ-GUESS,2020,CD,precipitation,tran,0.11222109645102324,10667
LPJ-GUESS,2020,CD,lai,tran,0.8665712183623975,10667
LPJ-GUESS,2020,CD,precipitation,evspsblveg,0.14962604980949015,10667
LPJ-GUESS,2020,CD,lai,evspsblveg,0.7709553460322418,10667
LPJ-GUESS,2020,CD,precipitation,evspsblsoi,0.11099447710399286,10667
LPJ-GUESS,2020,CD,lai,evspsblsoi,0.022995384289718826,10667
