analysis_group,zone,model,x_label,y_label,method,n_raw_points,n_curve_points,pearson_r,pearson_p,spearman_rho,spearman_p,kendall_tau,kendall_p,abs_pearson_r,abs_spearman_r,abs_spearman_minus_abs_pearson,raw_net_change,absolute_net_change,normalized_net_change,normalized_absolute_net_change,positive_slope_fraction,negative_slope_fraction,flat_slope_fraction,dominant_slope_sign,monotonic_fraction,number_of_slope_sign_changes,early_slope,middle_slope,late_slope,early_absolute_slope,middle_absolute_slope,late_absolute_slope,early_late_slope_sign_consistency,early_late_slope_sign_opposition,has_internal_valley,has_internal_peak,number_of_internal_extrema,turning_point_x_norm,turning_point_y_norm,turning_point_type,turning_point_x,two_line_left_slope,two_line_right_slope,two_line_left_p,two_line_right_p,two_line_test_evidence,u_test_stat,u_test_p,lind_mehlum_stat,lind_mehlum_p,raw_amplitude,normalized_amplitude,amplitude_norm_by_y_sd,amplitude_norm_by_y_range,amplitude_divided_by_raw_y_range,raw_y_sd_for_strength,strength_raw_net_change,strength_absolute_net_change,strength_normalized_net_change,strength_normalized_absolute_net_change,raw_total_variation,normalized_total_variation,mean_absolute_elasticity,median_absolute_elasticity,max_absolute_elasticity,mean_absolute_slope,max_absolute_slope,median_absolute_slope,slope_standard_deviation,slope_interquartile_range,overall_standardized_slope,mean_standardized_absolute_slope,max_standardized_absolute_slope,early_standardized_slope,middle_standardized_slope,late_standardized_slope,early_absolute_standardized_slope,middle_absolute_standardized_slope,late_absolute_standardized_slope,middle_to_early_absolute_slope_ratio,late_to_early_absolute_slope_ratio,accumulated_absolute_variation_final_value,accumulated_absolute_variation_early_value,accumulated_absolute_variation_middle_value,accumulated_absolute_variation_late_value,accumulated_slope_final_value,accumulated_slope_early_value,accumulated_slope_middle_value,accumulated_slope_late_value,tightness_n_raw,tightness_n_predicted,tightness_prediction_fraction,raw_y_sd_for_tightness,raw_y_range_for_tightness,r_squared,rmse,normalized_rmse_raw_y_range,normalized_rmse_raw_y_std,nrmse_by_raw_y_range,nrmse_by_sd,residual_variance,residual_standard_deviation,mean_absolute_residual,median_absolute_residual,residual_iqr,residual_90_interval_width,residual_95_interval_width,residual_90_interval_width_by_sd,residual_95_interval_width_by_sd,mean_buffer_width,median_buffer_width,buffer_width_90,buffer_width_95,mean_buffer_width_by_sd,median_buffer_width_by_sd,buffer_width90_by_sd,buffer_width95_by_sd,early_mean_absolute_residual,early_median_absolute_residual,early_rmse,early_rmse_by_sd,early_nrmse_by_sd,early_residual_variance,early_buffer_width_90,early_buffer_width_95,early_buffer_width90_by_sd,early_buffer_width95_by_sd,middle_mean_absolute_residual,middle_median_absolute_residual,middle_rmse,middle_rmse_by_sd,middle_nrmse_by_sd,middle_residual_variance,middle_buffer_width_90,middle_buffer_width_95,middle_buffer_width90_by_sd,middle_buffer_width95_by_sd,late_mean_absolute_residual,late_median_absolute_residual,late_rmse,late_rmse_by_sd,late_nrmse_by_sd,late_residual_variance,late_buffer_width_90,late_buffer_width_95,late_buffer_width90_by_sd,late_buffer_width95_by_sd,shape_label,piecewise_breakpoint,symbolic_expression,net_change_by_sd,absolute_net_change_by_sd,abs_net_change_by_sd,total_variation_by_sd
all_zones_E_soil,HW,CLASSIC,P,E_soil,Equal-width bins,12340,10,-0.8640710863017597,0.0012634765387968,-0.8303030303030302,0.0029402270232795,-0.6444444444444444,0.0091484788359788,0.8640710863017597,0.8303030303030302,-0.0337680559987294,-94.11201,94.11201,-0.5574252007226116,0.5574252007226116,0.4444444444444444,0.5555555555555556,0.0,negative,0.5555555555555556,2,-0.295397151903015,-2.022833376625295,0.0974684361720942,0.295397151903015,2.022833376625295,0.0974684361720942,False,True,True,True,2,0.2816093470168222,0.9836148479508918,peak,1009.0958333333332,1.19537082658475,-0.9692147002299644,0.1414349594140342,0.0163222643541079,False,,,,,168.8334325,1.841624418127634,1.841624418127634,0.4070514853605365,0.4070514853605365,91.67636508189425,-94.11201,94.11201,-0.5574252007226116,0.5574252007226116,243.55485500000003,1.4425747992773883,0.6870224109237196,0.7929394598078229,1.0452640005906089,1.4137874042337086,3.088263843976728,1.4296180006317505,1.488019252578041,2.1028411681829544,-0.7402540307854051,1.4137874042337086,3.088263843976728,-0.295397151903015,-2.022833376625295,0.0974684361720942,0.295397151903015,2.022833376625295,0.0974684361720942,6.847843195486979,0.3299572644630477,1.4425747992773883,0.5709688156698468,1.1962188235437317,1.4425747992773883,1.4425747992773883,0.5709688156698468,1.1962188235437317,1.4425747992773883,12340,12294,0.9962722852512156,91.67636508189425,414.77169,0.2845743720562603,77.51112591145383,0.1868766065288926,0.8454864658106085,0.1868766065288926,0.8454864658106085,5897.575722143075,76.79567515259616,59.83495178467575,47.33860591958051,95.88925448071778,259.786677805575,309.4720832938508,2.8337366732800575,3.375701938197487,59.83495178467575,47.33860591958051,259.786677805575,309.4720832938508,0.6526758748694428,0.5163665234468346,2.8337366732800575,3.375701938197487,63.0819485657795,52.85924533383991,79.22531485474171,0.8641847305351817,0.8641847305351817,6184.408922369615,266.760941461829,306.712789570812,2.909811500745391,3.3456037365445974,61.809675794085805,51.71627065848327,78.87490125377501,0.8603624411080902,0.8603624411080902,6149.2144345159795,259.5185709072938,308.0759454374342,2.830812180167338,3.360472954640281,41.63783264300203,23.898217473072194,65.40903606564602,0.713477634145031,0.713477634145031,3801.510561458496,202.52793351235184,243.7008368938762,2.209161907013157,2.6582733366029396,Non-monotonic: U-shaped / inverted-U,,,-1.026567860930459,1.026567860930459,1.026567860930459,2.6566809753248086
all_zones_E_soil,HW,CLASSIC,P,E_soil,Equal-count bins,12340,10,-0.9686878600270408,4.049639049835891e-06,-0.9636363636363636,7.320974809529922e-06,-0.911111111111111,2.976190476190476e-05,0.9686878600270408,0.9636363636363636,-0.0050514963906771,-154.935545,154.935545,-0.9232188347778086,0.9232188347778086,0.1111111111111111,0.8888888888888888,0.0,negative,0.8888888888888888,1,-1.1877330510400768,-1.0940048005670746,-0.6206003721272122,1.1877330510400768,1.0940048005670746,0.6206003721272122,True,False,False,True,1,0.0808102758788528,0.9959370146479584,peak,923.6488932291668,,-1.1581353417123177,,1.54482017527914e-05,,,,,,167.82103999999998,1.8305813046807204,1.8305813046807204,0.4046106425440944,0.4046106425440944,91.67636508189425,-154.935545,154.935545,-0.9232188347778086,0.9232188347778086,180.70653499999997,1.0767811652221917,0.7118499855155802,0.6294874628944984,1.251628907252083,1.293445121450531,2.52501395134205,1.0370085085402367,0.9372279021779564,1.0136334459308678,-1.09347555878098,1.293445121450531,2.52501395134205,-1.1877330510400768,-1.0940048005670746,-0.6206003721272122,1.1877330510400768,1.0940048005670746,0.6206003721272122,0.9210864340342084,0.522508295600399,1.0767811652221912,0.5294451458529869,0.9066305094998812,1.0767811652221912,1.0767811652221912,0.5294451458529869,0.9066305094998812,1.0767811652221912,12340,11106,0.9,91.67636508189425,414.77169,0.2628399870610931,77.63227923242937,0.1871687029373421,0.8468079985837209,0.1871687029373421,0.8468079985837209,5945.948659729862,77.10997769244823,60.30384698822259,48.4153232250827,97.966532728078,258.35806109141834,310.50106587557883,2.8181534123939995,3.3869260152080543,60.30384698822259,48.4153232250827,258.35806109141834,310.50106587557883,0.6577905541341362,0.5281112878093872,2.8181534123939995,3.3869260152080543,64.09141341382085,53.14467155869207,80.77796230578329,0.881120910865353,0.881120910865353,6498.2482609384915,270.67743041649493,317.4739931745722,2.952532314895988,3.462986265772793,60.9538085182173,52.689372965324,78.27314824610966,0.8537985573074203,0.8537985573074203,5994.516418833083,252.43958510922585,292.23849723889657,2.753595050193387,3.187719069989749,44.84921181610584,31.408947896181225,62.933962019754965,0.6864796827790483,0.6864796827790483,3674.22335092793,198.7485322233009,243.84436221102192,2.16793643646058,2.659838901697253,Non-monotonic: U-shaped / inverted-U,,,-1.690027139073375,1.690027139073375,1.690027139073375,1.9711354702880652
all_zones_E_soil,HW,CLASSIC,P,E_soil,LOWESS,12340,12149,-0.9471078357969392,0.0,-0.9881470276166848,0.0,-0.9608552710658592,0.0,0.9471078357969392,0.9881470276166848,0.0410391918197454,-101.69679455871967,101.69679455871967,-0.6140552852460844,0.6140552852460844,0.0756503128086927,0.922950279881462,0.0013994073098452,negative,0.922950279881462,33,-1.5231235066764708,-2.3565496408857793,-0.4516399885200147,1.5231235066764708,2.3565496408857793,0.4516399885200147,True,False,True,True,33,0.2162051951319032,0.9999994489976926,peak,833.0291015625,2.259789764603121,-1.8397306372005644,0.0,0.0,True,,,,,165.61504640085363,1.806518465832608,1.806518465832608,0.3992920693330193,0.3992920693330193,91.67636508189425,-101.69679455871967,101.69679455871967,-0.6140552852460844,0.6140552852460844,242.4771669498988,1.4641010718495262,0.6070362327555743,0.6208605156712,1.360310650412366,2.197305073787581,5.042176413502997,2.032925366100553,1.752142077455016,2.33668811373569,-1.856338922326264,2.197305073787581,5.042176413502997,-1.5231235066764708,-2.3565496408857793,-0.4516399885200147,1.5231235066764708,2.3565496408857793,0.4516399885200147,1.5471822413324083,0.2965222364045284,1.464101071849526,0.7383986258372475,1.3647527794267174,1.464101071849526,1.464101071849526,0.7383986258372475,1.3647527794267174,1.464101071849526,12340,12340,1.0,91.67636508189425,414.77169,0.2972688805569267,76.8483205318302,0.1852786060008825,0.838256626592708,0.1852786060008825,0.838256626592708,5855.539707456788,76.52149833515277,59.831422821854126,47.20181466050748,95.2996479061015,256.3147048701476,307.89319483637,2.795864611791517,3.3584795226264688,59.831422821854126,47.20181466050748,256.3147048701476,307.89319483637,0.6526373811658751,0.5148744130326528,2.795864611791517,3.3584795226264688,63.28940075940155,52.830611167560136,79.40725338877203,0.8661693045730791,0.8661693045730791,6284.370514570521,269.58626405311327,312.1529764713077,2.9406299411226944,3.404944951650977,60.08799595914966,49.34720194906258,77.00630804529835,0.8399799444110687,0.8399799444110687,5855.513662395971,250.29713450931115,297.3524524138944,2.730225334367494,3.243501770039315,42.18998106027363,29.95433285341537,62.42525719606056,0.6809307626921755,0.6809307626921755,3817.336832179294,195.9826645617038,247.06666918687552,2.137766526701109,2.694987622667757,Non-monotonic: U-shaped / inverted-U,,,-1.1093022118391607,1.1093022118391607,1.1093022118391607,2.644925622141482
all_zones_E_soil,HW,CLASSIC,P,E_soil,Polynomial degree 3,12340,300,-0.8415801850299687,1.0563258961417909e-81,-0.8131974799719998,4.987477942887872e-72,-0.6405351170568563,1.738586613476005e-61,0.8415801850299687,0.8131974799719998,-0.0283827050579689,-33.762054362344145,33.762054362344145,-0.2044889536798747,0.2044889536798747,0.3846153846153846,0.6086956521739131,0.0066889632107023,negative,0.6086956521739131,2,-0.2091716019915101,-2.126050341311112,1.702539468386685,0.2091716019915101,2.126050341311112,1.702539468386685,False,True,True,True,2,0.7508361204013378,2.117995896498291e-05,valley,2892.9385272958475,-1.5823041583489696,2.465827676913157,1.4572880236833266e-122,7.112133166304046e-42,True,,,,,165.10453867937673,1.8009498798505954,1.8009498798505954,0.3980612531182558,0.3980612531182558,91.67636508189425,-33.762054362344145,33.762054362344145,-0.2044889536798747,0.2044889536798747,296.4470229964093,1.7955110463201254,0.9219624376551986,0.6933321058722548,3.9039938856816256,1.7955110463201254,5.5000010481033215,1.8180892207359944,2.10082099305444,3.2264615045968945,-0.204488953679875,1.7955110463201254,5.5000010481033215,-0.2091716019915101,-2.126050341311112,1.702539468386685,0.2091716019915101,2.126050341311112,1.702539468386685,10.164144277086926,8.139438873044476,1.7955110463201267,0.4153140977239126,1.1192571873219064,1.7955110463201267,1.7955110463201267,0.4153140977239126,1.1192571873219064,1.7955110463201267,12340,12340,1.0,91.67636508189425,414.77169,0.2902328497553644,77.23208070960838,0.1862038383323808,0.8424426583734771,0.1862038383323808,0.8424426583734771,5965.277700502967,77.23521023796702,60.93889956032287,49.45019891818713,97.46272367286328,260.29742245185446,306.6470668369012,2.8393078436228523,3.3448868371141707,60.93889956032287,49.45019891818713,260.29742245185446,306.6470668369012,0.6647176674804496,0.5393996465066367,2.8393078436228523,3.3448868371141707,63.70870481698981,53.21286940004069,79.96287043185558,0.8722299401860554,0.8722299401860554,6366.9066309526315,270.3524210515267,313.0839603798992,2.948987133270627,3.415100065324604,61.59911049672247,51.2785356683255,77.06277355149808,0.8405958665863129,0.8405958665863129,5912.4244262373,254.12328958619264,301.7389716297295,2.7719607922847405,3.29134964459146,44.16722581092383,29.59749874572927,64.12140295300156,0.6994322134796913,0.6994322134796913,4086.280672015841,213.80901542629513,270.5235807547857,2.3322152360131225,2.9508541325032662,Non-monotonic: U-shaped / inverted-U,,,-0.3682743565605442,0.3682743565605442,0.3682743565605442,3.2336254031406457
all_zones_E_soil,HW,CLASSIC,P,E_soil,GAM,12340,300,-0.8981408047729743,2.3645477963015957e-108,-0.8976695296614406,4.535347470891278e-108,-0.718573021181717,6.675660708629979e-77,0.8981408047729743,0.8976695296614406,-0.0004712751115336,-102.94441154525516,102.94441154525516,-0.6387461550859461,0.6387461550859461,0.3444816053511705,0.6521739130434783,0.0033444816053511,negative,0.6521739130434783,3,0.2429351787349373,-1.8382329451442496,-0.3329355667491087,0.2429351787349373,1.8382329451442496,0.3329355667491087,False,True,True,True,3,0.2207357859531772,1.0,peak,850.4852686036788,1.9244306773613136,-1.2180923368116174,4.476459729264226e-53,1.2600094043227934e-85,True,,,,,161.1663893795236,1.7579927960227713,1.7579927960227713,0.3885665132534083,0.3885665132534083,91.67636508189425,-102.94441154525516,102.94441154525516,-0.6387461550859461,0.6387461550859461,241.1678451812027,1.4963904453631904,0.5308826294502181,0.5685285200906613,1.8490087579882235,1.4963904453631902,3.486384699759895,1.165288512678365,1.6538458870960877,2.314428976835327,-0.6387461550859459,1.4963904453631902,3.486384699759895,0.2429351787349373,-1.8382329451442496,-0.3329355667491087,0.2429351787349373,1.8382329451442496,0.3329355667491087,7.566763095887057,1.3704707917677472,1.4963904453631915,0.6412584661709382,1.2499041570380982,1.4963904453631915,1.4963904453631915,0.6412584661709382,1.2499041570380982,1.4963904453631915,12340,12340,1.0,91.67636508189425,414.77169,0.303873803508295,76.48632180202299,0.1844058397573445,0.8343079673119453,0.1844058397573445,0.8343079673119453,5850.631540557972,76.48942110225421,60.41613373863272,49.10493233823675,96.11700327508572,257.1691448689642,306.384661954465,2.805184789331861,3.342024541230147,60.41613373863272,49.10493233823675,257.1691448689642,306.384661954465,0.6590153709155371,0.5356335004597036,2.805184789331861,3.342024541230147,63.38948370146264,52.91882385224787,79.27943727122188,0.8647750944357555,0.8647750944357555,6286.4811788734805,268.97415961403055,312.00677237464845,2.933953144561924,3.403350166598923,60.77626369718075,50.97091909943022,76.51820548288885,0.8346557524890451,0.8346557524890451,5855.970949346884,250.4752853032698,296.8170167082948,2.732168591975925,3.2376612711809525,44.43674618091849,36.04281053714104,61.56081179204924,0.6715014468239131,0.6715014468239131,3793.179276467456,195.62342712103825,246.45976532900184,2.1338479873878984,2.6883675537183445,Non-monotonic: U-shaped / inverted-U,,,-1.122911139128337,1.122911139128337,1.122911139128337,2.630643622985795
all_zones_E_soil,HW,CLASSIC,P,E_soil,Piecewise linear,12340,300,-0.9566472952819196,1.0823422520859902e-161,-0.9423371370793008,1.05676957262279e-143,-0.8505239687848384,5.694266386691866e-107,0.9566472952819196,0.9423371370793008,-0.0143101582026188,-184.7318836709937,184.7318836709937,-0.7686754150444634,0.7686754150444634,0.1939799331103679,0.8060200668896321,0.0,negative,0.8060200668896321,1,0.1752505395283259,-1.2430100655835536,-1.2430100655835532,0.1752505395283259,1.2430100655835536,1.2430100655835532,False,True,False,True,1,0.1939799331103678,1.0,peak,747.3961451365662,1.192518118994922,-1.242952374959572,0.0,0.0,True,,,,,240.3249538822678,2.6214494179343415,2.6214494179343415,0.5794150364560026,0.5794150364560026,91.67636508189425,-184.7318836709937,184.7318836709937,-0.7686754150444634,0.7686754150444634,295.91802409354193,1.2313245849555363,1.217557279219105,0.7345387015985538,5.474141446420484,1.2313245849555368,1.2430100655836205,1.2430100655835457,0.9626658718882042,6.505906924303417e-14,-0.7686754150444635,1.2313245849555368,1.2430100655836205,0.1752505395283259,-1.2430100655835536,-1.2430100655835532,0.1752505395283259,1.2430100655835536,1.2430100655835532,7.092760278678884,7.092760278678881,1.2313245849555343,0.4040369493330379,0.8156021549944817,1.2313245849555343,1.2313245849555343,0.4040369493330379,0.8156021549944817,1.2313245849555343,12340,12340,1.0,91.67636508189425,414.77169,0.2769623255691862,77.95074159336228,0.1879365045221921,0.850281765902576,0.1879365045221921,0.850281765902576,6076.810562216864,77.95390023736377,61.791525988851475,51.321724890657755,100.27151294292682,260.1712246461311,305.8894985345918,2.8379312859287222,3.336623329920875,61.791525988851475,51.321724890657755,260.1712246461311,305.8894985345918,0.6740180627106374,0.5598141336080702,2.8379312859287222,3.336623329920875,63.617089533070306,52.88538740719195,80.00737938586596,0.8727154410451985,0.8727154410451985,6312.873514801699,270.43508220932017,312.0433181996455,2.949888795958929,3.403748806149743,63.04893391260956,55.630009506209696,77.6396507794421,0.8468884069529462,0.8468884069529462,5893.913319130211,250.69738613452927,295.5878197876831,2.734591253815332,3.224253268807455,45.96137749446235,29.13590826004136,69.57100018485414,0.758876075886152,0.758876075886152,4302.079526338154,215.98550305980424,260.4255936895687,2.3559562256516715,2.840705927388496,Non-monotonic: U-shaped / inverted-U,750.387757544186,,-2.0150437193487463,2.0150437193487463,2.0150437193487463,3.227855116519936
all_zones_E_soil,HW,CLASSIC,P,E_soil,Symbolic regression,12340,300,-0.6935581102927464,2.392894428440038e-44,-0.9993639929332548,0.0,-0.9976365663322186,1.9756855206943253e-146,0.6935581102927464,0.9993639929332548,0.3058058826405084,-193.90104875029888,193.90104875029888,-0.1042842657485491,0.1042842657485491,0.0033444816053511,0.9966555183946488,0.0,negative,0.9966555183946488,1,-0.1249228618996516,-0.1224817895123866,-0.0656301210712473,0.1249228618996516,0.1224817895123866,0.0656301210712473,True,False,False,False,0,,,,,,,,,,,,,,1859.350951540804,20.281682742109716,20.281682742109716,4.482829943241313,4.482829943241313,91.67636508189425,-193.90104875029888,193.90104875029888,-0.1042842657485491,0.1042842657485491,3524.8008543313085,1.8957157342514508,0.7151762768160969,0.6228722978991261,27.475731409494404,1.8957157342514517,267.8190045411838,0.1163006607808604,16.14793238180158,0.1915755742055516,-0.104284265748549,1.8957157342514517,267.8190045411838,-0.1249228618996516,-0.1224817895123866,-0.0656301210712473,0.1249228618996516,0.1224817895123866,0.0656301210712473,0.9804593622804936,0.5253651739420353,1.8957157342514523,1.833211689874024,1.873765860983476,1.8957157342514523,1.8957157342514523,1.833211689874024,1.873765860983476,1.8957157342514523,12340,12340,1.0,91.67636508189425,414.77169,0.1079027957538552,86.58564108864111,0.2087549444096368,0.944470704213615,0.2087549444096368,0.944470704213615,7062.26789873659,84.03730063927917,63.7030791372968,49.74519262432091,103.2955820541148,258.7086956092118,306.37401991311407,2.8219781115678844,3.341908458515246,63.7030791372968,49.74519262432091,258.7086956092118,306.37401991311407,0.6948691637194714,0.5426174192212319,2.8219781115678844,3.341908458515246,71.91113081817346,58.679035066992014,98.90875740268947,1.0788904786346467,1.0788904786346467,9119.85087714372,278.60035330099714,325.0523538760798,3.0389550573053836,3.5456505456527587,60.84340861896313,49.340204085035715,78.98008264149634,0.861509753042059,0.861509753042059,5922.955338399621,249.30237088575285,290.9632604852492,2.7193745155913605,3.1738088680253904,41.97578167384891,26.4391116246843,64.2999772529484,0.7013800906646922,0.7013800906646922,3886.742183271995,197.09181128420565,245.7800529212477,2.149865029096039,2.6809532937054503,Monotonic nonlinear,,"sub(div(add(div(sub(0.148, -0.024), sqrt(0.196)), log(sub(div(add(div(sub(-0.002, -0.660), sqrt(sqrt(sub(sqrt(X0), sub(X0, X0))))), log(sub(sub(X0, X0), sqrt(-0.876)))), add(add(sqrt(X0), mul(X0, -0.209)), div(add(X0, X0), div(add(X0, X0), add(X0, -0.983))))), mul(mul(div(log(X0), div(-0.519, X0)), sub(sub(X0, -0.016), log(-0.876))), add(div(add(X0, X0), add(X0, X0)), div(div(X0, 0.039), add(X0, X0))))))), mul(add(sqrt(X0), div(X0, X0)), mul(-0.002, -0.660))), sqrt(X0))",-2.1150603929059315,2.1150603929059315,2.1150603929059315,38.448305091313486
all_zones_E_soil,HW,LPJ-GUESS,P,E_soil,Equal-width bins,12538,10,0.1107172094333702,0.760753217545064,0.4545454545454545,0.186904810349332,0.6,0.0166661155202821,0.1107172094333702,0.4545454545454545,0.3438282451120842,-139.212135,139.212135,-0.4343631522917632,0.4343631522917632,0.8888888888888888,0.1111111111111111,0.0,positive,0.8888888888888888,1,-1.037270548040887,0.7935426499321001,0.4553907742418868,1.037270548040887,0.7935426499321001,0.4553907742418868,False,True,True,False,1,0.1688245352618661,0.1496710505083252,valley,600.3691080729168,,0.7241236246283178,,6.230408051485506e-07,,,,,,320.49711,3.147842691749859,3.147842691749859,0.5221881879901598,0.5221881879901598,101.81484317497402,-139.212135,139.212135,-0.4343631522917632,0.4343631522917632,501.782085,1.565636847708237,0.7538498571904282,0.5917377614287899,1.3608770280047888,1.1898346649050184,5.036761677872932,0.575949379061401,1.8391710761406828,0.5627342807659812,0.0705542920443666,1.1898346649050184,5.036761677872932,-1.037270548040887,0.7935426499321001,0.4553907742418868,1.037270548040887,0.7935426499321001,0.4553907742418868,0.7650295782820398,0.4390279615110948,1.5656368477082363,1.1808824890807907,1.4245351697555089,1.5656368477082363,1.5656368477082363,1.1808824890807907,1.4245351697555089,1.5656368477082363,12538,12489,0.9960918806827244,101.81484317497402,613.75787,0.2862703830797722,85.75377276185287,0.1397192230901297,0.8422521715667786,0.1397192230901297,0.8422521715667786,7141.7519102692095,84.5088865757277,60.96558952248571,45.46813033052939,93.42944950329434,262.8056707683819,332.9207132214225,2.581211762186157,3.269864224504881,60.96558952248571,45.46813033052939,262.8056707683819,332.9207132214225,0.5987888172426217,0.4465766376754132,2.581211762186157,3.269864224504881,52.17172852992243,40.096048790152096,73.23243153248202,0.7192706804707084,0.7192706804707084,5243.513870538863,212.12464771184725,268.2696052331437,2.0834353920999535,2.634877163952496,61.78104871421375,47.4099041494803,86.82969664223806,0.8528196276157572,0.8528196276157572,7301.788897113514,264.9363221289125,343.1135272561237,2.602138488526726,3.3699755021619544,80.56059143431573,63.935672111969666,108.5581083800206,1.066230669269489,1.066230669269489,11381.821118789008,345.3216366602675,432.06927673103706,3.3916630020911054,4.243676690524425,Non-monotonic: U-shaped / inverted-U,,,-1.367306874507058,1.367306874507058,1.367306874507058,4.928378508992661
all_zones_E_soil,HW,LPJ-GUESS,P,E_soil,Equal-count bins,12538,10,0.9848469270960226,2.264966706588498e-07,0.9878787878787878,9.307459988955517e-08,0.9555555555555554,5.5114638447971785e-06,0.9848469270960226,0.9878787878787878,0.0030318607827651,138.771468,138.771468,0.9415989744774552,0.9415989744774552,0.8888888888888888,0.1111111111111111,0.0,positive,0.8888888888888888,1,1.139848516073883,0.8276774174492143,1.144084920952677,1.139848516073883,0.8276774174492143,1.144084920952677,True,False,True,False,1,0.087092785386329,0.0037701997459971,valley,922.86201171875,,1.02665886577543,,1.53897044762511e-06,,,,,,147.378525,1.4475151206265915,1.4475151206265915,0.2401248638978755,0.2401248638978755,101.81484317497402,138.771468,138.771468,0.9415989744774552,0.9415989744774552,155.985582,1.058401025522545,0.92384205318164,0.9757392367511218,1.692598457596839,1.1756558708271618,2.2212983584118584,1.144084920952677,0.7681979187102209,0.7315459558411697,1.0362621948521928,1.1756558708271618,2.2212983584118584,1.139848516073883,0.8276774174492143,1.144084920952677,1.139848516073883,0.8276774174492143,1.144084920952677,0.7261293108492021,1.0037166384998126,1.058401025522545,0.4706281122029142,0.7564737264129899,1.058401025522545,1.058401025522545,0.4706281122029142,0.7564737264129899,1.058401025522545,12538,11285,0.9000638060296698,101.81484317497402,613.75787,0.1709590974553595,83.68613745338769,0.1363504103880373,0.8219443731752234,0.1363504103880373,0.8219443731752234,6815.50747544849,82.5560868467522,59.75215441401537,45.851183589779225,93.0585423921252,256.02982611757335,327.0701134514357,2.5146611057247616,3.2124010925337183,59.75215441401537,45.851183589779225,256.02982611757335,327.0701134514357,0.5868707602026969,0.4503388912654083,2.5146611057247616,3.2124010925337183,52.42071529585685,42.18541993359929,72.88284943137647,0.7158371722492718,0.7158371722492718,5189.967932656056,217.3544439546043,275.3372664925386,2.134801146637034,2.704293970372841,64.40697511975932,50.50695838424942,89.55450412689825,0.8795820072422471,0.8795820072422471,7798.832593184109,272.526668622226,352.7224197893052,2.676688978972103,3.464351648444163,74.81486125932032,57.26469970667398,102.9883532187418,1.0115259230105678,1.0115259230105678,10204.391137258626,328.26978029242827,410.91510979671386,3.224183921083882,4.035905738130296,Non-monotonic: U-shaped / inverted-U,,,1.3629787531226083,1.3629787531226083,1.3629787531226083,1.5320514881305745
all_zones_E_soil,HW,LPJ-GUESS,P,E_soil,LOWESS,12538,12288,0.9606510945966976,0.0,0.9906113573775964,0.0,0.9837595650721632,0.0,0.9606510945966976,0.9906113573775964,0.0299602627808988,-127.6750169780396,127.6750169780396,-0.4194139309191192,0.4194139309191192,0.946528851631806,0.0515992512411491,0.0018718971270448,positive,0.946528851631806,7,0.8806840296830554,0.886722936742769,0.5910549284637484,0.8806840296830554,0.886722936742769,0.5910549284637484,True,False,True,True,7,0.2047377598513436,1.994687429505703e-06,valley,787.0442057291666,-3.627903998883116,0.8249635407114766,3.6638464991911532e-174,0.0,True,,,,,304.4129142259243,2.9898677317881353,2.9898677317881353,0.495982095066128,0.495982095066128,101.81484317497402,-127.6750169780396,127.6750169780396,-0.4194139309191192,0.4194139309191192,481.1597331925112,1.5806153770316456,0.8047379460294177,0.7779947716765947,4.15336706978283,0.922857489770882,17.460476141280722,0.8901054763737528,0.5998013496198495,0.5038931544118943,0.8574185942446482,0.922857489770882,17.460476141280722,0.8806840296830554,0.886722936742769,0.5910549284637484,0.8806840296830554,0.886722936742769,0.5910549284637484,1.0068570643456394,0.671131652831788,1.5806153770316502,1.1368630605158776,1.4084699515989207,1.5806153770316502,1.5806153770316502,1.1368630605158776,1.4084699515989207,1.5806153770316502,12538,12538,1.0,101.81484317497402,613.75787,0.2906626575938401,85.74724761016596,0.1397085916147453,0.842188083154093,0.1397085916147453,0.842188083154093,7166.024426358119,84.65237401489765,61.129992417448214,46.140350456188024,93.73932960936492,262.9021425529096,333.2083468569626,2.582159283996527,3.2726892903456815,61.129992417448214,46.140350456188024,262.9021425529096,333.2083468569626,0.6004035414796367,0.4531790161174581,2.582159283996527,3.2726892903456815,52.99509000364751,41.953293230088825,73.18316386941011,0.7187867857699403,0.7187867857699403,5280.761147310014,217.03359632841165,273.42538185808417,2.131649861262648,2.685515916261725,64.13999086043917,49.024602688132674,90.12125243887697,0.8851484678319346,0.8851484678319346,7875.851428331354,275.95039637662177,359.851303623892,2.7103159791975213,3.5343697677309107,80.51191372753274,61.572603388052016,109.25640290136842,1.0730891439237962,1.0730891439237962,11356.397414029108,349.51430673264247,434.5256856892212,3.432842362011836,4.267802926754664,Non-monotonic: U-shaped / inverted-U,,,-1.253992178317493,1.253992178317493,1.253992178317493,4.725830912155054
all_zones_E_soil,HW,LPJ-GUESS,P,E_soil,Polynomial degree 3,12538,300,0.409862802759389,1.394048929408433e-13,0.4169192991033233,4.805959372552822e-14,0.3149609810479375,4.10413197298605e-16,0.409862802759389,0.4169192991033233,0.0070564963439343,-171.76443057249844,171.76443057249844,-0.8581630236303942,0.8581630236303942,0.4916387959866221,0.5016722408026756,0.0066889632107023,negative,0.5016722408026756,2,-2.908915087674528,1.9507321434803864,-1.5882171750259335,2.908915087674528,1.9507321434803864,1.5882171750259335,True,False,True,True,2,0.774247491638796,0.767016099393036,peak,2976.3293421648555,0.44188596924876,-2.7293761736347193,3.3222295316260334e-08,6.50866439529456e-38,True,,,,,200.15361399033708,1.9658588841153823,1.9658588841153823,0.3261116863403105,0.3261116863403105,101.81484317497402,-171.76443057249844,171.76443057249844,-0.8581630236303942,0.8581630236303942,478.8108904055037,2.392217061984299,1.135017621389964,0.7277525479698581,8.563903381873832,2.392217061984299,8.093360849189068,2.017588106264633,2.879174741024238,4.716260721581226,-0.8581630236303943,2.392217061984299,8.093360849189068,-2.908915087674528,1.9507321434803864,-1.5882171750259335,2.908915087674528,1.9507321434803864,1.5882171750259335,0.6706047047388581,0.5459826523487837,2.392217061984299,1.0271186997744055,1.67301328908731,2.392217061984299,2.392217061984299,1.0271186997744055,1.67301328908731,2.392217061984299,12538,12538,1.0,101.81484317497402,613.75787,0.2599455316155261,87.58417015015245,0.1427015023858715,0.8602298782667137,0.1427015023858715,0.8602298782667137,7671.59872602943,87.58766309263783,65.52167125597722,54.38895710428127,102.78494982422924,270.3631910387274,349.10299251558956,2.655439841655449,3.428802536341762,65.52167125597722,54.38895710428127,270.3631910387274,349.10299251558956,0.6435375158745261,0.5341947736521193,2.655439841655449,3.428802536341762,60.262035993436534,53.866508240990186,77.8445406930597,0.76456966651984,0.76456966651984,5990.246383833666,237.17681232170068,290.7670399751904,2.32949150561574,2.8558413577821105,65.9244776271774,52.23843994753252,90.25228111457425,0.8864353988098874,0.8864353988098874,8082.8689413461825,279.4095494782851,372.2519104337596,2.744290918349749,3.656165435466278,86.84212478195894,74.95755847393843,110.4660898370096,1.0849703873448784,1.0849703873448784,12153.128018070647,357.0611404487921,453.648104129198,3.506965480810733,4.455618552096383,Non-monotonic: U-shaped / inverted-U,,,-1.6870274040231292,1.6870274040231292,1.6870274040231292,4.702761164034233
all_zones_E_soil,HW,LPJ-GUESS,P,E_soil,GAM,12538,300,0.573946238791443,1.1076123833526203e-27,0.6334754830609229,4.6316517629711674e-35,0.6327313266443703,4.842147510150884e-60,0.573946238791443,0.6334754830609229,0.0595292442694799,-131.28963048752098,131.28963048752098,-0.4402196066051196,0.4402196066051196,0.7090301003344481,0.2842809364548495,0.0066889632107023,positive,0.7090301003344481,2,-2.504750677825172,0.9618066168609186,0.2363055033835543,2.504750677825172,0.9618066168609186,0.2363055033835543,False,True,True,True,2,0.1889632107023411,3.1951574499786745e-05,valley,726.4043534873188,-5.468151201950301,0.8296174610892781,1.3707805840130937e-33,7.834268029554438e-172,True,,,,,298.2366721464289,2.929206222258712,2.929206222258712,0.485919100550888,0.485919100550888,101.81484317497402,-131.28963048752098,131.28963048752098,-0.4402196066051196,0.4402196066051196,515.3190472032511,1.7278862572280802,0.7533308365079359,0.7793053012770935,1.8541915264103552,1.7278862572280802,9.499023941035286,1.0108330156561205,2.783352688414671,1.5366640754926564,-0.4402196066051196,1.7278862572280802,9.499023941035286,-2.504750677825172,0.9618066168609186,0.2363055033835543,2.504750677825172,0.9618066168609186,0.2363055033835543,0.3839929560159006,0.0943429242182036,1.7278862572280798,1.1622907432022838,1.4807484524639252,1.7278862572280798,1.7278862572280798,1.1622907432022838,1.4807484524639252,1.7278862572280798,12538,12538,1.0,101.81484317497402,613.75787,0.3123154308771161,84.42837229146373,0.1375597388127401,0.8292344186629964,0.1375597388127401,0.8292344186629964,7128.71861653054,84.43173939064941,62.28924639251624,49.84977402283066,93.176151684511,264.95401779290717,335.5150833281108,2.602312290925697,3.2953454807322244,62.28924639251624,49.84977402283066,264.95401779290717,335.5150833281108,0.6117894449384849,0.4896120493665277,2.602312290925697,3.2953454807322244,53.77285819337027,44.74528308530127,72.6015518520721,0.7130743375727902,0.7130743375727902,5271.480454726075,218.18564683667773,273.6874857534218,2.142965014066903,2.6880902353606326,65.4949655988568,53.11259826693364,88.64317001797258,0.8706311108846355,0.8706311108846355,7858.700803335568,276.04356249321904,360.51042228890697,2.711231033561816,3.5408434668936373,82.26932702857655,69.49353716532201,106.3584388365495,1.0446260635472089,1.0446260635472089,11320.78067423046,343.4237666389543,436.0486646050384,3.3730225960154256,4.282761245879115,Non-monotonic: U-shaped / inverted-U,,,-1.289494010827999,1.289494010827999,1.289494010827999,5.061335176027812
all_zones_E_soil,HW,LPJ-GUESS,P,E_soil,Piecewise linear,12538,300,0.5343413647901732,1.505070405174582e-23,0.5701721130234779,2.9009594280960984e-27,0.624659977703456,1.448509368057042e-58,0.5343413647901732,0.5701721130234779,0.0358307482333046,-61.922005606387074,61.922005606387074,-0.2051444815061053,0.2051444815061053,0.8394648829431438,0.1605351170568562,0.0,positive,0.8394648829431438,1,-2.497632924241312,0.9468597610744004,0.9468597610744004,2.497632924241312,0.9468597610744004,0.9468597610744004,False,True,True,False,1,0.1605351170568562,0.0,valley,617.1222826086957,-6.324822481978475,0.9468597610744,2.768776788527336e-100,0.0,True,,,,,301.8458266670177,2.964654437941629,2.964654437941629,0.4917995213112586,0.4917995213112586,101.81484317497402,-61.922005606387074,61.922005606387074,-0.2051444815061053,0.2051444815061053,541.7696477276484,1.7948555184938948,0.8309304264884554,0.8284258277069825,3.5509081614210367,1.7948555184938944,6.3375647922513085,0.9468597610744096,2.6511046362341335,5.80646641878957e-14,-0.2051444815061055,1.7948555184938944,6.3375647922513085,-2.497632924241312,0.9468597610744004,0.9468597610744004,2.497632924241312,0.9468597610744004,0.9468597610744004,0.3791028504967443,0.3791028504967443,1.794855518493902,1.164671262795553,1.4781800131178484,1.794855518493902,1.794855518493902,1.164671262795553,1.4781800131178484,1.794855518493902,12538,12538,1.0,101.81484317497402,613.75787,0.3075424568259693,84.7208593114564,0.1380362899647321,0.8321071532355971,0.1380362899647321,0.8321071532355971,7178.196515010249,84.72423806096015,62.6180641369905,51.12665044311184,94.70602242872054,261.69416623263265,334.9146590260341,2.5702948418129745,3.289448262965608,62.6180641369905,51.12665044311184,261.69416623263265,334.9146590260341,0.6150190108271164,0.5021532111506382,2.5702948418129745,3.289448262965608,54.778837459776646,47.18397695987842,72.83537966734536,0.7153709360645386,0.7153709360645386,5290.574403799583,220.1764581888414,270.8068962565,2.162518266717328,2.6597978036572183,65.01309547342557,52.47909772994499,88.88869043610183,0.8730425512058401,0.8730425512058401,7882.179261141696,274.95324727120976,361.57213731206593,2.7005222293441884,3.5512713670902163,84.17466343638021,72.08185427144824,107.07266193971788,1.051640984760032,1.051640984760032,11410.894406340867,342.7113146232746,436.1099059071017,3.3660250699822583,4.283362742676179,Non-monotonic: U-shaped / inverted-U,607.9390042039878,,-0.6081824975163095,0.6081824975163095,0.6081824975163095,5.321126378366949
all_zones_E_soil,HW,LPJ-GUESS,P,E_soil,Symbolic regression,12538,300,0.9741051819281782,1.7975191635750173e-194,0.9800664451827242,3.285231090258763e-211,0.9866666666666668,2.8455301917602563e-143,0.9741051819281782,0.9800664451827242,0.005961263254546,-45.59218628321776,45.59218628321776,-0.1281923171044028,0.1281923171044028,0.9966555183946488,0.0033444816053511,0.0,positive,0.9966555183946488,1,-2.0288384850025407,0.8473029359514131,0.806713550268478,2.0288384850025407,0.8473029359514131,0.806713550268478,False,True,False,False,0,,,,,,,,,,,,,,355.65459235818645,3.493150716217043,3.493150716217043,0.5794705204483755,0.5794705204483755,101.81484317497402,-45.59218628321776,45.59218628321776,-0.1281923171044028,0.1281923171044028,665.716998433155,1.871807682895597,0.8905918011588272,0.8961724424574944,0.9846360837366556,1.8718076828955972,298.99999999999994,0.845550530704158,17.313403807892726,0.0889743108718924,-0.1281923171044025,1.8718076828955972,298.99999999999994,-2.0288384850025407,0.8473029359514131,0.806713550268478,2.0288384850025407,0.8473029359514131,0.806713550268478,0.417629565988025,0.3976233476601602,1.8718076828955992,1.321458700668047,1.6020038199295512,1.8718076828955992,1.8718076828955992,1.321458700668047,1.6020038199295512,1.8718076828955992,12538,12538,1.0,101.81484317497402,613.75787,0.287952710037978,85.91088556944598,0.1399752080888933,0.8437952943835874,0.1399752080888933,0.8437952943835874,7241.238870092923,85.09546915137682,61.77080912201775,46.92235617196468,94.59095248376558,265.5731173254634,338.2872577980259,2.6083929321490227,3.322573087075938,61.77080912201775,46.92235617196468,265.5731173254634,338.2872577980259,0.6066974833508456,0.4608596812483049,2.6083929321490227,3.322573087075938,53.61932923670111,42.4848746827555,74.7430548005289,0.734107645503899,0.734107645503899,5447.213990250786,223.39225526829696,273.51627224830116,2.1941030237053543,2.686408619009013,64.49054126072208,49.71994279457518,89.93650506858805,0.8833339252315849,0.8833339252315849,7889.280981090113,274.8134875289598,362.5603941156986,2.6991495440078297,3.560977778972955,82.8802009947298,70.42433497600408,106.79221132781772,1.0488864687861852,1.0488864687861852,11412.521953081516,342.8644129351302,436.3948523698712,3.367528763423032,4.286161415776129,Linear,,"add(div(add(div(div(-0.113, sqrt(mul(X0, -0.740))), add(0.020, X0)), add(mul(-0.288, X0), sub(X0, -0.724))), log(sub(sub(add(X0, 0.575), 0.728), div(-0.213, X0)))), div(sqrt(sub(mul(X0, -0.113), div(mul(sqrt(0.680), mul(sqrt(X0), 0.661)), sub(sub(X0, 0.139), div(sub(sub(add(X0, 0.575), 0.728), div(-0.213, X0)), sqrt(mul(X0, -0.740))))))), add(log(-0.196), add(sqrt(0.264), div(-0.729, X0)))))",-0.44779508430676707,0.44779508430676707,0.44779508430676707,6.538506348127319
all_zones_E_soil,HW,CLASSIC,LAI,E_soil,Equal-width bins,12340,10,-0.9937764566101608,6.514510944261452e-09,-1.0,6.646897422032013e-64,-1.0,5.511463844797178e-07,0.9937764566101608,1.0,0.0062235433898391,-266.8822725,266.8822725,-1.0,1.0,0.0,1.0,0.0,negative,1.0,0,-1.1592114440484245,-0.8506678215502678,-0.9685628696564312,1.1592114440484245,0.8506678215502678,0.9685628696564312,True,False,False,False,0,,,,,,,,,,,,,,266.8822725,2.9111349720464466,2.9111349720464466,0.6434438003712355,0.6434438003712355,91.67636508189425,-266.8822725,266.8822725,-1.0,1.0,266.8822725,1.0,0.9357535499480436,0.5732269124831233,2.1071182090691964,0.9928140450850412,1.917137342379446,0.955434720225125,0.4292590370863806,0.3423322448699584,-0.9928140450850412,0.9928140450850412,1.917137342379446,-1.1592114440484245,-0.8506678215502678,-0.9685628696564312,1.1592114440484245,0.8506678215502678,0.9685628696564312,0.7338331810971427,0.8355359797638187,1.0000000000000002,0.3717032947551807,0.6707797349110177,1.0000000000000002,1.0000000000000002,0.3717032947551807,0.6707797349110177,1.0000000000000002,12340,11712,0.9491085899513776,91.67636508189425,414.77169,0.6374936911610412,53.283359672244806,0.1284643117090387,0.5812115219080396,0.1284643117090387,0.5812115219080396,2829.767626028019,53.19556020973949,39.84635072121661,29.417954699498843,59.61753476125923,182.05579486854288,231.28131395831275,1.9858531117143765,2.5228019648434996,39.84635072121661,29.417954699498843,182.05579486854288,231.28131395831275,0.434641476956705,0.3208891918131775,1.9858531117143765,2.5228019648434996,53.31156544916758,42.69764184953365,67.30775667641191,0.7341887586433656,0.7341887586433656,4531.483751119773,236.0634367637545,273.6842373538683,2.574965058364604,2.985330375057813,41.10095272641847,33.920522152378226,52.30401859037141,0.5705289312425115,0.5705289312425115,2736.3411861662535,173.4958991408725,211.62075795746537,1.892482309763145,2.3083458617542827,27.758265527579248,19.917529668417075,39.054400307474786,0.4260029318634918,0.4260029318634918,1468.5445809077466,124.30923929054114,154.0270013701341,1.3559573307634532,1.6801168025427515,Monotonic nonlinear,,,-2.911134972046446,2.911134972046446,2.911134972046446,2.911134972046446
all_zones_E_soil,HW,CLASSIC,LAI,E_soil,Equal-count bins,12340,10,-0.9929118680421564,1.0949805934586092e-08,-1.0,6.646897422032013e-64,-1.0,5.511463844797178e-07,0.9929118680421564,1.0,0.0070881319578435,-250.116565,250.116565,-1.0,1.0,0.0,1.0,0.0,negative,1.0,0,-0.9803878250616128,-0.9305798686642652,-1.1149028560806895,0.9803878250616128,0.9305798686642652,1.1149028560806895,True,False,False,False,0,,,,,,,,,,,,,,250.116565,2.7282556935647655,2.7282556935647655,0.6030222675033582,0.6030222675033582,91.67636508189425,-250.116565,250.116565,-1.0,1.0,250.116565,1.0,1.0738467221370027,0.7260138785058305,2.2615730404966836,1.008623516602189,1.8443493731510616,0.877656979270918,0.4072847372929855,0.2405939713329009,-1.008623516602189,1.008623516602189,1.8443493731510616,-0.9803878250616128,-0.9305798686642652,-1.1149028560806895,0.9803878250616128,0.9305798686642652,1.1149028560806895,0.9491956599989222,1.137205937875272,1.0,0.3435117542094823,0.6719196907250025,1.0,1.0,0.3435117542094823,0.6719196907250025,1.0,12340,11106,0.9,91.67636508189425,414.77169,0.6056950651212495,53.531137831070176,0.1290616961612548,0.5839142704147461,0.1290616961612548,0.5839142704147461,2856.7850294393193,53.44890110600328,40.068996949545735,29.76943623519054,59.74175327976313,182.39033550131984,232.9855541899888,1.989502259806997,2.5413917096501755,40.068996949545735,29.76943623519054,182.39033550131984,232.9855541899888,0.4370700879529006,0.324723130204798,1.989502259806997,2.5413917096501755,52.92739893648347,41.49401541101139,67.31150238583584,0.7342296166051814,0.7342296166051814,4531.508149726285,235.66260782935885,275.20782616780446,2.570592841664721,3.001949585609793,41.03634814780765,34.16613069978155,52.102411248138864,0.5683298110870335,0.5683298110870335,2715.4791914225066,171.854832561646,210.71571259792563,1.8745816591673172,2.2984736841354247,28.443130449758375,20.927109333870945,39.70306692803678,0.4330785463905571,0.4330785463905571,1523.484456097687,126.69366390050418,156.32628613428972,1.381966483807785,1.7051972555264805,Monotonic nonlinear,,,-2.728255693564765,2.728255693564765,2.728255693564765,2.728255693564765
all_zones_E_soil,HW,CLASSIC,LAI,E_soil,LOWESS,12340,12333,-0.994874499986939,0.0,-0.9989618316275054,0.0,-0.9903054598603744,0.0,0.994874499986939,0.9989618316275054,0.0040873316405664,-278.7031923921364,278.7031923921364,-0.975276603597626,0.975276603597626,0.0473564709698345,0.9482646772624068,0.0043788517677586,negative,0.9482646772624068,5,-1.1716853969062833,-0.9801631239500224,-0.8875456718708977,1.1716853969062833,0.9801631239500224,0.8875456718708977,True,False,True,True,5,0.9013343586154492,2.091207129870895e-06,valley,6.2463537250000005,-1.005575827165127,0.2270585445102225,0.0,0.0,True,,,,,285.7683567554566,3.117143186252864,3.117143186252864,0.6889774872423345,0.6889774872423345,91.67636508189425,-278.7031923921364,278.7031923921364,-0.975276603597626,0.975276603597626,292.8530994392347,1.0247919075583334,0.90344820343777,0.6335640782629326,2.7108750636620966,1.024816617147289,2.1496534862188734,1.0083704656757304,0.4845029889580706,0.54504238892141,-1.0072128085511274,1.024816617147289,2.1496534862188734,-1.1716853969062833,-0.9801631239500224,-0.8875456718708977,1.1716853969062833,0.9801631239500224,0.8875456718708977,0.8365412136551706,0.7574948652721731,1.0247919075583396,0.4225185367144812,0.7448926296982903,1.0247919075583396,1.0247919075583396,0.4225185367144812,0.7448926296982903,1.0247919075583396,12340,12340,1.0,91.67636508189425,414.77169,0.6706130710546732,52.61298815171795,0.126848069480629,0.5738991517030472,0.126848069480629,0.5738991517030472,2766.0284094165313,52.59304525711105,39.7577181671863,29.797417233748774,60.32630795767122,179.11437065511544,226.21706238970015,1.953768242175757,2.467561428593086,39.7577181671863,29.797417233748774,179.11437065511544,226.21706238970015,0.4336746786554074,0.3250283451697809,1.953768242175757,2.467561428593086,52.84267109454364,42.3483997035774,66.69969244164875,0.7275560323761321,0.7275560323761321,4449.566216431547,231.74986870273892,271.43825193921066,2.5279129304016084,2.9608313080120015,40.571301915868645,33.51402723065058,51.80310745833763,0.5650650242520202,0.5650650242520202,2683.1242680239443,170.9032464621935,209.7602211463849,1.8642018180970208,2.2880512437312137,27.35209842068939,21.013574019571536,36.86098116494123,0.4020772543939043,0.4020772543939043,1351.4403823585412,116.55910492059274,145.36874433851614,1.2714193545574242,1.585673081700596,Non-monotonic: U-shaped / inverted-U,,,-3.0400768196161745,3.0400768196161745,3.0400768196161745,3.1944231119725335
all_zones_E_soil,HW,CLASSIC,LAI,E_soil,Polynomial degree 3,12340,300,-0.9993000213491028,0.0,-1.0,0.0,-1.0,0.0,0.9993000213491028,1.0,0.0006999786508971,-300.8710871546165,300.8710871546165,-1.0,1.0,0.0,1.0,0.0,negative,1.0,0,-1.0233720256234669,-0.8876090308440822,-1.0878950338408917,1.0233720256234669,0.8876090308440822,1.0878950338408917,True,False,False,False,0,,,,,,,,,,,,,,300.8710871546165,3.2818828155528332,3.2818828155528332,0.725389640634867,0.725389640634867,91.67636508189425,-300.8710871546165,300.8710871546165,-1.0,1.0,300.8710871546165,1.0,1.132016849733311,0.6687550559891716,5.151471279434983,1.0,1.2982427326881318,0.966433011398466,0.1163168104495734,0.1887140118384389,-1.0,1.0,1.2982427326881318,-1.0233720256234669,-0.8876090308440822,-1.0878950338408917,1.0233720256234669,0.8876090308440822,1.0878950338408917,0.8673375943644013,1.063049415659096,1.0000000000000009,0.3422648915128651,0.6361555070766252,1.0000000000000009,1.0000000000000009,0.3422648915128651,0.6361555070766252,1.0000000000000009,12340,12340,1.0,91.67636508189425,414.77169,0.665423177428913,53.025859150764,0.1278434869813896,0.5784027224835556,0.1278434869813896,0.5784027224835556,2811.9696130357015,53.028007816961235,40.72874183884122,31.95602587557117,63.90609787783269,179.16164895087326,226.13173673851549,1.9542839508397685,2.4666307017791627,40.72874183884122,31.95602587557117,179.16164895087326,226.13173673851549,0.4442665435356033,0.3485743118962553,1.9542839508397685,2.4666307017791627,53.416426496774925,43.494376199668395,67.11162106720735,0.7320493238061603,0.7320493238061603,4499.334232684515,234.44497482970428,271.08063171293605,2.5573109778106415,2.9569304091712243,40.71546479236636,33.83662233681102,51.974576740370445,0.5669354003503706,0.5669354003503706,2684.5197532196794,171.80430743246438,210.2551829919173,1.87403053424939,2.2934502562803067,29.48072269846973,24.112250925498003,37.64669316760253,0.4106477512930715,0.4106477512930715,1413.8751103258162,120.65595204432464,147.82084681490602,1.316107504224704,1.612420460637353,Linear,,,-3.2818828155528323,3.2818828155528323,3.2818828155528323,3.2818828155528323
all_zones_E_soil,HW,CLASSIC,LAI,E_soil,GAM,12340,300,-0.9934700184812052,5.382959843718671e-283,-0.995184390937677,1.199651121014474e-302,-0.9716833890746934,5.1509292486463496e-139,0.9934700184812052,0.995184390937677,0.0017143724564716,-264.9861960463238,264.9861960463238,-0.9477537408439064,0.9477537408439064,0.0836120401337792,0.9130434782608696,0.0033444816053511,negative,0.9130434782608696,1,-1.215529455884869,-0.9898603547200268,-0.6382924780655853,1.215529455884869,0.9898603547200268,0.6382924780655853,True,False,True,False,1,0.914715719063545,2.55004986273496e-05,valley,6.329606128528427,-1.0370946121438858,0.6313320413317612,3.4876251541719176e-278,1.699471130692517e-16,True,,,,,279.5939331353867,3.049792963384033,3.049792963384033,0.6740911684097501,0.6740911684097501,91.67636508189425,-264.9861960463238,264.9861960463238,-0.9477537408439064,0.9477537408439064,294.20167022444963,1.0522462591560937,0.8759580663996053,0.6019882813882274,2.6501315525714935,1.0522462591560937,2.0847043227269393,1.028894348548791,0.619216550895281,0.4716187433625941,-0.9477537408439064,1.0522462591560937,2.0847043227269393,-1.215529455884869,-0.9898603547200268,-0.6382924780655853,1.215529455884869,0.9898603547200268,0.6382924780655853,0.8143450164269678,0.5251147760964192,1.0522462591560937,0.4065315905969461,0.7342779956714698,1.0522462591560937,1.0522462591560937,0.4065315905969461,0.7342779956714698,1.0522462591560937,12340,12340,1.0,91.67636508189425,414.77169,0.6708933020671781,52.59060273375456,0.1267940990228975,0.5736549729777738,0.1267940990228975,0.5736549729777738,2765.995644148952,52.59273375808632,39.96537593332443,30.3951855320618,60.7837039550068,178.38970428054722,225.7170743675821,1.9458636271321643,2.4621075908272507,39.96537593332443,30.3951855320618,178.38970428054722,225.7170743675821,0.4359397964527005,0.3315487640125115,1.9458636271321643,2.4621075908272507,52.92063161417931,42.49783562648464,66.6793766905036,0.7273344294457913,0.7273344294457913,4447.24747761272,231.6856968401393,270.98301098696646,2.52721294777749,2.955865568458109,40.56487950129551,33.55804752320981,51.79242220893774,0.5649484702264506,0.5649484702264506,2682.961480248147,171.37113991517134,209.60783772757463,1.8693055703297792,2.2863890550234247,27.883290556968525,21.774432942625083,36.816797790288454,0.4015953049338301,0.4015953049338301,1355.7681543019046,119.51870773108352,148.89509429229923,1.3037025150846435,1.6241382842708878,Non-monotonic: U-shaped / inverted-U,,,-2.89045268984664,2.89045268984664,2.89045268984664,3.2091332369214256
all_zones_E_soil,HW,CLASSIC,LAI,E_soil,Piecewise linear,12340,300,-0.9995163430233048,0.0,-1.0,0.0,-1.0,0.0,0.9995163430233048,1.0,0.0004836569766952,-283.7218962653577,283.7218962653577,-1.0,1.0,0.0,1.0,0.0,negative,1.0,0,-0.9467104971571476,-0.9763567177236075,-1.076696352296481,0.9467104971571476,0.9763567177236075,1.076696352296481,True,False,False,False,0,,,,,,,,,,,,,,283.7218962653577,3.094820524482071,3.094820524482071,0.6840435427629058,0.6840435427629058,91.67636508189425,-283.7218962653577,283.7218962653577,-1.0,1.0,283.7218962653577,1.0,1.0475396481885453,0.6780520671821567,3.7442598145124064,1.0,1.076696352296527,0.946710497157188,0.0638227039001603,0.1299858551393313,-1.0,1.0,1.076696352296527,-0.9467104971571476,-0.9763567177236075,-1.076696352296481,0.9467104971571476,0.9763567177236075,1.076696352296481,1.0313149802980783,1.137302644820845,1.0000000000000009,0.3166255843334941,0.6399008855195711,1.0000000000000009,1.0000000000000009,0.3166255843334941,0.6399008855195711,1.0000000000000009,12340,12340,1.0,91.67636508189425,414.77169,0.6653464753597722,53.031936917909206,0.1278581402648507,0.5784690183837015,0.1278581402648507,0.5784690183837015,2812.6142449417744,53.034085689693704,40.62068968290588,31.60826750708024,63.14801203489781,179.39501031188985,227.72104253326376,1.956829441826547,2.483966749007132,40.62068968290588,31.60826750708024,179.39501031188985,227.72104253326376,0.4430879174432749,0.3447809855773041,1.956829441826547,2.483966749007132,53.68215460229098,43.86267120848993,67.38388266643119,0.73501913613435,0.73501913613435,4537.772269456284,235.3666228517158,271.9701623557495,2.567364256223111,2.9666333532399474,40.63487110714175,33.57036982874172,51.867445162251535,0.5657668158627198,0.5657668158627198,2683.811294509136,171.38071300253233,209.45966338743543,1.869409992962073,2.2847727786799323,29.01418944831917,23.62308485738066,37.38245893507358,0.4077655009737781,0.4077655009737781,1397.095550504273,118.72156514389972,146.38624918329066,1.295007334091465,1.596771960281412,Linear,4.30960559195006,,-3.0948205244820706,3.0948205244820706,3.0948205244820706,3.0948205244820706
all_zones_E_soil,HW,CLASSIC,LAI,E_soil,Symbolic regression,12340,300,-0.9977462773894644,0.0,-0.9969670774119712,0.0,-0.9801560758082496,2.0522222651664905e-141,0.9977462773894644,0.9969670774119712,-0.0007791999774933,-254.0976173910901,254.0976173910901,-0.9121869783851666,0.9121869783851666,0.0668896321070234,0.9331103678929766,0.0,negative,0.9331103678929766,1,-0.6322809951856879,-1.038358242243843,-1.0671834103645554,0.6322809951856879,1.038358242243843,1.0671834103645554,True,False,False,True,1,0.0668896321070234,1.0,peak,1.0548390533110368,1.1740139061101085,-1.0705447572491484,6.126568161012565e-10,0.0,True,,,,,278.5586983941779,3.0385006882127383,3.0385006882127383,0.6715952537507511,0.6715952537507511,91.67636508189425,-254.0976173910901,254.0976173910901,-0.9121869783851666,0.9121869783851666,303.01977939726567,1.0878130216148334,1.1104181106563584,0.7513888857764403,4.281537678067712,1.0878130216148334,4.1304133956157205,1.0603995560388355,0.6688121804029667,0.1223511390142235,-0.9121869783851664,1.0878130216148334,4.1304133956157205,-0.6322809951856879,-1.038358242243843,-1.0671834103645554,0.6322809951856879,1.038358242243843,1.0671834103645554,1.642241740855897,1.6878309145621966,1.087813021614833,0.3870912590108333,0.7308954930648144,1.087813021614833,1.087813021614833,0.3870912590108333,0.7308954930648144,1.087813021614833,12340,12340,1.0,91.67636508189425,414.77169,0.6551340168585684,53.83503093933628,0.1297943717888177,0.587229117245711,0.1297943717888177,0.587229117245711,2872.3197069310822,53.59402678406505,40.70878063879406,30.90169113393401,63.56912676730933,182.10128986931815,230.24849342214685,1.9863493683093525,2.511536023668331,40.70878063879406,30.90169113393401,182.10128986931815,230.24849342214685,0.4440488080262456,0.3370736951266514,1.9863493683093525,2.511536023668331,54.06638432657995,43.86583912011832,67.9110066510155,0.7407689712648489,0.7407689712648489,4596.693672651677,236.25367490376993,273.3269464734111,2.5770401639803806,2.9814330687004107,41.82699965840838,34.43543839146784,53.2575506829322,0.580929999082723,0.580929999082723,2684.806054529533,171.3402516151598,209.152394725182,1.8689686427041696,2.281421111519275,27.76458667167025,20.448526580789206,37.91347613208651,0.4135578030195515,0.4135578030195515,1399.2131869043928,117.77440422565108,145.34204314482614,1.2846757626182443,1.5853818267662827,Linear,,"sub(mul(sub(div(mul(add(X0, X0), add(-0.731, X0)), log(log(-0.088))), div(log(X0), add(sub(X0, X0), sub(-0.921, -0.904)))), log(add(log(div(-0.035, 0.128)), log(log(X0))))), div(div(div(sqrt(sub(X0, 0.397)), mul(div(X0, X0), sub(-0.921, -0.904))), sub(mul(mul(X0, 0.783), log(0.717)), mul(sub(X0, X0), sqrt(0.542)))), add(log(sqrt(mul(-0.432, 0.884))), log(div(X0, X0)))))",-2.7716807616020267,2.7716807616020267,2.7716807616020267,3.305320614823449
all_zones_E_soil,HW,LPJ-GUESS,LAI,E_soil,Equal-width bins,12538,10,0.7528967432622978,0.0119551071225037,0.6969696969696969,0.0250966758822518,0.5111111111111111,0.0466225749559082,0.7528967432622978,0.6969696969696969,-0.0559270462926009,48.87794500000001,48.87794500000001,0.4668262678559841,0.4668262678559841,0.5555555555555556,0.3333333333333333,0.1111111111111111,positive,0.5555555555555556,3,-1.5945720518852335,1.673979277400404,1.1140328245619584,1.5945720518852335,1.673979277400404,1.1140328245619584,False,True,True,True,3,0.4411534526081115,0.0050288834343347,valley,3.8210556,-1.075260106096362,1.4219068945037368,0.045280541201077,0.0112547631087367,True,,,,,104.702645,1.0283632693915086,1.0283632693915086,0.1705927534582978,0.1705927534582978,101.81484317497402,48.87794500000001,48.87794500000001,0.4668262678559841,0.4668262678559841,164.892103,1.5748609120619634,0.7905166570030085,0.7881521891410698,2.132543136001502,1.5750441886734228,3.551277843063948,1.4165682437783331,1.9461765392920405,2.313777621573176,0.3978133500257093,1.5750441886734228,3.551277843063948,-1.5945720518852335,1.673979277400404,1.1140328245619584,1.5945720518852335,1.673979277400404,1.1140328245619584,1.0497984555927018,0.698640631036307,1.5748609120619637,0.5354369796484129,1.215577008584645,1.5748609120619637,1.5748609120619637,0.5354369796484129,1.215577008584645,1.5748609120619637,12538,12080,0.9634710480140374,101.81484317497402,613.75787,0.0447125518141886,98.62456440338175,0.1606896941352161,0.9686658774682824,0.1606896941352161,0.9686658774682824,9359.235583002488,96.7431423047778,67.31017505209194,49.50017698220513,101.7468631922058,293.69547128834193,394.9626692107907,2.8846036798741737,3.8792248447706896,67.31017505209194,49.50017698220513,293.69547128834193,394.9626692107907,0.6611037541590665,0.4861783944128514,2.8846036798741737,3.8792248447706896,71.91562790757094,54.25411218614184,104.7294414542329,1.0286264574827266,1.0286264574827266,10511.795686890851,323.9054455576868,423.2309225815811,3.181318513657569,4.156868580097276,63.88482242367502,43.18232625164963,100.36996109375826,0.9858087285099222,0.9858087285099222,9600.485862391237,303.0947873882867,412.5719426992867,2.9769214186914064,4.052178737733366,62.62700895735964,50.207402728684286,82.61851897601305,0.8114584907234881,0.8114584907234881,6697.788549745796,259.3393101837608,317.4943854191348,2.547166032933655,3.1183506797088953,Non-monotonic: U-shaped / inverted-U,,,0.4800669870502159,0.4800669870502159,0.4800669870502159,1.619529116364934
all_zones_E_soil,HW,LPJ-GUESS,LAI,E_soil,Equal-count bins,12538,10,0.7594829788602109,0.010824002539349,0.5393939393939393,0.1075931877824148,0.3777777777777777,0.1557418430335097,0.7594829788602109,0.5393939393939393,-0.2200890394662715,63.771240000000006,63.771240000000006,0.5941227431670459,0.5941227431670459,0.5555555555555556,0.4444444444444444,0.0,positive,0.5555555555555556,3,-0.8585969576730051,0.5888356501808905,1.6288032501338208,0.8585969576730051,0.5888356501808905,1.6288032501338208,False,True,True,True,3,0.4537718357697952,0.036014784427926,valley,3.6638550875,-0.7999735394537717,1.6106051422412695,0.0089493283229034,0.0066758114439701,True,,,,,107.33681,1.054235381137269,1.054235381137269,0.1748846169581499,0.1748846169581499,101.81484317497402,63.771240000000006,63.771240000000006,0.5941227431670459,0.5941227431670459,159.59542599999995,1.486865745311417,0.8688816758866488,0.7533328922542208,1.640789364858004,1.355979860556901,2.129254594464948,1.4544333413086643,1.474029406898327,2.573351652314328,0.2921881355634692,1.355979860556901,2.129254594464948,-0.8585969576730051,0.5888356501808905,1.6288032501338208,0.8585969576730051,0.5888356501808905,1.6288032501338208,0.6858114799017809,1.89705220310616,1.486865745311417,0.4047388682410067,0.8234896397610472,1.486865745311417,1.486865745311417,0.4047388682410067,0.8234896397610472,1.486865745311417,12538,11285,0.9000638060296698,101.81484317497402,613.75787,0.0352851639313341,98.75642661150265,0.1609045381552543,0.969960995193841,0.1609045381552543,0.969960995193841,9393.876944148393,96.9220147548966,67.08572502088946,49.361912394505794,101.1797065920282,293.72114319863687,399.5520873148416,2.8848558229752617,3.9243009649211062,67.08572502088946,49.361912394505794,293.72114319863687,399.5520873148416,0.6588992619239142,0.4848203941116407,2.8848558229752617,3.9243009649211062,72.62048256597745,55.61255161244767,105.76981013349912,1.0388446992127494,1.0388446992127494,10747.83102723405,331.3618648254394,424.1123489200023,3.254553604291047,4.165525729791122,62.90135395446226,43.24353817044394,100.64381443941224,0.9884984477798654,0.9884984477798654,9722.737363948883,297.4612324591726,416.4521940435485,2.921590047022616,4.090289598814723,62.97273723512256,49.23213382166847,84.88831413710008,0.8337518527746998,0.8337518527746998,6995.230367025295,262.8702978822784,329.8458755187565,2.5818465135827235,3.2396639353645074,Non-monotonic: U-shaped / inverted-U,,,0.6263452165850304,0.6263452165850304,0.6263452165850304,1.567506475708331
all_zones_E_soil,HW,LPJ-GUESS,LAI,E_soil,LOWESS,12538,12535,0.7741957233581364,0.0,0.551179417917185,0.0,0.3858294334503886,0.0,0.7741957233581364,0.551179417917185,-0.2230163054409513,30.684218772495683,30.684218772495683,0.2606819102979718,0.2606819102979718,0.6052337641614808,0.3879048986756023,0.0068613371629168,positive,0.6052337641614808,275,-1.154361882005256,1.1820279081250649,1.443699822969697,1.154361882005256,1.1820279081250649,1.443699822969697,False,True,True,True,275,0.398456705551911,1.979151930602318e-06,valley,3.50649485,-0.9357339058738844,2.0576769117117046,0.0,0.0,True,,,,,117.70751080281006,1.1560938182709144,1.1560938182709144,0.1917816724742121,0.1917816724742121,101.81484317497402,30.684218772495683,30.684218772495683,0.2606819102979718,0.2606819102979718,216.30037209043633,1.8376089224484096,0.8008642140253633,0.7911308698906444,2.158852538176881,1.7027212489489625,5.257956259399473,1.6508342271009673,2.042247142481422,3.009073161707385,0.2249789504573393,1.7027212489489625,5.257956259399473,-1.154361882005256,1.1820279081250649,1.443699822969697,1.154361882005256,1.1820279081250649,1.443699822969697,1.0239665104600906,1.2506475183170709,1.8376089224483985,0.7482176044226985,1.4651021309480805,1.8376089224483985,1.8376089224483985,0.7482176044226985,1.4651021309480805,1.8376089224483985,12538,12538,1.0,101.81484317497402,613.75787,0.0442847323920471,99.53092467072436,0.1621664332723332,0.9775679219941966,0.1621664332723332,0.9775679219941966,9535.359801237968,97.64916692546828,68.06386750326146,50.63693681128564,103.66452992520144,294.84171336670113,399.32033726505153,2.895861783728337,3.9220247737237983,68.06386750326146,50.63693681128564,294.84171336670113,399.32033726505153,0.668506333465448,0.4973433659791969,2.895861783728337,3.9220247737237983,74.95827381327554,56.70529443286217,108.96337695486147,1.0702111161493648,1.0702111161493648,11251.7857663437,339.9151697701768,430.83525953704054,3.3385620325124425,4.231556481373036,62.76340518236248,44.5248647154561,96.86592851442286,0.9513929943196378,0.9513929943196378,9041.234492456322,281.69714603779005,404.1268015548301,2.7667591212970697,3.9692326673854175,62.87974262196228,50.63341561829486,81.79080047078907,0.8033288459741316,0.8033288459741316,6617.834782540003,260.114515545998,312.457509783522,2.5547799066878483,3.06887974326639,Non-monotonic: U-shaped / inverted-U,,,0.3013727450305383,0.3013727450305383,0.3013727450305383,2.1244483156420824
all_zones_E_soil,HW,LPJ-GUESS,LAI,E_soil,Polynomial degree 3,12538,300,0.589618504965296,1.7735446781026046e-29,0.5810153446149402,1.7639254667447044e-28,0.4844147157190636,6.383028406131478e-36,0.589618504965296,0.5810153446149402,-0.0086031603503557,-15.406717496515483,15.406717496515483,-0.151614713232741,0.151614713232741,0.5986622073578596,0.3946488294314381,0.0066889632107023,positive,0.5986622073578596,2,-2.9806770275235372,1.7069429566208405,0.8374755079030096,2.9806770275235372,1.7069429566208405,0.8374755079030096,False,True,True,True,2,0.3127090301003344,2.9019144927874316e-05,valley,2.954322393812709,-3.1366769922838893,1.624167764281255,7.254685942019471e-52,3.875404810266437e-147,True,,,,,101.61756183164698,0.9980623518420788,0.9980623518420788,0.1655662058258364,0.1655662058258364,101.81484317497402,-15.406717496515483,15.406717496515483,-0.151614713232741,0.151614713232741,199.87664859634603,1.9669498558476337,0.5967329908983089,0.6148565555922066,1.029821459171104,1.9669498558476337,7.143435082171816,1.7519216269851114,2.495627002661868,3.12062275821243,-0.151614713232741,1.9669498558476337,7.143435082171816,-2.9806770275235372,1.7069429566208405,0.8374755079030096,2.9806770275235372,1.7069429566208405,0.8374755079030096,0.572669544824531,0.2809682163380234,1.9669498558476333,1.0031180509954722,1.568293143655883,1.9669498558476333,1.9669498558476333,1.0031180509954722,1.568293143655883,1.9669498558476333,12538,12538,1.0,101.81484317497402,613.75787,0.0859326391024464,97.33810289377774,0.1585936533795937,0.956030573327086,0.1585936533795937,0.956030573327086,9475.462013668712,97.34198484553676,70.46562916278852,56.8657126652106,104.52703245690446,299.5231794020682,393.5133606567484,2.9418419757060597,3.864990097568344,70.46562916278852,56.8657126652106,299.5231794020682,393.5133606567484,0.6920958375557258,0.5585208491406697,2.9418419757060597,3.864990097568344,77.11875183577659,62.89482409385438,105.75612965942494,1.0387103330079055,1.0387103330079055,11181.730274645462,338.8080574668563,434.56018937374506,3.32768825155088,4.268141813339841,66.40345176760991,53.18752334950626,95.159560845285,0.9346334765918994,0.9346334765918994,9052.864944596637,286.9099584468987,395.1450856797396,2.8179580648553304,3.8810164938393377,63.61208973230368,53.46625301657116,81.33673631357145,0.7988691410523523,0.7988691410523523,6617.522838146253,260.3561420536301,312.3178908285165,2.5571531019911777,3.067508440707238,Non-monotonic: U-shaped / inverted-U,,,-0.1513209372629318,0.1513209372629318,0.1513209372629318,1.963138599082727
all_zones_E_soil,HW,LPJ-GUESS,LAI,E_soil,GAM,12538,300,0.5778350470565212,4.053631939530201e-28,0.5705285614284603,2.6502015768753403e-27,0.4494983277591974,3.642560439568282e-31,0.5778350470565212,0.5705285614284603,-0.0073064856280609,-21.65238107064141,21.65238107064141,-0.1819431069248245,0.1819431069248245,0.5618729096989966,0.4247491638795986,0.0133779264214046,positive,0.5618729096989966,3,-2.917769734021729,1.4877600012905718,0.900877443038838,2.917769734021729,1.4877600012905718,0.900877443038838,False,True,True,True,3,0.3879598662207358,0.0,valley,3.43890041638796,-2.0419306669816364,1.455486014827552,7.537006966816315e-47,1.75641628154832e-109,True,,,,,119.00632805829665,1.1688504774670052,1.1688504774670052,0.1938978445332141,0.1938978445332141,101.81484317497402,-21.65238107064141,21.65238107064141,-0.1819431069248245,0.1819431069248245,217.12836724130213,1.824511106123191,0.6238916102129619,0.5687081810187944,1.6936343949355832,1.824511106123191,10.90973466233316,1.2984194858464488,2.610130771813934,2.541606191302084,-0.1819431069248245,1.824511106123191,10.90973466233316,-2.917769734021729,1.4877600012905718,0.900877443038838,2.917769734021729,1.4877600012905718,0.900877443038838,0.5098963033110592,0.3087554965473945,1.8245111061231905,0.9758427204086052,1.516760089383256,1.8245111061231905,1.8245111061231905,0.9758427204086052,1.516760089383256,1.8245111061231905,12538,12538,1.0,101.81484317497402,613.75787,0.08792515369649,97.23195459027824,0.1584207052046082,0.9549880111604174,0.1584207052046082,0.9549880111604174,9454.807084532658,97.23583230750204,70.23190063132236,56.19482544429753,103.76769874017796,297.6298558992646,394.01234378863,2.9232462244014115,3.869890985457785,70.23190063132236,56.19482544429753,297.6298558992646,394.01234378863,0.6898002142047721,0.5519315621566478,2.9232462244014115,3.869890985457785,77.25432230883581,63.28292282221106,105.67441831393168,1.0379077845489069,1.0379077845489069,11168.65367797334,337.2759242258754,431.21129875335896,3.312640020927494,4.235249844782458,65.64045828263441,51.704637875164785,94.98040529393792,0.9328738554427596,0.9328738554427596,9022.751940531723,284.21104753727394,399.8802782688192,2.7914500349309845,3.9275243746297823,63.53200222435868,53.45794806909953,81.31104185367592,0.7986167764747104,0.7986167764747104,6614.005218590012,260.0934824668136,312.01759282676755,2.5545733250291383,3.064558988619659,Non-monotonic: U-shaped / inverted-U,,,-0.21266428740091153,0.21266428740091153,0.21266428740091153,2.1325806775359455
all_zones_E_soil,HW,LPJ-GUESS,LAI,E_soil,Piecewise linear,12538,300,0.7090951012688698,3.9211687227392565e-47,0.6600935565950732,6.535957676533744e-39,0.5172352285395764,1.032893228735229e-40,0.7090951012688698,0.6600935565950732,-0.0490015446737965,59.356509563691816,59.356509563691816,0.4542269550903315,0.4542269550903315,0.6555183946488294,0.3444816053511705,0.0,positive,0.6555183946488294,1,-1.5954680962125505,1.4425217049000092,1.5255102040816326,1.5954680962125505,1.4425217049000092,1.5255102040816326,False,True,True,False,1,0.3444816053511705,2.4936649967166602e-17,valley,3.158922003344481,-1.5954680962125496,1.5255102040816315,0.0,0.0,True,,,,,130.67588547643032,1.2834659603792458,1.2834659603792458,0.2129111362375366,0.2129111362375366,101.81484317497402,59.356509563691816,59.356509563691816,0.4542269550903315,0.4542269550903315,201.99526138916883,1.5457730449096685,0.7497976177784007,0.8823698126457196,0.93000656030018,1.5457730449096687,1.5954680962126342,1.5255102040816686,1.4792671673340123,3.120978300294185,0.4542269550903317,1.5457730449096687,1.5954680962126342,-1.5954680962125505,1.4425217049000092,1.5255102040816326,1.5954680962125505,1.4425217049000092,1.5255102040816326,0.9041369791877272,0.9561521209374292,1.5457730449096698,0.5336013699707522,1.0355689632770162,1.5457730449096698,1.5457730449096698,0.5336013699707522,1.0355689632770162,1.5457730449096698,12538,12538,1.0,101.81484317497402,613.75787,0.0837150917090382,97.4561035515032,0.1587859126784039,0.9571895463613288,0.1587859126784039,0.9571895463613288,9498.449690910888,97.45999020578078,70.57497662291378,56.762798432585775,103.61654760575854,301.0976071938227,395.4612246523766,2.9573056128601114,3.8841215319927,70.57497662291378,56.762798432585775,301.0976071938227,395.4612246523766,0.6931698210409957,0.557510051211649,2.9573056128601114,3.8841215319927,77.7828458497932,64.04208277396336,105.99540541847232,1.0410604398448446,1.0410604398448446,11237.070909675318,339.09127489318314,431.77163987109225,3.330469942486062,4.240753375508035,65.85868756183673,52.49947502388657,95.06932115257396,0.93374716483325,0.93374716483325,9040.122773556324,287.93313860725686,395.0704729757846,2.828007485238955,3.880283666467332,63.70447024334898,54.0668121663891,81.55373396479742,0.8010004378697825,0.8010004378697825,6653.06050722725,261.2864836261935,314.4330817982452,2.56629068491673,3.0882833189447227,Non-monotonic: U-shaped / inverted-U,3.1510064426007225,,0.5829848351451529,0.5829848351451529,0.5829848351451529,1.9839470856133388
all_zones_E_soil,HW,LPJ-GUESS,LAI,E_soil,Symbolic regression,12538,300,0.7476195700717273,6.615088001282044e-55,0.7413269036322625,1.5289152741893728e-53,0.6940022296544036,7.378542745955645e-72,0.7476195700717273,0.7413269036322625,-0.0062926664394648,6.936645813807047,6.936645813807047,0.0530886689394982,0.0530886689394982,0.782608695652174,0.2140468227424749,0.0033444816053511,positive,0.782608695652174,1,-2.6204082436047984,1.304472161242051,1.4877159241042688,2.6204082436047984,1.304472161242051,1.4877159241042688,False,True,True,False,1,0.2157190635451505,2.104236584081054e-05,valley,2.3297551647157193,-4.009535672973564,1.3506117374304003,7.18680157880738e-28,7.48294132980483e-262,True,,,,,130.66151313215818,1.28332479879785,1.28332479879785,0.2128877192762647,0.2128877192762647,101.81484317497402,6.936645813807047,6.936645813807047,0.0530886689394982,0.0530886689394982,254.3863804505093,1.9469113310605015,0.7983553590168073,0.9060233049286232,1.2501112325759665,1.946911331060502,12.545760342992164,1.445112673052077,2.9316104274060577,1.0424885393786678,0.0530886689394983,1.946911331060502,12.545760342992164,-2.6204082436047984,1.304472161242051,1.4877159241042688,2.6204082436047984,1.304472161242051,1.4877159241042688,0.4978125696351561,0.5677420408576006,1.9469113310605033,1.0174319451963216,1.4493474768450276,1.9469113310605033,1.9469113310605033,1.0174319451963216,1.4493474768450276,1.9469113310605033,12538,12538,1.0,101.81484317497402,613.75787,0.0321421051611061,100.16121297793408,0.1631933664295564,0.9837584565720138,0.1631933664295564,0.9837584565720138,9617.552882872513,98.06912298411012,68.85110849400938,51.595945949787975,105.77345489927664,297.6115156168621,400.0140988779601,2.923066090721188,3.928838727281791,68.85110849400938,51.595945949787975,297.6115156168621,400.0140988779601,0.676238418161537,0.5067625145885429,2.923066090721188,3.928838727281791,75.42130598059411,54.94133730822861,110.85734669602468,1.088813214646028,1.088813214646028,11223.381927090242,339.6615801818897,428.617799956131,3.336071338814164,4.209777146339355,64.3221476781119,48.8238264706823,95.69802100093682,0.9399220979643887,0.9399220979643887,9064.86704622943,287.97821381462165,394.4748530074191,2.8284502026852447,3.8744336356683657,62.99263116735444,50.52094382615036,82.59079472117263,0.8111861900060694,0.8111861900060694,6649.761937203489,261.21135309237275,314.13533374956666,2.5655527715489153,3.085358911860317,Non-monotonic: U-shaped / inverted-U,,"div(add(add(X0, X0), div(sqrt(div(div(div(X0, -0.008), sub(sub(X0, X0), X0)), sub(-0.131, X0))), sub(mul(X0, X0), add(X0, -0.923)))), mul(sqrt(div(X0, X0)), log(log(-0.344))))",0.06813000538522725,0.06813000538522725,0.06813000538522725,2.4985195922104726
all_zones_E_soil,HD,CLASSIC,P,E_soil,Equal-width bins,11147,10,0.5441219265491991,0.1039459837110003,0.3454545454545454,0.3282265114713673,0.2444444444444444,0.3807197971781305,0.5441219265491991,0.3454545454545454,-0.1986673810946536,205.25766700000003,205.25766700000003,0.8315801031677473,0.8315801031677473,0.5555555555555556,0.3333333333333333,0.1111111111111111,positive,0.5555555555555556,2,2.5608086580714153,0.250613948121581,-0.573630542285092,2.5608086580714153,0.250613948121581,0.573630542285092,False,True,True,True,2,0.88033174701645,0.5808622961000875,valley,1114.1889973958332,0.6604908586421855,,0.1014635615271611,,,,,,,246.82849700000003,2.14967951782253,2.14967951782253,0.5263849655468674,0.5263849655468674,114.82106749103671,205.25766700000003,205.25766700000003,0.8315801031677473,0.8315801031677473,415.51568700000007,1.683418616773411,0.8331990857925151,0.6787902292632622,2.421726862549727,1.6154440227038367,3.273608904569144,1.5260328998892234,1.8295682338518853,2.191918379450134,0.7459306879693014,1.6154440227038367,3.273608904569144,2.5608086580714153,0.250613948121581,-0.573630542285092,2.5608086580714153,0.250613948121581,0.573630542285092,0.0978651596368478,0.2240036718389971,1.683418616773411,0.9077248969352189,1.0105539272477118,1.683418616773411,1.683418616773411,0.9077248969352189,1.0105539272477118,1.683418616773411,11147,8905,0.7988696510271822,114.82106749103671,468.912513,0.6360955703150619,60.43176958874508,0.1288764277202069,0.5263125566522238,0.1288764277202069,0.5263125566522238,3605.193933857483,60.043267181737235,43.59580246386635,28.888730458496852,56.83974462471824,213.74410857130283,270.1900064559087,1.861540858675507,2.353139649019554,43.59580246386635,28.888730458496852,213.74410857130283,270.1900064559087,0.3796846991277934,0.2515978216345357,1.861540858675507,2.353139649019554,35.49457374202742,22.809250348647794,51.73781084691053,0.450595103994738,0.450595103994738,2610.938523611824,167.2229260796871,246.4639012542384,1.4563784306633538,2.146504179413574,63.57888770732669,58.48967100830045,77.86864273293793,0.6781738267588967,0.6781738267588967,6048.408105667038,255.67713791584865,292.5186956630824,2.2267441289535785,2.547604738877012,60.56180659213188,50.1945122327147,74.77007965540875,0.6511878115159095,0.6511878115159095,5616.884969393792,241.20808935628637,267.3586635033635,2.100730245998765,2.3284809081245856,Non-monotonic: U-shaped / inverted-U,,,1.7876307152084532,1.7876307152084532,1.7876307152084532,3.618810520398937
all_zones_E_soil,HD,CLASSIC,P,E_soil,Equal-count bins,11147,10,0.9395670190348276,5.422826766525255e-05,0.9878787878787878,9.307459988955517e-08,0.9555555555555554,5.5114638447971785e-06,0.9395670190348276,0.9878787878787878,0.0483117688439601,285.15463700000004,285.15463700000004,0.9976651900354044,0.9976651900354044,0.8888888888888888,0.0,0.1111111111111111,positive,0.8888888888888888,0,2.384311229555017,1.0610098690246803,0.2550662582938098,2.384311229555017,1.0610098690246803,0.2550662582938098,True,False,False,False,0,,,,,,,,,,,,,,285.821977,2.489281655758096,2.489281655758096,0.6095422260569958,0.6095422260569958,114.82106749103671,285.15463700000004,285.15463700000004,0.9976651900354044,0.9976651900354044,286.4893169999999,1.0023348099645957,0.5778291730865779,0.581687258584643,1.0054445653664117,1.6194789420414215,3.8933300052243456,1.4338337347652252,1.1903667064951338,1.1016437864257045,1.6170787113791183,1.6194789420414215,3.8933300052243456,2.384311229555017,1.0610098690246803,0.2550662582938098,2.384311229555017,1.0610098690246803,0.2550662582938098,0.4449963812915045,0.1069769143944403,1.0023348099645957,0.6431871122352499,0.8992046542313294,1.0023348099645957,1.0023348099645957,0.6431871122352499,0.8992046542313294,1.0023348099645957,11147,10033,0.9000627971651566,114.82106749103671,468.912513,0.7540999637511081,54.47489471101401,0.1161728322464579,0.4744329233419336,0.1161728322464579,0.4744329233419336,2953.895599929953,54.34975252869099,37.18388478503078,22.1291796125023,44.04838310973983,192.75167885810015,255.38545547442433,1.6787135241809776,2.224203807322733,37.18388478503078,22.1291796125023,192.75167885810015,255.38545547442433,0.3238420056313573,0.192727520271746,1.6787135241809776,2.224203807322733,20.518398697818423,13.259051992408502,31.603381328243096,0.2752402674771348,0.2752402674771348,978.3600440406768,87.13164659843598,122.35535582369988,0.7588472089866063,1.0656176475040289,53.21406473570802,40.92502590184185,69.63538189118219,0.6064686856932255,0.6064686856932255,4850.866246241201,251.13121888800003,294.01948778344826,2.1871527967426716,2.560675442304177,64.35068374818452,58.96866420903443,78.7104451653635,0.685505255135412,0.685505255135412,6151.137900672234,258.77167288249206,295.82618704912994,2.253695062560645,2.5764103531977964,Monotonic nonlinear,,,2.483469656143548,2.483469656143548,2.483469656143548,2.4950936553726444
all_zones_E_soil,HD,CLASSIC,P,E_soil,LOWESS,11147,10992,0.9030928224854052,0.0,0.9894592690624496,0.0,0.9631673301048084,0.0,0.9030928224854052,0.9894592690624496,0.0863664465770446,202.31194166009416,202.31194166009416,0.6825307185216076,0.6825307185216076,0.9134746610863432,0.0777909198435083,0.0087344190701483,positive,0.9134746610863432,23,3.7219581417212777,0.3086729730043116,-0.756788656358925,3.7219581417212777,0.3086729730043116,0.756788656358925,False,True,True,True,23,0.4952310675978826,0.9999876478268954,peak,655.4356770833333,2.209574775894744,-0.6068742553882169,0.0,0.0,True,,,,,296.4144120843542,2.581533324513754,2.581533324513754,0.6321315892978829,0.6321315892978829,114.82106749103671,202.31194166009416,202.31194166009416,0.6825307185216076,0.6825307185216076,390.60816268072614,1.3177772292987098,0.5489554306991874,0.5913639195275715,1.021601886270021,2.9609157278424476,7.1399927387473054,2.570770665725405,2.257594089984887,3.9999019578506543,2.9020930314034508,2.9609157278424476,7.1399927387473054,3.7219581417212777,0.3086729730043116,-0.756788656358925,3.7219581417212777,0.3086729730043116,0.756788656358925,0.0829329512184038,0.2033307811486929,1.3177772292987042,0.9067945164088717,1.071531185735514,1.3177772292987042,1.3177772292987042,0.9067945164088717,1.071531185735514,1.3177772292987042,11147,11147,1.0,114.82106749103671,468.912513,0.7767289701963125,54.25231650393734,0.1156981633030921,0.4724944445249338,0.1156981633030921,0.4724944445249338,2939.16295569505,54.214047586350254,36.790532123807544,21.021016854568757,42.25667460805845,192.59006979941597,254.9839923927019,1.677306038061788,2.2207073837961553,36.790532123807544,21.021016854568757,192.59006979941597,254.9839923927019,0.3204162174043498,0.183076305715497,1.677306038061788,2.2207073837961553,28.614944580708077,16.249281405038467,44.64116059465569,0.3887889354289491,0.3887889354289491,1990.8274319421016,138.73676452509105,210.9200047887134,1.208286663385369,1.8369451651821511,63.816390126628285,58.289014946044574,78.11709512273328,0.6803376490889298,0.6803376490889298,6086.916454209627,257.4507134634539,294.55646322937633,2.2421905586581596,2.5653520705367967,58.43962499998688,56.12592135956055,71.5739604099378,0.6233521597900583,0.6233521597900583,5162.42050717548,220.77325726622232,259.13077742825925,1.922759142467096,2.25682257699344,Non-monotonic: U-shaped / inverted-U,,,1.7619757948678474,1.7619757948678474,1.7619757948678474,3.4018858317200213
all_zones_E_soil,HD,CLASSIC,P,E_soil,Polynomial degree 3,11147,300,0.510063194011717,2.844216365386889e-21,0.2972037467082968,1.5609190550906057e-07,0.1562095875139353,5.462620369403795e-05,0.510063194011717,0.2972037467082968,-0.2128594473034201,189.72542575715244,189.72542575715244,0.6669963377303998,0.6669963377303998,0.5016722408026756,0.4849498327759197,0.0133779264214046,positive,0.5016722408026756,1,2.7148447659783157,0.1134635958103048,-0.8328546760166213,2.7148447659783157,0.1134635958103048,0.8328546760166213,False,True,False,True,1,0.5083612040133779,1.0,peak,672.7615314938683,1.9041026671554313,-0.7400016679526262,3.8591421203031956e-81,3.174295019417659e-126,True,,,,,284.4474774820121,2.4773108602584357,2.4773108602584357,0.6066109766663704,0.6066109766663704,114.82106749103671,189.72542575715244,189.72542575715244,0.6669963377303998,0.6669963377303998,379.16952920687174,1.3330036622696002,0.5311876473595795,0.5536279188022125,1.0208138503387727,1.3330036622696004,4.554242876118065,0.8740777304349622,1.636145723373397,2.6261494407581436,0.6669963377304,1.3330036622696004,4.554242876118065,2.7148447659783157,0.1134635958103048,-0.8328546760166213,2.7148447659783157,0.1134635958103048,0.8328546760166213,0.0417937692910472,0.3067780104607548,1.333003662269599,0.9079748381198378,1.0544569478827703,1.333003662269599,1.333003662269599,0.9079748381198378,1.0544569478827703,1.333003662269599,11147,11147,1.0,114.82106749103671,468.912513,0.7744071136317732,54.533679249878865,0.116298195799861,0.474944889831615,0.116298195799861,0.474944889831615,2974.188981019561,54.53612546761606,37.71744783692856,21.869446984296587,44.19281813508885,193.09756215228168,255.77925513913263,1.6817258920481248,2.22763348859389,37.71744783692856,21.869446984296587,193.09756215228168,255.77925513913263,0.3284889146312187,0.1904654560540798,1.6817258920481248,2.22763348859389,29.82855417767365,18.39876505661647,45.107715397497046,0.3928522559766158,0.3928522559766158,2034.7453095819287,141.461573718124,212.2460800294995,1.2320175801288984,1.8484942238153992,63.78236919142395,58.219462026499,78.05009122219361,0.679754098508851,0.679754098508851,6090.908903573981,257.0283573405944,293.8533885766679,2.238512173392386,2.559228850573149,58.86995370225405,52.188073142953726,72.1096419340029,0.628017518994343,0.628017518994343,5208.820030392591,223.5173602145124,264.8871089524878,1.9466580924442356,2.3069556375023743,Non-monotonic: U-shaped / inverted-U,,,1.652357271212123,1.652357271212123,1.652357271212123,3.3022644493047486
all_zones_E_soil,HD,CLASSIC,P,E_soil,GAM,11147,300,0.5008607968283084,1.863294754346195e-20,0.2999335548172757,1.1853888230459517e-07,0.1916164994425864,7.442021772962442e-07,0.5008607968283084,0.2999335548172757,-0.2009272420110326,251.8683227666922,251.8683227666922,0.8380686909590601,0.8380686909590601,0.5986622073578596,0.391304347826087,0.0100334448160535,positive,0.5986622073578596,2,2.6724743175361345,0.139554808392909,-0.3048081918775252,2.6724743175361345,0.139554808392909,0.3048081918775252,False,True,True,True,2,0.4682274247491638,1.0,peak,619.8030553232996,1.9775553907302608,-0.604424877247315,1.8920499074638273e-88,7.865679048040585e-54,True,,,,,300.53422289103986,2.617413593672611,2.617413593672611,0.6409174730021331,0.6409174730021331,114.82106749103671,251.8683227666922,251.8683227666922,0.8380686909590601,0.8380686909590601,423.49454751543783,1.4091391770346828,0.6149460908445974,0.5473277227892746,1.5177015260462352,1.409139177034683,7.438039218757517,1.2265497275200383,1.702927689796913,1.9946261619625,0.8380686909590601,1.409139177034683,7.438039218757517,2.6724743175361345,0.139554808392909,-0.3048081918775252,2.6724743175361345,0.139554808392909,0.3048081918775252,0.0522193262914385,0.1140546758026623,1.4091391770346835,0.8938041195773025,1.0599887699514663,1.4091391770346835,1.4091391770346835,0.8938041195773025,1.0599887699514663,1.4091391770346835,11147,11147,1.0,114.82106749103671,468.912513,0.7777365563921013,54.12976209746829,0.1154368045142533,0.4714270933049269,0.1154368045142533,0.4714270933049269,2930.293950602732,54.13218959734339,36.98839509581222,21.09147597549125,42.38068570935132,192.8015771844626,253.40097660716197,1.6791480988409488,2.20692057776717,36.98839509581222,21.09147597549125,192.8015771844626,253.40097660716197,0.3221394462187842,0.1836899485117372,1.6791480988409488,2.20692057776717,28.90930405053017,17.017590587797542,44.59088606275611,0.3883510843185377,0.3883510843185377,1988.5799721794976,139.48357198832548,209.8125626469667,1.2147907612791875,1.8273002266186504,63.78822526972411,57.66656447734175,77.96346291962318,0.678999635025247,0.678999635025247,6080.746543094091,256.82248208317924,292.42308338706255,2.2367191639568023,2.5467720321437524,56.53543600653416,53.8809561606156,68.71031154627094,0.598412060152939,0.598412060152939,4753.487513220067,207.35054023671137,251.0012805104388,1.8058579733453335,2.186021137018541,Non-monotonic: U-shaped / inverted-U,,,2.1935723841476547,2.1935723841476547,2.1935723841476547,3.688300037347215
all_zones_E_soil,HD,CLASSIC,P,E_soil,Piecewise linear,11147,300,0.7850848824626738,5.9375095377269214e-64,1.0,0.0,1.0,0.0,0.7850848824626738,1.0,0.2149151175373261,274.4312518535475,274.4312518535475,1.0,1.0,1.0,0.0,0.0,positive,1.0,0,2.786991532107231,0.1020143054737536,0.1020143054737531,2.786991532107231,0.1020143054737536,0.1020143054737531,True,False,False,False,0,,,,,,,,,,,,,,274.4312518535475,2.390077516697626,2.390077516697626,0.5852504342394197,0.5852504342394197,114.82106749103671,274.4312518535475,274.4312518535475,1.0,1.0,274.4312518535475,1.0,0.2497470261871588,0.0728004924699228,0.8785850298106088,1.0,3.1982075042994538,0.1020143054737791,1.4026676085605525,3.096193198825616,1.0,1.0,3.1982075042994538,2.786991532107231,0.1020143054737536,0.1020143054737531,2.786991532107231,0.1020143054737536,0.1020143054737531,0.0366037371475689,0.0366037371475688,1.0,0.9321041913402108,0.9658815031860356,1.0,1.0,0.9321041913402108,0.9658815031860356,1.0,11147,11147,1.0,114.82106749103671,468.912513,0.761694917068145,56.049114000175166,0.1195300028177647,0.4881431188971529,0.1195300028177647,0.4881431188971529,3141.7850293790502,56.05162824913341,39.48254481322014,25.68065083392696,51.25256212396528,199.161414826792,258.6274491434343,1.7345372167206086,2.252438988721504,39.48254481322014,25.68065083392696,199.161414826792,258.6274491434343,0.3438615027360049,0.22365800453764,1.7345372167206086,2.252438988721504,31.83752398490552,21.97102033910255,46.73604217795784,0.407033684664238,0.407033684664238,2182.6082471109785,143.9591612325685,212.60858431093197,1.253769577118819,1.8516513472366805,64.16158972375261,58.30529037151504,78.72546849222718,0.6856360963407061,0.6856360963407061,6149.65845835919,258.06934682531505,295.7727288711556,2.2475783622675403,2.575944775067037,71.50465953423145,57.48555483274043,88.45665113485312,0.7703869426380163,0.7703869426380163,5679.213862380846,215.67669697656663,283.0043541689072,1.8783721636571875,2.4647424061877787,Monotonic nonlinear,384.661503666613,,2.390077516697626,2.390077516697626,2.390077516697626,2.390077516697626
all_zones_E_soil,HD,CLASSIC,P,E_soil,Symbolic regression,11147,300,0.916406452717268,1.572172725227068e-120,0.93710641229347,2.955938813697417e-138,0.8736231884057971,9.415650985373253e-113,0.916406452717268,0.93710641229347,0.0206999595762019,398.3071682951215,398.3071682951215,0.9718246796944228,0.9718246796944228,0.8729096989966555,0.1204013377926421,0.0066889632107023,positive,0.8729096989966555,3,1.695900942862545,0.5889220988977956,0.6268219715149467,1.695900942862545,0.5889220988977956,0.6268219715149467,True,False,True,True,2,0.8227424749163879,0.5177540141333944,valley,1087.6029281633218,0.7726172293633539,1.899049009571816,3.850574609222779e-92,1.0662102663168654e-25,False,,,,,409.85496316101376,3.569510126641247,3.569510126641247,0.8740542250383789,0.8740542250383789,114.82106749103671,398.3071682951215,398.3071682951215,0.9718246796944228,0.9718246796944228,648.0000979841499,1.5810473368101674,1.1858093994109191,0.5058498768541948,38.882887464207805,1.5810473368101707,28.13532516468124,1.037500396667606,2.872311461197261,0.9625854877152712,0.971824679694418,1.5810473368101707,28.13532516468124,1.695900942862545,0.5889220988977956,0.6268219715149467,1.695900942862545,0.5889220988977956,0.6268219715149467,0.3472620858997473,0.3696100141656395,1.5810473368101667,0.6235415914013034,0.8185358649494029,1.5810473368101667,1.5810473368101667,0.6235415914013034,0.8185358649494029,1.5810473368101667,11147,11147,1.0,114.82106749103671,468.912513,0.7578378306665351,56.500884710743925,0.1204934463131802,0.4920776817821742,0.1204934463131802,0.4920776817821742,3161.558765318688,56.227740176168275,38.573614730934295,22.130684808176568,46.718961115027206,199.5266318984061,256.79864394461487,1.7377179663826217,2.236511552765883,38.573614730934295,22.130684808176568,199.5266318984061,256.79864394461487,0.3359454460214408,0.1927406293266186,1.7377179663826217,2.236511552765883,30.028788915395836,17.943890063781595,45.91378789286906,0.3998725050736288,0.3998725050736288,2069.9631861581,142.5166786989124,208.70370044739408,1.2412067037265413,1.8176429204830904,65.2366127553115,59.37970129813431,80.20051311470054,0.6984825595787222,0.6984825595787222,6372.408142280795,259.4791262857485,301.05162190442184,2.2598564179522564,2.621919726777691,92.65396308576956,81.14801229991832,113.6065209426802,0.9894222674035724,0.9894222674035724,6112.810031811214,245.53179991914652,313.44452385977206,2.138386319551623,2.7298520272356854,Non-monotonic: U-shaped / inverted-U,,"mul(sub(log(sub(mul(sub(log(X0), div(-0.822, 0.104)), sqrt(mul(0.823, X0))), sub(div(-0.959, sqrt(sub(sub(log(div(sqrt(log(0.019)), log(X0))), -0.410), mul(-0.410, X0)))), mul(-0.410, X0)))), div(-0.822, 0.104)), sqrt(add(X0, div(-0.822, 0.104))))",3.4689380354891286,3.4689380354891286,3.4689380354891286,5.643564479443067
all_zones_E_soil,HD,LPJ-GUESS,P,E_soil,Equal-width bins,11341,10,0.9583656229967048,1.2500325593833135e-05,0.9636363636363636,7.320974809529922e-06,0.911111111111111,2.976190476190476e-05,0.9583656229967048,0.9636363636363636,0.0052707406396588,125.91254,125.91254,0.9831918271553804,0.9831918271553804,0.8888888888888888,0.1111111111111111,0.0,positive,0.8888888888888888,2,1.1324165793295684,1.35415677413841,0.4353430325731257,1.1324165793295684,1.35415677413841,0.4353430325731257,True,False,True,True,2,0.876635110386834,0.9455991846093248,valley,1114.6521484374998,1.1066593444355286,,4.9581357124143224e-05,,,,,,,128.06508000000002,2.9661130717823427,2.9661130717823427,0.5840645214335213,0.5840645214335213,43.17606136405497,125.91254,125.91254,0.9831918271553804,0.9831918271553804,140.20722000000004,1.094812262640214,0.7721407468641128,0.4532998731536848,2.8981246993606034,1.0872457285239276,3.4583887789216687,0.509731199296018,1.1079933895585805,1.2063058134271647,0.973972128680368,1.0872457285239276,3.4583887789216687,1.1324165793295684,1.35415677413841,0.4353430325731257,1.1324165793295684,1.35415677413841,0.4353430325731257,1.1958115051089413,0.3844371766712074,1.094812262640214,0.4067015770419226,0.8420997980089496,1.094812262640214,1.094812262640214,0.4067015770419226,0.8420997980089496,1.094812262640214,11341,9032,0.7964024336478265,43.17606136405497,219.2652957,0.3032956091927113,35.456798244117465,0.1617072967745413,0.8212142822651265,0.1617072967745413,0.8212142822651265,1202.2235385055544,34.673095311863264,25.37186657814241,17.757570504404953,38.49229011168314,114.70777463670257,143.4285194372093,2.656744756533057,3.3219454231324748,25.37186657814241,17.757570504404953,114.70777463670257,143.4285194372093,0.5876373568262772,0.4112827790074553,2.656744756533057,3.3219454231324748,20.172106462136295,14.245829458965344,28.11338409004103,0.6511335958366514,0.6511335958366514,753.550513961535,87.70992572797567,112.10276776742094,2.0314480514657625,2.5964102381221132,38.61800036195596,31.88387689297246,49.620327786301125,1.1492555415814547,1.1492555415814547,2336.323804990096,156.09432820475735,180.3729616202936,3.615297997855574,4.17761500057664,32.37816128964897,30.118401531149964,39.65493768278626,0.91844731617414,0.91844731617414,1584.109765738237,120.9898340480287,144.36639308228075,2.8022434243794967,3.343667498176871,Non-monotonic: U-shaped / inverted-U,,,2.91625813059514,2.91625813059514,2.91625813059514,3.247336963364742
all_zones_E_soil,HD,LPJ-GUESS,P,E_soil,Equal-count bins,11341,10,0.9633977027974574,7.51288943639665e-06,1.0,6.646897422032013e-64,1.0,5.511463844797178e-07,0.9633977027974574,1.0,0.0366022972025424,76.342409,76.342409,1.0,1.0,1.0,0.0,0.0,positive,1.0,0,1.6851834806916088,0.8854996939453365,0.6565462909768538,1.6851834806916088,0.8854996939453365,0.6565462909768538,True,False,False,False,0,,,,,,,,,,,,,,76.342409,1.768165195900818,1.768165195900818,0.3481736986980927,0.3481736986980927,43.17606136405497,76.342409,76.342409,1.0,1.0,76.342409,1.0,0.5812195169852509,0.5577189176483529,1.021620777388589,1.278889930366936,2.194128193320332,1.3459416363985417,0.6959802571853841,1.0656402863098335,1.278889930366936,1.278889930366936,2.194128193320332,1.6851834806916088,0.8854996939453365,0.6565462909768538,1.6851834806916088,0.8854996939453365,0.6565462909768538,0.5254618883291702,0.389599292005523,1.0,0.5270973110109742,0.7240113486594325,1.0,1.0,0.5270973110109742,0.7240113486594325,1.0,11341,10207,0.9000088175645886,43.17606136405497,219.2652957,0.3832079561445141,31.50347517166718,0.1436774345483765,0.7296514359203343,0.1436774345483765,0.7296514359203343,957.1259506866704,30.93745223328305,21.272902966335625,13.465706606990024,28.385928530443906,103.4200106088844,132.29624331605297,2.3953090518577005,3.0641109711362535,21.272902966335625,13.465706606990024,103.4200106088844,132.29624331605297,0.4927013325037978,0.31187899455323,2.3953090518577005,3.0641109711362535,12.07083199319666,7.340234756216768,17.69281321192837,0.4097829364921653,0.4097829364921653,296.6124617462841,57.43683735291607,69.57156550141056,1.3302935825622462,1.6113458083819203,28.48068719132743,21.877829710660276,37.879268596028794,0.8773210755987141,0.8773210755987141,1371.741942073539,122.13776722116552,142.68583664753305,2.82883068446924,3.3047441600664893,38.99944474971235,32.568970479736635,49.38665839371182,1.143843528877956,1.143843528877956,2363.340271637397,159.40084854054066,182.4240052938984,3.691880257360515,4.225119187128319,Monotonic nonlinear,,,1.768165195900818,1.768165195900818,1.768165195900818,1.768165195900818
all_zones_E_soil,HD,LPJ-GUESS,P,E_soil,LOWESS,11341,11094,0.9455590939855688,0.0,0.9981571598555008,0.0,0.9852517526770368,0.0,0.9455590939855688,0.9981571598555008,0.0525980658699322,167.34212629638122,167.34212629638122,1.0,1.0,0.9379789056161544,0.0409267105381772,0.0210943838456684,positive,0.9379789056161544,78,1.1614391252401437,0.5733364018152632,1.244798656023112,1.1614391252401437,0.5733364018152632,1.244798656023112,True,False,True,True,78,0.2714682679580205,0.3028100588716986,peak,358.74609375,1.2287892462240684,0.6905443010942299,0.0,0.0,False,,,,,167.34212629638122,3.8758080521836864,3.8758080521836864,0.7631947671524802,0.7631947671524802,43.17606136405497,167.34212629638122,167.34212629638122,1.0,1.0,168.54927767618187,1.0072136730094052,0.5240342153803134,0.4551204538631,2.259116731546844,1.0382780392775235,2.511236912784347,1.042500475941771,0.7059478856253099,1.298512381344353,1.0290899790339672,1.0382780392775235,2.511236912784347,1.1614391252401437,0.5733364018152632,1.244798656023112,1.1614391252401437,0.5733364018152632,1.244798656023112,0.493643092742134,1.071772621544614,1.0072136730094057,0.3103011022747934,0.5904184358918109,1.0072136730094057,1.0072136730094057,0.3103011022747934,0.5904184358918109,1.0072136730094057,11341,11341,1.0,43.17606136405497,219.2652957,0.3691852652252601,34.290576683066746,0.1563885273024843,0.7942034451436649,0.1563885273024843,0.7942034451436649,1120.9516909128488,33.48061664475206,22.24466033661196,13.062451599141877,28.969108142806142,109.91546462114415,140.88510497793203,2.5457501483136955,3.2630374454493896,22.24466033661196,13.062451599141877,109.91546462114415,140.88510497793203,0.5152081879133869,0.3025392123890359,2.5457501483136955,3.2630374454493896,17.296161521539922,10.2462428360725,27.536326180819884,0.6377683677220378,0.6377683677220378,734.0780980679328,82.06669115663868,109.301804810343,1.9007451945341411,2.5315371841985375,38.70217574102028,30.86773290733595,50.82397761741712,1.1771332542094544,1.1771332542094544,2322.2165550404443,155.9355789012432,179.1138775345504,3.611621208021142,4.148453376149466,36.45844589162496,32.99735785979124,44.48782291747827,1.0303816863322175,1.0303816863322175,1978.2529206926704,144.06900306910163,166.84514321297985,3.3367796532974694,3.8642974357054745,Non-monotonic: U-shaped / inverted-U,,,3.8758080521836864,3.8758080521836864,3.8758080521836864,3.9037668641193584
all_zones_E_soil,HD,LPJ-GUESS,P,E_soil,Polynomial degree 3,11341,300,0.984781387950121,1.6001242195043918e-228,1.0,0.0,1.0,0.0,0.984781387950121,1.0,0.0152186120498789,163.4530030298612,163.4530030298612,1.0,1.0,1.0,0.0,0.0,positive,1.0,0,1.1627279900709382,0.5353965268945875,1.29722944830342,1.1627279900709382,0.5353965268945875,1.29722944830342,True,False,False,False,0,,,,,,,,,,,,,,163.4530030298612,3.7857321364180625,3.7857321364180625,0.7454577000342932,0.7454577000342932,43.17606136405497,163.4530030298612,163.4530030298612,1.0,1.0,163.4530030298612,1.0,0.7890848826204226,0.5890870719073049,2.0156593376515075,1.0000000000000002,2.133877850401913,0.8687082230338316,0.4703392923535815,0.7800908303677898,1.0000000000000002,1.0000000000000002,2.133877850401913,1.1627279900709382,0.5353965268945875,1.29722944830342,1.1627279900709382,0.5353965268945875,1.29722944830342,0.4604658453796428,1.115677492398094,1.0,0.3888722374819191,0.5661439972229364,1.0,1.0,0.3888722374819191,0.5661439972229364,1.0,11341,11341,1.0,43.17606136405497,219.2652957,0.4117243761965111,33.11420254716024,0.15102345513203,0.7669574644140317,0.15102345513203,0.7669574644140317,1096.647107604241,33.11566257232733,23.16329276104165,15.417625252867786,29.1836740396951,109.43109897314744,142.03420694170137,2.5345317640355973,3.289651775878473,23.16329276104165,15.417625252867786,109.43109897314744,142.03420694170137,0.5364846173839656,0.357087348076249,2.5345317640355973,3.289651775878473,18.026687111897974,11.660932137774491,26.91091532816155,0.6232832379325245,0.6232832379325245,724.1668634409083,81.158109154734,109.1162301659333,1.8797015427233927,2.5272390931141064,40.28109043373422,36.08784955085953,48.36483022761709,1.1201769846445948,1.1201769846445948,2337.039335395059,156.96160039406809,181.87899514770945,3.635384873821355,4.212496216691218,37.17122989716822,30.664425723900536,45.54832917312215,1.0549440531192624,1.0549440531192624,1934.733073619087,143.6981724326342,171.12418596261563,3.3281908514301426,3.963404269780854,Monotonic nonlinear,,,3.7857321364180625,3.7857321364180625,3.7857321364180625,3.7857321364180625
all_zones_E_soil,HD,LPJ-GUESS,P,E_soil,GAM,11341,300,0.9685852543203448,3.8028830514521976e-182,0.960521783575373,1.2661617034484518e-167,0.857881828316611,8.522344994178976e-109,0.9685852543203448,0.960521783575373,-0.0080634707449719,132.20200640733427,132.20200640733427,0.9962735149803608,0.9962735149803608,0.7658862876254181,0.217391304347826,0.0167224080267558,positive,0.7658862876254181,5,1.4017028811672971,1.1069708558697895,0.4812537813128897,1.4017028811672971,1.1069708558697895,0.4812537813128897,True,False,True,True,4,0.3979933110367892,0.4919572595191245,peak,525.9493006201225,1.41179136662867,0.9686747595659904,8.137561791956503e-96,2.1233594389224973e-66,False,,,,,132.69649791898797,3.0733812609748776,3.0733812609748776,0.6051869608245897,0.6051869608245897,43.17606136405497,132.20200640733427,132.20200640733427,0.9962735149803608,0.9962735149803608,153.76166201147683,1.1587469482830606,0.7372507989107686,0.6045111083283287,2.369197413702262,1.1587469482830606,3.100880715669405,1.1245239364342283,1.0319788606872171,1.5834178756230726,0.9962735149803608,1.1587469482830606,3.100880715669405,1.4017028811672971,1.1069708558697895,0.4812537813128897,1.4017028811672971,1.1069708558697895,0.4812537813128897,0.7897328818700412,0.3433350874702602,1.158746948283061,0.476249920262455,0.8679441410999993,1.158746948283061,1.158746948283061,0.476249920262455,0.8679441410999993,1.158746948283061,11341,11341,1.0,43.17606136405497,219.2652957,0.4229031243777664,32.79806603153341,0.1495816559881318,0.7596354321202287,0.1495816559881318,0.7596354321202287,1075.8079917328594,32.799512065469195,23.11132893329016,14.603243033209536,28.381158087915324,107.85222894799216,140.45067817546473,2.4979635830743354,3.252975693896735,23.11132893329016,14.603243033209536,107.85222894799216,140.45067817546473,0.5352810840807923,0.3382254557699665,2.4979635830743354,3.252975693896735,18.194234346721647,11.65540240145987,26.721389624982855,0.618893636445241,0.618893636445241,714.1075608323106,80.94210318523716,107.97018800364356,1.874698632252345,2.500695630693427,39.69878710228816,35.06412580722676,48.01482177381136,1.1120704449847008,1.1120704449847008,2306.2435877399876,154.76985665852118,178.29057976439495,3.5846219356027342,4.1293849909344855,32.19261400922287,30.16578043568211,39.204733259736784,0.9080201394279004,0.9080201394279004,1550.2239755456303,121.63298962901452,144.8475190058807,2.817139539510584,3.3548108472550364,Non-monotonic: U-shaped / inverted-U,,,3.061928351746215,3.061928351746215,3.061928351746215,3.5612711570649846
all_zones_E_soil,HD,LPJ-GUESS,P,E_soil,Piecewise linear,11341,300,0.9813641590108068,1.5931748780157554e-215,1.0,0.0,1.0,0.0,0.9813641590108068,1.0,0.0186358409891931,120.4000506064362,120.4000506064362,1.0,1.0,1.0,0.0,0.0,positive,1.0,0,1.5350110427436023,0.731150229777084,0.7311502297770844,1.5350110427436023,0.731150229777084,0.7311502297770844,True,False,False,False,0,,,,,,,,,,,,,,120.4000506064362,2.78858346043282,2.78858346043282,0.5491067349352368,0.5491067349352368,43.17606136405497,120.4000506064362,120.4000506064362,1.0,1.0,120.4000506064362,1.0,0.5534111766055044,0.5706717260719963,0.8137812844914174,1.0,1.8534423464590504,0.7311502297771001,0.4779772750037441,7.0832228971085e-14,1.0,1.0,1.8534423464590504,1.5350110427436023,0.731150229777084,0.7311502297770844,1.5350110427436023,0.731150229777084,0.7311502297770844,0.4763159413304692,0.4763159413304694,1.0,0.5133816196466898,0.755468150576226,1.0,1.0,0.5133816196466898,0.755468150576226,1.0,11341,11341,1.0,43.17606136405497,219.2652957,0.4126819033409055,33.08724183386148,0.150900495804551,0.7663330278061756,0.150900495804551,0.7663330278061756,1094.8621121975436,33.08870067254899,23.24616675151653,15.03496248529649,28.651764684680973,109.59850132097074,141.94280791316416,2.5384089668775096,3.287534884581545,23.24616675151653,15.03496248529649,109.59850132097074,141.94280791316416,0.5384040604238505,0.3482245024279456,2.5384089668775096,3.287534884581545,18.095010592633994,11.50404143879345,26.831530594686317,0.6214446095128112,0.6214446095128112,719.8648747421945,81.13232800637299,109.0223373703996,1.8791044259983716,2.5250644437235104,40.40061411356048,36.6395751808322,48.41474015564736,1.1213329476123477,1.1213329476123477,2339.3463398507533,157.28294914532594,181.70123100623871,3.642827626613193,4.20837902452837,37.54849722267557,30.24265536795309,45.991582243741,1.065210229713774,1.065210229713774,1640.8442755619185,125.48117167940352,146.22049843624706,2.906267216487453,3.386610399761449,Linear,316.57153802573055,,2.78858346043282,2.78858346043282,2.78858346043282,2.78858346043282
all_zones_E_soil,HD,LPJ-GUESS,P,E_soil,Symbolic regression,11341,300,0.9848688813072712,6.821354851270165e-229,1.0,0.0,1.0,0.0,0.9848688813072712,1.0,0.0151311186927286,120.1020334227085,120.1020334227085,1.0,1.0,1.0,0.0,0.0,positive,1.0,0,1.5919498888209722,0.7850797807698547,0.6208211282168719,1.5919498888209722,0.7850797807698547,0.6208211282168719,True,False,False,False,0,,,,,,,,,,,,,,120.1020334227085,2.7816810896673427,2.7816810896673427,0.5477475723610761,0.5477475723610761,43.17606136405497,120.1020334227085,120.1020334227085,1.0,1.0,120.1020334227085,1.0,0.5850047557288769,0.5770030352586386,1.0,1.0,7.863165481693778,0.7756545418282446,0.7190790223218982,0.4037548487164086,1.0,1.0,7.863165481693778,1.5919498888209722,0.7850797807698547,0.6208211282168719,1.5919498888209722,0.7850797807698547,0.6208211282168719,0.4931560888209235,0.3899752954388932,1.0,0.5324247119802582,0.7923675156465312,1.0,1.0,0.5324247119802582,0.7923675156465312,1.0,11341,11341,1.0,43.17606136405497,219.2652957,0.3755050212488474,34.118375900696535,0.1556031737342396,0.7902151058433698,0.1556031737342396,0.7902151058433698,1113.401760448483,33.36767538274854,22.480366733349513,13.62941600101589,29.794118651638,110.3161636423792,141.81490190392768,2.555030731316772,3.2845724557449265,22.480366733349513,13.62941600101589,110.3161636423792,141.81490190392768,0.5206673796342367,0.3156706649570097,2.555030731316772,3.2845724557449265,17.400268985862656,10.11812184327079,28.17640624748901,0.652593250919976,0.652593250919976,742.975120412494,81.20903656312426,109.41259474813428,1.8808810715359177,2.534103188004607,39.19156836959428,33.773469661224354,48.76701848268764,1.1294920597664164,1.1294920597664164,2343.9124334997805,158.4376321518945,182.06324941674893,3.669571219476664,4.216763726584857,41.03008099779347,32.2564549810142,50.89680858367413,1.178820090941571,1.178820090941571,1622.8165515146727,124.49579566206928,144.77149146194347,2.8834449398322093,3.353049974643332,Monotonic nonlinear,,"sqrt(mul(div(X0, -0.658), log(X0)))",2.7816810896673427,2.7816810896673427,2.7816810896673427,2.7816810896673427
all_zones_E_soil,HD,CLASSIC,LAI,E_soil,Equal-width bins,11147,10,0.512200089558566,0.1301283409150248,0.1272727272727272,0.7260570147627894,0.1111111111111111,0.7274895282186948,0.512200089558566,0.1272727272727272,-0.3849273622858387,150.91365500000003,150.91365500000003,0.8225239717609306,0.8225239717609306,0.5555555555555556,0.4444444444444444,0.0,positive,0.5555555555555556,3,1.8396361068998413,-0.1241073373068423,0.0512287854817848,1.8396361068998413,0.1241073373068423,0.0512287854817848,True,False,True,True,3,0.2575828341293943,0.9979715638356372,peak,0.70654892125,,-0.04254961810759,,0.7699404123953103,,,,,,183.4763,1.5979323656290054,1.5979323656290054,0.3912804519251547,0.3912804519251547,114.82106749103671,150.91365500000003,150.91365500000003,0.8225239717609306,0.8225239717609306,302.984135,1.651352981284231,0.369313554230432,0.3112989477337081,0.8303355178215274,1.4762274687980623,5.6388158892502025,1.2611291910443347,2.0584556646573335,2.0706428594508353,0.5889191850249279,1.4762274687980623,5.6388158892502025,1.8396361068998413,-0.1241073373068423,0.0512287854817848,1.8396361068998413,0.1241073373068423,0.0512287854817848,0.067462981858944,0.0278472385324702,1.6513529812842314,1.1726415891316753,1.363117906781421,1.6513529812842314,1.6513529812842314,1.1726415891316753,1.363117906781421,1.6513529812842314,11147,7253,0.6506683412577375,114.82106749103671,468.912513,-0.0186582885997437,94.28266589988644,0.2010666452398263,0.8211268886456435,0.2010666452398263,0.8211268886456435,7927.814343599188,89.03827459918115,75.38048193009138,64.37042178973206,123.56329762967836,289.98369456587295,345.6242104486305,2.525526899395095,3.010111454290485,75.38048193009138,64.37042178973206,289.98369456587295,345.6242104486305,0.6565039289150991,0.5606150787159073,2.525526899395095,3.010111454290485,77.67103965759274,66.23353244939923,97.27042518905124,0.8471478911885615,0.8471478911885615,7834.3775692364625,283.00152090401326,342.49257488342585,2.4647177307083057,2.982837404034428,67.08563424603761,59.73699347305218,81.90995642796186,0.7133704486274349,0.7133704486274349,6645.490919700595,273.82844634640014,308.0118776834273,2.3848275610900065,2.6825380081705967,51.345294806549575,44.638110493952,63.605771744619375,0.5539555861522071,0.5539555861522071,4031.177588306956,211.78201749828224,247.84284967611728,1.8444526089675537,2.158513721320912,Non-monotonic: U-shaped / inverted-U,,,1.3143376759825092,1.3143376759825092,1.3143376759825092,2.6387503758720223
all_zones_E_soil,HD,CLASSIC,LAI,E_soil,Equal-count bins,11147,10,0.7111489849983273,0.0211174607760772,0.9636363636363636,7.320974809529922e-06,0.911111111111111,2.976190476190476e-05,0.7111489849983273,0.9636363636363636,0.2524873786380361,229.133459,229.133459,0.8888819487858882,0.8888819487858882,0.8888888888888888,0.1111111111111111,0.0,positive,0.8888888888888888,1,18.63169945307367,0.2476249989314129,-0.3056136253628689,18.63169945307367,0.2476249989314129,0.3056136253628689,False,True,False,True,1,0.6553055210415686,0.9942252781429396,peak,0.825287055,1.3618828601642607,,0.0110744017497238,,,,,,,257.777154,2.2450335955997174,2.2450335955997174,0.549734005498804,0.549734005498804,114.82106749103671,229.133459,229.133459,0.8888819487858882,0.8888819487858882,286.420849,1.111118051214112,0.2321507077734393,0.2344266221707719,0.4813463680163111,14.552792755089992,85.47058075819447,1.3979350644001642,25.89010037515621,14.233367634411175,14.484878616120469,14.552792755089992,85.47058075819447,18.63169945307367,0.2476249989314129,-0.3056136253628689,18.63169945307367,0.2476249989314129,0.3056136253628689,0.013290521326575,0.0164028851008785,1.111118051214112,0.9286820235434828,1.0,1.111118051214112,1.111118051214112,0.9286820235434828,1.0,1.111118051214112,11147,10590,0.9500313985825782,114.82106749103671,468.912513,0.6087686407651256,72.00652679087017,0.1535606851909071,0.6271194682673649,0.1535606851909071,0.6271194682673649,5156.811379537603,71.8109419206962,54.40763550412225,40.35922018560469,80.09911944313009,246.4676901369844,295.84742025909065,2.146537177563032,2.5765952775363754,54.40763550412225,40.35922018560469,246.4676901369844,295.84742025909065,0.4738471492469748,0.3514966466302471,2.146537177563032,2.5765952775363754,48.66128615222021,35.26847275856076,65.36192877572867,0.5692503144584596,0.5692503144584596,4215.352197135086,223.333098321224,268.51575328870223,1.9450533181870828,2.33855823810089,77.82143401017727,71.24590809208372,94.87050100200712,0.8262464639549968,0.8262464639549968,8919.014844974368,306.9021009965522,362.5295972338914,2.6728727375793633,3.157343901738168,72.21037111548749,63.29949031386781,88.83813561475431,0.7737093684631461,0.7737093684631461,7578.112545001813,285.202500632177,312.5715871817286,2.4838865102385568,2.722249444389888,Non-monotonic: U-shaped / inverted-U,,,1.9955698375464663,1.9955698375464663,1.9955698375464663,2.4944973536529687
all_zones_E_soil,HD,CLASSIC,LAI,E_soil,LOWESS,11147,9723,0.6513309701424721,0.0,0.9403068032187512,0.0,0.8380318530346766,0.0,0.6513309701424721,0.9403068032187512,0.288975833076279,229.75564021100791,229.75564021100791,0.8977391312012638,0.8977391312012638,0.8025097716519235,0.1918329561818555,0.0056572721662209,positive,0.8025097716519235,96,45.96108613600619,-0.4474399821109087,0.1287942359691734,45.96108613600619,0.4474399821109087,0.1287942359691734,True,False,True,True,96,0.223171135869106,0.9999940325690522,peak,0.63716493,4.208707583112844,-0.3174955483558821,0.0,0.0,True,,,,,255.9269527480351,2.2289198170711444,2.2289198170711444,0.5457882774564284,0.5457882774564284,114.82106749103671,229.75564021100791,229.75564021100791,0.8977391312012638,0.8977391312012638,315.62499180609706,1.2332620242496928,0.2119358220872649,0.2274752851716771,0.5040352271693362,40.176529364371206,612.8703683666944,3.0116292441259693,92.35648157131764,30.77136692665681,39.92870008573487,40.176529364371206,612.8703683666944,45.96108613600619,-0.4474399821109087,0.1287942359691734,45.96108613600619,0.4474399821109087,0.1287942359691734,0.0097351916529314,0.0028022452643536,1.2332620242496966,1.0840662207515654,1.1897594531258118,1.2332620242496966,1.2332620242496966,1.0840662207515654,1.1897594531258118,1.2332620242496966,11147,11147,1.0,114.82106749103671,468.912513,0.6123677832746588,71.48452428328801,0.1524474657883314,0.6225732423962032,0.1524474657883314,0.6225732423962032,5095.909977297454,71.38564265521082,54.38662876511591,41.131080671377035,81.74295387686523,244.3896672077153,290.9317771676807,2.1284392537701593,2.5337839433550964,54.38662876511591,41.131080671377035,244.3896672077153,290.9317771676807,0.4736641972899397,0.3582189363862851,2.1284392537701593,2.5337839433550964,53.04098907293342,39.256014077223504,70.41440750679956,0.6132533780205128,0.6132533780205128,4937.0039958417565,240.7545713490734,285.60657753042136,2.0967804655523463,2.4874056980241597,66.30126423235532,58.99463725847528,80.74941364223903,0.7032630457693887,0.7032630457693887,6513.989047569038,274.1437871406537,306.01900689079787,2.387573928121285,2.6651816916323883,49.239702425524115,36.41836318951394,61.58953094981702,0.5363957355180039,0.5363957355180039,3797.6436133033862,203.66676616672183,238.2790530248305,1.773775236697052,2.0752206736227325,Non-monotonic: U-shaped / inverted-U,,,2.000988540094729,2.000988540094729,2.000988540094729,2.7488421654914132
all_zones_E_soil,HD,CLASSIC,LAI,E_soil,Polynomial degree 3,11147,300,0.2809103856709235,7.609393466331728e-07,0.0993619929110323,0.085783924034697,0.031438127090301,0.4167643518610456,0.2809103856709235,0.0993619929110323,-0.1815483927598912,471.6826764919778,471.6826764919778,1.0,1.0,0.5719063545150501,0.4180602006688963,0.0100334448160535,positive,0.5719063545150501,2,1.2688328547794905,-0.851399830708584,2.5640529776220093,1.2688328547794905,0.851399830708584,2.5640529776220093,True,False,True,True,2,0.2491638795986622,0.4574212882849657,peak,0.7113755337792643,1.7993131905107211,0.2636602464657956,6.00286047897847e-41,6.8676000817196645e-06,False,,,,,471.6826764919778,4.107980240897854,4.107980240897854,1.005907633972604,1.005907633972604,114.82106749103671,471.6826764919778,471.6826764919778,1.0,1.0,769.0575812748604,1.630455430321364,1.466330923124494,0.7940051707375418,5.0866642351666,1.6304554303213643,6.086873192899157,1.065202281095333,1.9427801396669289,3.10863247393534,1.0000000000000004,1.6304554303213643,6.086873192899157,1.2688328547794905,-0.851399830708584,2.5640529776220093,1.2688328547794905,0.851399830708584,2.5640529776220093,0.6710102339338844,2.0207964886498897,1.6304554303213648,0.4904920705270691,0.7723936867148614,1.6304554303213648,1.6304554303213648,0.4904920705270691,0.7723936867148614,1.6304554303213648,11147,11147,1.0,114.82106749103671,468.912513,0.4787820512253845,82.8918400611291,0.1767746386864474,0.7219218726354367,0.1767746386864474,0.7219218726354367,6871.673572889717,82.89555822171485,67.00162653773516,60.84344621362786,120.21641406515768,257.19297237321314,321.10871550659033,2.239945839149165,2.7966010290895182,67.00162653773516,60.84344621362786,257.19297237321314,321.10871550659033,0.5835307753341129,0.5298979320008279,2.239945839149165,2.7966010290895182,66.31867636723604,60.7163709311385,81.82731403747786,0.7126506992618367,0.7126506992618367,6696.36807215407,249.1662169877821,308.37387739715,2.17003919604939,2.6856907372092023,69.64059583294426,59.49295543706262,86.92102262937047,0.7570128420566703,0.7570128420566703,7561.677347938853,297.6143907312683,337.9297558097188,2.5919841822973906,2.94309888589129,102.43499416402794,97.84089135708268,126.07281183234733,1.0979937269977822,1.0979937269977822,15749.17926167661,419.4382193780922,476.12586838362745,3.652972651650663,4.146676901612984,Non-monotonic: U-shaped / inverted-U,,,4.107980240897855,4.107980240897855,4.107980240897855,6.697878691424771
all_zones_E_soil,HD,CLASSIC,LAI,E_soil,GAM,11147,300,0.2127019976396323,0.0002062114563272,0.1272583028700318,0.0275282269717813,0.0707246376811594,0.0677269865940179,0.2127019976396323,0.1272583028700318,-0.0854436947696005,185.1154787543428,185.1154787543428,0.7979037310011021,0.7979037310011021,0.4816053511705686,0.4916387959866221,0.0267558528428093,negative,0.4916387959866221,7,2.456926371460905,-0.0228912742456595,-0.048531854264407,2.456926371460905,0.0228912742456595,0.048531854264407,False,True,True,True,7,0.2274247491638796,1.0,peak,0.6493092120401338,2.80870011826988,-0.0273436573593973,4.851335377307995e-20,0.0967780735600764,False,,,,,232.00227240707952,2.020554916241223,2.020554916241223,0.4947666483088276,0.4947666483088276,114.82106749103671,185.1154787543428,185.1154787543428,0.7979037310011021,0.7979037310011021,335.9553554655078,1.4480692450978598,0.2528408936351585,0.2668788704385961,0.5719750327977706,1.44806924509786,24.738142594760365,0.4885608681605594,3.5710444846014164,1.102228344094767,0.797903731001102,1.44806924509786,24.738142594760365,2.456926371460905,-0.0228912742456595,-0.048531854264407,2.456926371460905,0.0228912742456595,0.048531854264407,0.0093170371369526,0.0197530763754836,1.448069245097861,1.1871841830151078,1.3027080196331282,1.448069245097861,1.448069245097861,1.1871841830151078,1.3027080196331282,1.448069245097861,11147,11147,1.0,114.82106749103671,468.912513,0.5722658009764529,75.09120724799963,0.1601390561484112,0.6539845769493606,0.1601390561484112,0.6539845769493606,5639.193412795581,75.09456313739085,60.002142727769574,48.87747240199295,97.04270064326592,253.81482638808563,298.6963914831596,2.21052487957316,2.601407546628816,60.002142727769574,48.87747240199295,253.81482638808563,298.6963914831596,0.5225708490513165,0.4256838354669405,2.21052487957316,2.601407546628816,59.34864739421304,48.1144402952916,74.56302890918018,0.6493845645094772,0.6493845645094772,5560.205672462538,252.00709395402737,296.4285447495838,2.194780970606285,2.58165640876596,66.60812500497745,59.75710365454674,80.54112084601421,0.7014489814972455,0.7014489814972455,6491.413173092286,268.00122396234957,303.6207002729146,2.3340770976830583,2.6442943521372166,48.35113755822432,40.47679777475193,60.66915223150886,0.5283799703067982,0.5283799703067982,3711.3239091248047,200.09086186286936,239.49375453097116,1.7426319597532836,2.085799755777978,Non-monotonic: U-shaped / inverted-U,,,1.6122083063614914,1.6122083063614914,1.6122083063614914,2.9259034322401987
all_zones_E_soil,HD,CLASSIC,LAI,E_soil,Piecewise linear,11147,300,0.9005942618139341,7.558423924788515e-110,1.0,0.0,1.0,0.0,0.9005942618139341,1.0,0.0994057381860659,272.9861976927109,272.9861976927109,1.0,1.0,1.0,0.0,0.0,positive,1.0,0,2.295069096787685,0.3492115091519168,0.3492115091519166,2.295069096787685,0.3492115091519168,0.3492115091519166,True,False,False,False,0,,,,,,,,,,,,,,272.9861976927109,2.377492246481866,2.377492246481866,0.5821687204425506,0.5821687204425506,114.82106749103671,272.9861976927109,272.9861976927109,1.0,1.0,272.9861976927109,1.0,0.1741990004038321,0.1777376499966295,0.7567442394019009,0.9999999999999996,39.33553398154221,0.3492115091519164,4.990353578334609,1.4488410471358293e-14,0.9999999999999996,0.9999999999999996,39.33553398154221,2.295069096787685,0.3492115091519168,0.3492115091519166,2.295069096787685,0.3492115091519168,0.3492115091519166,0.1521572965453171,0.152157296545317,1.0,0.767581637721634,0.8832068531264493,1.0,1.0,0.767581637721634,0.8832068531264493,1.0,11147,11147,1.0,114.82106749103671,468.912513,0.5746522528124289,74.88143654956927,0.1596917004208187,0.6521576413267081,0.1596917004208187,0.6521576413267081,5607.7325850772795,74.88479541987999,57.92019747635056,43.350842587949195,87.34459963191492,263.91076036951654,307.7166969249361,2.2984524193708458,2.6799672189858135,57.92019747635056,43.350842587949195,263.91076036951654,307.7166969249361,0.5044387649581117,0.3775512938105482,2.2984524193708458,2.6799672189858135,56.79903783354438,42.167449137634435,73.89353401430212,0.6435537974777187,0.6435537974777187,5455.152777850106,261.0465476538793,305.7627416439731,2.273507409032383,2.662949825543486,67.26924942574203,62.13563348943307,82.90535480872126,0.7220395753174225,0.7220395753174225,6604.5704474253025,268.2389769402747,298.39556428931405,2.336147736661778,2.5987875814915906,60.08414244718771,50.06010854747498,73.74952365540517,0.6422995820097411,0.6422995820097411,3838.967862889174,209.99027010301825,236.44597927821587,1.8288479169505256,2.059256062017308,Linear,0.0476586167557213,,2.3774922464818666,2.3774922464818666,2.3774922464818666,2.3774922464818666
all_zones_E_soil,HD,CLASSIC,LAI,E_soil,Symbolic regression,11147,300,0.8379967587280244,2.22337057972501e-80,0.8333852598362204,1.0071485734660204e-78,0.6910144927536231,2.946791763779351e-71,0.8379967587280244,0.8333852598362204,-0.004611498891804,341.7584438480646,341.7584438480646,1.0,1.0,0.7357859531772575,0.2207357859531772,0.0434782608695652,positive,0.7357859531772575,2,1.8970862259850003,0.2322388147781168,0.8629973473846638,1.8970862259850003,0.2322388147781168,0.8629973473846638,True,False,True,True,2,0.3779264214046823,0.6327374033335758,valley,1.0789991317725751,0.3697485211693387,0.5917140419327617,5.567742379490139e-07,3.2003489886590194e-113,False,,,,,341.7584438480646,2.9764437077258776,2.9764437077258776,0.728831998236875,0.728831998236875,114.82106749103671,341.7584438480646,341.7584438480646,1.0,1.0,364.0066963338279,1.0650993498075914,0.3434305031538665,0.2169928587813463,1.056919133606712,1.0650993498075914,80.573384239426,0.4249061703345112,4.892793320794952,0.852977601985427,1.0,1.0650993498075914,80.573384239426,1.8970862259850003,0.2322388147781168,0.8629973473846638,1.8970862259850003,0.2322388147781168,0.8629973473846638,0.1224186922012647,0.4549067594102531,1.065099349807591,0.696097157817552,0.7764714744281052,1.065099349807591,1.065099349807591,0.696097157817552,0.7764714744281052,1.065099349807591,11147,11147,1.0,114.82106749103671,468.912513,0.5934827023831415,73.20514647128456,0.1561168542996091,0.6375584905357127,0.1561168542996091,0.6375584905357127,5356.828086896557,73.19035514940856,56.26498340146775,42.69920821679841,85.21948680950561,255.2109803223007,300.4635160054042,2.222684267782332,2.616797793043156,56.26498340146775,42.69920821679841,255.2109803223007,300.4635160054042,0.4900231693618417,0.3718760777078791,2.222684267782332,2.616797793043156,54.92923891373361,40.69993499545935,72.13961720078217,0.6282785796814997,0.6282785796814997,5197.657936816938,251.59870775687912,299.168255250386,2.1912242522611947,2.6055171040257044,66.63815384357754,59.36118751128555,80.92090498278957,0.7047565986887074,0.7047565986887074,6547.2949642991025,265.95105511275125,300.85679699866887,2.3162217607279447,2.620222957099355,67.38590786780884,60.978994399403206,82.45577319517842,0.7181240777230639,0.7181240777230639,4502.514834900018,221.7342506035747,250.5351259000933,1.93112862864547,2.181961301828611,Non-monotonic: U-shaped / inverted-U,,"sub(add(add(sqrt(sub(0.561, -0.973)), mul(sub(add(div(sub(sqrt(log(0.245)), 0.193), sqrt(-0.517)), add(div(X0, -0.992), mul(X0, X0))), add(log(mul(-0.111, X0)), log(mul(-0.979, X0)))), sub(sqrt(sub(sqrt(add(add(add(sqrt(X0), div(mul(0.315, 0.575), mul(mul(0.529, -0.023), sub(0.888, -0.473)))), log(mul(div(X0, X0), div(X0, 0.173)))), sub(sub(sqrt(sqrt(sqrt(log(0.825)))), div(X0, 0.863)), log(X0)))), div(sqrt(div(sub(-0.562, -0.473), mul(0.019, -0.910))), mul(sub(0.305, -0.154), log(-0.825))))), div(mul(div(X0, X0), div(X0, 0.173)), mul(sub(X0, -0.154), log(-0.825)))))), div(div(X0, -0.008), sub(-0.131, X0))), div(log(log(sqrt(log(0.245)))), log(log(-0.344))))",2.976443707725878,2.976443707725878,2.976443707725878,3.17020825783773
all_zones_E_soil,HD,LPJ-GUESS,LAI,E_soil,Equal-width bins,11341,10,0.560733939296257,0.0917553517578008,0.5030303030303029,0.1383336983944919,0.5111111111111111,0.0466225749559082,0.560733939296257,0.5030303030303029,-0.057703636265954,23.985366000000003,23.985366000000003,0.3074844456395795,0.3074844456395795,0.7777777777777778,0.2222222222222222,0.0,positive,0.7777777777777778,3,1.8625742418985327,0.6400616402095856,-1.8561457204362253,1.8625742418985327,0.6400616402095856,1.8561457204362253,False,True,True,True,3,0.8903848711301882,0.9937325045845576,peak,2.5891114,0.8809280437270339,,0.0057344626964509,,,,,,,78.005136,1.8066755867857136,1.8066755867857136,0.3557568732022557,0.3557568732022557,43.17606136405497,23.985366000000003,23.985366000000003,0.3074844456395795,0.3074844456395795,151.388128,1.9407456452611016,1.5123491001113727,0.651392018107201,8.12611908107546,1.9638063374127777,6.754189889782197,1.063796980584905,2.840797366192155,0.7956665703216776,0.2154967205572976,1.9638063374127777,6.754189889782197,1.8625742418985327,0.6400616402095856,-1.8561457204362253,1.8625742418985327,0.6400616402095856,1.8561457204362253,0.3436435583674597,0.9965485824308647,1.9407456452611016,0.6398325617943926,1.1016919834611918,1.9407456452611016,1.9407456452611016,0.6398325617943926,1.1016919834611918,1.9407456452611016,11341,8938,0.7881139229344855,43.17606136405497,219.2652957,0.0795621242369761,41.58751480271857,0.189667565357077,0.963207700953962,0.189667565357077,0.963207700953962,1591.2644080968207,39.89065564887121,29.668733450693253,20.467641705657467,46.77482376734548,128.81214118455333,159.5563302760802,2.9834157427752843,3.695481367110395,29.668733450693253,20.467641705657467,128.81214118455333,159.5563302760802,0.6871570150998796,0.4740506905684832,2.9834157427752843,3.695481367110395,27.362605673083888,18.947216457426,39.01617975162278,0.9036530549334592,0.9036530549334592,1383.855437234791,117.73185703104669,148.3909024312345,2.726785475829925,3.4368790886232436,35.23391715945399,24.79735129109747,48.15839279879996,1.1153956909764096,1.1153956909764096,2092.4722680154377,150.15938753230822,174.83400012393324,3.477838941032246,4.049327210505736,47.94620117900227,50.183278657857784,53.929980854635886,1.2490713407113552,1.2490713407113552,2885.192077377468,153.3107607962637,181.81716255578473,3.550827841927664,4.211064113114114,Non-monotonic: U-shaped / inverted-U,,,0.5555246412533671,0.5555246412533671,0.5555246412533671,3.5062977774539195
all_zones_E_soil,HD,LPJ-GUESS,LAI,E_soil,Equal-count bins,11341,10,0.7895345693732411,0.0066006125015235,0.9515151515151514,2.279854920641689e-05,0.8666666666666666,0.0001151895943562,0.7895345693732411,0.9515151515151514,0.1619805821419103,50.521888,50.521888,0.9007828833685052,0.9007828833685052,0.7777777777777778,0.2222222222222222,0.0,positive,0.7777777777777778,3,2.733546535277369,0.6176108946240346,-0.2861400180475678,2.733546535277369,0.6176108946240346,0.2861400180475678,False,True,True,True,3,0.698335274473627,0.9871012333749364,peak,1.2252290175,1.555556545398356,,0.000904226769154,,,,,,,56.086643,1.299021754835039,1.299021754835039,0.2557935254685176,0.2557935254685176,43.17606136405497,50.521888,50.521888,0.9007828833685052,0.9007828833685052,64.68519599999999,1.1533083910905488,0.5969909936280834,0.5855180227786965,1.6443379254208477,2.058585348869052,5.807346193577582,1.944442253851974,1.8903015004052737,2.671988596611061,1.9278178869849685,2.058585348869052,5.807346193577582,2.733546535277369,0.6176108946240346,-0.2861400180475678,2.733546535277369,0.6176108946240346,0.2861400180475678,0.2259375820581618,0.1046772075597877,1.1533083910905488,0.8615510291817607,1.0540912744590545,1.1533083910905488,1.1533083910905488,0.8615510291817607,1.0540912744590545,1.1533083910905488,11341,10207,0.9000088175645886,43.17606136405497,219.2652957,0.2270156111459003,36.888419973641334,0.168236472880379,0.8543720480338153,0.168236472880379,0.8543720480338153,1261.8954436804424,35.523167703351604,24.622400684849936,15.608952903743056,35.28110699084169,116.39962642777408,147.3961998711832,2.6959297061931484,3.4138408000757057,24.622400684849936,15.608952903743056,116.39962642777408,147.3961998711832,0.5702789904164031,0.3615186844425289,2.6959297061931484,3.4138408000757057,20.836476189369993,12.927185634408463,31.513939315244315,0.7298937957661966,0.7298937957661966,922.5468575108736,95.63162809106544,123.8279406243284,2.2149224609607603,2.8679767610164157,31.1705970920638,19.864230268973607,45.07628825537176,1.0440111217022394,1.0440111217022394,1838.091914212171,141.73674792291837,165.88432615132427,3.2827623327614908,3.842043968591972,33.93498430425255,23.922965714481165,46.75139568023638,1.0828082553902878,1.0828082553902878,2072.510814239553,150.3240327839119,172.17820705932914,3.4816522868169715,3.9878164339156537,Non-monotonic: U-shaped / inverted-U,,,1.1701365618787216,1.1701365618787216,1.1701365618787216,1.4981726900604195
all_zones_E_soil,HD,LPJ-GUESS,LAI,E_soil,LOWESS,11341,11339,0.7867627133747653,0.0,0.9801537165031572,0.0,0.9230093170446516,0.0,0.7867627133747653,0.9801537165031572,0.1933910031283918,66.4308383718892,66.4308383718892,1.0,1.0,0.8599400246957135,0.1300934909155053,0.009966484388781,positive,0.8599400246957135,224,3.691309109786102,-0.2346477780268606,0.4780457554105125,3.691309109786102,0.2346477780268606,0.4780457554105125,True,False,True,True,224,0.1404630955161093,0.685856028042753,valley,0.4344919875,5.020963002746083,0.304372510754491,0.0,0.0,False,,,,,66.4308383718892,1.5386034824194117,1.5386034824194117,0.302970144727236,0.302970144727236,43.17606136405497,66.4308383718892,66.4308383718892,1.0,1.0,79.49197501608344,1.1966125517049195,0.4956934327011527,0.5019688182498585,1.105704102358518,3.0990660552740588,6.968716955541703,2.6499435409376715,2.6842382856154794,5.352726608076959,2.9533872447880216,3.0990660552740588,6.968716955541703,3.691309109786102,-0.2346477780268606,0.4780457554105125,3.691309109786102,0.2346477780268606,0.4780457554105125,0.063567631712224,0.129505750180378,1.19661255170492,0.8682500914886992,1.0383458578536409,1.19661255170492,1.19661255170492,0.8682500914886992,1.0383458578536409,1.19661255170492,11341,11341,1.0,43.17606136405497,219.2652957,0.2534515744401752,37.303782156956544,0.1701308090633539,0.8639922442766577,0.1701308090633539,0.8639922442766577,1312.457506739285,36.227855398012245,24.76190225565326,16.276157461041898,35.33812851683275,118.50883098497248,149.17238542508554,2.7447809559496714,3.4549790025376157,24.76190225565326,16.276157461041898,118.50883098497248,149.17238542508554,0.5735099838510997,0.3769717974922131,2.7447809559496714,3.4549790025376157,21.81343152672604,14.40270549974741,33.74012616656266,0.7814544703851116,0.7814544703851116,1084.1727539025048,107.04484981865556,137.79087634908086,2.479263889220168,3.191372070445379,35.352716174450975,24.35480530337388,48.73223194902521,1.1286863694703722,1.1286863694703722,2113.357139278606,148.86901015260403,173.06233687135745,3.4479525331724856,4.008293748985536,47.73794905607919,42.69839685191015,53.978081897584175,1.2501854081234498,1.2501854081234498,2827.327257246401,146.8811008427354,168.41148375450013,3.401910600512005,3.9005754215160167,Non-monotonic: U-shaped / inverted-U,,,1.5386034824194117,1.5386034824194117,1.5386034824194117,1.8411122391599681
all_zones_E_soil,HD,LPJ-GUESS,LAI,E_soil,Polynomial degree 3,11341,300,0.6367598443224219,1.6256900917789239e-35,0.4623544706052289,2.6982174090971506e-17,0.3137123745819398,5.353308775724578e-16,0.6367598443224219,0.4623544706052289,-0.174405373717193,92.46693666046843,92.46693666046843,1.0,1.0,0.6354515050167224,0.3478260869565217,0.0167224080267558,positive,0.6354515050167224,2,2.3358700464381923,-0.3604508115246371,1.0109762569711984,2.3358700464381923,0.3604508115246371,1.0109762569711984,True,False,True,True,2,0.7324414715719063,0.649092894813235,valley,2.2420635743143813,0.562800001848872,1.269389185531943,6.068920383504422e-26,6.3920912220446394e-43,False,,,,,92.46693666046843,2.1416250982413416,2.1416250982413416,0.4217125941671235,0.4217125941671235,43.17606136405497,92.46693666046843,92.46693666046843,1.0,1.0,118.03273568764564,1.2764858440271785,0.6360868957445688,0.4200420435788443,2.870753574085024,1.2764858440271785,5.017334031430047,0.5818534786972823,1.482515815878551,2.284271647768046,1.0,1.2764858440271785,5.017334031430047,2.3358700464381923,-0.3604508115246371,1.0109762569711984,2.3358700464381923,0.3604508115246371,1.0109762569711984,0.1543111578806636,0.4328050092139187,1.276485844027179,0.7812274402803318,0.9127907831423436,1.276485844027179,1.276485844027179,0.7812274402803318,0.9127907831423436,1.276485844027179,11341,11341,1.0,43.17606136405497,219.2652957,0.308807803256622,35.894118116593795,0.1637017750666039,0.8313430401615197,0.1637017750666039,0.8313430401615197,1288.5013285117734,35.89570069676553,26.12160640491885,20.42337739292831,36.40926851331175,118.77142046602587,151.62055487795124,2.750862786314866,3.5116810122976783,26.12160640491885,20.42337739292831,118.77142046602587,151.62055487795124,0.605002067804769,0.4730254855977026,2.750862786314866,3.5116810122976783,22.961305274015388,17.420785436481548,32.49312971297911,0.7525728073943855,0.7525728073943855,1055.8672855479333,104.51287538262292,137.24838325378454,2.420620873714808,3.1788073973798556,37.89584589615448,33.17397356602594,46.35335361526561,1.0735892101046485,1.0735892101046485,2147.224559781042,149.86467083984328,173.47606523967673,3.4710130128870196,4.017876104467912,48.16922331282925,44.90247664609651,54.30807577508252,1.2578283905325185,1.2578283905325185,2949.6805872922546,153.303212465614,178.72862514721447,3.5506530151738738,4.1395305523632135,Non-monotonic: U-shaped / inverted-U,,,2.1416250982413416,2.1416250982413416,2.1416250982413416,2.7337541211183867
all_zones_E_soil,HD,LPJ-GUESS,LAI,E_soil,GAM,11341,300,0.4729521286558543,3.985919721614172e-18,0.4436151512794586,6.775202134865304e-16,0.3497435897435897,1.656829224230416e-19,0.4729521286558543,0.4436151512794586,-0.0293369773763957,37.56513141618489,37.56513141618489,0.5007146411956228,0.5007146411956228,0.5384615384615384,0.4481605351170568,0.0133779264214046,positive,0.5384615384615384,3,2.777416837126147,0.213762793262463,-1.4919052252810736,2.777416837126147,0.213762793262463,1.4919052252810736,False,True,True,True,3,0.6722408026755853,1.0,peak,2.058244328535117,0.9681862928759674,-1.338025520474829,1.2375432070160081e-42,4.295904359513134e-37,True,,,,,75.02303373131977,1.7376071684430694,1.7376071684430694,0.3421564433706222,0.3421564433706222,43.17606136405497,37.56513141618489,37.56513141618489,0.5007146411956228,0.5007146411956228,122.97055536772716,1.6391040091516695,0.8477838435200444,0.347076275109613,6.416653500832225,1.639104009151669,6.251466226959943,0.8794165144389846,2.3272759332580253,1.5183613858885734,0.5007146411956228,1.639104009151669,6.251466226959943,2.777416837126147,0.213762793262463,-1.4919052252810736,2.777416837126147,0.213762793262463,1.4919052252810736,0.0769646062503343,0.5371556783765954,1.6391040091516702,0.9293397101487536,1.1394982498308996,1.6391040091516702,1.6391040091516702,0.9293397101487536,1.1394982498308996,1.6391040091516702,11341,11341,1.0,43.17606136405497,219.2652957,0.3201881403677127,35.59739705490598,0.1623485236971132,0.8244706888558762,0.1623485236971132,0.8244706888558762,1267.2864208666376,35.5989665702059,25.749366125617453,20.074239367086136,36.92376901939316,118.3148875166809,150.54252073988965,2.7402890346820903,3.486712682533373,25.749366125617453,20.074239367086136,118.3148875166809,150.54252073988965,0.5963806172244875,0.4649391059046063,2.7402890346820903,3.486712682533373,22.771657415484093,17.1444547696588,32.33902011148566,0.7490034776170809,0.7490034776170809,1045.9024647659537,106.30248412013792,136.8986367045366,2.4620699702969455,3.1707069236868315,36.71787196789269,31.351683061670933,45.85598803982004,1.0620697347349095,1.0620697347349095,2102.7059342226476,150.8304805619547,171.400368138053,3.4933821149217748,3.969800920302277,47.288901321634256,48.99987558002212,52.39392702437288,1.2134948248890525,1.2134948248890525,2749.9262685411873,144.55918292548222,163.96632329750085,3.348132700353973,3.797621138133884,Non-monotonic: U-shaped / inverted-U,,,0.8700453498859138,0.8700453498859138,0.8700453498859138,2.848118876125715
all_zones_E_soil,HD,LPJ-GUESS,LAI,E_soil,Piecewise linear,11341,300,0.7254721991940651,2.8262056670611514e-50,1.0,0.0,1.0,0.0,0.7254721991940651,1.0,0.2745278008059348,75.72367224941762,75.72367224941762,1.0,1.0,1.0,0.0,0.0,positive,1.0,0,2.6222969358786243,0.1847754091062194,0.1847754091062194,2.6222969358786243,0.1847754091062194,0.1847754091062194,True,False,False,False,0,,,,,,,,,,,,,,75.72367224941762,1.7538346448724305,1.7538346448724305,0.3453518351258978,0.3453518351258978,43.17606136405497,75.72367224941762,75.72367224941762,1.0,1.0,75.72367224941762,1.0,0.2217374529077649,0.1223253207291428,0.9446825217582804,1.0000000000000002,5.420205694182784,0.1847754091062272,1.892314175666533,3.855249453010856e-14,1.0000000000000002,1.0000000000000002,5.420205694182784,2.6222969358786243,0.1847754091062194,0.1847754091062194,2.6222969358786243,0.1847754091062194,0.1847754091062194,0.0704631907157793,0.0704631907157794,1.0,0.8770223865814794,0.9382022043123012,1.0,1.0,0.8770223865814794,0.9382022043123012,1.0,11341,11341,1.0,43.17606136405497,219.2652957,0.3198353862731146,35.606631594463266,0.1623906395254653,0.8246845698646004,0.1623906395254653,0.8246845698646004,1267.9440119501446,35.6082014703094,25.755312257684352,19.924668640189896,36.44112487656063,119.2600062338284,149.74576732161054,2.7621789127137704,3.4682590905866464,25.755312257684352,19.924668640189896,119.2600062338284,149.74576732161054,0.5965183354850014,0.4614749009222417,2.7621789127137704,3.4682590905866464,22.73963115271124,17.09594980243117,32.245591892017416,0.7468395882645883,0.7468395882645883,1039.8372235928643,107.09919246675008,137.80107146569907,2.4805225183395847,3.191608199362564,36.89236897770363,30.9759871282492,46.095211481327226,1.0676103846679843,1.0676103846679843,2122.577329714805,151.44894298384304,170.88775949403745,3.507706312228091,3.9579284004887314,47.394476284251546,50.63004491956328,53.05077452257629,1.228708058274677,1.228708058274677,2806.5860279052904,145.3271992981838,166.23521484273596,3.3659207140920895,3.850170895419619,Monotonic nonlinear,0.4810567054286807,,1.7538346448724305,1.7538346448724305,1.7538346448724305,1.7538346448724305
all_zones_E_soil,HD,LPJ-GUESS,LAI,E_soil,Symbolic regression,11341,300,0.0468586801138888,0.4187037079182772,-0.1261951799464438,0.028860728347624,-0.2077146042363434,8.082688190652415e-08,0.0468586801138888,0.1261951799464438,0.0793364998325549,29.753384187511973,29.753384187511973,0.5392259992278915,0.5392259992278915,0.3779264214046823,0.6153846153846154,0.0066889632107023,negative,0.6153846153846154,1,2.9600118335236094,-0.5543128168022166,-0.7989564071980196,2.9600118335236094,0.5543128168022166,0.7989564071980196,False,True,False,True,1,0.3812709030100334,1.0,peak,1.1697846406020067,2.325873035674103,-0.8212410131982975,6.796066706817933e-62,5.973056069903538e-221,True,,,,,55.17794807764339,1.2779754876756837,1.2779754876756837,0.2516492539391102,0.2516492539391102,43.17606136405497,29.753384187511973,29.753384187511973,0.5392259992278915,0.5392259992278915,80.60251196777482,1.4607740007721084,0.6297162236067029,0.6228603687999649,1.695825694404905,1.4607740007721086,18.88994032169661,0.8720877709915068,2.235369542727805,2.317863636269438,0.5392259992278916,1.4607740007721086,18.88994032169661,2.9600118335236094,-0.5543128168022166,-0.7989564071980196,2.9600118335236094,0.5543128168022166,0.7989564071980196,0.1872670948556176,0.2699166260585313,1.4607740007721095,0.9899705128841504,1.1935645000369857,1.4607740007721095,1.4607740007721095,0.9899705128841504,1.1935645000369857,1.4607740007721095,11341,11341,1.0,43.17606136405497,219.2652957,0.1599709921410321,39.570452450605394,0.1804683788388743,0.9164905551933616,0.1804683788388743,0.9164905551933616,1352.2805881016309,36.77336791893871,25.172842116825706,13.77469245947745,36.59026785811555,118.33096810678458,149.20752250498688,2.740661476947449,3.4557928118289514,25.172842116825706,13.77469245947745,118.33096810678458,149.20752250498688,0.5830277547683553,0.3190354104634747,2.740661476947449,3.4557928118289514,22.12729630817436,12.014333439560868,35.77280797914795,0.8285333781957611,0.8285333781957611,1118.583026156758,105.97057101319922,135.777263408295,2.4543825366484695,3.1447348164400326,35.974794538477866,23.41173081326707,50.76484399879752,1.175763661505734,1.175763661505734,2143.4177069140324,149.5678912677268,173.37507118685636,3.4641393064223633,4.015536982981846,49.74495326578569,45.59495991994193,62.419946842186654,1.445707294045877,1.445707294045877,2776.3125957141106,145.21346461450702,164.46199854116685,3.3632865070782128,3.8091014637589224,Non-monotonic: U-shaped / inverted-U,,"add(add(div(div(div(0.332, -0.966), sub(0.643, 0.650)), sub(mul(0.869, X0), log(X0))), log(0.014)), log(X0))",0.6891176093306723,0.6891176093306723,0.6891176093306723,1.8668333660206948
all_zones_E_soil,CW,CLASSIC,P,E_soil,Equal-width bins,21322,10,0.864567594861473,0.0012458976791849,0.8424242424242423,0.0022200312259168,0.7333333333333333,0.002212852733686,0.864567594861473,0.8424242424242423,-0.0221433524372307,43.92592000000002,43.92592000000002,0.5987911420026799,0.5987911420026799,0.6666666666666666,0.3333333333333333,0.0,positive,0.6666666666666666,3,0.8347493105308774,1.0733403972557811,-0.5012921881101312,0.8347493105308774,1.0733403972557811,0.5012921881101312,False,True,True,True,3,0.7911259341955013,0.9867469635431626,peak,1591.1291666666666,1.0089776116161735,-1.9856611323459243,0.0025187710056976,0.1433774839001628,False,,,,,73.357665,1.24347957431253,1.24347957431253,0.2141576066177484,0.2141576066177484,58.99386408542859,43.92592000000002,43.92592000000002,0.5987911420026799,0.5987911420026799,135.00499000000002,1.840366511120549,0.4633154627675625,0.5294910760202798,1.0677271993122306,1.8305531717864023,2.8480692602569215,2.2524006522148303,1.9632012026557468,3.518305770822793,0.4689325065588426,1.8305531717864023,2.8480692602569215,0.8347493105308774,1.0733403972557811,-0.5012921881101312,0.8347493105308774,1.0733403972557811,0.5012921881101312,1.2858236403611605,0.6005302212125497,1.840366511120549,0.3174630762852117,1.1561869506070024,1.840366511120549,1.840366511120549,0.3174630762852117,1.1561869506070024,1.840366511120549,21322,21300,0.9989682018572368,58.99386408542859,342.540553,0.0393422134829063,57.80435068043589,0.1687518460929088,0.9798366588893012,0.1687518460929088,0.9798366588893012,3298.3893731004596,57.43160604667485,44.44085911944548,35.6025319963452,72.76071132960766,187.47417163821743,232.58247992266575,3.1778588255676463,3.942485943722296,44.44085911944548,35.6025319963452,187.47417163821743,232.58247992266575,0.7533132438161873,0.6034955083598089,3.1778588255676463,3.942485943722296,41.37539460197,33.19289974874087,53.500366189873354,0.9068801818507743,0.9068801818507743,2842.7044773013417,175.65588629182278,209.1324643713963,2.977528070333836,3.544986713678445,53.00750024026109,44.00656241165292,68.30558336157321,1.157842165799826,1.157842165799826,4494.829135405599,223.8546558425678,272.765264573771,3.794541336000732,4.623620927403256,60.81056149788795,47.61623156538147,77.99136522809845,1.3220250349283733,1.3220250349283733,5996.001656300506,269.9858283871314,297.1426243340901,4.576506939707609,5.036839490693473,Non-monotonic: U-shaped / inverted-U,,,0.7445845543596061,0.7445845543596061,0.7445845543596061,2.2884581658272167
all_zones_E_soil,CW,CLASSIC,P,E_soil,Equal-count bins,21322,10,0.5201435379701747,0.1232690357955214,0.5030303030303029,0.1383336983944919,0.4222222222222222,0.108313492063492,0.5201435379701747,0.5030303030303029,-0.0171132349398717,49.457575000000006,49.457575000000006,1.0,1.0,0.7777777777777778,0.2222222222222222,0.0,positive,0.7777777777777778,2,2.401075893682895,-1.4659011588097972,0.1353556544168324,2.401075893682895,1.4659011588097972,0.1353556544168324,True,False,True,True,2,0.3103273922240772,0.7981194932236284,peak,511.9765299479167,3.3844463984843784,0.878831119897004,0.0330333176255014,0.2372102675931144,False,,,,,49.457575000000006,0.8383511703586808,0.8383511703586808,0.1443845832758961,0.1443845832758961,58.99386408542859,49.457575000000006,49.457575000000006,1.0,1.0,121.37304499999998,2.4540840306060288,0.7276050024082978,0.6500736116907024,1.620040001941342,3.284880457851988,6.746739232588172,4.360642620429321,4.047103814880646,4.229076527256554,0.4306727326565802,3.284880457851988,6.746739232588172,2.401075893682895,-1.4659011588097972,0.1353556544168324,2.401075893682895,1.4659011588097972,0.1353556544168324,0.6105184607727338,0.0563729179793717,2.4540840306060288,0.7987412443897619,2.4072310460025577,2.4540840306060288,2.4540840306060288,0.7987412443897619,2.4072310460025577,2.4540840306060288,21322,19190,0.900009379983116,58.99386408542859,342.540553,0.0580294950245584,56.28461752074551,0.1643151942968502,0.95407579064901,0.1643151942968502,0.95407579064901,3114.1757064665467,55.80480003070118,42.64403662594335,34.431656500458146,70.38013732695761,180.08743301178734,223.7516839206851,3.052646843932854,3.792795867662981,42.64403662594335,34.431656500458146,180.08743301178734,223.7516839206851,0.7228554577165996,0.5836480968698357,3.052646843932854,3.792795867662981,33.61389223195461,25.86132995305408,44.58675697748244,0.7557863460667142,0.7557863460667142,1972.573570912866,150.28311809156747,175.75129622169453,2.5474364227768427,2.9791453559846555,50.18592212197809,43.06396904240128,63.961796165693144,1.084210996470252,1.084210996470252,4021.1868517647417,205.8949929476761,250.8950812306376,3.490108609422855,4.252901299486303,54.08211614738741,42.68278546003305,70.08032471723891,1.1879256563997247,1.1879256563997247,4561.4287772669195,221.95945768156025,274.37756177388474,3.762415992282559,4.650950840863053,Non-monotonic: U-shaped / inverted-U,,,0.8383511703586808,0.8383511703586808,0.8383511703586808,2.057384219217113
all_zones_E_soil,CW,CLASSIC,P,E_soil,LOWESS,21322,20661,0.5489470149702751,0.0,0.3484917657645363,0.0,0.2330040843257166,0.0,0.5489470149702751,0.3484917657645363,-0.2004552492057388,50.18171351209298,50.18171351209298,0.634310926366021,0.634310926366021,0.5975314617618587,0.3995643756050339,0.0029041626331074,positive,0.5975314617618587,477,0.5073777699640182,2.5125110193811717,0.1806745336945878,0.5073777699640182,2.5125110193811717,0.1806745336945878,True,False,True,True,477,0.0826376343439167,1.9034890236873208e-06,valley,177.0772786458333,-4.358660454520495,0.9277327999877754,5.050804295868329e-15,0.0,True,,,,,79.11216948379708,1.341023693061287,1.341023693061287,0.2309570904552054,0.2309570904552054,58.99386408542859,50.18171351209298,50.18171351209298,0.634310926366021,0.634310926366021,185.4791815580367,2.34450885076568,0.6977465897826863,0.6136279208681754,2.2259604935605117,5.0600317783840065,39.28399788527099,5.5444802669481135,6.041857812363364,8.51746871403181,0.9000198155565545,5.0600317783840065,39.28399788527099,0.5073777699640182,2.5125110193811717,0.1806745336945878,0.5073777699640182,2.5125110193811717,0.1806745336945878,4.951953294207888,0.3560946978567879,2.344508850765669,1.781983688892356,2.287761223825212,2.344508850765669,2.344508850765669,1.781983688892356,2.287761223825212,2.344508850765669,21322,21322,1.0,58.99386408542859,342.540553,0.0805510249882315,56.566652048465365,0.1651385552835998,0.9588565340719436,0.1651385552835998,0.9588565340719436,3162.2363248422353,56.23376498903693,42.86666011617438,34.52065123871902,70.28367712898734,181.98731870158633,227.30124653969511,3.0848516455550667,3.85296420337108,42.86666011617438,34.52065123871902,181.98731870158633,227.30124653969511,0.7266291296684597,0.5851566391503007,3.0848516455550667,3.85296420337108,40.10627356083578,32.1972134046992,53.015272922298685,0.898657406904685,0.898657406904685,2788.57043576002,169.81282994702818,209.7359734750998,2.8784829164796433,3.555216745446317,52.63363396978233,43.00250605304653,67.31216072082779,1.1410027426471596,1.1410027426471596,4405.420349430982,218.93684200553685,269.1121211904968,3.7111798896321826,4.561696802921698,65.38341772466651,48.2518248235682,83.70684147975065,1.4189075894153225,1.4189075894153225,6743.501603785982,287.95997447858355,304.0722434324573,4.881185169725292,5.154302877874425,Non-monotonic: U-shaped / inverted-U,,,0.8506259810244876,0.8506259810244876,0.8506259810244876,3.1440419174686647
all_zones_E_soil,CW,CLASSIC,P,E_soil,Polynomial degree 3,21322,300,0.9001603177945252,1.3987211296758798e-109,0.8660567339637106,1.0126366135348185e-91,0.7376588628762542,6.116539296182163e-81,0.9001603177945252,0.8660567339637106,-0.0341035838308145,33.01811483931803,33.01811483931803,0.5569442354953265,0.5569442354953265,0.6989966555183946,0.294314381270903,0.0066889632107023,positive,0.6989966555183946,2,0.9236617452041548,1.8494673361623049,-1.08937114387381,0.9236617452041548,1.8494673361623049,1.08937114387381,False,True,True,True,2,0.7642140468227425,0.999988925543164,peak,1637.5703974184785,1.6112681686026575,-1.753297174067605,2.0638368508772928e-187,2.1800118862151653e-40,True,,,,,59.2844179632327,1.004925154205586,1.004925154205586,0.173072698820664,0.173072698820664,58.99386408542859,33.01811483931803,33.01811483931803,0.5569442354953265,0.5569442354953265,85.55072108714737,1.4430557645046735,0.2678274304716391,0.2370464200050147,1.316117231353232,1.4430557645046738,3.8245740972221696,1.5297573139310654,1.5646487504130189,2.170180565750542,0.5569442354953265,1.4430557645046738,3.8245740972221696,0.9236617452041548,1.8494673361623049,-1.08937114387381,0.9236617452041548,1.8494673361623049,1.08937114387381,2.002321029061912,1.179404851971031,1.4430557645046744,0.3597731669759053,0.9721386060396784,1.4430557645046744,1.4430557645046744,0.3597731669759053,0.9721386060396784,1.4430557645046744,21322,21322,1.0,58.99386408542859,342.540553,0.0440175955949715,57.67951610685632,0.1683874087365542,0.977720598591932,0.1683874087365542,0.977720598591932,3327.082618147087,57.68086873606436,45.05714437883239,37.130808724541744,72.7440623996277,188.9433727948031,233.28649460508515,3.2027631300976585,3.954419637053519,45.05714437883239,37.130808724541744,188.9433727948031,233.28649460508515,0.7637598431183532,0.6294011979071736,3.2027631300976585,3.954419637053519,42.73364154854208,35.29569317581594,54.58409316360992,0.925250346113404,0.925250346113404,2976.7295640483253,180.2291780785764,215.20034141238085,3.0550495525702104,3.647842784136852,53.23270468977283,44.042680142553735,67.25975323475923,1.1401143877838018,1.1401143877838018,4477.964997270681,222.94302224760915,269.25074491941547,3.7790883120449097,4.564046602024837,64.6395928332056,50.47977317894328,81.311840685935,1.378310133545209,1.378310133545209,6630.32500995714,281.31546358985264,306.4888961468888,4.768554627689444,5.195267353619428,Non-monotonic: U-shaped / inverted-U,,,0.559687271739053,0.559687271739053,0.559687271739053,1.4501630366721188
all_zones_E_soil,CW,CLASSIC,P,E_soil,GAM,21322,300,0.7614964777002675,4.622393841842847e-58,0.7378410871231902,8.373945179221847e-53,0.5129542920847269,4.534869421238158e-40,0.7614964777002675,0.7378410871231902,-0.0236553905770773,5.274644125023599,5.274644125023599,0.0529778113976779,0.0529778113976779,0.4381270903010033,0.5618729096989966,0.0,negative,0.5618729096989966,6,0.0529025299078371,1.8704742261398732,-1.746268357707255,0.0529025299078371,1.8704742261398732,1.746268357707255,False,True,True,True,6,0.7023411371237458,1.0,peak,1504.9881114130435,1.2122430090211531,-1.7225880603847017,4.843220377880386e-68,8.937979558995195e-35,True,,,,,99.56326971360672,1.6876885631602276,1.6876885631602276,0.2906612628537641,0.2906612628537641,58.99386408542859,5.274644125023599,5.274644125023599,0.0529778113976779,0.0529778113976779,300.5759892411733,3.018944537536571,0.8108521924305186,0.4722771622136835,4.222987711040834,3.0189445375365707,11.610895622719683,2.7400149146561747,3.6669924564120424,5.834915958608473,0.0529778113976777,3.0189445375365707,11.610895622719683,0.0529025299078371,1.8704742261398732,-1.746268357707255,0.0529025299078371,1.8704742261398732,1.746268357707255,35.356990098554355,33.00916536032349,3.01894453753657,0.9926138574909746,2.334002629326221,3.01894453753657,3.01894453753657,0.9926138574909746,2.334002629326221,3.01894453753657,21322,21322,1.0,58.99386408542859,342.540553,0.0826125609280425,56.50320120499129,0.164953319278933,0.957780984191329,0.164953319278933,0.957780984191329,3192.7614860532153,56.50452624394983,43.665860668149335,36.39563418959473,71.47807504850807,183.0068424355502,228.5774146226907,3.102133506131066,3.8745964205987486,43.665860668149335,36.39563418959473,183.0068424355502,228.5774146226907,0.7401763106230356,0.6169393165514717,3.102133506131066,3.8745964205987486,40.92767504373467,33.96280053415236,53.09596807413504,0.9000252635977047,0.9000252635977047,2818.562005405785,173.0804488076393,208.786094552667,2.93387204738789,3.539115428179537,53.420117582726114,45.677751534927125,66.98344536138272,1.135430716394242,1.135430716394242,4472.854572884889,218.35324828397495,265.8061549785173,3.70128744182241,4.5056576493040925,65.0929003516252,55.65470418301379,81.32068231364602,1.378460007228652,1.378460007228652,6626.994684287996,281.45809593742194,304.12914375968364,4.770972376548254,5.155267390508213,Non-monotonic: U-shaped / inverted-U,,,0.08941004639712063,0.08941004639712063,0.08941004639712063,5.095038168815512
all_zones_E_soil,CW,CLASSIC,P,E_soil,Piecewise linear,21322,300,0.989431071553408,5.757967961230604e-252,1.0,0.0,1.0,0.0,0.989431071553408,1.0,0.0105689284465919,103.17920116265988,103.17920116265988,1.0,1.0,1.0,0.0,0.0,positive,1.0,0,0.5158739729204251,1.2432794105927507,1.2432794105927516,0.5158739729204251,1.2432794105927507,1.2432794105927516,True,False,False,False,0,,,,,,,,,,,,,,103.17920116265988,1.7489819112924492,1.7489819112924492,0.3012174770520087,0.3012174770520087,58.99386408542859,103.17920116265988,103.17920116265988,1.0,1.0,103.17920116265988,1.0,0.3070163563786741,0.3658899380768262,0.5353368831996449,1.0,1.243279410592873,1.2432794105927285,0.3767083641239956,0.826617615043926,1.0,1.0,1.243279410592873,0.5158739729204251,1.2432794105927507,1.2432794105927516,0.5158739729204251,1.2432794105927507,1.2432794105927516,2.4100448478809566,2.4100448478809584,1.0,0.1725331013111789,0.5841874880960697,1.0,1.0,0.1725331013111789,0.5841874880960697,1.0,21322,21322,1.0,58.99386408542859,342.540553,0.0446988954394286,57.65895921735618,0.1683273957269409,0.97737214049686,0.1683273957269409,0.97737214049686,3324.7114941932414,57.660311256472085,45.02212874185915,37.482247898471726,73.27040971960707,186.9932750882598,233.08108556126135,3.1697071888268953,3.9509377657265903,45.02212874185915,37.482247898471726,186.9932750882598,233.08108556126135,0.7631662960178864,0.6353584136172866,3.1697071888268953,3.9509377657265903,42.613882234333325,35.578738955945,54.3496177847,0.9212757737990634,0.9212757737990634,2950.433571330771,178.17285493610072,213.6313681295916,3.020192992920245,3.621247250734984,53.1946721689987,43.77394216507042,67.59322203102066,1.145766989142115,1.145766989142115,4487.495412892137,222.3283425037562,269.94496260438797,3.7686689277007543,4.575814227281037,69.47574786151333,60.17461405742225,85.30189678040084,1.445945236895752,1.445945236895752,7007.1979509650055,291.0314347091156,308.4944643825204,4.933249232287532,5.229263571136682,Monotonic nonlinear,630.646024030421,,1.7489819112924494,1.7489819112924494,1.7489819112924494,1.7489819112924494
all_zones_E_soil,CW,CLASSIC,P,E_soil,Symbolic regression,21322,300,0.9650599012170532,2.2289229151852567e-175,1.0,0.0,1.0,0.0,0.9650599012170532,1.0,0.0349400987829469,67.74322503140708,67.74322503140708,1.0,1.0,1.0,0.0,0.0,positive,1.0,0,2.1259658972202407,0.4918613656479444,0.377091350788295,2.1259658972202407,0.4918613656479444,0.377091350788295,True,False,False,False,0,,,,,,,,,,,,,,67.74322503140708,1.148309677313366,1.148309677313366,0.1977670218550943,0.1977670218550943,58.99386408542859,67.74322503140708,67.74322503140708,1.0,1.0,67.74322503140708,1.0,0.0972398657826461,0.1034350777082948,0.134447754632111,1.0,93.06453285287364,0.4847764953851334,5.395974573456258,0.2912054480576042,1.0,1.0,93.06453285287364,2.1259658972202407,0.4918613656479444,0.377091350788295,2.1259658972202407,0.4918613656479444,0.377091350788295,0.2313590101755944,0.1773741296985772,1.0,0.711025383685699,0.8738824913751522,1.0,1.0,0.711025383685699,0.8738824913751522,1.0,21322,21322,1.0,58.99386408542859,342.540553,0.0174110708501791,58.476664448187506,0.1707145736060848,0.9912329926974756,0.1707145736060848,0.9912329926974756,3414.169792212705,58.43089758178206,45.09935176778858,37.042077283809775,73.81108245241504,190.0688885067436,237.2523725188383,3.2218416517267996,4.021644898107961,45.09935176778858,37.042077283809775,190.0688885067436,237.2523725188383,0.7644752969983546,0.6278971187608495,3.2218416517267996,4.021644898107961,42.82195367713143,35.85028730873587,54.79877779981191,0.9288894472221416,0.9288894472221416,2997.786333486409,179.30446725313806,214.1452699910957,3.0393748575866897,3.62995835771994,52.939520888494286,42.307703360304984,69.59190437922172,1.179646484563991,1.179646484563991,4456.291414041142,222.6423609636232,269.3449479429077,3.7739918280520905,4.565643429507706,66.68314589805908,52.90046264805545,86.69445629016145,1.469550395353317,1.469550395353317,6760.612441668462,289.08928578998285,303.97231863226534,4.900328030239802,5.152609061038707,Monotonic nonlinear,,"sub(add(sqrt(add(X0, -0.228)), div(div(X0, -0.008), sub(-0.131, X0))), div(sqrt(log(-0.041)), log(add(X0, -0.983))))",1.148309677313366,1.148309677313366,1.148309677313366,1.148309677313366
all_zones_E_soil,CW,LPJ-GUESS,P,E_soil,Equal-width bins,21472,10,0.8290144716420725,0.0030255618991651,0.8787878787878788,0.0008138621117322,0.7333333333333333,0.002212852733686,0.8290144716420725,0.8787878787878788,0.0497734071458062,47.93595000000002,47.93595000000002,0.521504029372405,0.521504029372405,0.6666666666666666,0.3333333333333333,0.0,positive,0.6666666666666666,5,0.1483962441024441,1.203738483271486,0.7964582412743644,0.1483962441024441,1.203738483271486,0.7964582412743644,True,False,True,True,5,0.14996788114207,0.0434496226884181,valley,304.37652994791665,,1.2160558749200767,,7.818565053263218e-05,,,,,,91.918657,2.5673823034003975,2.5673823034003975,0.403582088364799,0.403582088364799,35.80248133605086,47.93595000000002,47.93595000000002,0.521504029372405,0.521504029372405,180.13949999999994,1.9597708003936565,0.884022064586814,1.011845345682068,1.4674312550898148,1.8961793951385693,2.7641506046484765,2.154802199304204,1.933734193737482,2.644517413538991,0.7161976562160981,1.8961793951385693,2.7641506046484765,0.1483962441024441,1.203738483271486,0.7964582412743644,0.1483962441024441,1.203738483271486,0.7964582412743644,8.111650605122424,5.367105118405395,1.9597708003936565,0.7371701916837188,1.2309470426662124,1.9597708003936565,1.9597708003936565,0.7371701916837188,1.2309470426662124,1.9597708003936565,21472,21451,0.9990219821162444,35.80248133605086,227.757028,0.253098773265329,30.85183924884322,0.1354594390336144,0.8617234922702787,0.1354594390336144,0.8617234922702787,940.8976543721049,30.67405506893578,22.184298232620705,16.075814008512246,32.74809909895405,96.82094554243275,128.51096134545602,2.704308247063874,3.589442869593888,22.184298232620705,16.075814008512246,96.82094554243275,128.51096134545602,0.619630187762503,0.4490139624016759,2.704308247063874,3.589442869593888,18.161732121974193,13.905394713710848,25.206426722068304,0.7040413340481797,0.7040413340481797,627.2208203194134,77.32153687163549,95.25897223970952,2.1596697766804653,2.660680731751117,34.13699879983242,28.72571731593046,43.36746458047618,1.211297735858544,1.211297735858544,1855.8621457910976,141.27417469946442,167.12377704065156,3.945932500416114,4.66793838873867,44.28896582474267,40.0854711016514,53.53236340055811,1.4952137785671955,1.4952137785671955,2874.629067720756,177.19660455940084,202.12794097143143,4.949282785631255,5.64564056536219,Non-monotonic: U-shaped / inverted-U,,,1.3389002161627137,1.3389002161627137,1.3389002161627137,5.031480871651506
all_zones_E_soil,CW,LPJ-GUESS,P,E_soil,Equal-count bins,21472,10,0.9109752598269416,0.0002465206805472,0.8060606060606059,0.0048620611019646,0.6888888888888888,0.0046869488536155,0.9109752598269416,0.8060606060606059,-0.1049146537663356,47.38916549999999,47.38916549999999,0.8749176161662365,0.8749176161662365,0.6666666666666666,0.3333333333333333,0.0,positive,0.6666666666666666,3,0.0801899335528515,1.2704681235105626,0.9378047516121129,0.0801899335528515,1.2704681235105626,0.9378047516121129,True,False,True,True,3,0.1692176140442421,0.0003148637076077,valley,389.4344075520833,,1.2918771846804729,,5.5889325683177035e-05,,,,,,54.164145999999995,1.5128601141245506,1.5128601141245506,0.2378154758851173,0.2378154758851173,35.80248133605086,47.38916549999999,47.38916549999999,0.8749176161662365,0.8749176161662365,63.59089449999999,1.174040379035977,0.6955648098091469,0.4937109484147261,2.099402321988318,1.113390943693792,2.934193879572294,0.8955924685782966,1.2380098522294498,1.154823598674853,0.7044929977628631,1.113390943693792,2.934193879572294,0.0801899335528515,1.2704681235105626,0.9378047516121129,0.0801899335528515,1.2704681235105626,0.9378047516121129,15.84323701519497,11.69479397303684,1.174040379035977,0.2571135433391677,0.8522881630959344,1.174040379035977,1.174040379035977,0.2571135433391677,0.8522881630959344,1.174040379035977,21472,19325,0.9000093144560357,35.80248133605086,227.757028,0.1825715160145654,28.4104738323735,0.1247402729209019,0.793533653874597,0.1247402729209019,0.793533653874597,786.2765455476518,28.04062313051641,20.373351123074908,14.619504388766856,30.670984180237163,87.65254060352322,115.67238880872851,2.4482252998275453,3.2308483795578065,20.373351123074908,14.619504388766856,87.65254060352322,115.67238880872851,0.5690485788357975,0.4083377420560493,2.4482252998275453,3.2308483795578065,14.521141315129055,11.06600099561232,19.991376166682905,0.5583796267928737,0.5583796267928737,387.1546062387863,64.2674918190761,76.87744010185759,1.7950569184254488,2.147265698717,22.827993929038648,18.169412225519288,30.47135597375816,0.8510962044151786,0.8510962044151786,897.8364637896867,93.37607710581052,115.90668071842316,2.608089540760032,3.237392392736544,36.40767221066081,31.774287476509215,46.08380905613499,1.2871680212212406,1.2871680212212406,2097.514259446541,152.09396749848722,173.88772597786863,4.248140403199878,4.856862415364897,Non-monotonic: U-shaped / inverted-U,,,1.3236279646428322,1.3236279646428322,1.3236279646428322,1.7761588618151987
all_zones_E_soil,CW,LPJ-GUESS,P,E_soil,LOWESS,21472,20830,0.9506688710199984,0.0,0.9532939341434532,0.0,0.8657935994229765,0.0,0.9506688710199984,0.9532939341434532,0.0026250631234547,58.08500844193249,58.08500844193249,0.591102070290211,0.591102070290211,0.7898122809544386,0.1983772624705939,0.0118104565749675,positive,0.7898122809544386,815,0.8252093901107757,1.3937360690161087,1.1293238393957086,0.8252093901107757,1.3937360690161087,1.1293238393957086,True,False,True,True,815,0.1780312621321331,1.3126294816114037e-06,valley,382.50299479166665,-0.7027050708211663,1.418781919028374,0.0,0.0,True,,,,,98.26561496124472,2.7446593446666334,2.7446593446666334,0.4314493204628782,0.4314493204628782,35.80248133605086,58.08500844193249,58.08500844193249,0.591102070290211,0.591102070290211,140.00667357958156,1.4247778700087437,0.5261279454814752,0.3681476640630763,2.317202464680056,1.158314654265196,9.932096215955436,0.8703328559592506,1.2809657856944114,1.0062335520779373,0.9408615234767448,1.158314654265196,9.932096215955436,0.8252093901107757,1.3937360690161087,1.1293238393957086,0.8252093901107757,1.3937360690161087,1.1293238393957086,1.6889483877892062,1.3685300396837567,1.4247778700087443,0.6446838149194478,1.0469084122861514,1.4247778700087443,1.4247778700087443,0.6446838149194478,1.0469084122861514,1.4247778700087443,21472,21472,1.0,35.80248133605086,227.757028,0.2511560500979415,30.981231464471268,0.1360275541726478,0.86533754947524,0.1360275541726478,0.86533754947524,939.1279204596922,30.645194084222933,22.045195090309228,15.679926401293304,32.7092550871818,95.38227396013056,127.14155813202832,2.6641246751824035,3.551194034252724,22.045195090309228,15.679926401293304,95.38227396013056,127.14155813202832,0.6157448944219153,0.4379564157611779,2.6641246751824035,3.551194034252724,18.334233205915936,13.813310247672009,25.62605211689229,0.715761901426884,0.715761901426884,644.0484476341294,77.859741518711,96.04401998662266,2.1747023841141178,2.6826079199687296,35.925728570161446,30.293350589685105,45.6723132884383,1.2756745226607835,1.2756745226607835,2012.085597472519,146.84364378122893,171.53542818487438,4.1014934803797125,4.791160326984066,48.09523173270512,47.56085315962621,56.71258829290726,1.5840407194291652,1.5840407194291652,3196.2860999254317,184.14430385807032,198.68474210976643,5.143339148190506,5.54946849199816,Non-monotonic: U-shaped / inverted-U,,,1.6223738208738208,1.6223738208738208,1.6223738208738208,3.910529894993719
all_zones_E_soil,CW,LPJ-GUESS,P,E_soil,Polynomial degree 3,21472,300,0.705769858447685,1.6028383358916667e-46,0.699965999622218,1.7860427222969244e-45,0.5125975473801562,5.127065316039845e-40,0.705769858447685,0.699965999622218,-0.005803858825467,-29.02581843208032,29.02581843208032,-0.3328118690819895,0.3328118690819895,0.5451505016722408,0.4481605351170568,0.0066889632107023,positive,0.5451505016722408,2,-0.788041332446558,2.3522224516264783,-2.5357663832188058,0.788041332446558,2.3522224516264783,2.5357663832188058,True,False,True,True,2,0.7374581939799332,0.9999686611165748,peak,1584.440644596572,1.409736043162359,-3.356362097485482,5.182978056322331e-70,1.4352198002780698e-43,True,,,,,87.21389207705718,2.435973396884038,2.435973396884038,0.3829251410720778,0.3829251410720778,35.80248133605086,-29.02581843208032,29.02581843208032,-0.3328118690819895,0.3328118690819895,203.45360258619468,2.3328118690819895,1.2014792608772402,0.7804982991312163,10.351231470754009,2.33281186908199,7.612305690730811,2.2102416530070403,2.801694110729031,4.508287895513586,-0.33281186908199,2.33281186908199,7.612305690730811,-0.788041332446558,2.3522224516264783,-2.5357663832188058,0.788041332446558,2.3522224516264783,2.5357663832188058,2.9848973077639895,3.217808862063427,2.332811869081989,0.6097233747782803,1.3885528821730002,2.332811869081989,2.332811869081989,0.6097233747782803,1.3885528821730002,2.332811869081989,21472,21472,1.0,35.80248133605086,227.757028,0.2436632239174294,31.135842573305627,0.1367063964906744,0.8696559962159321,0.1367063964906744,0.8696559962159321,969.485842700395,31.13656761270251,22.821829762125276,17.616891553355156,33.32078814084633,95.12258646599372,129.4557057480838,2.656871337300614,3.6158305490890656,22.821829762125276,17.616891553355156,95.12258646599372,129.4557057480838,0.6374370968289598,0.492057837779418,2.656871337300614,3.6158305490890656,19.173436536590728,15.908790887553351,25.579878233726255,0.7144722175434505,0.7144722175434505,654.0150300358545,78.22676569307173,96.12899180680353,2.184953745490882,2.6849812699995077,36.32854169052715,30.89700825454816,45.985307234674565,1.2844167643869486,1.2844167643869486,2109.00335182196,152.84953361216947,181.7074812428827,4.269244139183715,5.0752761948908445,50.7493121656194,45.362641398413665,61.11922374481517,1.707122564247298,1.707122564247298,3750.642758360771,200.0890552061117,227.93956793552425,5.588692396150614,6.366585762479076,Non-monotonic: U-shaped / inverted-U,,,-0.8107208592509798,0.8107208592509798,0.8107208592509798,5.682667653019055
all_zones_E_soil,CW,LPJ-GUESS,P,E_soil,GAM,21472,300,0.9077251834109584,1.997358277928166e-114,0.9237124856942854,3.319959091634227e-126,0.8263991081382387,4.256165222733897e-101,0.9077251834109584,0.9237124856942854,0.0159873022833269,35.503555135685886,35.503555135685886,0.3702346482562365,0.3702346482562365,0.7157190635451505,0.2541806020066889,0.0301003344481605,positive,0.7157190635451505,5,-1.1166245909776276,1.4549809145570705,0.7831950838522752,1.1166245909776276,1.4549809145570705,0.7831950838522752,False,True,True,True,5,0.1655518394648829,6.928513081335725e-06,valley,355.69075695025083,-3.681384433400379,1.175518104756016,6.262441282037726e-26,2.9910513325841205e-154,True,,,,,95.89473946564333,2.678438362010493,2.678438362010493,0.4210396504894826,0.4210396504894826,35.80248133605086,35.503555135685886,35.503555135685886,0.3702346482562365,0.3702346482562365,158.4376135610928,1.652203389299128,0.5531715738282492,0.4329783999466017,1.3547806851998658,1.6522033892991284,9.17013709098132,1.3729546077197103,2.314912960923035,1.8679157635877237,0.3702346482562367,1.6522033892991284,9.17013709098132,-1.1166245909776276,1.4549809145570705,0.7831950838522752,1.1166245909776276,1.4549809145570705,0.7831950838522752,1.3030170805061754,0.7013951601823241,1.652203389299128,0.8860776630267821,1.384713884079101,1.652203389299128,1.652203389299128,0.8860776630267821,1.384713884079101,1.652203389299128,21472,21472,1.0,35.80248133605086,227.757028,0.2768961223496868,30.444115362906675,0.1336692686510937,0.8503353462334287,0.1336692686510937,0.8503353462334287,926.8873258284932,30.44482428637901,22.389732464060643,16.654537464838747,31.97660588323346,97.12859877821444,128.98364653614894,2.7129013172730017,3.6026454514556363,22.389732464060643,16.654537464838747,97.12859877821444,128.98364653614894,0.6253681764094821,0.4651783017080625,2.7129013172730017,3.6026454514556363,18.823985458456264,14.969574001908008,25.16373797552972,0.7028489936028933,0.7028489936028933,633.2167050451951,79.77912088568598,97.82043588855544,2.22831261713007,2.73222503687353,35.72297594394342,30.04503446660552,44.89436323734921,1.2539455803624258,1.2539455803624258,2015.377472243296,147.9526591757327,173.4213658227416,4.1324694170499745,4.843836498229443,47.48877904307326,45.08213935715112,56.10537209135852,1.5670805485446595,1.5670805485446595,3160.395349273343,181.4444855174519,203.63283056337627,5.067930454718195,5.6876736741241105,Non-monotonic: U-shaped / inverted-U,,,0.991650684834965,0.991650684834965,0.991650684834965,4.425324939742543
all_zones_E_soil,CW,LPJ-GUESS,P,E_soil,Piecewise linear,21472,300,0.9125598675661576,9.538210912614575e-118,0.905204280047556,9.124600893537734e-113,0.8403121516164995,1.828974458017066e-104,0.9125598675661576,0.905204280047556,-0.0073555875186014,60.225571236745054,60.225571236745054,0.4772064214601507,0.4772064214601507,0.8662207357859532,0.1337792642140468,0.0,positive,0.8662207357859532,1,-0.8721434570535948,1.155271687044948,1.155271687044947,0.8721434570535948,1.155271687044948,1.155271687044947,False,True,True,False,1,0.1337792642140468,0.0,valley,287.42687430323303,-3.90788199958537,1.1552526448747755,3.0851491384570103e-293,0.0,True,,,,,126.20444429994792,3.5250194844140017,3.5250194844140017,0.5541187703764203,0.5541187703764203,35.80248133605086,60.225571236745054,60.225571236745054,0.4772064214601507,0.4772064214601507,192.1833173631508,1.5227935785398494,0.7105139842163748,0.7631348681127262,1.4571740069050136,1.5227935785398492,3.907881999585403,1.1552716870449515,1.7233352339902832,3.8635761256955454e-14,0.4772064214601508,1.5227935785398492,3.907881999585403,-0.8721434570535948,1.155271687044948,1.155271687044947,0.8721434570535948,1.155271687044948,1.155271687044947,1.324634929840395,1.324634929840394,1.5227935785398503,0.7539003821453865,1.136415087889366,1.5227935785398503,1.5227935785398503,0.7539003821453865,1.136415087889366,1.5227935785398503,21472,21472,1.0,35.80248133605086,227.757028,0.2618174510987836,30.759898688434145,0.1350557607751807,0.8591554981822126,0.1350557607751807,0.8591554981822126,946.2154344822764,30.760614988687667,22.672246201387303,17.189655239604402,33.06592401998431,96.6907435496956,127.14033575826912,2.7006715719542624,3.5511598921007397,22.672246201387303,17.189655239604402,96.6907435496956,127.14033575826912,0.6332590746596597,0.4801246896341649,2.7006715719542624,3.5511598921007397,19.121790660023805,15.175495659881424,25.383200120260117,0.7089787962461926,0.7089787962461926,642.9102009436422,81.09354216773352,98.47373957277296,2.26502575077324,2.750472478387023,35.878868336390624,30.56815736904536,45.37584651122838,1.2673939017052915,1.2673939017052915,2027.970851017241,147.74374983163898,171.72997889435356,4.1266343649447075,4.796594327707455,48.814500878933096,44.780396950744745,57.752530701603426,1.6130873768084404,1.6130873768084404,3240.284096542781,184.0075790937815,201.322604904892,5.139520285385845,5.623146703582602,Non-monotonic: U-shaped / inverted-U,287.73252494884736,,1.682161933734511,1.682161933734511,1.682161933734511,5.367877035093493
all_zones_E_soil,CW,LPJ-GUESS,P,E_soil,Symbolic regression,21472,300,0.9943019639656134,8.686259416742792e-292,0.994765275169724,2.922769478520008e-297,0.9887179487179488,7.348624824776203e-144,0.9943019639656134,0.994765275169724,0.0004633112041105,76.98484883551977,76.98484883551977,0.4731700030934849,0.4731700030934849,0.9933110367892976,0.0066889632107023,0.0,positive,0.9933110367892976,3,-0.4617850216902962,0.9773771216805744,0.908959980476048,0.4617850216902962,0.9773771216805744,0.908959980476048,False,True,True,True,2,0.1471571906354515,0.1684490587193649,valley,316.1695617335563,0.99973585031486,0.9664283591791224,0.0003500846151171,0.0,False,,,,,162.70018879516704,4.5443830350199255,4.5443830350199255,0.7143585874117002,0.7143585874117002,35.80248133605086,76.98484883551977,76.98484883551977,0.4731700030934849,0.4731700030934849,266.2121820156002,1.63621311067285,0.8256345529931676,0.8338055654377337,9.826659623095338,1.63621311067285,157.522169075048,0.9741684391243874,9.211721215304026,0.1526931676530979,0.4731700030934849,1.63621311067285,157.522169075048,-0.4617850216902962,0.9773771216805744,0.908959980476048,0.4617850216902962,0.9773771216805744,0.908959980476048,2.116519756537423,1.9683617652840568,1.6362131106728492,1.0085999565123762,1.3322131172025986,1.6362131106728492,1.6362131106728492,1.0085999565123762,1.3322131172025986,1.6362131106728492,21472,21472,1.0,35.80248133605086,227.757028,0.2133105067688676,31.75445685169765,0.1394225114831479,0.8869345270692983,0.1394225114831479,0.8869345270692983,958.8679616511306,30.965593190687155,22.561141852117487,16.057262984640754,33.19758525848291,97.58507405117696,127.88547694413086,2.725651139517945,3.571972449165365,22.561141852117487,16.057262984640754,97.58507405117696,127.88547694413086,0.6301558163065035,0.4484958132907982,2.725651139517945,3.571972449165365,18.911090637579548,13.585827554692006,26.62932958263969,0.7437844693693233,0.7437844693693233,662.059020314656,81.89173777511117,99.62414795225136,2.287320172209721,2.782604563553981,36.17539126528268,30.58306667747724,45.975852770297344,1.2841526915063994,1.2841526915063994,2036.6695506747465,149.51992383719804,173.4273223691817,4.176244725435855,4.844002870676766,48.820865229106936,44.6952034281328,57.7698178024895,1.6135702232548588,1.6135702232548588,3244.1110555364985,183.64027698284107,201.33167793783824,5.129261160955534,5.62340012269233,Linear,,"add(add(div(add(div(div(sub(-0.882, X0), log(div(-0.315, X0))), add(0.020, X0)), add(mul(-0.288, X0), sub(X0, -0.724))), log(sub(sub(X0, 0.728), div(-0.213, X0)))), div(log(div(-0.315, X0)), -0.724)), mul(-0.014, X0))",2.1502657347383587,2.1502657347383587,2.1502657347383587,7.435579101818878
all_zones_E_soil,CW,CLASSIC,LAI,E_soil,Equal-width bins,21322,10,-0.7594573222199524,0.0108282565688361,-0.7212121212121211,0.0185731550894602,-0.6444444444444444,0.0091484788359788,0.7594573222199524,0.7212121212121211,-0.0382452010078313,-26.701276000000007,26.701276000000007,-0.2457569377181542,0.2457569377181542,0.3333333333333333,0.6666666666666666,0.0,negative,0.6666666666666666,4,-0.8116943831473457,-0.930944015016842,1.0224182050899902,0.8116943831473457,0.930944015016842,1.0224182050899902,False,True,True,True,4,0.8923901271799577,0.0033786717800662,valley,3.981528975,-1.1471843006248557,,2.224566371965817e-05,,,,,,,108.64912399999996,1.8417021106240128,1.8417021106240128,0.3171861639401276,0.3171861639401276,58.99386408542859,-26.701276000000007,26.701276000000007,-0.2457569377181542,0.2457569377181542,198.72393199999993,1.8290431131317728,1.322207517543563,0.4253811322924196,6.349156973432204,1.8323562600491337,5.490417746025487,1.8746968517147564,2.339051343823518,2.235241432311597,-0.2400733976913991,1.8323562600491337,5.490417746025487,-0.8116943831473457,-0.930944015016842,1.0224182050899902,0.8116943831473457,0.930944015016842,1.0224182050899902,1.1469144475376385,1.2596098067422403,1.8290431131317724,0.5767542129469904,0.9553649967762275,1.8290431131317724,1.8290431131317724,0.5767542129469904,0.9553649967762275,1.8290431131317724,21322,17323,0.8124472375949723,58.99386408542859,342.540553,0.1035052380684133,59.60836055730439,0.1740184046392439,1.0104162777163732,0.1740184046392439,1.0104162777163732,3342.3026049936316,57.812650907856074,43.1641904639394,31.71086633394367,68.11209420574374,186.00071152056495,226.1995825121012,3.152882327748843,3.8342899896257543,43.1641904639394,31.71086633394367,186.00071152056495,226.1995825121012,0.7316725414262345,0.5375282129006398,3.152882327748843,3.8342899896257543,43.81794426478666,34.789053512555995,58.53540428668323,0.9922286867311918,0.9922286867311918,3245.7310528742532,184.72921179284236,219.78891505683993,3.1313292434165243,3.7256233078505447,40.98688288198587,27.766920223914347,59.440653484008145,1.0075734893027617,1.0075734893027617,3304.1036042803876,179.44400503786818,234.5766644920375,3.041740150772572,3.9762891976756896,46.456020449913794,25.3867117091216,71.73928226032028,1.2160465053863083,1.2160465053863083,4574.599064171138,205.93330352676873,268.20699595476117,3.4907580088084784,4.546354101612543,Non-monotonic: U-shaped / inverted-U,,,-0.45261107089601865,0.45261107089601865,0.45261107089601865,3.3685525618771
all_zones_E_soil,CW,CLASSIC,LAI,E_soil,Equal-count bins,21322,10,-0.8495222051251424,0.0018629877829529,-0.7212121212121211,0.0185731550894602,-0.6,0.0166661155202821,0.8495222051251424,0.7212121212121211,-0.1283100839130213,-68.56604499999999,68.56604499999999,-0.659482046376275,0.659482046376275,0.2222222222222222,0.7777777777777778,0.0,negative,0.7777777777777778,2,0.4350661037996453,-1.1884956650632807,-0.7713651637081644,0.4350661037996453,1.1884956650632807,0.7713651637081644,False,True,True,True,2,0.1369786097761429,0.9771088732452572,peak,0.46950843,2.7859573120752295,-1.039813893479446,0.2098086386738321,6.799167164534277e-05,False,,,,,103.96954,1.762378878071836,1.762378878071836,0.3035247625118419,0.3035247625118419,58.99386408542859,-68.56604499999999,68.56604499999999,-0.659482046376275,0.659482046376275,152.469375,1.4664811924723338,0.3762307372610095,0.4205145792286625,0.7487560923080179,1.8870652906199077,6.991146387863234,1.2508524415000737,2.6441831728791976,0.6061371293774407,-0.2401690710999757,1.8870652906199077,6.991146387863234,0.4350661037996453,-1.1884956650632807,-0.7713651637081644,0.4350661037996453,1.1884956650632807,0.7713651637081644,2.7317588170707077,1.7729838223926315,1.4664811924723338,0.8185025152559106,1.2461588269025718,1.4664811924723338,1.4664811924723338,0.8185025152559106,1.2461588269025718,1.4664811924723338,21322,19190,0.900009379983116,58.99386408542859,342.540553,0.0932705511206857,55.59992728938699,0.1623163354015692,0.9424696644531224,0.1623163354015692,0.9424696644531224,2968.754950857367,54.48628222642253,39.851256652290274,28.88671764679202,60.37538615496189,175.89286633230876,213.3881600026592,2.9815450989546908,3.617124650347591,39.851256652290274,28.88671764679202,175.89286633230876,213.3881600026592,0.6755152806159969,0.4896563073909072,2.9815450989546908,3.617124650347591,35.691322209595114,26.814411105977157,48.996035469063926,0.830527652810013,0.830527652810013,2355.517974601771,159.60429751626015,197.6353113104554,2.705438946754502,3.3500994446517542,47.71013188028479,34.921653757378756,64.67999225968357,1.0963850777094537,1.0963850777094537,3875.404700001732,194.36771335253655,240.54194480832268,3.2947106680632765,4.077406159732063,38.280869205238545,26.151010413401877,57.42281707055267,0.973369314940942,0.973369314940942,3123.9006934268136,173.5709553133591,238.23462363737133,2.9421865816758883,4.038294953732569,Non-monotonic: U-shaped / inverted-U,,,-1.162257229001138,1.162257229001138,1.162257229001138,2.5844954787028396
all_zones_E_soil,CW,CLASSIC,LAI,E_soil,LOWESS,21322,21316,-0.8832425482122739,0.0,-0.7255142955774954,0.0,-0.6167990292253203,0.0,0.8832425482122739,0.7255142955774954,-0.1577282526347785,-90.72250325083576,90.72250325083576,-0.8146549736465362,0.8146549736465362,0.1692704668074126,0.8296973961998593,0.0010321369927281,negative,0.8296973961998593,360,-0.3790595253747388,-1.3926806895908506,-0.3744301538707253,0.3790595253747388,1.3926806895908506,0.3744301538707253,True,False,True,True,360,0.0941912952420018,0.9999965367009253,peak,0.457325375,2.7757071556099917,-1.3897573639770695,0.0,0.0,True,,,,,111.36309994493274,1.8877064872995712,1.8877064872995712,0.3251092431818803,0.3251092431818803,58.99386408542859,-90.72250325083576,90.72250325083576,-0.8146549736465362,0.8146549736465362,167.24848635297934,1.5018303768095629,0.341483054913434,0.2933277002448953,1.0082595118929918,2.9160151837415857,11.795781269781266,1.9510843659568868,3.8477480823683488,1.4165530589182609,-0.6243342277459496,2.9160151837415857,11.795781269781266,-0.3790595253747388,-1.3926806895908506,-0.3744301538707253,0.3790595253747388,1.3926806895908506,0.3744301538707253,3.6740421922230926,0.987787217589541,1.5018303768095609,0.961324481225492,1.3878208657995246,1.5018303768095609,1.5018303768095609,0.961324481225492,1.3878208657995246,1.5018303768095609,21322,21322,1.0,58.99386408542859,342.540553,0.1265544903599552,55.13337352669516,0.160954295904039,0.9345611510861014,0.160954295904039,0.9345611510861014,2940.051481977285,54.22224158016049,39.52873277412685,28.807175245200604,59.559229556802535,174.4046275292937,212.7826543840359,2.9563180888903906,3.606860775824192,39.52873277412685,28.807175245200604,174.4046275292937,212.7826543840359,0.6700482056385656,0.4883079908697816,2.9563180888903906,3.606860775824192,38.22760754455216,28.662737949648488,52.409794455568765,0.8883939926307339,0.8883939926307339,2677.6685046998905,167.15496591945868,206.20570691606585,2.8334296881689727,3.495375495618677,41.4663258652686,28.676296391295416,59.436038775683464,1.007495265772294,1.007495265772294,3368.4466959774277,181.6772393778051,238.6068983691116,3.0795955171663207,4.044605351220707,50.138797530294504,30.91736312893944,71.49280593192243,1.2118685059923218,1.2118685059923218,4654.627055719007,196.14457038288137,242.0429824848356,3.3248300212857016,4.102850122418408,Non-monotonic: U-shaped / inverted-U,,,-1.5378294786634277,1.5378294786634277,1.5378294786634277,2.8350149451269715
all_zones_E_soil,CW,CLASSIC,LAI,E_soil,Polynomial degree 3,21322,300,-0.7210045466508197,2.1413858266410157e-49,-0.7187626529183657,5.828866828001991e-49,-0.5504570791527313,7.052681670272987e-46,0.7210045466508197,0.7187626529183657,-0.0022418937324539,9.215545813645091,9.215545813645091,0.1096756481210691,0.1096756481210691,0.4180602006688963,0.5752508361204013,0.0066889632107023,negative,0.5752508361204013,2,-0.1644329036485075,-2.157506174827372,2.628294204609604,0.1644329036485075,2.157506174827372,2.628294204609604,False,True,True,True,2,0.7207357859531773,3.608656732644099e-05,valley,3.403480955657191,-1.62589000162315,3.1861274223530605,1.0270211929569929e-109,3.0697145643292152e-46,True,,,,,84.02545115094473,1.4243083150015072,1.4243083150015072,0.2453007400584909,0.2453007400584909,58.99386408542859,9.215545813645091,9.215545813645091,0.1096756481210691,0.1096756481210691,177.26644811553456,2.109675648121069,0.8860053732684472,0.6159291160836298,3.766767821854578,2.1096756481210694,7.242400830230711,1.9929012881531607,2.579540747342392,3.806804460236065,0.1096756481210698,2.1096756481210694,7.242400830230711,-0.1644329036485075,-2.157506174827372,2.628294204609604,0.1644329036485075,2.157506174827372,2.628294204609604,13.120890812943776,15.983991927965077,2.109675648121068,0.463447199095911,1.1778054308949406,2.109675648121068,2.109675648121068,0.463447199095911,1.1778054308949406,2.109675648121068,21322,21322,1.0,58.99386408542859,342.540553,0.145524910443666,54.53136414167672,0.1591968123601316,0.9243565409228024,0.1591968123601316,0.9243565409228024,2973.8091456641187,54.532642936722944,41.550256443327534,34.76311878353519,65.26695598880714,173.85814345935944,212.5913287040695,2.947054683646366,3.603617630406741,41.550256443327534,34.76311878353519,173.85814345935944,212.5913287040695,0.7043148823606283,0.5892666859928851,2.947054683646366,3.603617630406741,40.39160305689286,34.195203236401056,52.30872710626811,0.8866808085417192,0.8866808085417192,2736.334076149081,165.99876055153263,205.22151613213248,2.813830948777165,3.4786925608899373,43.08224812379239,35.10635506330253,58.129483600667086,0.9853479595181324,0.9853479595181324,3378.7663659399313,183.4450977674719,239.82722848454284,3.109562335191782,4.065291063783358,52.07843157591018,42.374413884603086,67.97979981638088,1.152319836482313,1.152319836482313,4623.139093073867,200.748643237662,271.60506409877183,3.4028732708025253,4.603954467289386,Non-monotonic: U-shaped / inverted-U,,,0.1562119375720181,0.1562119375720181,0.1562119375720181,3.0048285675750326
all_zones_E_soil,CW,CLASSIC,LAI,E_soil,GAM,21322,300,-0.8511405211462133,2.1187698124207815e-85,-0.7991275458616207,7.950683745913148e-68,-0.6341583054626533,2.6433333994585164e-60,0.8511405211462133,0.7991275458616207,-0.0520129752845925,-25.998390791449552,25.998390791449552,-0.2951876421684394,0.2951876421684394,0.3578595317725752,0.6387959866220736,0.0033444816053511,negative,0.6387959866220736,3,-0.0999160259657387,-1.7283367983689604,0.9283584062673764,0.0999160259657387,1.7283367983689604,0.9283584062673764,False,True,True,True,2,0.7608695652173914,1.4888447421185585e-07,valley,3.592199170413044,-1.4469440168332706,1.527033589332586,4.966417414196132e-111,2.6929135029979126e-62,True,,,,,88.07411651946595,1.492936899198982,1.492936899198982,0.2571202613766608,0.2571202613766608,58.99386408542859,-25.998390791449552,25.998390791449552,-0.2951876421684394,0.2951876421684394,150.2402194129528,1.7058385068188229,0.5431125341629863,0.3830563326324183,2.124039689488968,1.7058385068188229,4.3331335882054365,1.5490020545718737,1.9843576850610547,3.321887582702184,-0.2951876421684392,1.7058385068188229,4.3331335882054365,-0.0999160259657387,-1.7283367983689604,0.9283584062673764,0.0999160259657387,1.7283367983689604,0.9283584062673764,17.297893722890944,9.29138641468498,1.705838506818821,0.7210380218457589,1.293296694215414,1.705838506818821,1.705838506818821,0.7210380218457589,1.293296694215414,1.705838506818821,21322,21322,1.0,58.99386408542859,342.540553,0.1545351961807676,54.24309047843183,0.1583552370759202,0.9194700384413336,0.1583552370759202,0.9194700384413336,2942.4508642515466,54.2443625112467,41.087801787870546,33.96459455722521,63.10659798614387,173.3529012365875,210.94464163434952,2.9384903654650665,3.575704777176184,41.087801787870546,33.96459455722521,173.3529012365875,210.94464163434952,0.6964758526136141,0.5757309693774479,2.9384903654650665,3.575704777176184,39.68090952210021,32.87852321796365,51.95850300686415,0.8807441894571173,0.8807441894571173,2699.812034447341,167.24437092305965,205.61496625832345,2.8349451848225145,3.485361900698247,42.96338781083566,34.62337146721824,58.051774113055174,0.9840307125668326,0.9840307125668326,3370.4190886717506,183.10105901852563,238.7901596755304,3.103730563459588,4.047711798124294,53.78581655747901,48.340748157693994,67.45532058504205,1.143429433395997,1.143429433395997,4554.133605242639,188.97574813326224,251.5016754033981,3.2033119217213475,4.2631836259988045,Non-monotonic: U-shaped / inverted-U,,,-0.4406965231808086,0.4406965231808086,0.4406965231808086,2.5467092509043145
all_zones_E_soil,CW,CLASSIC,LAI,E_soil,Piecewise linear,21322,300,-0.9807783270621744,1.5355756309958053e-213,-0.9781628684763164,2.2760340810592455e-205,-0.9374804905239688,1.541021294906701e-129,0.9807783270621744,0.9781628684763164,-0.0026154585858579,-90.9851261356112,90.9851261356112,-0.7231365629751413,0.7231365629751413,0.0903010033444816,0.9096989966555185,0.0,negative,0.9096989966555185,1,0.0253584414102101,-1.0992647058823537,-1.0992647058823533,0.0253584414102101,1.0992647058823537,1.0992647058823533,False,False,False,True,1,0.0903010033444816,1.0,peak,0.4390323322006689,3.1077280311843505,-1.0992647058823533,1.0456760682752392e-53,0.0,True,,,,,125.82011585927638,2.1327661411884664,2.1327661411884664,0.3673145113982355,0.3673145113982355,58.99386408542859,-90.9851261356112,90.9851261356112,-0.7231365629751413,0.7231365629751413,160.6551055829416,1.2768634370248586,0.7743784945368539,0.5639294341856728,2.543256827792781,1.2768634370248586,3.1181263927678833,1.099264705882356,1.196486997655688,6.639133687258436e-14,-0.7231365629751414,1.2768634370248586,3.1181263927678833,0.0253584414102101,-1.0992647058823537,-1.0992647058823533,0.0253584414102101,1.0992647058823537,1.0992647058823533,43.34906424650193,43.349064246501925,1.2768634370248588,0.5452457899660351,0.909216378201329,1.2768634370248588,1.2768634370248588,0.5452457899660351,0.909216378201329,1.2768634370248588,21322,21322,1.0,58.99386408542859,342.540553,0.1443314193358003,54.56943429066836,0.1593079529204484,0.9250018647981212,0.1593079529204484,0.9250018647981212,2977.9628248786153,54.57071398542093,41.38703630021038,34.273093099141455,63.93706596507684,174.15909225530544,213.34693957122877,2.9521560412301,3.6164259263011247,41.38703630021038,34.273093099141455,174.15909225530544,213.34693957122877,0.7015481515209465,0.5809603020665138,2.9521560412301,3.6164259263011247,39.61035965057906,32.69993719607413,51.94583513387641,0.8805294574136391,0.8805294574136391,2697.01783870006,166.78371202131086,203.98856375208544,2.8271365947447107,3.4577928893874637,44.70447047555782,39.04567598202873,58.48495968212459,0.9913736045062744,0.9913736045062744,3381.572852048468,179.54781897865232,238.80503067344569,3.0434998921014973,4.047963875152064,52.12529070273973,33.68343606134735,71.47454981979519,1.211559048179882,1.211559048179882,4896.42052517631,206.00575077321133,248.94241256152603,3.4919860559548344,4.219801778046516,Linear,0.4337847603900198,,-1.5422811769687825,1.5422811769687825,1.5422811769687825,2.7232511054081505
all_zones_E_soil,CW,CLASSIC,LAI,E_soil,Symbolic regression,21322,300,-0.9610864495721348,1.5439293442056508e-168,-0.958499983333148,1.8558896780060425e-164,-0.9237904124860647,7.688047696710224e-126,0.9610864495721348,0.958499983333148,-0.0025864662389866,-15.889671255427428,15.889671255427428,-0.1102940757046122,0.1102940757046122,0.0735785953177257,0.9264214046822744,0.0,negative,0.9264214046822744,3,1.9417539067524536,-1.163640152118276,-1.1195294425121505,1.9417539067524536,1.163640152118276,1.1195294425121505,False,True,True,True,2,0.1003344481605351,1.0,peak,0.4862118858896322,4.193892044288068,-1.1473425257820236,3.127349373773139e-06,0.0,True,,,,,144.06640750118686,2.4420574874120016,2.4420574874120016,0.4205820485762655,0.4205820485762655,58.99386408542859,-15.889671255427428,15.889671255427428,-0.1102940757046122,0.1102940757046122,335.40696063045874,2.328141351256334,1.3362880307386331,0.8060158662764884,6.28564457402842,2.328141351256334,234.8225945945985,1.1338213981793632,13.866260353425227,0.0588101589968586,-0.110294075704612,2.328141351256334,234.8225945945985,1.9417539067524536,-1.163640152118276,-1.1195294425121505,1.9417539067524536,1.163640152118276,1.1195294425121505,0.5992727235267634,0.5765557821817606,2.32814135125633,1.568431253226486,1.953716788543238,2.32814135125633,2.32814135125633,1.568431253226486,1.953716788543238,2.32814135125633,21322,21322,1.0,58.99386408542859,342.540553,0.0815684506106769,56.53534618330187,0.1650471621189385,0.9583258709996252,0.1650471621189385,0.9583258709996252,3033.6861377190394,55.07890828365282,41.051149790223754,30.114928898428275,63.45823543974441,179.10987894783992,217.34227088679145,3.0360764076832156,3.684150449478265,41.051149790223754,30.114928898428275,179.10987894783992,217.34227088679145,0.6958545677017847,0.5104756124267273,3.0360764076832156,3.684150449478265,40.20683538977915,30.51295622993915,53.95229826555012,0.9145408442380072,0.9145408442380072,2754.8789458984315,171.6311846383644,205.09086596115165,2.9093056930433736,3.476477920892943,41.75670526473881,30.08629944706975,58.778785764457105,0.9963542255740354,0.9963542255740354,3376.4303030253045,181.17003432340013,239.15619573575083,3.07099792719204,4.053916444419211,51.01650415949604,22.6214154126357,80.32379664794905,1.361561882632959,1.361561882632959,4970.167280903558,209.6842891072733,253.10204478132397,3.5543406480991133,4.290311351953632,Linear,,"add(sqrt(mul(sub(X0, -0.154), log(-0.825))), mul(sub(add(div(mul(sqrt(sqrt(X0)), sqrt(log(mul(-0.111, X0)))), sqrt(-0.517)), mul(-0.066, X0)), add(log(mul(-0.111, X0)), log(mul(-0.979, X0)))), sub(sqrt(add(div(log(0.825), mul(-0.066, X0)), div(X0, -0.008))), div(mul(div(X0, X0), div(X0, 0.173)), mul(sub(X0, -0.154), log(-0.825))))))",-0.2693444733916346,0.2693444733916346,0.2693444733916346,5.685455018589024
all_zones_E_soil,CW,LPJ-GUESS,LAI,E_soil,Equal-width bins,21472,10,0.2444414843572023,0.4961052471206134,-0.2484848484848484,0.4887763045192431,-0.2444444444444444,0.3807197971781305,0.2444414843572023,0.2484848484848484,0.0040433641276461,54.72672499999999,54.72672499999999,0.6073537966397984,0.6073537966397984,0.4444444444444444,0.4444444444444444,0.1111111111111111,positive,0.4444444444444444,3,-0.2191882462804079,-0.7177829524617675,2.6164823113232143,0.2191882462804079,0.7177829524617675,2.6164823113232143,False,True,True,True,3,0.7775577955841131,0.0033628385030676,valley,3.1445415249999997,-0.2429766718588989,,0.2516778404246045,,,,,,,90.1068295,2.516776104265937,2.516776104265937,0.3956269990491797,0.3956269990491797,35.80248133605086,54.72672499999999,54.72672499999999,0.6073537966397984,0.6073537966397984,166.94406400000005,1.8527348584604235,1.7118012983574078,0.7305048683482661,8.585565864619808,1.803662428976602,8.06065934695993,0.9312677540916788,2.8986829336064943,1.6513230951930695,0.559837037527013,1.803662428976602,8.06065934695993,-0.2191882462804079,-0.7177829524617675,2.6164823113232143,0.2191882462804079,0.7177829524617675,2.6164823113232143,3.274732859277073,11.937146976284229,1.8527348584604235,0.5168519440582471,0.7647479151399951,1.8527348584604235,1.8527348584604235,0.5168519440582471,0.7647479151399951,1.8527348584604235,21472,20097,0.9359631147540984,35.80248133605086,227.757028,0.0317372153616608,35.6679536524402,0.1566052822415657,0.9962425039106102,0.1566052822415657,0.9962425039106102,1179.9895643397597,34.3509761773921,22.73469429064645,13.721634975919372,31.938012851170186,104.75590023595078,138.00347463895977,2.925939664703299,3.854578495373696,22.73469429064645,13.721634975919372,104.75590023595078,138.00347463895977,0.6350033137997626,0.3832593290706514,2.925939664703299,3.854578495373696,19.458769883184186,11.56719327998885,33.375926577360964,0.932223838456512,0.932223838456512,1053.312803740057,89.7170849097744,133.1410930314396,2.505890138386439,3.718767193305533,27.644902900724112,19.59090957390513,39.128603992020544,1.0929020149399669,1.0929020149399669,1384.812281656142,114.44099933483388,141.1937638008498,3.1964544094210297,3.943686541599465,19.176780755277832,10.764006230066691,32.465534039933054,0.9067956417658206,0.9067956417658206,988.50701727314,95.24577819871314,125.07512642063575,2.6603122086626603,3.493476478533708,Non-monotonic: U-shaped / inverted-U,,,1.528573522218238,1.528573522218238,1.528573522218238,4.662918819313727
all_zones_E_soil,CW,LPJ-GUESS,LAI,E_soil,Equal-count bins,21472,10,-0.3798181696479368,0.2789896236744778,-0.3696969696969697,0.2930500752928223,-0.2888888888888888,0.2912483465608466,0.3798181696479368,0.3696969696969697,-0.0101211999509671,-37.004695,37.004695,-1.0,1.0,0.3333333333333333,0.6666666666666666,0.0,negative,0.6666666666666666,4,-1.983117923283262,1.0452485818103785,-2.772116526231985,1.983117923283262,1.0452485818103785,2.772116526231985,True,False,True,True,4,0.5825414127213222,0.7706175420342266,valley,1.910216225,-0.2798655765635492,-2.2023527107571224,0.8234392031474124,0.0121141697374915,False,,,,,37.004695,1.03357905986082,1.03357905986082,0.1624744374518269,0.1624744374518269,35.80248133605086,-37.004695,37.004695,-1.0,1.0,91.473157,2.471933818127673,0.8794290365612524,0.6439955610378518,2.256408075813907,2.561903403658947,5.153087806417517,2.6273377863729763,2.686892132957727,4.158116266459437,-1.236661955901623,2.561903403658947,5.153087806417517,-1.983117923283262,1.0452485818103785,-2.772116526231985,1.983117923283262,1.0452485818103785,2.772116526231985,0.5270733371618458,1.397857633015818,2.471933818127673,1.0968852465883043,1.6320505546661042,2.471933818127673,2.471933818127673,1.0968852465883043,1.6320505546661042,2.471933818127673,21472,19325,0.9000093144560357,35.80248133605086,227.757028,0.0246780511018566,35.343272030720094,0.1551797208678016,0.9871738134287252,0.1551797208678016,0.9871738134287252,1154.844818366771,33.98300778869891,22.426424301981008,13.481387385071734,31.23923217160228,103.39048883840708,137.15633637730966,2.8878023248712466,3.8309170554388863,22.426424301981008,13.481387385071734,103.39048883840708,137.15633637730966,0.6263930170504411,0.3765489676129464,2.8878023248712466,3.8309170554388863,17.294256520432562,10.551006856906724,29.86486243166513,0.8341562181499717,0.8341562181499717,846.7413027402991,74.63581450436536,114.4118965682772,2.0846547981916483,3.1956415393217896,29.60522600255723,19.988836491113886,43.19329797771575,1.2064330841288031,1.2064330841288031,1670.6245645997851,128.74679268517767,157.40896787061752,3.596029880631142,4.396593811281916,22.435577429194193,14.244834699114255,34.113098597511815,0.9528138085547176,0.9528138085547176,1070.6550909762502,100.30435726124914,126.15247361361828,2.801603506744906,3.5235678898766896,Non-monotonic: U-shaped / inverted-U,,,-1.0335790598608199,1.0335790598608199,1.0335790598608199,2.554939031778567
all_zones_E_soil,CW,LPJ-GUESS,LAI,E_soil,LOWESS,21472,21460,-0.4190278919829776,0.0,-0.415187438774959,0.0,-0.2737277142257932,0.0,0.4190278919829776,0.415187438774959,-0.0038404532080185,-19.694392618765377,19.694392618765377,-0.3846327691458906,0.3846327691458906,0.4098047439302856,0.5862808145766345,0.0039144414930798,negative,0.5862808145766345,263,-1.815678604665653,-1.297242796805469,-0.5607702205963953,1.815678604665653,1.297242796805469,0.5607702205963953,True,False,True,True,263,0.7497973099600372,3.1560026779461267e-06,valley,3.1990264,-0.3682035774954593,2.178816298172259,0.0,0.0,True,,,,,51.203106439678635,1.4301552442433734,1.4301552442433734,0.2248146056756529,0.2248146056756529,35.80248133605086,-19.694392618765377,19.694392618765377,-0.3846327691458906,0.3846327691458906,128.0424761167429,2.5006778889008845,0.770859599917741,0.4448149009070827,2.6477981694729698,2.522008131358639,6.412695006364739,2.357819068156136,2.7712443407150964,4.370687287823388,-1.417679069999716,2.522008131358639,6.412695006364739,-1.815678604665653,-1.297242796805469,-0.5607702205963953,1.815678604665653,1.297242796805469,0.5607702205963953,0.7144671934074748,0.3088488343451389,2.500677888900884,1.2058283727808266,1.7852846540763956,2.500677888900884,2.500677888900884,1.2058283727808266,1.7852846540763956,2.500677888900884,21472,21472,1.0,35.80248133605086,227.757028,0.0449762844847434,34.98727284925579,0.1536166552421635,0.9772303914037878,0.1536166552421635,0.9772303914037878,1143.5120199244902,33.81585456445675,22.284945977669523,13.749206700324116,31.14213556771469,102.87806723412106,135.90223403745617,2.8734898642494167,3.7958886916759904,22.284945977669523,13.749206700324116,102.87806723412106,135.90223403745617,0.6224413824421151,0.3840294355933236,2.8734898642494167,3.7958886916759904,18.162875266435613,11.37006717370015,30.93182503893845,0.8639575773702599,0.8639575773702599,913.4241950312472,78.51488209643941,123.18190224847416,2.193001131946121,3.4405967869170477,26.949844738988773,18.739237580214407,38.63469848759693,1.0791067279656452,1.0791067279656452,1365.3783476005228,113.7278291049002,142.0295772517354,3.17653483392458,3.9670316679620887,20.47937135828501,11.343208667639647,34.83186387573953,0.9728896594847468,0.9728896594847468,1129.5058753251667,107.3599314086249,134.1072701309712,2.9986729243964487,3.7457535099929946,Non-monotonic: U-shaped / inverted-U,,,-0.5500845719018462,0.5500845719018462,0.5500845719018462,3.576357596975049
all_zones_E_soil,CW,LPJ-GUESS,LAI,E_soil,Polynomial degree 3,21472,300,-0.7740919541006488,4.054880357588288e-61,-0.6824178046422738,1.8598679694476838e-42,-0.5164771460423634,1.3434389391662995e-40,0.7740919541006488,0.6824178046422738,-0.091674149458375,-59.87808238862111,59.87808238862111,-0.9950634226159843,0.9950634226159843,0.2775919732441471,0.6789297658862876,0.0434782608695652,negative,0.6789297658862876,2,-0.0227421536567599,-0.2865079166866726,-2.6688546424452273,0.0227421536567599,0.2865079166866726,2.6688546424452273,False,False,True,True,2,0.1421404682274247,0.9571249893210418,valley,0.6074473786862876,-0.2642528023224082,-0.8872743723440139,5.8538959449677325e-24,1.7594930906053495e-64,False,,,,,60.17514163188099,1.6807533831820864,1.6807533831820864,0.2642076170395102,0.2642076170395102,35.80248133605086,-59.87808238862111,59.87808238862111,-0.9950634226159843,0.9950634226159843,65.03821433767159,1.0808153096762156,1.8442915717179305,0.0871421760879871,28.92505236861469,1.0808153096762154,4.551987185773537,0.3824341873617097,1.3505012159790604,1.847118076765594,-0.995063422615984,1.0808153096762154,4.551987185773537,-0.0227421536567599,-0.2865079166866726,-2.6688546424452273,0.0227421536567599,0.2865079166866726,2.6688546424452273,12.598099591219242,117.35276626503357,1.0808153096762154,0.0682726608350895,0.1882217837748017,1.0808153096762154,1.0808153096762154,0.0682726608350895,0.1882217837748017,1.0808153096762154,21472,21472,1.0,35.80248133605086,227.757028,0.0182938591525402,35.47266092115689,0.1557478214071044,0.9907877777576868,0.1557478214071044,0.9907877777576868,1258.3682778955915,35.47348697119571,26.130338568882717,22.009384743985873,37.86533772492574,107.6276894965216,137.75749968012042,3.006151682234026,3.847708162657632,26.130338568882717,22.009384743985873,107.6276894965216,137.75749968012042,0.7298471389068528,0.6147446747447585,3.006151682234026,3.847708162657632,23.259467506635236,20.206138252012405,31.82184265255949,0.8888166815554452,0.8888166815554452,1004.5724773605244,84.94909338003615,124.09340658198846,2.372715247937235,3.4660560372119837,28.245352036256516,22.813588564248604,37.947948831218774,1.0599251061687605,1.0599251061687605,1417.5188952297556,115.71628442247018,142.607019091472,3.232074429041071,3.983160210403508,28.415694231467324,23.9619878746198,38.09944641558041,1.0641565889796765,1.0641565889796765,1415.7262533878204,119.21481880611108,147.45222396828024,3.3297920802508516,4.118491748777341,Non-monotonic: U-shaped / inverted-U,,,-1.672456214042562,1.672456214042562,1.672456214042562,1.816583988333294
all_zones_E_soil,CW,LPJ-GUESS,LAI,E_soil,GAM,21472,300,0.3384952632753304,1.776995262832644e-09,0.1125612506805631,0.0514541053840916,0.0503010033444816,0.1938492043820642,0.3384952632753304,0.1125612506805631,-0.2259340125947673,74.62934281737594,74.62934281737594,0.6059397483462547,0.6059397483462547,0.5016722408026756,0.4816053511705686,0.0167224080267558,positive,0.5016722408026756,5,-0.2650809575168523,-0.804927026506562,2.8737185613136504,0.2650809575168523,0.804927026506562,2.8737185613136504,False,True,True,True,5,0.717391304347826,4.830052548450263e-05,valley,3.060818914226087,-0.0913609041477812,3.6656689973091807,0.004671880758339,9.569277629485932e-51,True,,,,,123.1629762217384,3.4400681635918064,3.4400681635918064,0.5407647671875065,0.5407647671875065,35.80248133605086,74.62934281737594,74.62934281737594,0.6059397483462547,0.6059397483462547,233.74656951074323,1.89786392535622,1.710957155823488,0.811493224828157,5.849650205751111,1.8978639253562195,6.00769128240605,1.5756149638918573,2.449092686425754,3.168071635329059,0.6059397483462547,1.8978639253562195,6.00769128240605,-0.2650809575168523,-0.804927026506562,2.8737185613136504,0.2650809575168523,0.804927026506562,2.8737185613136504,3.036532816414734,10.840909087673548,1.8978639253562208,0.5626962925862636,0.858973812083193,1.8978639253562208,1.8978639253562208,0.5626962925862636,0.858973812083193,1.8978639253562208,21472,21472,1.0,35.80248133605086,227.757028,0.1326669796921435,33.34233065817778,0.1463942998860073,0.9312854699990902,0.1463942998860073,0.9312854699990902,1111.762790105188,33.34310708535106,23.68099539950186,17.899678194739636,30.349972281665192,103.51235979342918,136.93681114089458,2.8912063055584563,3.824785490580167,23.68099539950186,17.899678194739636,103.51235979342918,136.93681114089458,0.6614344736954468,0.4999563585196476,2.8912063055584563,3.824785490580167,19.675095202519422,15.03222477133503,29.81601249700337,0.8327917894054039,0.8327917894054039,889.0722131478122,78.65806574466589,121.43218382261412,2.19700039799929,3.3917253578829327,28.34543071936152,23.970937735893955,36.84000013188498,1.0289789633879205,1.0289789633879205,1357.2663964113958,114.50615557032094,142.56880381632504,3.198274289861033,3.98209281859934,21.51698636083111,15.272146262727794,32.16653541954583,0.8984443038353361,0.8984443038353361,1034.9005438972029,100.9761334112629,137.77274705038798,2.8203669031617156,3.848134037337223,Non-monotonic: U-shaped / inverted-U,,,2.084474037340782,2.084474037340782,2.084474037340782,6.528781268447308
all_zones_E_soil,CW,LPJ-GUESS,LAI,E_soil,Piecewise linear,21472,300,-0.7616752315280733,4.1958068850647935e-58,-0.6141646018289092,1.7059162083120635e-32,-0.3879598662207358,1.2323428052450382e-23,0.7616752315280733,0.6141646018289092,-0.147510629699164,-34.653768821215195,34.653768821215195,-0.724450035761776,0.724450035761776,0.4849498327759197,0.5150501672240803,0.0,negative,0.5150501672240803,1,0.5682030297050275,-0.7890050564037597,-1.9531936307930151,0.5682030297050275,0.7890050564037597,1.9531936307930151,False,True,False,True,1,0.4849498327759197,1.0,peak,2.0694856484120403,0.5682030297050275,-1.9527490106584935,0.0,0.0,True,,,,,47.83458777081287,1.3360690652087968,1.3360690652087968,0.2100246398140252,0.2100246398140252,35.80248133605086,-34.653768821215195,34.653768821215195,-0.724450035761776,0.724450035761776,61.01540672041054,1.2755499642382242,0.8383359364332674,0.6300193814764811,3.3764600730542704,1.275549964238224,1.9531936307930868,1.953193630792954,1.2585575199809431,2.521396660498036,-0.7244500357617759,1.275549964238224,1.9531936307930868,0.5682030297050275,-0.7890050564037597,-1.9531936307930151,0.5682030297050275,0.7890050564037597,1.9531936307930151,1.3885970597751964,3.437492460761748,1.2755499642382242,0.1900344580953269,0.6223079472505935,1.2755499642382242,1.2755499642382242,0.1900344580953269,0.6223079472505935,1.2755499642382242,21472,21472,1.0,35.80248133605086,227.757028,0.0374906274193305,35.12412364817609,0.154217518364246,0.9810527744848871,0.154217518364246,0.9810527744848871,1233.7615209022968,35.1249415786318,26.00807851098255,21.763930082027773,37.988694578917695,106.23791926183722,136.37010690419515,2.9673339751136822,3.8089568603972426,26.00807851098255,21.763930082027773,106.23791926183722,136.37010690419515,0.726432290177442,0.6078888744538736,2.9673339751136822,3.8089568603972426,23.901192618970953,20.91686437094705,32.28318072569349,0.9017023267933764,0.9017023267933764,1037.9113995000805,86.77487071623108,123.54961187694002,2.4237110802947117,3.450867293729535,28.141438379080157,23.22543542740366,37.287805910221266,1.041486637762025,1.041486637762025,1382.803079398183,114.02728856647744,140.99211003471945,3.1848990436218476,3.9380541452234263,25.869376610769972,20.320708772928683,36.57076791660417,1.021459031661576,1.021459031661576,1333.089147749053,115.64862811172476,143.21676662073767,3.230184718936612,4.000191083865669,Non-monotonic: U-shaped / inverted-U,2.0796221448916388,,-0.9679152820707155,0.9679152820707155,0.9679152820707155,1.7042228483468782
all_zones_E_soil,CW,LPJ-GUESS,LAI,E_soil,Symbolic regression,21472,300,-0.7749284617634028,2.5001245917099544e-61,-0.7905665618506872,1.981993207619883e-65,-0.7179933110367893,8.820565151472078e-77,0.7749284617634028,0.7905665618506872,0.0156381000872843,-47.611844960617745,47.611844960617745,-0.8980926674952371,0.8980926674952371,0.1739130434782608,0.8127090301003345,0.0133779264214046,negative,0.8127090301003345,2,-1.6661367519112604,-0.3047747963538203,-0.7174332755092155,1.6661367519112604,0.3047747963538203,0.7174332755092155,True,False,True,True,2,0.3578595317725752,0.4439893456967698,peak,1.5274617045137124,-1.018500570850863,-0.5431096860595046,1.8201534213847296e-12,4.878811441492075e-146,False,,,,,53.01440116798443,1.4807465625183427,1.4807465625183427,0.2327673557804962,0.2327673557804962,35.80248133605086,-47.611844960617745,47.611844960617745,-0.8980926674952371,0.8980926674952371,94.68750353477672,1.7860713588887769,0.5305653563610438,0.3213295711519306,10.989571048310138,1.7860713588887769,41.06382245500595,0.6461686930544935,4.333982695386212,0.6109984374113986,-0.898092667495237,1.7860713588887769,41.06382245500595,-1.6661367519112604,-0.3047747963538203,-0.7174332755092155,1.6661367519112604,0.3047747963538203,0.7174332755092155,0.1829230379824505,0.4305968730875378,1.7860713588887762,1.4427636281233238,1.5461271195880355,1.7860713588887762,1.7860713588887762,1.4427636281233238,1.5461271195880355,1.7860713588887762,21472,21472,1.0,35.80248133605086,227.757028,-0.0705287832667032,37.04266193053323,0.1626411367228291,1.034639515145381,0.1626411367228291,1.034639515145381,1224.6732183896786,34.9953313799095,23.445680592590826,14.049677289319442,34.50662245016864,106.7290504944596,136.0542870730873,2.981051773833064,3.8001356888101814,23.445680592590826,14.049677289319442,106.7290504944596,136.0542870730873,0.6548618899490213,0.3924218871157485,2.981051773833064,3.8001356888101814,18.512893370854183,11.35377771602258,31.527257308649535,0.8805886109604241,0.8805886109604241,925.158120462747,79.32899125502288,123.41415119991332,2.2157400351786105,3.44708373817775,28.439344245251792,16.780680229365736,42.25387291271131,1.1801939791855798,1.1801939791855798,1421.9086221524924,115.57525853493205,142.658599204227,3.228135431455556,3.984600895820556,23.124398602219745,16.432834423679274,35.392486458869946,0.9885484228500084,0.9885484228500084,1247.139737111983,111.39619760487489,137.8187861915803,3.1114099762885954,3.8494199577392254,Non-monotonic: U-shaped / inverted-U,,"mul(sqrt(div(sqrt(sqrt(sub(log(X0), mul(mul(-0.855, -0.631), sub(div(mul(0.644, X0), log(0.014)), log(add(X0, X0))))))), mul(mul(0.529, -0.023), sub(-0.562, -0.473)))), sqrt(sub(log(0.014), mul(add(X0, mul(sqrt(X0), log(log(-0.344)))), log(0.486)))))",-1.329847630216501,1.329847630216501,1.329847630216501,2.6447190250870216
all_zones_E_soil,CD,CLASSIC,P,E_soil,Equal-width bins,13445,10,0.4903238640416369,0.1502160819817368,0.1636363636363636,0.6514773427962428,0.1111111111111111,0.7274895282186948,0.4903238640416369,0.1636363636363636,-0.3266875004052733,170.85511000000002,170.85511000000002,0.6838341459816362,0.6838341459816362,0.6666666666666666,0.3333333333333333,0.0,positive,0.6666666666666666,2,2.341797602989255,0.0100552752376647,-0.5605265947656739,2.341797602989255,0.0100552752376647,0.5605265947656739,False,True,True,True,2,0.5790589468212888,0.995926845600379,peak,597.4704427083333,1.775919334817474,-0.5873961212736877,0.0026378600245483,0.1791647806334234,False,,,,,249.848755,2.601744339914214,2.601744339914214,0.6584936484103433,0.6584936484103433,96.0312476391274,170.85511000000002,170.85511000000002,0.6838341459816362,0.6838341459816362,346.32312,1.3861310615696287,0.7412946047725675,0.6853700215164684,1.4617975332020032,1.3043658532841709,2.6745516885522083,1.1223858033627083,1.4389614603618053,2.257827802158781,0.5971087611537487,1.3043658532841709,2.6745516885522083,2.341797602989255,0.0100552752376647,-0.5605265947656739,2.341797602989255,0.0100552752376647,0.5605265947656739,0.0042938276240565,0.2393574039234533,1.3861310615696285,0.8854447563687079,1.1414163740779897,1.3861310615696285,1.3861310615696285,0.8854447563687079,1.1414163740779897,1.3861310615696285,13445,13429,0.9988099665303086,96.0312476391274,379.4247,0.5535091532237257,64.18207524073044,0.1691562917246306,0.6683457397316975,0.1691562917246306,0.6683457397316975,4117.897004621745,64.17084232439016,45.95363057174428,35.11954626485479,67.26037335982159,217.1779149677352,263.4583436794693,2.261533826821253,2.74346475919495,45.95363057174428,35.11954626485479,217.1779149677352,263.4583436794693,0.4785278927587391,0.3657095698353243,2.261533826821253,2.74346475919495,40.3881245518186,30.986181244505783,57.991576166285526,0.6038823569616644,0.6038823569616644,3340.944289902342,196.4357739880865,238.31548575533304,2.045540163408747,2.481645210430784,62.71048640388306,51.46502475268002,79.97857068093482,0.8328390252877229,0.8328390252877229,6260.095087485325,255.3082007705312,304.1285698671307,2.6585950619942507,3.16697509762661,72.8075286917818,63.58263923237487,88.1347914043801,0.9177720124555588,0.9177720124555588,7615.0229679165295,259.9392366419785,331.2925696865646,2.7068193221730845,3.449841357174883,Non-monotonic: U-shaped / inverted-U,,,1.7791616187477923,1.7791616187477923,1.7791616187477923,3.6063586438180626
all_zones_E_soil,CD,CLASSIC,P,E_soil,Equal-count bins,13445,9,0.9551869923456836,6.0031119370338946e-05,1.0,0.0,1.0,5.5114638447971785e-06,0.9551869923456836,1.0,0.0448130076543163,233.08884,233.08884,1.0,1.0,1.0,0.0,0.0,positive,1.0,0,1.5836154247595635,1.5797506740012597,0.3314372838923308,1.5836154247595635,1.5797506740012597,0.3314372838923308,True,False,False,False,0,,,,,,,,,,,,,,233.08884,2.427218699437465,2.427218699437465,0.6143217349845701,0.6143217349845701,96.0312476391274,233.08884,233.08884,1.0,1.0,233.08884,1.0,0.6892866170969298,0.7632542687407589,1.3353123543054015,1.2691216080083916,3.248285581606477,1.2977591103751482,0.9567269180699204,1.0545201712003085,1.2691216080083916,1.2691216080083916,3.248285581606477,1.5836154247595635,1.5797506740012597,0.3314372838923308,1.5836154247595635,1.5797506740012597,0.3314372838923308,0.9975595395839928,0.2092915228725131,1.0,0.4933969811682103,0.9084541756696716,1.0,1.0,0.4933969811682103,0.9084541756696716,1.0,13445,12773,0.950018594272964,96.0312476391274,379.4247,0.5644860404752678,62.188684594303965,0.1639025730119941,0.6475880103942908,0.1639025730119941,0.6475880103942908,3867.666524382463,62.19056620085126,43.33175615064769,31.316433714938952,60.92185001219026,208.794049776452,256.8806519605999,2.174230314710396,2.6749694320948847,43.33175615064769,31.316433714938952,208.794049776452,256.8806519605999,0.4512255876699909,0.3261067046907682,2.174230314710396,2.6749694320948847,26.705184223051617,8.8505416036108,49.53721321440105,0.5158447321288094,0.5158447321288094,2323.080461413954,163.55604190049218,225.7765650429278,1.7031543994420848,2.3510739534632097,54.069335799342475,46.83459908956239,66.34356482153628,0.6908539298671461,0.6908539298671461,4291.148511439756,207.2035874649755,245.8182328508938,2.1576683898101465,2.5597733955789663,63.08263143024996,51.85468930785463,80.1529864769685,0.8346552653171049,0.8346552653171049,6365.189675926589,261.17057981697474,309.07897280047274,2.719641639963055,3.2185250155444214,Monotonic nonlinear,,,2.4272186994374656,2.4272186994374656,2.4272186994374656,2.4272186994374656
all_zones_E_soil,CD,CLASSIC,P,E_soil,LOWESS,13445,10280,0.8238330575593358,0.0,0.974684809217296,0.0,0.939654306331938,0.0,0.8238330575593358,0.974684809217296,0.1508517516579602,142.3711259088307,142.3711259088307,0.5941773347221325,0.5941773347221325,0.8989201284171612,0.0883354411907773,0.0127444303920614,positive,0.8989201284171612,14,2.3673298566245977,0.5938548819081497,-0.8073224051741271,2.3673298566245977,0.5938548819081497,0.8073224051741271,False,True,True,True,9,0.4477499117676238,0.999989482635558,peak,496.3353515625,2.160311975237426,-0.7101364513459086,0.0,0.0,True,,,,,239.6104960405645,2.4951305114871434,2.4951305114871434,0.6315100098664228,0.6315100098664228,96.0312476391274,142.3711259088307,142.3711259088307,0.5941773347221325,0.5941773347221325,339.7529491959177,1.417938507745503,0.6537791782556185,0.658015047209314,16.43202673397133,1.9716494403546032,95.62762512232084,1.9945422898862637,2.335925279197674,1.7079304501337318,1.8749862786782463,1.9716494403546032,95.62762512232084,2.3673298566245977,0.5938548819081497,-0.8073224051741271,2.3673298566245977,0.5938548819081497,0.8073224051741271,0.2508543033182895,0.3410265801848285,1.4179385077454936,0.9304425654005576,1.1487705407687143,1.4179385077454936,1.4179385077454936,0.9304425654005576,1.1487705407687143,1.4179385077454936,13445,13445,1.0,96.0312476391274,379.4247,0.5712589074411105,62.87731311018732,0.1657175010224356,0.6547588900070512,0.1657175010224356,0.6547588900070512,3953.343660946314,62.875620561123,45.130785379368774,33.87183281812153,66.10874829110978,210.3873323186404,259.0001514439526,2.190821607454772,2.697040367706567,45.130785379368774,33.87183281812153,210.3873323186404,259.0001514439526,0.469959377690939,0.3527167838681774,2.190821607454772,2.697040367706567,40.0659716890134,28.40106747954689,57.035120954220815,0.5939225237242691,0.5939225237242691,3250.7384100571885,194.3540808493223,233.1701827862916,2.023862915742581,2.4280657444180456,64.72921087303031,53.99043666894313,81.65698015678167,0.8503167683881155,0.8503167683881155,6538.5234687512975,260.28656054573116,309.40700027817695,2.710436102255521,3.2219408565937524,72.76979866038985,65.2439623818766,87.96237247002921,0.915976566300378,0.915976566300378,7723.620174265094,263.65726015639945,343.7861106930751,2.745536131605706,3.579940062686443,Non-monotonic: U-shaped / inverted-U,,,1.4825499970993021,1.4825499970993021,1.4825499970993021,3.5379416340883534
all_zones_E_soil,CD,CLASSIC,P,E_soil,Polynomial degree 3,13445,300,0.4585503222971631,5.2753451111568977e-17,0.3646667185190946,7.240984874334979e-11,0.2702341137123746,2.9485805076762218e-12,0.4585503222971631,0.3646667185190946,-0.0938836037780684,81.22233813741981,81.22233813741981,0.371527346530679,0.371527346530679,0.5752508361204013,0.4180602006688963,0.0066889632107023,positive,0.5752508361204013,1,2.426474680645674,0.4919786416695857,-1.8026667697718337,2.426474680645674,0.4919786416695857,1.8026667697718337,False,True,False,True,1,0.5785953177257525,1.0,peak,641.3788208290455,1.746126279786918,-1.48199369764185,1.9066876980311194e-109,7.142834734744189e-75,True,,,,,218.61738818386775,2.276523460419911,2.276523460419911,0.5761812243216317,0.5761812243216317,96.0312476391274,81.22233813741981,81.22233813741981,0.371527346530679,0.371527346530679,356.01243823031575,1.6284726534693212,1.0487602098471311,0.6380822832287799,6.536631490644466,1.628472653469321,3.270214605195948,1.6399732150746384,1.838315449390169,3.166543096041199,0.3715273465306792,1.628472653469321,3.270214605195948,2.426474680645674,0.4919786416695857,-1.8026667697718337,2.426474680645674,0.4919786416695857,1.8026667697718337,0.2027544921831504,0.7429159612298745,1.6284726534693204,0.8115299935269812,1.0255740682613494,1.6284726534693204,1.6284726534693204,0.8115299935269812,1.0255740682613494,1.6284726534693204,13445,13445,1.0,96.0312476391274,379.4247,0.5752808858242755,62.58169521433881,0.1649383796424924,0.6516805389170038,0.1649383796424924,0.6516805389170038,3916.759892345968,62.584022660308186,48.246072236909896,36.17138316057171,68.56149983454043,209.0708905161174,251.03358691802765,2.17711313406838,2.61408232309319,48.246072236909896,36.17138316057171,209.0708905161174,251.03358691802765,0.5023997232464602,0.3766626389828749,2.17711313406838,2.61408232309319,43.43233220644814,30.489214966546427,56.674390319404765,0.5901661356351376,0.5901661356351376,3211.4711611128087,189.4439402360877,230.25852907175656,1.972732260524123,2.397745887224514,66.78716358474956,59.405157700271346,81.35589247641327,0.8471814589157254,0.8471814589157254,6603.2450690395945,261.9238545183012,305.7035829572559,2.7274856982237283,3.18337614550265,75.47310536441341,73.08442471171784,89.585291715292,0.9328764742486898,0.9328764742486898,8048.288473403314,269.53659911829874,324.09997387979536,2.8067593178751693,3.374942863365888,Non-monotonic: U-shaped / inverted-U,,,0.845790720564649,0.845790720564649,0.845790720564649,3.7072562002751743
all_zones_E_soil,CD,CLASSIC,P,E_soil,GAM,13445,300,0.5664138329335542,7.475293612764989e-27,0.3579461994022155,1.6941183962042552e-10,0.1635674470457079,2.3899287799129634e-05,0.5664138329335542,0.3579461994022155,-0.2084676335313386,130.17026094895866,130.17026094895866,0.6238136119405271,0.6238136119405271,0.4749163879598662,0.4682274247491639,0.0568561872909698,positive,0.4749163879598662,3,2.6868131455353472,0.1876565445607307,-1.007390424948293,2.6868131455353472,0.1876565445607307,1.007390424948293,False,True,True,True,3,0.451505016722408,1.0,peak,500.4979237683303,2.2323596139368376,-0.6526685428295285,3.8136236266872026e-123,1.2775868967954697e-95,True,,,,,208.6685164564328,2.172923101453198,2.172923101453198,0.5499602858127919,0.5499602858127919,96.0312476391274,130.17026094895866,130.17026094895866,0.6238136119405271,0.6238136119405271,287.8868134487691,1.3796370355126193,0.6055892617924041,0.5050211594229946,2.8596084372301256,1.3796370355126193,5.397982881863122,1.3146333291795744,1.6970428483357545,2.5895482614414207,0.6238136119405275,1.3796370355126193,5.397982881863122,2.6868131455353472,0.1876565445607307,-1.007390424948293,2.6868131455353472,0.1876565445607307,1.007390424948293,0.0698435411753727,0.3749387733278975,1.3796370355126202,0.8985997142258683,1.04238148494474,1.3796370355126202,1.3796370355126202,0.8985997142258683,1.04238148494474,1.3796370355126202,13445,13445,1.0,96.0312476391274,379.4247,0.5804033423074626,62.20315742029687,0.1639407171443948,0.647738719942992,0.1639407171443948,0.647738719942992,3869.520595998534,62.205470788336086,47.51618586348385,34.82827441523642,66.60592827253686,207.7590447690871,250.33346233026157,2.163452520681787,2.606791731697387,47.51618586348385,34.82827441523642,207.7590447690871,250.33346233026157,0.4947992141270862,0.3626764753293263,2.163452520681787,2.606791731697387,42.842647564793786,29.399525706329428,56.42690908691256,0.5875890449633367,0.5875890449633367,3184.288611401883,188.6611348191196,228.66280075399743,1.9645806907360288,2.38112912594119,65.62519699908025,57.466499445620656,80.74937087418606,0.8408655813535965,0.8408655813535965,6523.045736072207,259.7538507193768,308.1502912276301,2.7048888471750057,3.208854396910656,72.74486666917772,62.30457234991539,87.24739077621489,0.9085312637411408,0.9085312637411408,7646.64996615944,258.87193772723987,348.29377705480954,2.6957052427356354,3.626879641964571,Non-monotonic: U-shaped / inverted-U,,,1.3554990083865317,1.3554990083865317,1.3554990083865317,2.9978451860857755
all_zones_E_soil,CD,CLASSIC,P,E_soil,Piecewise linear,13445,300,0.6639869911876805,1.6553418495081574e-39,0.3794602162246246,1.0385440049553836e-11,0.1218283166109253,0.0016505190592368,0.6639869911876805,0.3794602162246246,-0.2845267749630558,161.09248304759703,161.09248304759703,0.7810755399511243,0.7810755399511243,0.3779264214046823,0.6220735785953178,0.0,negative,0.6220735785953178,1,2.6576743716633073,0.0299681286719708,-0.3519269545946977,2.6576743716633073,0.0299681286719708,0.3519269545946977,False,True,False,True,1,0.3779264214046822,1.0,peak,418.935299154232,2.657674371663308,-0.3519269545946981,0.0,0.0,True,,,,,206.24443451100436,2.147680464238509,2.147680464238509,0.5435714504380036,0.5435714504380036,96.0312476391274,161.09248304759703,161.09248304759703,0.7810755399511243,0.7810755399511243,251.3963859744117,1.2189244600488756,0.4279338079466851,0.3175313280108099,0.8922484221663606,1.2189244600488756,2.6576743716633495,0.3519269545947312,1.4555876924497484,3.009601326257998,0.7810755399511242,1.2189244600488756,2.6576743716633495,2.6576743716633073,0.0299681286719708,-0.3519269545946977,2.6576743716633073,0.0299681286719708,0.3519269545946977,0.0112760724156042,0.1324191399619976,1.21892446004888,0.8888543049041163,1.1012231374419552,1.21892446004888,1.21892446004888,0.8888543049041163,1.1012231374419552,1.21892446004888,13445,13445,1.0,96.0312476391274,379.4247,0.5764912099609765,62.492461915391566,0.1647031991206465,0.6507513278410156,0.1647031991206465,0.6507513278410156,3905.5982824385446,62.494786042025495,48.75846784283438,35.24323876603958,65.95390426065913,207.8097652192542,251.5656999721952,2.1639806867882783,2.619623363819509,48.75846784283438,35.24323876603958,207.8097652192542,251.5656999721952,0.5077354407188603,0.3669976141357546,2.1639806867882783,2.619623363819509,44.39648097739504,30.55047534284311,56.74692171681847,0.5909214251809558,0.5909214251809558,3220.3817410623165,188.25370136176795,226.0638448845266,1.9603379732105553,2.3540654780831787,65.4088193627803,56.42945545069533,80.88661303884403,0.8422947220555241,0.8422947220555241,6544.094809116908,259.5681405392826,312.0177031045065,2.7029549955937773,3.249126828769603,75.11350482672088,67.49494846240293,88.29724444841686,0.9194636810325124,0.9194636810325124,7803.5500026666605,257.9874689952454,345.4651900610926,2.6864950246687185,3.5974247815596914,Non-monotonic: U-shaped / inverted-U,417.3126950044586,,1.6775006782475748,1.6775006782475748,1.6775006782475748,2.6178602502294432
all_zones_E_soil,CD,CLASSIC,P,E_soil,Symbolic regression,13445,300,0.3265559735095292,6.952833606393974e-09,0.3002100023333592,1.1526251284062242e-07,0.4038795986622074,1.7671197210415862e-25,0.3265559735095292,0.3002100023333592,-0.0263459711761699,163.884321187728,163.884321187728,0.5216436413321588,0.5216436413321588,0.9966555183946488,0.0033444816053511,0.0,positive,0.9966555183946488,2,1.922304254396252,1.0075698233281136,-1.3600838919079297,1.922304254396252,1.0075698233281136,1.3600838919079297,False,True,True,True,2,0.6923076923076922,1.0,peak,767.4301497781064,1.2731523846770505,0.1684778688681648,5.004557668692338e-166,0.0135388999642351,False,,,,,314.16911508631614,3.2715300780733543,3.2715300780733543,0.8280143993954958,0.8280143993954958,96.0312476391274,163.884321187728,163.884321187728,0.5216436413321588,0.5216436413321588,518.9171387697784,1.6517127682242378,1.1306239474263886,0.606665149855432,163.4111441688991,1.6517127682242383,168.94533447036594,0.9992772577471828,9.856656043944817,1.0235185418167745,0.5216436413321586,1.6517127682242383,168.94533447036594,1.922304254396252,1.0075698233281136,-1.3600838919079297,1.922304254396252,1.0075698233281136,1.3600838919079297,0.5241469039169173,0.707527899809543,1.6517127682242383,0.6429111218716561,0.9765211971542088,1.6517127682242383,1.6517127682242383,0.6429111218716561,0.9765211971542088,1.6517127682242383,13445,13445,1.0,96.0312476391274,379.4247,0.5457967127572443,64.71747377632806,0.1705673715399341,0.6739209930868302,0.1705673715399341,0.6739209930868302,4187.755636420449,64.71287071688637,45.73122903845652,34.868670539265366,69.56739375582438,217.94280378605973,264.04663374565985,2.2694988261014752,2.7495907867188376,45.73122903845652,34.868670539265366,217.94280378605973,264.04663374565985,0.4762119639464475,0.3630971313660025,2.2694988261014752,2.7495907867188376,40.1062767933427,30.581333764406857,57.88524435712351,0.6027750943593747,0.6027750943593747,3349.9510697689293,193.41658566966908,240.9857209653865,2.0141005185781062,2.5094511098197807,67.0928900237705,55.41911398234217,84.58120418368136,0.8807675237285911,0.8807675237285911,7042.2372067474735,274.04552708462205,315.5839598707122,2.8537120345915787,3.286263248985731,80.94121562981063,46.971801480142574,108.8029552120863,1.1329953310713328,1.1329953310713328,11760.274246434148,371.9434684239055,406.9762603758408,3.873150433509094,4.237956606637073,Non-monotonic: U-shaped / inverted-U,,"mul(sqrt(mul(log(-0.517), add(X0, X0))), add(sub(div(div(-0.936, -0.720), div(X0, sub(div(div(sub(-0.492, X0), mul(X0, -0.334)), div(X0, -0.010)), log(div(-0.770, div(-0.770, X0)))))), log(div(-0.770, X0))), div(sub(0.964, X0), mul(X0, -0.334))))",1.7065728626538665,1.7065728626538665,1.7065728626538665,5.403628001583398
all_zones_E_soil,CD,LPJ-GUESS,P,E_soil,Equal-width bins,10397,10,0.9665150585775062,5.282232756318737e-06,0.9878787878787878,9.307459988955517e-08,0.9555555555555554,5.5114638447971785e-06,0.9665150585775062,0.9878787878787878,0.0213637293012816,84.67244350000001,84.67244350000001,1.0,1.0,0.8888888888888888,0.1111111111111111,0.0,positive,0.8888888888888888,2,1.192347624471646,1.1233384885007125,0.6554510912508471,1.192347624471646,1.1233384885007125,0.6554510912508471,True,False,True,True,2,0.8917605716197022,0.8419411961812152,valley,974.8657877604168,0.9749779696028904,,4.003245261327812e-05,,,,,,,84.67244350000001,2.372577028109742,2.372577028109742,0.3340063898426488,0.3340063898426488,35.68796397201042,84.67244350000001,84.67244350000001,1.0,1.0,86.45126150000002,1.0210082280193085,0.557579460727776,0.4365143137957665,1.4083788553152128,1.0142107659906674,2.6166773730153485,0.655785252075759,0.784044987723833,1.0092222721813864,0.9903790680744018,1.0142107659906674,2.6166773730153485,1.192347624471646,1.1233384885007125,0.6554510912508471,1.192347624471646,1.1233384885007125,0.6554510912508471,0.94212330820761,0.5497147625393988,1.0210082280193085,0.4242106110945055,0.7736764854317684,1.0210082280193085,1.0210082280193085,0.4242106110945055,0.7736764854317684,1.0210082280193085,10397,9707,0.9336347023179764,35.68796397201042,253.50546,0.2871375326979206,29.712075185952916,0.1172048727706019,0.8325517031247758,0.1172048727706019,0.8325517031247758,870.5137685402979,29.504470314518407,20.656250558376396,16.291946337533197,32.71350386242232,82.53559756249194,115.94664147350696,2.312701212857743,3.248900429412066,20.656250558376396,16.291946337533197,82.53559756249194,115.94664147350696,0.5788015974959179,0.4565109500309613,2.312701212857743,3.248900429412066,17.42768786254055,15.06222936023766,22.92681358157772,0.6424242526012105,0.6424242526012105,522.7048957143643,67.5052335482248,85.23038619786607,1.891540621403009,2.3882109459847887,30.312575208092728,21.91140164985961,44.1517255919795,1.2371601144466269,1.2371601144466269,1872.5694288522743,144.87132030841798,181.1710986599483,4.059388773818494,5.076532211309065,32.63048518916761,21.11602528035452,47.198681099065624,1.3225377927438755,1.3225377927438755,2124.66505398495,153.4253546976288,184.9143375367364,4.299078390068937,5.181420203230483,Non-monotonic: U-shaped / inverted-U,,,2.3725770281097414,2.3725770281097414,2.3725770281097414,2.422420667309644
all_zones_E_soil,CD,LPJ-GUESS,P,E_soil,Equal-count bins,10397,10,0.9596647397030348,1.1029094267843955e-05,0.9757575757575756,1.4675461874042197e-06,0.911111111111111,2.976190476190476e-05,0.9596647397030348,0.9757575757575756,0.016092836054541,58.063291500000005,58.063291500000005,0.9537821968969752,0.9537821968969752,0.7777777777777778,0.2222222222222222,0.0,positive,0.7777777777777778,3,1.6296244380497071,0.6404469885604189,1.4290265145214576,1.6296244380497071,0.6404469885604189,1.4290265145214576,True,False,True,True,3,0.5037772166048587,0.4765101967605298,peak,287.5208984375,0.9440467485616616,1.2877192670350386,0.0195283990936921,0.0162219446393513,False,,,,,60.87688750000001,1.705810046987968,1.705810046987968,0.2401403405670237,0.2401403405670237,35.68796397201042,58.063291500000005,58.063291500000005,0.9537821968969752,0.9537821968969752,64.0703915,1.0524583981071634,0.6472367080299612,0.5463724769584768,1.787326228147762,1.0916682448954207,3.4655176722947587,0.9974178991354145,1.0369790097641078,1.0797391804119778,1.035504094216047,1.0916682448954207,3.4655176722947587,1.6296244380497071,0.6404469885604189,1.4290265145214576,1.6296244380497071,0.6404469885604189,1.4290265145214576,0.3930028131677318,0.8769054275055423,1.0524583981071634,0.3220444458498309,0.5459192620516282,1.0524583981071634,1.0524583981071634,0.3220444458498309,0.5459192620516282,1.0524583981071634,10397,9358,0.9000673271135905,35.68796397201042,253.50546,0.2611266020905287,27.5316580678711,0.1086038070654221,0.7714549950079472,0.1086038070654221,0.7714549950079472,749.1640950933948,27.370862154732993,19.513755334582857,15.543861463076178,31.26076413329483,76.69039747073339,103.73252023890052,2.14891489833605,2.906652795330563,19.513755334582857,15.543861463076178,76.69039747073339,103.73252023890052,0.5467881370281372,0.4355491244966234,2.14891489833605,2.906652795330563,14.667103417603608,13.7561648474326,18.589238218397256,0.5208825651409125,0.5208825651409125,344.54323843374516,55.702945636376455,63.70789828388797,1.5608328253207022,1.7851368134605043,18.597205175028257,15.264463597014933,24.637677827067897,0.6903637833301695,0.6903637833301695,597.845784975335,74.53571250436279,93.59254454604437,2.0885392218737984,2.6225240705647344,28.07590923924613,21.254396912904102,40.82471230449556,1.143935034694437,1.143935034694437,1601.8204284285284,129.9551947711863,171.0633172013055,3.641429218912807,4.793305589959352,Non-monotonic: U-shaped / inverted-U,,,1.6269712541051162,1.6269712541051162,1.6269712541051162,1.7952941095280617
all_zones_E_soil,CD,LPJ-GUESS,P,E_soil,LOWESS,10397,9840,0.9405925290889524,0.0,0.9956764774470892,0.0,0.9765061803987284,0.0,0.9405925290889524,0.9956764774470892,0.0550839483581365,52.96506101882666,52.96506101882666,0.6172767204485978,0.6172767204485978,0.9109665616424434,0.0743978046549446,0.014635633702612,positive,0.9109665616424434,137,1.1822247532865444,1.5467782270547177,0.5361578334888218,1.1822247532865444,1.5467782270547177,0.5361578334888218,True,False,True,True,137,0.0630961850074394,4.2711661381650135e-06,valley,73.41761997767857,-5.979249044549066,1.1932219139012854,0.0,0.0,True,,,,,85.80440386660783,2.404295295016074,2.404295295016074,0.3384716205584204,0.3384716205584204,35.68796397201042,52.96506101882666,52.96506101882666,0.6172767204485978,0.6172767204485978,118.90621986134296,1.3857822501301391,0.6642010273638687,0.5034559716584343,2.6688893408173273,1.8281768978566983,8.971018386615434,1.2679367929077665,2.167496488732172,1.706928574969062,1.2537242258314951,1.8281768978566983,8.971018386615434,1.1822247532865444,1.5467782270547177,0.5361578334888218,1.1822247532865444,1.5467782270547177,0.5361578334888218,1.308362240559358,0.453515993467673,1.3857822501301449,0.8625588912102702,1.206546495013794,1.3857822501301449,1.3857822501301449,0.8625588912102702,1.206546495013794,1.3857822501301449,10397,10397,1.0,35.68796397201042,253.50546,0.2624936097760646,30.646704375354588,0.1208916935175857,0.8587406218911893,0.1208916935175857,0.8587406218911893,920.5176919964468,30.34003447586121,21.068304627517197,15.905069595510774,31.9286958001096,86.37980936832798,122.13852262691124,2.420418532031541,3.422400973132084,21.068304627517197,15.905069595510774,86.37980936832798,122.13852262691124,0.5903476209525648,0.4456704116823504,2.420418532031541,3.422400973132084,18.202448795102143,14.59447140106731,24.66626955085746,0.6911649420572963,0.6911649420572963,604.427696028767,71.96910094382125,93.8088744279818,2.0166210938866005,2.62858577478824,30.950236169739032,21.767813506123453,45.579294521792974,1.2771615258729858,1.2771615258729858,1924.5174458345004,146.83932736989692,180.86590072840073,4.114533613771326,5.067980366440948,29.86971777525994,18.07023116422178,44.613520100242624,1.2500998974116986,1.2500998974116986,1897.2910749628795,150.06516013884402,185.3248514130536,4.204923549478419,5.192923069480829,Non-monotonic: U-shaped / inverted-U,,,1.484115514697516,1.484115514697516,1.484115514697516,3.331829743904681
all_zones_E_soil,CD,LPJ-GUESS,P,E_soil,Polynomial degree 3,10397,300,0.728714611876684,6.337922643848954e-51,0.7160595117723529,1.924616385932106e-48,0.5775250836120401,2.5365087446292437e-50,0.728714611876684,0.7160595117723529,-0.012655100104331,7.117523969922075,7.117523969922075,0.0902413323269985,0.0902413323269985,0.6220735785953178,0.3712374581939799,0.0066889632107023,positive,0.6220735785953178,2,0.8654821602111356,1.918311209056078,-2.4947886735189257,0.8654821602111356,1.918311209056078,2.4947886735189257,False,True,True,True,2,0.7107023411371237,0.999976187793776,peak,826.9608438719342,1.731321016006731,-2.8849949292277617,4.280135359915678e-154,2.0110875323139704e-48,True,,,,,78.872106454845,2.2100478053806403,2.2100478053806403,0.3111258686690417,0.3111258686690417,35.68796397201042,7.117523969922075,7.117523969922075,0.0902413323269985,0.0902413323269985,150.62668893976792,1.9097586676730016,1.2054109255156311,0.771118747202881,10.301957133501444,1.9097586676730012,6.4909451841286865,1.8096166221378425,2.3444379830404993,3.0694664177417046,0.0902413323269988,1.9097586676730012,6.4909451841286865,0.8654821602111356,1.918311209056078,-2.4947886735189257,0.8654821602111356,1.918311209056078,2.4947886735189257,2.2164653383359205,2.882541995909331,1.909758667673002,0.4115545296124879,1.0467144282631626,1.909758667673002,1.909758667673002,0.4115545296124879,1.0467144282631626,1.909758667673002,10397,10397,1.0,35.68796397201042,253.50546,0.2462920920879149,30.9814986060303,0.1222123523731216,0.8681217743418667,0.1222123523731216,0.8681217743418667,959.9455847345072,30.982988634644453,22.653968908699852,18.605782059737585,36.97097384904187,88.88531293231424,120.48391457952208,2.4906243741454617,3.3760377777229307,22.653968908699852,18.605782059737585,88.88531293231424,120.48391457952208,0.6347789671180751,0.5213461343530229,2.4906243741454617,3.3760377777229307,19.87318765275767,17.299526933684596,26.03390079605707,0.729486860513396,0.729486860513396,677.7790000202293,75.9307159489754,94.16101662971604,2.1276281271895146,2.638453028689595,31.93777994701968,25.470420124905743,43.681381877320035,1.2239807771488096,1.2239807771488096,1908.438911693239,146.29718709456802,184.2693013605957,4.099342490070515,5.163345869355719,35.696107641752015,28.11776942642058,46.77380493703937,1.3106324858914178,1.3106324858914178,2187.3467394198938,143.35812198920004,201.87086170190872,4.016987971116364,5.656553056941922,Non-monotonic: U-shaped / inverted-U,,,0.1994376584639082,0.1994376584639082,0.1994376584639082,4.220657952297373
all_zones_E_soil,CD,LPJ-GUESS,P,E_soil,GAM,10397,300,0.906711864429696,9.40365139925716e-114,0.8783479816442404,1.569580459583986e-97,0.7314604236343367,1.286618054436669e-79,0.906711864429696,0.8783479816442404,-0.0283638827854554,52.6774844299516,52.6774844299516,0.5438810507866132,0.5438810507866132,0.7190635451505016,0.2675585284280936,0.0133779264214046,positive,0.7190635451505016,3,0.0270706437066576,1.2651660298348035,0.3466193286088605,0.0270706437066576,1.2651660298348035,0.3466193286088605,False,False,True,True,3,0.0635451505016722,0.0,valley,73.9400283932553,-6.9831268678938265,0.9275028757423214,1.0592649963519792e-10,1.4244698755220876e-100,True,,,,,96.85478902742491,2.7139342861752156,2.7139342861752156,0.3820619446517046,0.3820619446517046,35.68796397201042,52.6774844299516,52.6774844299516,0.5438810507866132,0.5438810507866132,154.22665428086754,1.592349287315029,0.627027217126423,0.557113298749992,1.457183268297675,1.592349287315029,15.987674586452174,1.0320459218403302,2.586789097825176,1.9768603668776852,0.5438810507866133,1.592349287315029,15.987674586452174,0.0270706437066576,1.2651660298348035,0.3466193286088605,0.0270706437066576,1.2651660298348035,0.3466193286088605,46.73572019728718,12.804251438011232,1.592349287315027,0.9212916254189664,1.4054098778321098,1.592349287315027,1.592349287315027,0.9212916254189664,1.4054098778321098,1.592349287315027,10397,10397,1.0,35.68796397201042,253.50546,0.3109185732630819,29.623485572560128,0.1168554143668547,0.8300693644443662,0.1168554143668547,0.8300693644443662,877.6353091482141,29.62491028084666,21.099194580720784,15.94836745724993,31.299573530403222,86.14895716255025,120.43719735613318,2.4139499028332265,3.3747287306888794,21.099194580720784,15.94836745724993,86.14895716255025,120.43719735613318,0.5912131775650914,0.4468836459753774,2.4139499028332265,3.3747287306888794,18.028715544395915,14.483988886153623,24.10277124533191,0.6753753524363391,0.6753753524363391,581.0134349242676,71.54558330267308,92.46521956995548,2.004753853674177,2.5909356903205425,31.68681083225128,24.785800557033497,43.53144851050648,1.2197795465341648,1.2197795465341648,1895.8289990222809,147.4664470358205,184.83091788243104,4.132105915357805,5.179082730171757,30.52739213567115,23.26776019051637,43.20835048963078,1.2107261295017695,1.2107261295017695,1879.319590936702,150.69981516981096,182.58013042708168,4.22270699690245,5.116014199360792,Non-monotonic: U-shaped / inverted-U,,,1.4760574313307933,1.4760574313307933,1.4760574313307933,4.321531326410926
all_zones_E_soil,CD,LPJ-GUESS,P,E_soil,Piecewise linear,10397,300,0.9954873998087974,7.643986603079189e-307,0.9954346159401772,4.3067506418202376e-306,0.988494983277592,8.514779942964458e-144,0.9954873998087974,0.9954346159401772,-5.27838686202875e-05,92.07809335388905,92.07809335388905,0.6557945311387163,0.6557945311387163,0.9866220735785952,0.0133779264214046,0.0,positive,0.9866220735785952,1,-0.0561574027426959,1.013559322033898,1.0135593220338983,0.0561574027426959,1.013559322033898,1.0135593220338983,False,True,False,False,0,,,,,,,,,,,,,,140.4069247024756,3.934293500536899,3.934293500536899,0.5538615409012319,0.5538615409012319,35.68796397201042,92.07809335388905,92.07809335388905,0.6557945311387163,0.6557945311387163,188.7357560510622,1.3442054688612837,0.7463242504119155,0.8133727636647513,1.6538195519996823,1.3442054688612837,26.203618997424854,1.0135593220338996,3.0738747311507826,3.3306690738754696e-14,0.6557945311387162,1.3442054688612837,26.203618997424854,-0.0561574027426959,1.013559322033898,1.0135593220338983,0.0561574027426959,1.013559322033898,1.0135593220338983,18.048543424949,18.04854342494901,1.344205468861284,0.669629197674843,1.0052224180138265,1.344205468861284,1.344205468861284,0.669629197674843,1.0052224180138265,1.344205468861284,10397,10397,1.0,35.68796397201042,253.50546,0.2899514344735303,30.07079517022505,0.1186199112643374,0.8426032707780461,0.1186199112643374,0.8426032707780461,904.3397024598316,30.07224139401371,21.51187939640508,17.055776297843593,33.0543590721961,86.74885200788572,120.5630952866996,2.4307593472107754,3.3782564727216036,21.51187939640508,17.055776297843593,86.74885200788572,120.5630952866996,0.6027768749507971,0.477913963128303,2.4307593472107754,3.3782564727216036,18.338675891074573,15.622248666995446,24.244593605708246,0.6793493073665661,0.6793493073665661,587.817466446544,71.60237052116878,90.81669400903624,2.006345068531383,2.544742930144811,31.424004713953103,24.418966969803066,43.93036600709199,1.230957474669779,1.230957474669779,1922.7370855300492,145.83393788197137,183.99821809505863,4.086361945342326,5.155749939653769,46.46611284252155,42.954285112692105,53.33363274953115,1.494443134703901,1.494443134703901,2011.2405320426544,151.42211036097734,190.22360121710864,4.242946178709876,5.330189230360644,Linear,15.29507811387461,,2.5800881615466946,2.5800881615466946,2.5800881615466946,5.2884988395271035
all_zones_E_soil,CD,LPJ-GUESS,P,E_soil,Symbolic regression,10397,300,0.9966230133619376,0.0,0.9979733108145644,0.0,0.995763656633222,6.877479273534202e-146,0.9966230133619376,0.9979733108145644,0.001350297452627,98.16948894809236,98.16948894809236,0.6244240863918464,0.6244240863918464,0.9966555183946488,0.0033444816053511,0.0,positive,0.9966555183946488,1,0.0478120786998946,0.9444413137518316,0.8842190389974129,0.0478120786998946,0.9444413137518316,0.8842190389974129,True,False,False,False,0,,,,,,,,,,,,,,157.21605089795943,4.405296167112862,4.405296167112862,0.6201683028758411,0.6201683028758411,35.68796397201042,98.16948894809236,98.16948894809236,0.6244240863918464,0.6244240863918464,216.26261284782652,1.3755759136081536,0.8493508055489296,0.8490910189336355,1.7459142552256817,1.3755759136081538,112.29719816883792,0.9415344091516498,6.544565831920213,0.1372073954133574,0.6244240863918463,1.3755759136081538,112.29719816883792,0.0478120786998946,0.9444413137518316,0.8842190389974129,0.0478120786998946,0.9444413137518316,0.8842190389974129,19.753194996600552,18.493633053426738,1.3755759136081536,0.767142488988847,1.0798504825053394,1.3755759136081536,1.3755759136081536,0.767142488988847,1.0798504825053394,1.3755759136081536,10397,10397,1.0,35.68796397201042,253.50546,0.275574784062736,30.37369759183987,0.1198147668765788,0.8510907939623998,0.1198147668765788,0.8510907939623998,903.7782838280788,30.062905445549983,21.22006991363219,16.065857778983577,32.72374354220632,88.21063505421066,120.52465083727418,2.471719460471128,3.377179234203442,21.22006991363219,16.065857778983577,88.21063505421066,120.52465083727418,0.5946001831394696,0.4501758013313342,2.471719460471128,3.377179234203442,18.005635690569957,14.32388727052914,24.70766202306583,0.6923247860943736,0.6923247860943736,585.0417025954572,73.15394718077667,91.42937915214272,2.0498212573334333,2.5619107669983503,31.27477681211304,23.69280786694859,43.984501873309654,1.2324743969088876,1.2324743969088876,1919.3982519789,146.07673815966243,183.82710491447295,4.0931653672994175,5.1509552368592955,46.29485051380312,42.76690724070468,53.17419269440824,1.4899755204895415,1.4899755204895415,2006.200626038542,151.17596174304765,190.0550825141142,4.236048934077967,5.325467226518492,Linear,,"div(add(-0.975, mul(0.960, add(-0.975, add(-0.975, X0)))), log(sub(X0, -0.953)))",2.7507730344349524,2.7507730344349524,2.7507730344349524,6.059819299790773
all_zones_E_soil,CD,CLASSIC,LAI,E_soil,Equal-width bins,13445,10,-0.0706238814058746,0.8462785096934518,-0.3939393939393939,0.2599977668348875,-0.4222222222222222,0.108313492063492,0.0706238814058746,0.3939393939393939,0.3233155125335193,38.979117,38.979117,0.258348088217624,0.258348088217624,0.4444444444444444,0.5555555555555556,0.0,negative,0.5555555555555556,3,2.442868309545782,-0.7634903519040276,-1.569485494119056,2.442868309545782,0.7634903519040276,1.569485494119056,False,True,True,True,3,0.3650113677876965,0.9995750062124652,peak,0.5787214924999999,4.024953102996789,-0.9627476753153884,0.2553741211335932,0.0032738033163689,False,,,,,150.878287,1.5711374235913338,1.5711374235913338,0.3976501450748989,0.3976501450748989,96.0312476391274,38.979117,38.979117,0.258348088217624,0.258348088217624,266.28329699999995,1.764888124690864,0.5917814366276003,0.3748830050121317,3.117178427612194,1.6185397999521596,6.593745948688833,0.8712131467583311,2.5773313654394174,1.1956864636967648,0.0366308211742328,1.6185397999521596,6.593745948688833,2.442868309545782,-0.7634903519040276,-1.569485494119056,2.442868309545782,0.7634903519040276,1.569485494119056,0.3125384814730304,0.6424765051747223,1.764888124690864,1.0,1.270715560284695,1.764888124690864,1.764888124690864,1.0,1.270715560284695,1.764888124690864,13445,8021,0.5965786537746374,96.0312476391274,379.4247,0.170951052097133,66.83212192986689,0.1761406727866343,0.6959414104564492,0.1761406727866343,0.6959414104564492,3855.502225730242,62.09269059825192,53.972694988985026,47.130642133777286,92.9419649184364,191.44975040753224,238.8589947352081,1.993619317818038,2.4873049200902635,53.972694988985026,47.130642133777286,191.44975040753224,238.8589947352081,0.5620326332925216,0.4907844404030648,1.993619317818038,2.4873049200902635,54.39501015585093,46.75910102516208,67.55459445930856,0.7034647171634143,0.7034647171634143,3787.8711931334506,186.13942873239876,237.436357150558,1.938321466278204,2.472490600588801,49.12574918852643,46.1466907687071,59.14973447034727,0.6159425804049121,0.6159425804049121,3500.478810833959,186.67332107913103,219.28858316617303,1.9438810352711904,2.283512799815225,56.00386156030688,55.954046396309536,66.96745645591444,0.6973506863887595,0.6973506863887595,4503.969859379806,199.42030132082428,232.1297646388275,2.076618873788031,2.417231581861147,Non-monotonic: U-shaped / inverted-U,,,0.4059003497119845,0.4059003497119845,0.4059003497119845,2.7728817811537447
all_zones_E_soil,CD,CLASSIC,LAI,E_soil,Equal-count bins,13445,9,0.6301279377367941,0.0689136700107635,0.9833333333333332,1.9361963037459277e-06,0.9444444444444444,4.96031746031746e-05,0.6301279377367941,0.9833333333333332,0.3532053955965392,226.82916,226.82916,0.9733660687871932,0.9733660687871932,0.875,0.125,0.0,positive,0.875,1,91.87277035976965,-0.0397507580393713,,91.87277035976965,0.0397507580393713,,,,False,True,1,0.4567882281381147,0.9949591484946132,peak,0.3200580225,2.486440723543443,,0.0112592997259464,,,,,,,233.03582,2.426666587481165,2.426666587481165,0.6141819971129977,0.6141819971129977,96.0312476391274,226.82916,226.82916,0.9733660687871932,0.9733660687871932,239.24248,1.0266339312128068,0.3344635880209615,0.1734825716030959,1.0,80.39364290955335,593.9662695932864,3.6501206608561385,194.3872853498756,12.408710576773384,80.38370522004351,80.39364290955335,593.9662695932864,91.87277035976965,-0.0397507580393713,,91.87277035976965,0.0397507580393713,,0.0004326718121561,,1.0266339312128068,1.0,1.0266339312128068,1.0266339312128068,1.0266339312128068,1.0,1.0266339312128068,1.0266339312128068,13445,12773,0.950018594272964,96.0312476391274,379.4247,0.7268817393430352,49.72243097821166,0.1310469006846725,0.5177734560427862,0.1310469006846725,0.5177734560427862,2448.9925978013275,49.48729733781517,35.54711852234815,26.698054289178543,53.900581730978345,166.9380632201196,207.47781054758073,1.7383723248858591,2.16052395077959,35.54711852234815,26.698054289178543,166.9380632201196,207.47781054758073,0.3701619982688288,0.2780142395890373,1.7383723248858591,2.16052395077959,33.74691261175033,24.424013139512,48.1048124653629,0.5009287460903804,0.5009287460903804,2295.195394621798,161.87936181520195,201.20592686342215,1.6856946649649178,2.0952130875100896,51.455463444356866,45.13230994231472,62.659006681580834,0.6524856046549036,0.6524856046549036,3866.548510226776,211.1987868656352,237.65063848647955,2.1992715085749173,2.4747219715351285,50.15273100949373,46.69212112274408,60.284303272840546,0.627757159829693,0.627757159829693,3516.7648573346555,187.647794384883,229.92033225800313,1.95402849591248,2.394224150060124,Non-monotonic: U-shaped / inverted-U,,,2.3620349165137755,2.3620349165137755,2.3620349165137755,2.491298258448555
all_zones_E_soil,CD,CLASSIC,LAI,E_soil,LOWESS,13445,10459,0.5645288599724796,0.0,0.968971597122662,0.0,0.9129396537520283,0.0,0.5645288599724796,0.968971597122662,0.4044427371501824,171.79133436633936,171.79133436633936,0.7129568490173925,0.7129568490173925,0.8518837253777013,0.1331994645247657,0.0149168100975329,positive,0.8518837253777013,41,517.7766672731617,-0.3498123809031743,-0.4403495869262812,517.7766672731617,0.3498123809031743,0.4403495869262812,False,True,True,True,29,0.2012330180935465,0.9999989799996126,peak,0.3352736875,4.388814740994393,-0.3448794149617957,0.0,0.0,True,,,,,240.95614566730745,2.509143134043082,2.509143134043082,0.6350565623885516,0.6350565623885516,96.0312476391274,171.79133436633936,171.79133436633936,0.7129568490173925,0.7129568490173925,323.8003468040074,1.3438144352254224,0.2147549395721895,0.2057368193713534,1.6049817293762267,1187.863359763193,3749849.84138699,5.332720674201655,42207.44182332996,10.414539243340704,472.1454271932108,1187.863359763193,3749849.84138699,517.7766672731617,-0.3498123809031743,-0.4403495869262812,517.7766672731617,0.3498123809031743,0.4403495869262812,0.0006756047597614,0.0008504623996391,1.343814435225416,1.074746777794913,1.195788072156818,1.343814435225416,1.343814435225416,1.074746777794913,1.195788072156818,1.343814435225416,13445,13445,1.0,96.0312476391274,379.4247,0.7328822276133304,49.63040418046078,0.1308043577038099,0.5168151554894423,0.1308043577038099,0.5168151554894423,2461.3028738853855,49.61151956839647,36.00063653478276,28.664603496734586,57.72182849073863,164.8678357301377,202.82839408507857,1.7168144721985596,2.1121082884112945,36.00063653478276,28.664603496734586,164.8678357301377,202.82839408507857,0.3748846070402868,0.2984924615834664,1.7168144721985596,2.1121082884112945,34.88804531837988,27.326151270404974,48.65946444267192,0.5067044908708015,0.5067044908708015,2366.040417307649,161.50572545845466,201.1103111996046,1.6818038860160558,2.094217415099617,49.156977783496984,46.51436847062148,59.120487762648885,0.6156380263309269,0.6156380263309269,3483.5726173799435,185.9700889214608,222.50462506050428,1.9365580838886056,2.3170023354965346,58.7465159308303,56.771983183924704,69.2153239890781,0.7207583540847041,0.7207583540847041,4792.606460257664,205.9623056666768,243.4807859310827,2.1447425783808995,2.5354329128998816,Non-monotonic: U-shaped / inverted-U,,,1.7889107825809807,1.7889107825809807,1.7889107825809807,3.371822763573851
all_zones_E_soil,CD,CLASSIC,LAI,E_soil,Polynomial degree 3,13445,300,-0.0205501534887774,0.7229712408616408,-0.0887174301936688,0.1252165408151676,-0.0993534002229654,0.0102789705133953,0.0205501534887774,0.0887174301936688,0.0681672767048913,318.3414469505489,318.3414469505489,1.0,1.0,0.5451505016722408,0.4448160535117056,0.0100334448160535,positive,0.5451505016722408,2,2.0507779926705174,-1.279657187461169,2.20608262291604,2.0507779926705174,1.279657187461169,2.20608262291604,True,False,True,True,2,0.2709030100334448,0.7112810415228644,peak,0.4513506381270903,2.5531938174977893,-0.1340643983497792,2.9621175900672753e-44,0.0278036352106585,True,,,,,318.3414469505489,3.3149777262796114,3.3149777262796114,0.839010868165802,0.839010868165802,96.0312476391274,318.3414469505489,318.3414469505489,1.0,1.0,616.972063211243,1.9380827382715369,1.3419269137114622,0.7609589750777267,5.15368652868617,1.938082738271537,6.185713995345836,1.438460239964545,2.290970580260314,3.82763678572836,0.9999999999999998,1.938082738271537,6.185713995345836,2.0507779926705174,-1.279657187461169,2.20608262291604,2.0507779926705174,1.279657187461169,2.20608262291604,0.6239862101283831,1.075729616175218,1.938082738271537,0.7366831557311746,1.160382358268485,1.938082738271537,1.938082738271537,0.7366831557311746,1.160382358268485,1.938082738271537,13445,13445,1.0,96.0312476391274,379.4247,0.5452811552001408,64.75419314938003,0.1706641479834603,0.6743033620964463,0.1706641479834603,0.6743033620964463,4193.417395274367,64.7566011714201,54.138094030546306,55.86422813470554,110.18332719740344,182.2170789171628,227.07937177655785,1.8974769504391968,2.364640441097795,54.138094030546306,55.86422813470554,182.2170789171628,227.07937177655785,0.5637549793582816,0.5817296922417986,1.8974769504391968,2.364640441097795,53.70864982557558,56.277932642998,63.956470832538024,0.6659964584952378,0.6659964584952378,4090.6561692849855,174.26295297814755,219.6155195691279,1.8146484322790892,2.2869172792007624,54.72426619014133,47.25128802522645,66.84792151110832,0.6961059358753088,0.6961059358753088,4467.41449816666,215.91664092061473,249.6330460959286,2.248399830563491,2.599498103305043,80.45553772047003,63.68417619869314,99.78332382008836,1.0390714092881594,1.0390714092881594,9889.216410472509,315.86322701447034,384.6178148409535,3.2891713351620933,4.005131915876963,Non-monotonic: U-shaped / inverted-U,,,3.314977726279612,3.314977726279612,3.314977726279612,6.4247011090571435
all_zones_E_soil,CD,CLASSIC,LAI,E_soil,GAM,13445,300,-0.4272670701692007,9.630807854472542e-15,-0.5834064822942477,9.379255983537335e-29,-0.5662876254180602,1.8831987231931924e-48,0.4272670701692007,0.5834064822942477,0.156139412125047,103.18422018263854,103.18422018263854,0.5021327223004155,0.5021327223004155,0.2207357859531772,0.7725752508361204,0.0066889632107023,negative,0.7725752508361204,3,2.857035980372857,-0.390043482396243,-0.9695160931223348,2.857035980372857,0.390043482396243,0.9695160931223348,False,True,True,True,3,0.2491638795986622,0.999987198418014,peak,0.4151311424749164,2.397852673846965,-0.6337457533041951,2.016820662216253e-17,1.9940658133707503e-158,True,,,,,205.4919259392651,2.139844383897586,2.139844383897586,0.5415881621287837,0.5415881621287837,96.0312476391274,103.18422018263854,103.18422018263854,0.5021327223004155,0.5021327223004155,310.67552691353,1.5118624514977432,0.4418946821505133,0.2440455757446471,2.213960312903185,1.5118624514977437,25.69114524405412,0.6697465209937774,3.784447626756828,0.5926563084844356,0.5021327223004153,1.5118624514977437,25.69114524405412,2.857035980372857,-0.390043482396243,-0.9695160931223348,2.857035980372857,0.390043482396243,0.9695160931223348,0.1365203256366902,0.3393433263643422,1.5118624514977457,1.0584647455798113,1.187609577543786,1.5118624514977457,1.5118624514977457,1.0584647455798113,1.187609577543786,1.5118624514977457,13445,13445,1.0,96.0312476391274,379.4247,0.6621869224318969,55.81290773806205,0.1470987727948709,0.5811952787263527,0.1470987727948709,0.5811952787263527,3115.310645542993,55.81496793462299,46.340308769576666,42.53842126591153,83.88745528969687,176.2852642922702,212.49694549699217,1.835707320545565,2.212789594232153,46.340308769576666,42.53842126591153,176.2852642922702,212.49694549699217,0.4825544800138112,0.4429643716154269,1.835707320545565,2.212789594232153,45.98621351533035,42.53842126591153,55.41057783011497,0.5770057058754512,0.5770057058754512,3070.576936121119,174.22963611807802,211.74649929959196,1.8143014945802816,2.20497498996688,49.31523524717918,45.908279114930096,59.040152005796536,0.6148014678270299,0.6148014678270299,3490.18686573966,186.2144286970613,223.3937540969553,1.939102461699032,2.326261082605519,58.312323845993774,55.785252206586534,68.18144788889933,0.7099923156795389,0.7099923156795389,4668.992366741084,202.656364521574,233.07108958193623,2.110316896882664,2.427033859414034,Non-monotonic: U-shaped / inverted-U,,,1.0744858857857502,1.0744858857857502,1.0744858857857502,3.2351503760630824
all_zones_E_soil,CD,CLASSIC,LAI,E_soil,Piecewise linear,13445,300,0.604264526284717,3.021496365834848e-31,1.0,0.0,1.0,0.0,0.604264526284717,1.0,0.3957354737152829,197.4926480046523,197.4926480046523,1.0,1.0,1.0,0.0,0.0,positive,1.0,0,2.694856170626869,0.148313482097051,0.1483134820970508,2.694856170626869,0.148313482097051,0.1483134820970508,True,False,False,False,0,,,,,,,,,,,,,,197.4926480046523,2.056545685491906,2.056545685491906,0.5205055127002862,0.5205055127002862,96.0312476391274,197.4926480046523,197.4926480046523,1.0,1.0,197.4926480046523,1.0,0.0846557598075443,0.0696945081898443,0.7984435277153785,1.0000000000000002,25.483779283300823,0.1483134820970565,4.555000800131002,4.9404924595819466e-15,1.0000000000000002,1.0000000000000002,25.483779283300823,2.694856170626869,0.148313482097051,0.1483134820970508,2.694856170626869,0.148313482097051,0.1483134820970508,0.0550357691492495,0.0550357691492494,1.0,0.9012896891728658,0.9503968287300834,1.0,1.0,0.9012896891728658,0.9503968287300834,1.0,13445,13445,1.0,96.0312476391274,379.4247,0.6442962507759264,57.2717747432046,0.1509437175365879,0.5963868652256219,0.1509437175365879,0.5963868652256219,3280.3001225491694,57.27390437668074,46.94067388422285,40.36637297244215,81.3931893390747,188.9135234470405,224.84421911935027,1.9672088834766803,2.3413651769295427,46.94067388422285,40.36637297244215,188.9135234470405,224.84421911935027,0.4888062483642785,0.4203462306783057,1.9672088834766803,2.3413651769295427,46.46328586632624,40.36637297244215,56.57798822144239,0.5891622738679279,0.5891622738679279,3201.2658000162464,185.95504823088476,223.09429041659905,1.9364014610085976,2.3231426842954033,50.09027677529003,45.906454996078025,60.738364317040606,0.6324854233414446,0.6324854233414446,3647.236807906467,193.95697890695396,237.77957711729837,2.0197277831463603,2.476064645237581,66.44344849101046,53.78504836645952,83.33271261763679,0.8677666349893732,0.8677666349893732,5173.336730066758,226.9904674030164,251.92582490459196,2.36371465521323,2.623373444561457,Monotonic nonlinear,0.0560081347315835,,2.0565456854919066,2.0565456854919066,2.0565456854919066,2.0565456854919066
all_zones_E_soil,CD,CLASSIC,LAI,E_soil,Symbolic regression,13445,300,-0.5207929105718466,2.9539241840518586e-22,-0.5429491438793764,2.1155144163415774e-24,-0.4822296544035674,1.2971040190187665e-35,0.5207929105718466,0.5429491438793764,0.0221562333075298,110.06166822241472,110.06166822241472,0.4370919908540279,0.4370919908540279,0.31438127090301,0.6722408026755853,0.0133779264214046,negative,0.6722408026755853,1,2.9890149541017013,-0.4987938789157163,-1.1883039613215989,2.9890149541017013,0.4987938789157163,1.1883039613215989,False,True,False,True,1,0.3210702341137124,1.0,peak,0.5349340896321071,1.460650307567708,-0.8425674432972909,7.579541435774898e-25,4.147057366284554e-138,True,,,,,251.80435817953736,2.62210857788482,2.62210857788482,0.6636477756443832,0.6636477756443832,96.0312476391274,110.06166822241472,110.06166822241472,0.4370919908540279,0.4370919908540279,393.54704813666007,1.5629080091459722,0.7094570295614399,0.2786607785594224,3.40661938357608,1.562908009145972,109.98045301155425,0.8735568590997562,6.732578218130889,1.3346848966518134,0.4370919908540278,1.562908009145972,109.98045301155425,2.9890149541017013,-0.4987938789157163,-1.1883039613215989,2.9890149541017013,0.4987938789157163,1.1883039613215989,0.166875671943776,0.3975570479133731,1.5629080091459715,1.0003294467887285,1.1654819351253698,1.5629080091459715,1.5629080091459715,1.0003294467887285,1.1654819351253698,1.5629080091459715,13445,13445,1.0,96.0312476391274,379.4247,0.692085899011665,53.28576545750942,0.1404383147894942,0.5548794456753307,0.1404383147894942,0.5548794456753307,2782.695711867691,52.75126265661981,39.3932666598077,33.24958874578624,63.17233373589025,178.76245412085132,211.27515110488952,1.8615029848681828,2.2000667105652245,39.3932666598077,33.24958874578624,178.76245412085132,211.27515110488952,0.4102130049152577,0.3462371838667946,1.8615029848681828,2.2000667105652245,38.47764096815004,32.13131548226595,52.58552450297247,0.5475876425200872,0.5475876425200872,2693.3405315393916,176.87415788677063,210.0139717088691,1.8418396327770317,2.1869336999356035,50.0091507104925,43.56379039297667,59.86024341050921,0.6233413069405909,0.6233413069405909,3488.8079402045187,183.1664208523441,221.0130911467307,1.9073627111527176,2.301470579422943,58.93753072058518,59.39958477418613,69.80957856222658,0.7269464916728109,0.7269464916728109,4739.5525224515895,208.4656569125096,228.94360238096476,2.1708106687928876,2.3840531911165437,Non-monotonic: U-shaped / inverted-U,,"add(mul(sub(div(div(div(add(X0, X0), div(mul(-0.538, 0.378), -0.734)), sub(sub(X0, -0.893), sub(X0, -0.594))), sub(sqrt(mul(X0, 0.239)), sub(0.604, -0.695))), add(mul(sqrt(add(div(X0, -0.008), sub(-0.131, X0))), log(X0)), sqrt(mul(X0, 0.239)))), sqrt(sqrt(add(div(X0, -0.008), add(X0, X0))))), add(X0, div(sqrt(mul(sqrt(mul(X0, 0.239)), 0.239)), mul(mul(0.529, -0.023), sub(-0.562, -0.473)))))",1.1461026585431002,1.1461026585431002,1.1461026585431002,4.0981144972265415
all_zones_E_soil,CD,LPJ-GUESS,LAI,E_soil,Equal-width bins,10397,9,0.7124855043469139,0.0312451271791341,0.7333333333333334,0.0245541500714696,0.6666666666666666,0.0126653439153439,0.7124855043469139,0.7333333333333334,0.0208478289864194,15.344048,15.344048,0.3644641358341044,0.3644641358341044,0.75,0.25,0.0,positive,0.75,2,-1.1269978710145434,0.6736760014004299,1.5479561125141998,1.1269978710145434,0.6736760014004299,1.5479561125141998,False,True,True,True,2,0.1587808960824503,0.0393379562648497,valley,0.3741101626212499,,1.214869984248351,,0.0001018511123881,,,,,,42.10029599999999,1.1796777208422051,1.1796777208422051,0.1660725413961498,0.1660725413961498,35.68796397201042,15.344048,15.344048,0.3644641358341044,0.3644641358341044,68.85654399999999,1.6355358641658957,0.5432244753802313,0.2891708876691354,1.4021260894552652,1.5289051953493558,3.3920138998544265,1.1190334586906618,1.7911145039508083,1.2530181378549583,0.5513625749643504,1.5289051953493558,3.3920138998544265,-1.1269978710145434,0.6736760014004299,1.5479561125141998,1.1269978710145434,0.6736760014004299,1.5479561125141998,0.5977615563674268,1.3735217717143533,1.6355358641658957,0.7190269398580952,0.9606023672612658,1.6355358641658957,1.6355358641658957,0.7190269398580952,0.9606023672612658,1.6355358641658957,10397,8194,0.7881119553717418,35.68796397201042,253.50546,0.067344223216034,36.68390243319797,0.1447065575360703,1.0279068445027757,0.1447065575360703,1.0279068445027757,1295.4695222620733,35.992631499545475,24.548170409210712,17.315387591676927,35.627141504008065,109.49931689473348,151.86939445745915,3.0682421945004283,4.255479370483791,24.548170409210712,17.315387591676927,109.49931689473348,151.86939445745915,0.6878557271707487,0.4851884407095105,3.0682421945004283,4.255479370483791,27.462935992524308,20.959464074207887,40.11951189187628,1.1241748597185723,1.1241748597185723,1572.021587070113,115.78590393907444,170.2141534506116,3.2443964589821856,4.76951146846338,19.81563228462076,12.99801465188684,30.794681881019667,0.8628870480022763,0.8628870480022763,876.2266632425143,88.67751039354759,116.56960647753002,2.484801611632878,3.2663563146654697,21.470175127688663,15.51207605456441,30.273063928892668,0.8482709731671836,0.8482709731671836,842.2895897927963,87.30946819441729,115.58868337353964,2.446468177979918,3.2388702102533578,Non-monotonic: U-shaped / inverted-U,,,0.42995022108950026,0.42995022108950026,0.42995022108950026,1.9294052205949104
all_zones_E_soil,CD,LPJ-GUESS,LAI,E_soil,Equal-count bins,10397,10,-0.0621577446542319,0.8645540488293868,-0.1636363636363636,0.6514773427962428,0.1111111111111111,0.7274895282186948,0.0621577446542319,0.1636363636363636,0.1014786189821317,6.690939999999998,6.690939999999998,0.1053216470643105,0.1053216470643105,0.8888888888888888,0.1111111111111111,0.0,positive,0.8888888888888888,2,537.0186215716585,0.4090178100443344,0.4178515307321738,537.0186215716585,0.4090178100443344,0.4178515307321738,True,False,True,True,2,0.1040054060234356,0.0207027384921092,valley,0.1675363177375,241.59731417184616,0.5941542738167294,0.3234204489673813,0.0018727052537107,False,,,,,63.5286305,1.7801136133690514,1.7801136133690514,0.2506006399231006,0.2506006399231006,35.68796397201042,6.690939999999998,6.690939999999998,0.1053216470643105,0.1053216470643105,133.748201,2.1053216470643106,0.4232026896509958,0.3955152190164425,0.9901918007122764,300.6514566332935,2538.323158126875,0.9067968871814104,793.3437682911565,1.9913732446052896,298.5264458687953,300.6514566332935,2538.323158126875,537.0186215716585,0.4090178100443344,0.4178515307321738,537.0186215716585,0.4090178100443344,0.4178515307321738,0.0007616454879111,0.0007780950491237,2.1053216470643106,1.8226070763480413,1.9998723410226824,2.1053216470643106,2.1053216470643106,1.8226070763480413,1.9998723410226824,2.1053216470643106,10397,9358,0.9000673271135905,35.68796397201042,253.50546,0.1439460588737645,33.56503382716919,0.1324035933078884,0.9405141143241956,0.1324035933078884,0.9405141143241956,1055.2410128388954,32.48447341175312,20.734196685832607,13.071845337240802,27.534481844995717,93.4565135672124,132.81536236612428,2.6187123939182704,3.721572978225643,20.734196685832607,13.071845337240802,93.4565135672124,132.81536236612428,0.5809856987665127,0.3662816222156262,2.6187123939182704,3.721572978225643,21.301597009172163,12.360542987044925,35.34274761072217,0.9903268126598928,0.9903268126598928,1165.2571061823544,98.2245855519204,144.49325838998047,2.7523168771677926,4.048795232569293,19.887853209621444,13.385030012181003,31.488369203872544,0.8823246187024969,0.8823246187024969,927.1579605336842,87.5070263832992,120.01374295045903,2.452003887134883,3.3628632623756336,20.133751307371575,14.63956987058836,30.247077975590543,0.8475428298266864,0.8475428298266864,872.3306872102978,85.99090872267328,111.38713564250456,2.4095212825846484,3.121140105663185,Non-monotonic: U-shaped / inverted-U,,,0.1874844977216299,0.1874844977216299,0.1874844977216299,3.747711724459733
all_zones_E_soil,CD,LPJ-GUESS,LAI,E_soil,LOWESS,10397,10252,0.0146814937915159,0.1371649409666388,0.0087181098140832,0.3774326519059114,0.2202518578452592,2.9667287658716226e-245,0.0146814937915159,0.0087181098140832,-0.0059633839774326,43.34854444905718,43.34854444905718,0.6411890414795971,0.6411890414795971,0.8372841673983026,0.155204370305336,0.0075114622963613,positive,0.8372841673983026,174,1105.1372219784623,0.6709103892096444,0.9808390090408692,1105.1372219784623,0.6709103892096444,0.9808390090408692,True,False,True,True,173,0.0711777572885445,3.883650397026153e-05,peak,0.20049866,-8.996504926500183,0.8888132409809734,0.0,0.0,True,,,,,67.60649612636361,1.8943780648116113,1.8943780648116113,0.2666865483937253,0.2666865483937253,35.68796397201042,43.34854444905718,43.34854444905718,0.6411890414795971,0.6411890414795971,179.65544183411737,2.6573695151768044,0.3845076712044383,0.3617738453581149,1.5564121529034212,829.6476735545604,5758.091718822535,1.5374144884415393,1830.4945926187424,1.9276323566616325,826.6296363542391,829.6476735545604,5758.091718822535,1105.1372219784623,0.6709103892096444,0.9808390090408692,1105.1372219784623,0.6709103892096444,0.9808390090408692,0.0006070833339669,0.0008875268966915,2.6573695151768058,2.0629412746351403,2.359006846505591,2.6573695151768058,2.6573695151768058,2.0629412746351403,2.359006846505591,2.6573695151768058,10397,10397,1.0,35.68796397201042,253.50546,0.1926260104922086,32.06551815809972,0.1264884715228607,0.8984967083930108,0.1264884715228607,0.8984967083930108,989.504566982321,31.456391512414783,20.317253634761027,13.594264370435244,27.72932862951906,89.84379181810351,124.7932324209082,2.517481576941928,3.496787671013729,20.317253634761027,13.594264370435244,89.84379181810351,124.7932324209082,0.5693026828511587,0.380920143864106,2.517481576941928,3.496787671013729,20.21976813478276,13.196393631406217,32.4531784917162,0.9093592034885706,0.9093592034885706,1017.3184162654376,89.75313644235514,128.4463373460938,2.5149413542545407,3.5991500508920176,20.350300064064857,14.11088455357823,30.92418534270004,0.8665158193656958,0.8665158193656958,905.9727277496308,89.45097755394018,115.06350590546732,2.5064746653548333,3.224154395462572,23.600933266371666,20.40251502981899,30.172921765490447,0.8454649245094131,0.8454649245094131,894.2936207899011,96.32422429427668,120.96450935001282,2.6990675167073817,3.3895043562833567,Non-monotonic: U-shaped / inverted-U,,,1.2146544555765313,1.2146544555765313,1.2146544555765313,5.034062519650004
all_zones_E_soil,CD,LPJ-GUESS,LAI,E_soil,Polynomial degree 3,10397,300,0.1878887362176511,0.0010758079363455,0.2765461838464871,1.1437947949094255e-06,0.2324191750278707,1.932365906502993e-09,0.1878887362176511,0.2765461838464871,0.088657447628836,-51.00057206538886,51.00057206538886,-0.8196154588600338,0.8196154588600338,0.4816053511705686,0.5117056856187291,0.0066889632107023,negative,0.5117056856187291,2,-0.8101992088677973,1.3543940841855986,-2.981301156467446,0.8101992088677973,1.3543940841855986,2.981301156467446,True,False,True,True,2,0.2023411371237458,0.4478301884995378,valley,0.5699691645484949,-1.8153208252455395,0.048434780040255,3.136255748749402e-34,0.4729369111758912,False,,,,,62.225000168155994,1.743585042199611,1.743585042199611,0.245458224718931,0.245458224718931,35.68796397201042,-51.00057206538886,51.00057206538886,-0.8196154588600338,0.8196154588600338,119.71872665113096,1.923965067538846,1.959446594231906,0.5995264881264587,33.94127907195723,1.9239650675388456,7.279709093414246,1.5184298248911616,2.3782320047050733,3.650322273684826,-0.8196154588600336,1.9239650675388456,7.279709093414246,-0.8101992088677973,1.3543940841855986,-2.981301156467446,0.8101992088677973,1.3543940841855986,2.981301156467446,1.6716803341221225,3.679713734395801,1.9239650675388464,0.472610891326038,0.9210557553206008,1.9239650675388464,1.9239650675388464,0.472610891326038,0.9210557553206008,1.9239650675388464,10397,10397,1.0,35.68796397201042,253.50546,0.0791847446944378,34.244208929378395,0.1350827273281545,0.9595450431477586,0.1350827273281545,0.9595450431477586,1172.7786446328146,34.245855875314525,23.71668103778023,17.659715866070307,33.74301211845924,100.85102556286256,143.19735590826684,2.8259114373114316,4.012483200794939,23.71668103778023,17.659715866070307,100.85102556286256,143.19735590826684,0.664556853295999,0.4948367432762647,2.8259114373114316,4.012483200794939,24.16345835748352,17.296970213362627,35.329780246750445,0.989963458673605,0.989963458673605,1248.3530839271882,103.27818872312596,149.97392689265914,2.8939221302769087,4.202367134484938,22.3294312732391,18.654929054152873,30.906434040339512,0.8660184163091792,0.8660184163091792,955.1802313286032,91.67170684286222,121.9144300657065,2.5687009467606243,3.416121753578386,22.790086176204035,18.643092209942367,28.655073078715976,0.8029338154787915,0.8029338154787915,774.2973111194042,91.11203732280268,110.64187527340292,2.553018642202749,3.100257424608975,Non-monotonic: U-shaped / inverted-U,,,-1.4290692544239258,1.4290692544239258,1.4290692544239258,3.354596713475297
all_zones_E_soil,CD,LPJ-GUESS,LAI,E_soil,GAM,10397,300,0.5985188933410439,1.5306771433626912e-30,0.6009048989433216,7.834015339063013e-31,0.5013154960981048,2.380632641878697e-38,0.5985188933410439,0.6009048989433216,0.0023860056022776,-32.52848187762999,32.52848187762999,-0.7091100231253382,0.7091100231253382,0.5451505016722408,0.4481605351170568,0.0066889632107023,positive,0.5451505016722408,4,-0.9466519205658896,1.4915924057988363,-2.6502635303197195,0.9466519205658896,1.4915924057988363,2.6502635303197195,True,False,True,True,4,0.7374581939799332,0.9999818204421306,peak,2.07732563277592,1.0676256496076952,-3.864023109870403,2.1619463965382276e-61,9.518685025306848e-50,True,,,,,45.87226356534019,1.2853707093326248,1.2853707093326248,0.1809517773910676,0.1809517773910676,35.68796397201042,-32.52848187762999,32.52848187762999,-0.7091100231253382,0.7091100231253382,127.23517463968506,2.7736842429511244,1.1477199241527265,0.4185433717560906,8.500356760226696,2.7736842429511244,14.395525723023766,2.0833632396329342,3.700423922099212,4.529303933110834,-0.7091100231253382,2.7736842429511244,14.395525723023766,-0.9466519205658896,1.4915924057988363,-2.6502635303197195,0.9466519205658896,1.4915924057988363,2.6502635303197195,1.57565032446899,2.7996177610197477,2.773684242951125,1.1205265622555445,1.6789725151050257,2.773684242951125,2.773684242951125,1.1205265622555445,1.6789725151050257,2.773684242951125,10397,10397,1.0,35.68796397201042,253.50546,0.1133012733978532,33.603841501554186,0.1325566774836099,0.9416015306423536,0.1325566774836099,0.9416015306423536,1129.3267817489334,33.60545761850199,23.100158149465464,17.397069967859608,31.935975669553063,96.18560620079032,136.33302801967164,2.6951833474228835,3.820140261478513,23.100158149465464,17.397069967859608,96.18560620079032,136.33302801967164,0.6472814803215616,0.487477234103461,2.6951833474228835,3.820140261478513,23.64131613902535,17.45295352273416,34.74465496411188,0.9735678670646952,0.9735678670646952,1207.300385678188,98.07172110492576,145.06626804492663,2.748033515776973,4.064851336397338,21.38958720270528,17.07138144308726,30.100017269328315,0.843422093032131,0.843422093032131,905.8924402348068,90.533196765417,115.81737310073976,2.536799152689712,3.2452782453931452,22.32372029373052,19.07195393125526,27.413897984093246,0.7681552807437709,0.7681552807437709,755.1234308666111,85.95651193577223,111.58074399392518,2.408557462207335,3.126565137799299,Non-monotonic: U-shaped / inverted-U,,,-0.9114692534194899,0.9114692534194899,0.9114692534194899,3.565212482826811
all_zones_E_soil,CD,LPJ-GUESS,LAI,E_soil,Piecewise linear,10397,300,0.9502768436840008,4.989420892595083e-153,0.9492114356826188,1.0840614150470499e-151,0.9234782608695652,9.321875735242326e-126,0.9502768436840008,0.9492114356826188,-0.0010654080013822,19.965642676580487,19.965642676580487,0.3754343310435429,0.3754343310435429,0.94314381270903,0.0568561872909698,0.0,positive,0.94314381270903,1,-0.9874158891868988,1.0602836879432629,1.0602836879432622,0.9874158891868988,1.0602836879432629,1.0602836879432622,False,True,True,False,1,0.0568561872909699,7.357196018681809e-18,valley,0.1601566247491638,-11.058111725884478,1.0602836879432622,1.937828262466249e-36,0.0,True,,,,,53.18011973248357,1.4901415999576777,1.4901415999576777,0.2097789914760951,0.2097789914760951,35.68796397201042,19.965642676580487,19.965642676580487,0.3754343310435429,0.3754343310435429,86.39459678838665,1.624565668956457,0.4425729388984816,0.4793469538230642,0.8108832578786226,1.6245656689564572,11.089180833935892,1.0602836879432669,2.791068546382823,4.9293902293356957e-14,0.3754343310435429,1.6245656689564572,11.089180833935892,-0.9874158891868988,1.0602836879432629,1.0602836879432622,0.9874158891868988,1.0602836879432629,1.0602836879432622,1.0737964616068392,1.0737964616068387,1.6245656689564567,0.91889191009121,1.269955739878443,1.6245656689564567,1.6245656689564567,0.91889191009121,1.269955739878443,1.6245656689564567,10397,10397,1.0,35.68796397201042,253.50546,0.1128089693719652,33.6131688019918,0.1325934707757055,0.9418628876770372,0.1325934707757055,0.9418628876770372,1129.9537970193333,33.61478539302807,23.117115968819466,17.654226419899516,31.940690208890224,94.39555678243894,137.00137330653718,2.645024996563886,3.8388677318208866,23.117115968819466,17.654226419899516,94.39555678243894,137.00137330653718,0.6477566494673078,0.4946829254183702,2.645024996563886,3.8388677318208866,23.547238511476888,17.572651824398083,34.64269568200779,0.970710901557107,0.970710901557107,1200.2474717237967,96.40034736443698,144.68561986343707,2.701200534724885,4.054185326372555,21.656270834753705,17.659114671674295,30.336518652442543,0.8500490158596623,0.8500490158596623,920.5566753400764,89.88111491867457,117.16705597937388,2.5185273945346696,3.283097238925325,23.657075490139523,20.15839453551518,29.75276093691438,0.8336917443721099,0.8336917443721099,887.535462843987,95.89490682650428,120.11095600314238,2.687037761574556,3.365587235442844,Non-monotonic: U-shaped / inverted-U,0.1587833972546302,,0.5594503147402655,0.5594503147402655,0.5594503147402655,2.42083288517509
all_zones_E_soil,CD,LPJ-GUESS,LAI,E_soil,Symbolic regression,10397,300,0.6670061872675547,5.625780013568983e-40,0.8442400471116345,1.0474545604075418e-82,0.8948940914158305,3.261441089554565e-118,0.6670061872675547,0.8442400471116345,0.1772338598440798,-4.949749584118997,4.949749584118997,-0.0782070402112522,0.0782070402112522,0.9765886287625418,0.0234113712374581,0.0,positive,0.9765886287625418,2,-0.9523551334567792,0.4455935077967617,0.2773785105063414,0.9523551334567792,0.4455935077967617,0.2773785105063414,False,True,True,False,1,0.0267558528428093,0.0,valley,0.0753678234113712,-15.421351842124194,0.5047287541469643,0.2232696142407343,3.006512486485379e-169,False,,,,,63.290332567870664,1.773436350067726,1.773436350067726,0.2496606288790413,0.2496606288790413,35.68796397201042,-4.949749584118997,4.949749584118997,-0.0782070402112522,0.0782070402112522,121.63091555162234,1.921792959788748,0.2833485078407223,0.2637129509373799,7.995714108235033,1.9217929597887475,264.7756253104256,0.4337292139018299,16.51643034241861,0.4092913525605227,-0.0782070402112521,1.9217929597887475,264.7756253104256,-0.9523551334567792,0.4455935077967617,0.2773785105063414,0.9523551334567792,0.4455935077967617,0.2773785105063414,0.4678858675118216,0.291255331925955,1.921792959788746,1.6814865774392032,1.8290242271779305,1.921792959788746,1.921792959788746,1.6814865774392032,1.8290242271779305,1.921792959788746,10397,10397,1.0,35.68796397201042,253.50546,0.1188995151185046,33.49759329441629,0.1321375614332578,0.9386243866612282,0.1321375614332578,0.9386243866612282,1099.4812967757955,33.15842723616118,21.73353765556875,15.03837117592152,29.855260882579515,93.96248510133174,131.98688449507785,2.632890045927675,3.6983584885535454,21.73353765556875,15.03837117592152,93.96248510133174,131.98688449507785,0.6089878837754393,0.4213849573406851,2.632890045927675,3.6983584885535454,22.009805631801378,15.469577385105463,34.06493907141618,0.954521784939394,0.954521784939394,1150.3816628663149,94.52484532431316,140.13834193623978,2.648647745734323,3.926767636454362,20.402665155212688,13.497587367106064,31.445768966893812,0.881130932309736,0.881130932309736,914.1295418827256,91.57826699397349,116.20879919588978,2.5660827013218532,3.256246259580142,26.56660738161262,20.09499401430777,34.71664798040666,0.9727830931356704,0.9727830931356704,835.6486600814882,92.1096490166894,115.4666582274722,2.58097237177581,3.235450986165283,Non-monotonic: U-shaped / inverted-U,,"mul(sqrt(div(sub(add(div(log(mul(log(sub(X0, X0)), log(sub(X0, X0)))), mul(mul(0.218, X0), X0)), sqrt(sub(add(X0, 0.705), mul(sub(add(sqrt(sub(log(0.014), sub(-0.007, 0.413))), 0.151), sub(add(X0, 0.705), mul(sub(add(-0.660, 0.151), add(X0, 0.705)), log(sub(X0, X0))))), log(sub(X0, X0)))))), sqrt(-0.609)), mul(mul(0.529, -0.023), sub(-0.562, -0.473)))), sqrt(sub(log(0.014), mul(log(X0), log(0.486)))))",-0.13869520794184328,0.13869520794184328,0.13869520794184328,3.4081774921936088
