model,year,climate_zone,input_var,output_var,pawn_median,pawn_max,n_samples
CLASSIC,1991,HW,precipitation,evapotrans,0.2815859354170737,0.4781732427888289,12287
CLASSIC,1991,HW,lai,evapotrans,0.38228597715495494,0.6308495957445217,12287
CLASSIC,1991,HW,precipitation,tran,0.22828406147455826,0.4340318043857577,12287
CLASSIC,1991,HW,lai,tran,0.3965834380068849,0.7030371327253668,12287
CLASSIC,1991,HW,precipitation,evspsblveg,0.3228838266377335,0.5127005508279305,12287
CLASSIC,1991,HW,lai,evspsblveg,0.4400938432341312,0.7586144054162175,12287
CLASSIC,1991,HW,precipitation,evspsblsoi,0.22626484169246103,0.4524111858750075,12287
CLASSIC,1991,HW,lai,evspsblsoi,0.4004102727550206,0.6239378737031333,12287
CLASSIC,1991,HD,precipitation,evapotrans,0.49208780490092985,0.7319659392710727,11062
CLASSIC,1991,HD,lai,evapotrans,0.47585922907642375,0.6982762999449436,11062
CLASSIC,1991,HD,precipitation,tran,0.4326008694137693,0.6623597419728775,11062
CLASSIC,1991,HD,lai,tran,0.6212187888550577,0.7981541012903047,11062
CLASSIC,1991,HD,precipitation,evspsblveg,0.4779650954113477,0.667859429653799,11062
CLASSIC,1991,HD,lai,evspsblveg,0.604587557292564,0.8246464005048656,11062
CLASSIC,1991,HD,precipitation,evspsblsoi,0.4314148864802876,0.73061141436485,11062
CLASSIC,1991,HD,lai,evspsblsoi,0.3745909542238175,0.657133440788856,11062
CLASSIC,1991,CW,precipitation,evapotrans,0.2780706737926415,0.5239646335532304,21182
CLASSIC,1991,CW,lai,evapotrans,0.295568002800318,0.5635334906640037,21182
CLASSIC,1991,CW,precipitation,tran,0.29740624635845675,0.4652101652069808,21182
CLASSIC,1991,CW,lai,tran,0.4320375665942603,0.7786433172778101,21182
CLASSIC,1991,CW,precipitation,evspsblveg,0.3371325485345808,0.5594806768806253,21182
CLASSIC,1991,CW,lai,evspsblveg,0.5511957655710851,0.7670972117020475,21182
CLASSIC,1991,CW,precipitation,evspsblsoi,0.1412142028406359,0.21552194547524328,21182
CLASSIC,1991,CW,lai,evspsblsoi,0.19576494696933427,0.49109787134837923,21182
CLASSIC,1991,CD,precipitation,evapotrans,0.25626776202833534,0.44056106057841066,12583
CLASSIC,1991,CD,lai,evapotrans,0.35714209003567665,0.7260674303396207,12583
CLASSIC,1991,CD,precipitation,tran,0.25031195175997156,0.4428193617256713,12583
CLASSIC,1991,CD,lai,tran,0.4875565197802016,0.7709348133319303,12583
CLASSIC,1991,CD,precipitation,evspsblveg,0.28176754981372937,0.5031149797591806,12583
CLASSIC,1991,CD,lai,evspsblveg,0.5391346135744507,0.8218407691909043,12583
CLASSIC,1991,CD,precipitation,evspsblsoi,0.2474564512140272,0.4101374028766868,12583
CLASSIC,1991,CD,lai,evspsblsoi,0.33539668619444785,0.7245574565654811,12583
CLASSIC,1992,HW,precipitation,evapotrans,0.29104579538143827,0.5595542081999719,12306
CLASSIC,1992,HW,lai,evapotrans,0.3696997308271731,0.7062556448790344,12306
CLASSIC,1992,HW,precipitation,tran,0.2413160422771659,0.540528003550935,12306
CLASSIC,1992,HW,lai,tran,0.4143236840926616,0.7586661971870035,12306
CLASSIC,1992,HW,precipitation,evspsblveg,0.3430319348023111,0.5492218929087315,12306
CLASSIC,1992,HW,lai,evspsblveg,0.420073349483426,0.7719998949083768,12306
CLASSIC,1992,HW,precipitation,evspsblsoi,0.22406331479839242,0.4052490097160902,12306
CLASSIC,1992,HW,lai,evspsblsoi,0.4168924639211161,0.6173678033857194,12306
CLASSIC,1992,HD,precipitation,evapotrans,0.4444433450270395,0.7696457337185815,11174
CLASSIC,1992,HD,lai,evapotrans,0.46443295673435536,0.6816777041942605,11174
CLASSIC,1992,HD,precipitation,tran,0.37692530175749095,0.6749928085606893,11174
CLASSIC,1992,HD,lai,tran,0.6199969586642736,0.790148866538825,11174
CLASSIC,1992,HD,precipitation,evspsblveg,0.4396543907749167,0.6790906504896571,11174
CLASSIC,1992,HD,lai,evspsblveg,0.5843734311602953,0.7974897322656447,11174
CLASSIC,1992,HD,precipitation,evspsblsoi,0.42251215773155454,0.7669962476667774,11174
CLASSIC,1992,HD,lai,evspsblsoi,0.34112540196014707,0.6673588295615941,11174
CLASSIC,1992,CW,precipitation,evapotrans,0.22984244253499211,0.5063919649755344,21175
CLASSIC,1992,CW,lai,evapotrans,0.2561082925628306,0.5528411223080294,21175
CLASSIC,1992,CW,precipitation,tran,0.23695432661559365,0.41610213545517505,21175
CLASSIC,1992,CW,lai,tran,0.3866142990236799,0.7856516974312493,21175
CLASSIC,1992,CW,precipitation,evspsblveg,0.2835718181193734,0.5552787207641702,21175
CLASSIC,1992,CW,lai,evspsblveg,0.5108543365424887,0.7609644660430136,21175
CLASSIC,1992,CW,precipitation,evspsblsoi,0.13213368892992408,0.2855057844550505,21175
CLASSIC,1992,CW,lai,evspsblsoi,0.1953241923008505,0.4448535017219024,21175
CLASSIC,1992,CD,precipitation,evapotrans,0.32118230039084317,0.48165037528625176,12935
CLASSIC,1992,CD,lai,evapotrans,0.3734926519766809,0.6902573741373614,12935
CLASSIC,1992,CD,precipitation,tran,0.3175703847046834,0.49178301446598116,12935
CLASSIC,1992,CD,lai,tran,0.4703148958599948,0.7953074133000038,12935
CLASSIC,1992,CD,precipitation,evspsblveg,0.32583849427010025,0.5074676079242963,12935
CLASSIC,1992,CD,lai,evspsblveg,0.5153087944095711,0.8284660730832859,12935
CLASSIC,1992,CD,precipitation,evspsblsoi,0.3190673206511534,0.4502223597677684,12935
CLASSIC,1992,CD,lai,evspsblsoi,0.3381264847117872,0.5210562753712671,12935
CLASSIC,1993,HW,precipitation,evapotrans,0.258680068063985,0.3989525633890389,12258
CLASSIC,1993,HW,lai,evapotrans,0.316288433801064,0.6752435470446839,12258
CLASSIC,1993,HW,precipitation,tran,0.2606529185060729,0.40353258663583425,12258
CLASSIC,1993,HW,lai,tran,0.3874810790409672,0.7397676438358862,12258
CLASSIC,1993,HW,precipitation,evspsblveg,0.26899405662042764,0.4727059094077657,12258
CLASSIC,1993,HW,lai,evspsblveg,0.3681064191711823,0.7777043164140633,12258
CLASSIC,1993,HW,precipitation,evspsblsoi,0.2526513424002277,0.44359258540615487,12258
CLASSIC,1993,HW,lai,evspsblsoi,0.40453675822986856,0.6500357857983746,12258
CLASSIC,1993,HD,precipitation,evapotrans,0.49547698136535323,0.7321231536577252,11134
CLASSIC,1993,HD,lai,evapotrans,0.4400804961724938,0.6784025446180509,11134
CLASSIC,1993,HD,precipitation,tran,0.40988954739831707,0.6983209028862426,11134
CLASSIC,1993,HD,lai,tran,0.6193550719480135,0.8019719951406387,11134
CLASSIC,1993,HD,precipitation,evspsblveg,0.469659546718767,0.7058460289292846,11134
CLASSIC,1993,HD,lai,evspsblveg,0.5783041382192037,0.8214545899002812,11134
CLASSIC,1993,HD,precipitation,evspsblsoi,0.44754744579266437,0.725293348616648,11134
CLASSIC,1993,HD,lai,evspsblsoi,0.3664636024990675,0.6288056930518372,11134
CLASSIC,1993,CW,precipitation,evapotrans,0.3200848153564599,0.513173885664461,21198
CLASSIC,1993,CW,lai,evapotrans,0.2789526913361353,0.5518021013018317,21198
CLASSIC,1993,CW,precipitation,tran,0.2594122859521043,0.39319976449824906,21198
CLASSIC,1993,CW,lai,tran,0.4278547103945371,0.7810221950451004,21198
CLASSIC,1993,CW,precipitation,evspsblveg,0.2923003285743705,0.46558130261487823,21198
CLASSIC,1993,CW,lai,evspsblveg,0.5258945052835337,0.7671547422594158,21198
CLASSIC,1993,CW,precipitation,evspsblsoi,0.10249052414989297,0.22431944451861785,21198
CLASSIC,1993,CW,lai,evspsblsoi,0.19806554374122157,0.42370252978654094,21198
CLASSIC,1993,CD,precipitation,evapotrans,0.320263470619794,0.48140199830647845,12790
CLASSIC,1993,CD,lai,evapotrans,0.38096168881939013,0.6469116497263487,12790
CLASSIC,1993,CD,precipitation,tran,0.29105608584966175,0.4535030365221459,12790
CLASSIC,1993,CD,lai,tran,0.47623143080531666,0.7978889757623143,12790
CLASSIC,1993,CD,precipitation,evspsblveg,0.3103521791700313,0.4942924159499609,12790
CLASSIC,1993,CD,lai,evspsblveg,0.5089132134480063,0.8186082877247849,12790
CLASSIC,1993,CD,precipitation,evspsblsoi,0.3089479119555127,0.4642950221527235,12790
CLASSIC,1993,CD,lai,evspsblsoi,0.35430023455824866,0.5223612197028928,12790
CLASSIC,1994,HW,precipitation,evapotrans,0.29357876521009885,0.5051863857374392,12340
CLASSIC,1994,HW,lai,evapotrans,0.34303079416531607,0.6196920583468395,12340
CLASSIC,1994,HW,precipitation,tran,0.22869744900172323,0.4410858995137764,12340
CLASSIC,1994,HW,lai,tran,0.3914100486223663,0.7279578606158833,12340
CLASSIC,1994,HW,precipitation,evspsblveg,0.38520727929007925,0.5337115072933549,12340
CLASSIC,1994,HW,lai,evspsblveg,0.4419773095623987,0.7672609400324149,12340
CLASSIC,1994,HW,precipitation,evspsblsoi,0.21817269155490357,0.4225283630470016,12340
CLASSIC,1994,HW,lai,evspsblsoi,0.38662884927066454,0.6249594813614263,12340
CLASSIC,1994,HD,precipitation,evapotrans,0.45396017532568966,0.710250661663276,11147
CLASSIC,1994,HD,lai,evapotrans,0.4437593324012274,0.6910521884268969,11147
CLASSIC,1994,HD,precipitation,tran,0.4673619344385308,0.6543652880120976,11147
CLASSIC,1994,HD,lai,tran,0.6222166674531747,0.7962777090982673,11147
CLASSIC,1994,HD,precipitation,evspsblveg,0.487010217666099,0.6613588244499415,11147
CLASSIC,1994,HD,lai,evspsblveg,0.6021300302357318,0.817626090150339,11147
CLASSIC,1994,HD,precipitation,evspsblsoi,0.3834077304051544,0.7107867507234145,11147
CLASSIC,1994,HD,lai,evspsblsoi,0.3515672474854157,0.6721283974734702,11147
CLASSIC,1994,CW,precipitation,evapotrans,0.27001780961677957,0.5385999886716183,20704
CLASSIC,1994,CW,lai,evapotrans,0.2779225139812886,0.5744618263769117,20704
CLASSIC,1994,CW,precipitation,tran,0.27295097661560086,0.3928351677460408,20704
CLASSIC,1994,CW,lai,tran,0.40594456764405024,0.7851202845730807,20704
CLASSIC,1994,CW,precipitation,evspsblveg,0.30536871893047823,0.5466665830184554,20704
CLASSIC,1994,CW,lai,evspsblveg,0.5341876572661634,0.7559176289631527,20704
CLASSIC,1994,CW,precipitation,evspsblsoi,0.14352071538215028,0.2589639296567944,20704
CLASSIC,1994,CW,lai,evspsblsoi,0.18073195235467826,0.41977866776572337,20704
CLASSIC,1994,CD,precipitation,evapotrans,0.26571738086220353,0.44704699713742563,12821
CLASSIC,1994,CD,lai,evapotrans,0.42421559743600257,0.7351395804854153,12821
CLASSIC,1994,CD,precipitation,tran,0.23023480970196505,0.42864480585661835,12821
CLASSIC,1994,CD,lai,tran,0.5509618762412145,0.7666262363777446,12821
CLASSIC,1994,CD,precipitation,evspsblveg,0.2737382375731671,0.48109425442041154,12821
CLASSIC,1994,CD,lai,evspsblveg,0.5408288322797243,0.8103082878482444,12821
CLASSIC,1994,CD,precipitation,evspsblsoi,0.2469371950239402,0.44395193201010325,12821
CLASSIC,1994,CD,lai,evspsblsoi,0.4051818261795287,0.7345154825637095,12821
CLASSIC,1995,HW,precipitation,evapotrans,0.3083544152350641,0.5334714757833715,12365
CLASSIC,1995,HW,lai,evapotrans,0.377124521223719,0.6435380198300089,12365
CLASSIC,1995,HW,precipitation,tran,0.24789279595541308,0.4034377088386562,12365
CLASSIC,1995,HW,lai,tran,0.3927273731727067,0.7226263532979134,12365
CLASSIC,1995,HW,precipitation,evspsblveg,0.3805354252769032,0.5508940825862776,12365
CLASSIC,1995,HW,lai,evspsblveg,0.44832239508794325,0.7591906249581168,12365
CLASSIC,1995,HW,precipitation,evspsblsoi,0.20643267599647921,0.4235703234381604,12365
CLASSIC,1995,HW,lai,evspsblsoi,0.3990084668665729,0.623332410404233,12365
CLASSIC,1995,HD,precipitation,evapotrans,0.45148158095686614,0.7215916186144522,11272
CLASSIC,1995,HD,lai,evapotrans,0.46316830956778676,0.7168544161394078,11272
CLASSIC,1995,HD,precipitation,tran,0.4188281499799959,0.6794696874143046,11272
CLASSIC,1995,HD,lai,tran,0.6109755671330772,0.8023590746417408,11272
CLASSIC,1995,HD,precipitation,evspsblveg,0.44712270899253914,0.6684279536816186,11272
CLASSIC,1995,HD,lai,evspsblveg,0.5784190616413813,0.8265840417981668,11272
CLASSIC,1995,HD,precipitation,evspsblsoi,0.43088223630676326,0.7151183750538882,11272
CLASSIC,1995,HD,lai,evspsblsoi,0.3994586864893765,0.6290148538300662,11272
CLASSIC,1995,CW,precipitation,evapotrans,0.216124091838705,0.4641597665891717,21134
CLASSIC,1995,CW,lai,evapotrans,0.28673158778472174,0.5919551585911371,21134
CLASSIC,1995,CW,precipitation,tran,0.2172515644753248,0.3514083087787178,21134
CLASSIC,1995,CW,lai,tran,0.38131948344306144,0.788507383485063,21134
CLASSIC,1995,CW,precipitation,evspsblveg,0.29338298673369495,0.562173172778036,21134
CLASSIC,1995,CW,lai,evspsblveg,0.5431918861239737,0.727753410928634,21134
CLASSIC,1995,CW,precipitation,evspsblsoi,0.13280271378175484,0.19373235736216324,21134
CLASSIC,1995,CW,lai,evspsblsoi,0.18367190116871268,0.40048623376232695,21134
CLASSIC,1995,CD,precipitation,evapotrans,0.2444184464902551,0.4368598283301979,12839
CLASSIC,1995,CD,lai,evapotrans,0.4032373494990317,0.7468042324696087,12839
CLASSIC,1995,CD,precipitation,tran,0.24290250222116772,0.4521085738558296,12839
CLASSIC,1995,CD,lai,tran,0.5437359374510927,0.789162583629173,12839
CLASSIC,1995,CD,precipitation,evspsblveg,0.2698324440850898,0.5140989763688275,12839
CLASSIC,1995,CD,lai,evspsblveg,0.5660145453433719,0.8351137706156694,12839
CLASSIC,1995,CD,precipitation,evspsblsoi,0.21907426881885714,0.4184329701243704,12839
CLASSIC,1995,CD,lai,evspsblsoi,0.3710705844415344,0.7459474679240834,12839
CLASSIC,1996,HW,precipitation,evapotrans,0.28118960699337275,0.4345552460043455,12248
CLASSIC,1996,HW,lai,evapotrans,0.34780785534331304,0.6621622522294353,12248
CLASSIC,1996,HW,precipitation,tran,0.2378509636407854,0.42099001586264806,12248
CLASSIC,1996,HW,lai,tran,0.4079589503992322,0.7278792705847852,12248
CLASSIC,1996,HW,precipitation,evspsblveg,0.31115973095719107,0.5619135152428052,12248
CLASSIC,1996,HW,lai,evspsblveg,0.4221640184486597,0.7634785187752436,12248
CLASSIC,1996,HW,precipitation,evspsblsoi,0.22742911795678428,0.4363607886002213,12248
CLASSIC,1996,HW,lai,evspsblsoi,0.38401478292165986,0.6214246390914302,12248
CLASSIC,1996,HD,precipitation,evapotrans,0.46787455485578866,0.7098154728789132,11035
CLASSIC,1996,HD,lai,evapotrans,0.43167219912925275,0.6777526053466244,11035
CLASSIC,1996,HD,precipitation,tran,0.3932545176738843,0.6717834344281839,11035
CLASSIC,1996,HD,lai,tran,0.6240231181418805,0.784243480887558,11035
CLASSIC,1996,HD,precipitation,evspsblveg,0.454600460998683,0.6877430507673213,11035
CLASSIC,1996,HD,lai,evspsblveg,0.581705278987149,0.7788107503792282,11035
CLASSIC,1996,HD,precipitation,evspsblsoi,0.3740503409369594,0.7013606222515734,11035
CLASSIC,1996,HD,lai,evspsblsoi,0.3407012765705955,0.6670593565926597,11035
CLASSIC,1996,CW,precipitation,evapotrans,0.24545226805244896,0.48145695364238406,21140
CLASSIC,1996,CW,lai,evapotrans,0.25591296121097445,0.5660359508041627,21140
CLASSIC,1996,CW,precipitation,tran,0.2153310273336327,0.3842307025089734,21140
CLASSIC,1996,CW,lai,tran,0.38864711447492906,0.7802743614001892,21140
CLASSIC,1996,CW,precipitation,evspsblveg,0.2773393718831141,0.5631031220435194,21140
CLASSIC,1996,CW,lai,evspsblveg,0.5115657521286661,0.7840586565752128,21140
CLASSIC,1996,CW,precipitation,evspsblsoi,0.12054969926293835,0.18491745550859956,21140
CLASSIC,1996,CW,lai,evspsblsoi,0.2001419110690634,0.4233207190160833,21140
CLASSIC,1996,CD,precipitation,evapotrans,0.3229647212789072,0.6093888336785829,12623
CLASSIC,1996,CD,lai,evapotrans,0.3728461228359221,0.7020626029964163,12623
CLASSIC,1996,CD,precipitation,tran,0.2942746700517619,0.5786559972641485,12623
CLASSIC,1996,CD,lai,tran,0.5004791520220742,0.7871019163513372,12623
CLASSIC,1996,CD,precipitation,evspsblveg,0.346015430038469,0.5668449310272071,12623
CLASSIC,1996,CD,lai,evspsblveg,0.5556454126890604,0.8368955887369943,12623
CLASSIC,1996,CD,precipitation,evspsblsoi,0.29974785040714425,0.6108138609155219,12623
CLASSIC,1996,CD,lai,evspsblsoi,0.3462223950871758,0.6975489186405768,12623
CLASSIC,1997,HW,precipitation,evapotrans,0.27159865290224056,0.4018169172992903,12251
CLASSIC,1997,HW,lai,evapotrans,0.32954694244035054,0.5844173855102284,12251
CLASSIC,1997,HW,precipitation,tran,0.23061096653174373,0.41782639709938785,12251
CLASSIC,1997,HW,lai,tran,0.3978775243670237,0.6763354404734148,12251
CLASSIC,1997,HW,precipitation,evspsblveg,0.3429304840955997,0.46499381141731033,12251
CLASSIC,1997,HW,lai,evspsblveg,0.42811682178381105,0.7651187511676312,12251
CLASSIC,1997,HW,precipitation,evspsblsoi,0.25257786536376037,0.4389621838450506,12251
CLASSIC,1997,HW,lai,evspsblsoi,0.398036811655525,0.6319422154626277,12251
CLASSIC,1997,HD,precipitation,evapotrans,0.49235219189084123,0.7611607252325816,11022
CLASSIC,1997,HD,lai,evapotrans,0.4680516874187609,0.6925569449578548,11022
CLASSIC,1997,HD,precipitation,tran,0.45441284776778224,0.6721824164937937,11022
CLASSIC,1997,HD,lai,tran,0.6077806439587414,0.7874396266397395,11022
CLASSIC,1997,HD,precipitation,evspsblveg,0.5003246345418666,0.677347516269672,11022
CLASSIC,1997,HD,lai,evspsblveg,0.5969830673581068,0.8233730346938202,11022
CLASSIC,1997,HD,precipitation,evspsblsoi,0.4094443884092108,0.7581730887120108,11022
CLASSIC,1997,HD,lai,evspsblsoi,0.35898367280933063,0.6631449531363989,11022
CLASSIC,1997,CW,precipitation,evapotrans,0.2616744345837615,0.5101461864930339,20882
CLASSIC,1997,CW,lai,evapotrans,0.25458602268319597,0.5465516440621994,20882
CLASSIC,1997,CW,precipitation,tran,0.2786303433515375,0.4189379924286341,20882
CLASSIC,1997,CW,lai,tran,0.39574212111771273,0.7701428285927138,20882
CLASSIC,1997,CW,precipitation,evspsblveg,0.30687389790477076,0.5601617770720054,20882
CLASSIC,1997,CW,lai,evspsblveg,0.5322727717247911,0.751017284704787,20882
CLASSIC,1997,CW,precipitation,evspsblsoi,0.10319451279843989,0.20688099775956853,20882
CLASSIC,1997,CW,lai,evspsblsoi,0.1819561205831462,0.4359083700341966,20882
CLASSIC,1997,CD,precipitation,evapotrans,0.24111539693374556,0.43646121453342657,12822
CLASSIC,1997,CD,lai,evapotrans,0.3832312394039982,0.732267365757502,12822
CLASSIC,1997,CD,precipitation,tran,0.2657422642552211,0.4322978316163363,12822
CLASSIC,1997,CD,lai,tran,0.4907713950111584,0.8040442351555497,12822
CLASSIC,1997,CD,precipitation,evspsblveg,0.29433436256859785,0.477428542385782,12822
CLASSIC,1997,CD,lai,evspsblveg,0.5445269939950617,0.8306284514644002,12822
CLASSIC,1997,CD,precipitation,evspsblsoi,0.2279493677068561,0.4289733532059229,12822
CLASSIC,1997,CD,lai,evspsblsoi,0.3586559372529323,0.731176678242166,12822
CLASSIC,1998,HW,precipitation,evapotrans,0.2903885359982512,0.4294770018501785,12192
CLASSIC,1998,HW,lai,evapotrans,0.36775644917847117,0.6365410266339658,12192
CLASSIC,1998,HW,precipitation,tran,0.24665366210456127,0.45318725528161435,12192
CLASSIC,1998,HW,lai,tran,0.4036269344420427,0.7316590293016652,12192
CLASSIC,1998,HW,precipitation,evspsblveg,0.3361943454899352,0.48647245170173403,12192
CLASSIC,1998,HW,lai,evspsblveg,0.43671131327257184,0.753316337506992,12192
CLASSIC,1998,HW,precipitation,evspsblsoi,0.2472941620533978,0.43503506733789427,12192
CLASSIC,1998,HW,lai,evspsblsoi,0.3797414730459759,0.6225143603975732,12192
CLASSIC,1998,HD,precipitation,evapotrans,0.4697483821580202,0.7654905239331433,11171
CLASSIC,1998,HD,lai,evapotrans,0.48372575040567123,0.6958164072195183,11171
CLASSIC,1998,HD,precipitation,tran,0.4075755529746533,0.6808208754811564,11171
CLASSIC,1998,HD,lai,tran,0.6147296483403472,0.8002842120540564,11171
CLASSIC,1998,HD,precipitation,evspsblveg,0.4425780139770408,0.6706344233154724,11171
CLASSIC,1998,HD,lai,evspsblveg,0.5836663549834905,0.8046720922660165,11171
CLASSIC,1998,HD,precipitation,evspsblsoi,0.42435462668358365,0.7664659449851018,11171
CLASSIC,1998,HD,lai,evspsblsoi,0.3442742098157182,0.6522557508986295,11171
CLASSIC,1998,CW,precipitation,evapotrans,0.29858642735765395,0.4448943575719443,20881
CLASSIC,1998,CW,lai,evapotrans,0.26469241507326274,0.5462383903828136,20881
CLASSIC,1998,CW,precipitation,tran,0.29459071217507715,0.3674466913661274,20881
CLASSIC,1998,CW,lai,tran,0.37884816666179677,0.7592721562972966,20881
CLASSIC,1998,CW,precipitation,evspsblveg,0.3356489985187663,0.581142552735892,20881
CLASSIC,1998,CW,lai,evspsblveg,0.5362885635747536,0.76947900694833,20881
CLASSIC,1998,CW,precipitation,evspsblsoi,0.10839118107961954,0.24793535804712963,20881
CLASSIC,1998,CW,lai,evspsblsoi,0.17407710459569514,0.4529342381871657,20881
CLASSIC,1998,CD,precipitation,evapotrans,0.272415588993919,0.47672742360121007,12875
CLASSIC,1998,CD,lai,evapotrans,0.3675280709159983,0.7404458783091117,12875
CLASSIC,1998,CD,precipitation,tran,0.2712711042872233,0.4504686597113781,12875
CLASSIC,1998,CD,lai,tran,0.4991865766146053,0.7886903455345836,12875
CLASSIC,1998,CD,precipitation,evspsblveg,0.2885182031215051,0.4884401897994131,12875
CLASSIC,1998,CD,lai,evspsblveg,0.5192305372972321,0.8297620454682506,12875
CLASSIC,1998,CD,precipitation,evspsblsoi,0.25661640056723944,0.45568083780578506,12875
CLASSIC,1998,CD,lai,evspsblsoi,0.34453385997708497,0.739979858891636,12875
CLASSIC,1999,HW,precipitation,evapotrans,0.3094679307022852,0.4757546950296879,12277
CLASSIC,1999,HW,lai,evapotrans,0.38270949335161286,0.6474107192841464,12277
CLASSIC,1999,HW,precipitation,tran,0.23279155639019167,0.4156305493257035,12277
CLASSIC,1999,HW,lai,tran,0.40520798129087465,0.7333326213923496,12277
CLASSIC,1999,HW,precipitation,evspsblveg,0.37812166871793274,0.5764998717179631,12277
CLASSIC,1999,HW,lai,evspsblveg,0.44461627507342616,0.7699871240387801,12277
CLASSIC,1999,HW,precipitation,evspsblsoi,0.23234775652720496,0.4107582861307617,12277
CLASSIC,1999,HW,lai,evspsblsoi,0.41511370770357015,0.6056387981127285,12277
CLASSIC,1999,HD,precipitation,evapotrans,0.4546426120863648,0.6991373365422142,11142
CLASSIC,1999,HD,lai,evapotrans,0.4541325026659281,0.7002616850715548,11142
CLASSIC,1999,HD,precipitation,tran,0.42181562959117613,0.6660860555644584,11142
CLASSIC,1999,HD,lai,tran,0.6210697098690415,0.7787940109455356,11142
CLASSIC,1999,HD,precipitation,evspsblveg,0.44797862458704263,0.6570713042406988,11142
CLASSIC,1999,HD,lai,evspsblveg,0.5778015930793186,0.8283214725842427,11142
CLASSIC,1999,HD,precipitation,evspsblsoi,0.41453842682465203,0.6948755114935974,11142
CLASSIC,1999,HD,lai,evspsblsoi,0.3673472410376284,0.66210412845023,11142
CLASSIC,1999,CW,precipitation,evapotrans,0.25756376944088205,0.5035270939104804,20999
CLASSIC,1999,CW,lai,evapotrans,0.25556300866934706,0.590031838250801,20999
CLASSIC,1999,CW,precipitation,tran,0.26533258375126156,0.39584657359649883,20999
CLASSIC,1999,CW,lai,tran,0.4306649636377242,0.766420101637493,20999
CLASSIC,1999,CW,precipitation,evspsblveg,0.27794723472174765,0.5274764439541699,20999
CLASSIC,1999,CW,lai,evspsblveg,0.5257414638792324,0.7578968386249685,20999
CLASSIC,1999,CW,precipitation,evspsblsoi,0.10975171951882615,0.23934049215507402,20999
CLASSIC,1999,CW,lai,evspsblsoi,0.18137681159420288,0.4571811809632659,20999
CLASSIC,1999,CD,precipitation,evapotrans,0.30717853446849464,0.6195756273832397,12418
CLASSIC,1999,CD,lai,evapotrans,0.3883272658332705,0.6923529905475695,12418
CLASSIC,1999,CD,precipitation,tran,0.30284711148415994,0.5892423311004698,12418
CLASSIC,1999,CD,lai,tran,0.5087231173697524,0.7912795539382471,12418
CLASSIC,1999,CD,precipitation,evspsblveg,0.3154141854394272,0.5892956385437766,12418
CLASSIC,1999,CD,lai,evspsblveg,0.5483230539845412,0.8263061075178127,12418
CLASSIC,1999,CD,precipitation,evspsblsoi,0.2833036205845017,0.6190185078906358,12418
CLASSIC,1999,CD,lai,evspsblsoi,0.36908567870285436,0.6905006136026985,12418
CLASSIC,2000,HW,precipitation,evapotrans,0.2914323458648836,0.47064440065536023,12318
CLASSIC,2000,HW,lai,evapotrans,0.36335525774761046,0.6408610670057333,12318
CLASSIC,2000,HW,precipitation,tran,0.1940964995793296,0.4567504159260126,12318
CLASSIC,2000,HW,lai,tran,0.4069015647041706,0.731459267717183,12318
CLASSIC,2000,HW,precipitation,evspsblveg,0.31453067045797195,0.5970382008801396,12318
CLASSIC,2000,HW,lai,evspsblveg,0.43072097268699805,0.7645819231912754,12318
CLASSIC,2000,HW,precipitation,evspsblsoi,0.2019019653426619,0.4102492024131089,12318
CLASSIC,2000,HW,lai,evspsblsoi,0.384871521561731,0.6230039241485905,12318
CLASSIC,2000,HD,precipitation,evapotrans,0.5113909037123263,0.6773236798238962,11053
CLASSIC,2000,HD,lai,evapotrans,0.4550562427923378,0.6657995400067181,11053
CLASSIC,2000,HD,precipitation,tran,0.415261841790849,0.640077045393451,11053
CLASSIC,2000,HD,lai,tran,0.6083337665947657,0.7997004078164243,11053
CLASSIC,2000,HD,precipitation,evspsblveg,0.4571401244621091,0.6546955414949683,11053
CLASSIC,2000,HD,lai,evspsblveg,0.585888313526804,0.7752022189977633,11053
CLASSIC,2000,HD,precipitation,evspsblsoi,0.4216869480893604,0.6719639578303882,11053
CLASSIC,2000,HD,lai,evspsblsoi,0.341428582880872,0.6501557010191796,11053
CLASSIC,2000,CW,precipitation,evapotrans,0.2920566432673922,0.47990766291187414,21028
CLASSIC,2000,CW,lai,evapotrans,0.26387676065542576,0.5464707247660456,21028
CLASSIC,2000,CW,precipitation,tran,0.28241616752465815,0.42141526579916855,21028
CLASSIC,2000,CW,lai,tran,0.42251355686248016,0.7892851195575475,21028
CLASSIC,2000,CW,precipitation,evspsblveg,0.29982927683497157,0.5659253233082516,21028
CLASSIC,2000,CW,lai,evspsblveg,0.5246538881092035,0.7938977905147595,21028
CLASSIC,2000,CW,precipitation,evspsblsoi,0.13569096242032566,0.16859263617081544,21028
CLASSIC,2000,CW,lai,evspsblsoi,0.22118462885932222,0.446294056580674,21028
CLASSIC,2000,CD,precipitation,evapotrans,0.30026898146840775,0.4599232015468145,13095
CLASSIC,2000,CD,lai,evapotrans,0.35349791862344,0.6805228380974033,13095
CLASSIC,2000,CD,precipitation,tran,0.32731818926629647,0.4537160991719088,13095
CLASSIC,2000,CD,lai,tran,0.4712154851360199,0.7907869386660604,13095
CLASSIC,2000,CD,precipitation,evspsblveg,0.34659166936331764,0.5033410232855018,13095
CLASSIC,2000,CD,lai,evspsblveg,0.5150052841605437,0.8333047693164164,13095
CLASSIC,2000,CD,precipitation,evspsblsoi,0.29479429031781623,0.4525174462206261,13095
CLASSIC,2000,CD,lai,evspsblsoi,0.3232981766490393,0.5356177146255154,13095
CLASSIC,2001,HW,precipitation,evapotrans,0.2516198101547748,0.5731247661803217,12144
CLASSIC,2001,HW,lai,evapotrans,0.3344282394896606,0.630006994258202,12144
CLASSIC,2001,HW,precipitation,tran,0.20992457350673108,0.4454199808064542,12144
CLASSIC,2001,HW,lai,tran,0.4126394170557375,0.7039216643081377,12144
CLASSIC,2001,HW,precipitation,evspsblveg,0.32089770990856137,0.6526360627206037,12144
CLASSIC,2001,HW,lai,evspsblveg,0.39189697544892377,0.7640243009808227,12144
CLASSIC,2001,HW,precipitation,evspsblsoi,0.22167421703794862,0.45161782885212837,12144
CLASSIC,2001,HW,lai,evspsblsoi,0.37057642176365757,0.6408411815416646,12144
CLASSIC,2001,HD,precipitation,evapotrans,0.503007490013001,0.7358916323276187,11031
CLASSIC,2001,HD,lai,evapotrans,0.5052561851383256,0.7165229482264315,11031
CLASSIC,2001,HD,precipitation,tran,0.4720479256328623,0.6797195585046232,11031
CLASSIC,2001,HD,lai,tran,0.6400285460342986,0.8015568586772643,11031
CLASSIC,2001,HD,precipitation,evspsblveg,0.5072040503327596,0.7094762997308153,11031
CLASSIC,2001,HD,lai,evspsblveg,0.5952279215099161,0.8281195999767572,11031
CLASSIC,2001,HD,precipitation,evspsblsoi,0.4322247071312572,0.7318014101181716,11031
CLASSIC,2001,HD,lai,evspsblsoi,0.40938070103761814,0.6466601496289834,11031
CLASSIC,2001,CW,precipitation,evapotrans,0.22331365609194775,0.5095131505032072,19846
CLASSIC,2001,CW,lai,evapotrans,0.23380772466600114,0.5384662404291382,19846
CLASSIC,2001,CW,precipitation,tran,0.2699246884204821,0.3946905022578133,19846
CLASSIC,2001,CW,lai,tran,0.4508690933324447,0.7820816001092543,19846
CLASSIC,2001,CW,precipitation,evspsblveg,0.26695541284090546,0.5404961782551846,19846
CLASSIC,2001,CW,lai,evspsblveg,0.5098284221956493,0.7507426072445488,19846
CLASSIC,2001,CW,precipitation,evspsblsoi,0.11897719492992767,0.18921793528050113,19846
CLASSIC,2001,CW,lai,evspsblsoi,0.18023489940552329,0.3769290285830619,19846
CLASSIC,2001,CD,precipitation,evapotrans,0.23937663964396005,0.4133412135245028,12670
CLASSIC,2001,CD,lai,evapotrans,0.37537490134175217,0.7325966850828729,12670
CLASSIC,2001,CD,precipitation,tran,0.2760647062889061,0.4261773217574323,12670
CLASSIC,2001,CD,lai,tran,0.49794790844514597,0.7831097079715864,12670
CLASSIC,2001,CD,precipitation,evspsblveg,0.29840623770385427,0.4945014469876349,12670
CLASSIC,2001,CD,lai,evspsblveg,0.5535911602209945,0.8333070244672455,12670
CLASSIC,2001,CD,precipitation,evspsblsoi,0.22940425445669177,0.403288608260984,12670
CLASSIC,2001,CD,lai,evspsblsoi,0.35343330702446724,0.731570639305446,12670
CLASSIC,2002,HW,precipitation,evapotrans,0.19959527801707724,0.46930467776173257,12011
CLASSIC,2002,HW,lai,evapotrans,0.35515830582998065,0.5810385128108441,12011
CLASSIC,2002,HW,precipitation,tran,0.14671979494788676,0.4175294942475775,12011
CLASSIC,2002,HW,lai,tran,0.4045382767711335,0.6687714575560312,12011
CLASSIC,2002,HW,precipitation,evspsblveg,0.3064928393345414,0.5624631071254347,12011
CLASSIC,2002,HW,lai,evspsblveg,0.4265579893424089,0.7520980144241046,12011
CLASSIC,2002,HW,precipitation,evspsblsoi,0.20478407560208303,0.4484005814542332,12011
CLASSIC,2002,HW,lai,evspsblsoi,0.3780586987601082,0.6177600452430124,12011
CLASSIC,2002,HD,precipitation,evapotrans,0.4893038121162965,0.7456256526623796,11131
CLASSIC,2002,HD,lai,evapotrans,0.453642333902745,0.7520411778280759,11131
CLASSIC,2002,HD,precipitation,tran,0.43529247280776073,0.6792846450015761,11131
CLASSIC,2002,HD,lai,tran,0.6260081706886504,0.8102581823280264,11131
CLASSIC,2002,HD,precipitation,evspsblveg,0.466562883646082,0.6925551649643911,11131
CLASSIC,2002,HD,lai,evspsblveg,0.5366059174562707,0.8409838303183931,11131
CLASSIC,2002,HD,precipitation,evspsblsoi,0.42965712204394335,0.741299364460197,11131
CLASSIC,2002,HD,lai,evspsblsoi,0.3742469919597959,0.6485734630207258,11131
CLASSIC,2002,CW,precipitation,evapotrans,0.19484748519213224,0.5089335005618365,20985
CLASSIC,2002,CW,lai,evapotrans,0.2785798585913416,0.5521264706987443,20985
CLASSIC,2002,CW,precipitation,tran,0.20393048639023587,0.36960053251585245,20985
CLASSIC,2002,CW,lai,tran,0.38148518193577774,0.7791389593714878,20985
CLASSIC,2002,CW,precipitation,evspsblveg,0.28145710494946674,0.551245126995246,20985
CLASSIC,2002,CW,lai,evspsblveg,0.5491068431315038,0.7305407580881691,20985
CLASSIC,2002,CW,precipitation,evspsblsoi,0.10051574584687917,0.21500861058790716,20985
CLASSIC,2002,CW,lai,evspsblsoi,0.16256413818805182,0.43049007418466173,20985
CLASSIC,2002,CD,precipitation,evapotrans,0.24007388907818222,0.4699657982747611,13132
CLASSIC,2002,CD,lai,evapotrans,0.3707254582273054,0.6637281164766049,13132
CLASSIC,2002,CD,precipitation,tran,0.23204497306957286,0.47073108506983363,13132
CLASSIC,2002,CD,lai,tran,0.48022536531635307,0.7920007640485487,13132
CLASSIC,2002,CD,precipitation,evspsblveg,0.2698583665979071,0.5099912485639759,13132
CLASSIC,2002,CD,lai,evspsblveg,0.511380112741235,0.8321150514318725,13132
CLASSIC,2002,CD,precipitation,evspsblsoi,0.231960679437194,0.46628772124047746,13132
CLASSIC,2002,CD,lai,evspsblsoi,0.34295079616914576,0.5531389205428364,13132
CLASSIC,2003,HW,precipitation,evapotrans,0.2458270562307861,0.47557233449478253,12413
CLASSIC,2003,HW,lai,evapotrans,0.35752933892900224,0.6140895220103904,12413
CLASSIC,2003,HW,precipitation,tran,0.19568915201778592,0.4192449658966179,12413
CLASSIC,2003,HW,lai,tran,0.4085765209500346,0.722100083894696,12413
CLASSIC,2003,HW,precipitation,evspsblveg,0.27748010926394195,0.5519729393876063,12413
CLASSIC,2003,HW,lai,evspsblveg,0.4236874951029025,0.7821023696911178,12413
CLASSIC,2003,HW,precipitation,evspsblsoi,0.17853446086040728,0.4796121748107569,12413
CLASSIC,2003,HW,lai,evspsblsoi,0.4009963171230183,0.6101197993428789,12413
CLASSIC,2003,HD,precipitation,evapotrans,0.5325393220879756,0.725085199651882,10977
CLASSIC,2003,HD,lai,evapotrans,0.4446795151111103,0.7021128629110743,10977
CLASSIC,2003,HD,precipitation,tran,0.4574381056471022,0.653092250211647,10977
CLASSIC,2003,HD,lai,tran,0.6224624471703452,0.7876583477325416,10977
CLASSIC,2003,HD,precipitation,evspsblveg,0.49346196559658306,0.6550225981697448,10977
CLASSIC,2003,HD,lai,evspsblveg,0.5958549777860711,0.8295601682803238,10977
CLASSIC,2003,HD,precipitation,evspsblsoi,0.4606258669734593,0.7179174289727972,10977
CLASSIC,2003,HD,lai,evspsblsoi,0.35953612795595064,0.6512902536899061,10977
CLASSIC,2003,CW,precipitation,evapotrans,0.18284536499739226,0.46061696638197813,20955
CLASSIC,2003,CW,lai,evapotrans,0.2981926693150171,0.5935846033211845,20955
CLASSIC,2003,CW,precipitation,tran,0.18374130458996085,0.3680429801410146,20955
CLASSIC,2003,CW,lai,tran,0.38409051915838266,0.7958071275962122,20955
CLASSIC,2003,CW,precipitation,evspsblveg,0.2385139029786596,0.49763447117687665,20955
CLASSIC,2003,CW,lai,evspsblveg,0.5454430932514421,0.7595565788922464,20955
CLASSIC,2003,CW,precipitation,evspsblsoi,0.09408571352955714,0.17597678413029738,20955
CLASSIC,2003,CW,lai,evspsblsoi,0.15690361404593298,0.47088934211988254,20955
CLASSIC,2003,CD,precipitation,evapotrans,0.2567663788329346,0.4653967180770608,12874
CLASSIC,2003,CD,lai,evapotrans,0.3701916184916131,0.6535364985231923,12874
CLASSIC,2003,CD,precipitation,tran,0.23619576876841344,0.4431521160316776,12874
CLASSIC,2003,CD,lai,tran,0.49233014942593056,0.7767973536146328,12874
CLASSIC,2003,CD,precipitation,evspsblveg,0.2601896044368902,0.4863452864705415,12874
CLASSIC,2003,CD,lai,evspsblveg,0.5144058670081797,0.8361175251385382,12874
CLASSIC,2003,CD,precipitation,evspsblsoi,0.25256437312026786,0.46317030290075173,12874
CLASSIC,2003,CD,lai,evspsblsoi,0.3299932268028566,0.543309463101195,12874
CLASSIC,2004,HW,precipitation,evapotrans,0.282620099700698,0.5054833801159486,12253
CLASSIC,2004,HW,lai,evapotrans,0.3661613565690701,0.6201578093402966,12253
CLASSIC,2004,HW,precipitation,tran,0.20901969863273798,0.42028274964313583,12253
CLASSIC,2004,HW,lai,tran,0.4044880970424569,0.6998770750819222,12253
CLASSIC,2004,HW,precipitation,evspsblveg,0.3321571893263957,0.5399875437503137,12253
CLASSIC,2004,HW,lai,evspsblveg,0.42073791174839315,0.7559174841357891,12253
CLASSIC,2004,HW,precipitation,evspsblsoi,0.20071499357924838,0.4594586750336736,12253
CLASSIC,2004,HW,lai,evspsblsoi,0.3858657188493613,0.6267521260898387,12253
CLASSIC,2004,HD,precipitation,evapotrans,0.5159433111675353,0.7342199264885804,11101
CLASSIC,2004,HD,lai,evapotrans,0.4928308613223272,0.6681371128808297,11101
CLASSIC,2004,HD,precipitation,tran,0.4239760171702536,0.6556810593510831,11101
CLASSIC,2004,HD,lai,tran,0.6265369172715848,0.7779463095200416,11101
CLASSIC,2004,HD,precipitation,evspsblveg,0.48644069000137613,0.6719147368449994,11101
CLASSIC,2004,HD,lai,evspsblveg,0.6078703241571451,0.7783067185733612,11101
CLASSIC,2004,HD,precipitation,evspsblsoi,0.42490669522133995,0.7306274832179869,11101
CLASSIC,2004,HD,lai,evspsblsoi,0.32373944072890115,0.6490683694606938,11101
CLASSIC,2004,CW,precipitation,evapotrans,0.28137401500806325,0.5012069210557428,21055
CLASSIC,2004,CW,lai,evapotrans,0.27457500062581996,0.5907562452880271,21055
CLASSIC,2004,CW,precipitation,tran,0.24423567616721206,0.37934720580626696,21055
CLASSIC,2004,CW,lai,tran,0.40715070711853635,0.7902276022437504,21055
CLASSIC,2004,CW,precipitation,evspsblveg,0.31935840322649334,0.5508453992512541,21055
CLASSIC,2004,CW,lai,evspsblveg,0.5364178537040474,0.7565106807725346,21055
CLASSIC,2004,CW,precipitation,evspsblsoi,0.08058560954858832,0.2455467447619784,21055
CLASSIC,2004,CW,lai,evspsblsoi,0.1649533943312369,0.5024232648945701,21055
CLASSIC,2004,CD,precipitation,evapotrans,0.29427432801379216,0.48485832906941206,12661
CLASSIC,2004,CD,lai,evapotrans,0.36473195229644395,0.7277659560104699,12661
CLASSIC,2004,CD,precipitation,tran,0.27448691501174194,0.4431870550784161,12661
CLASSIC,2004,CD,lai,tran,0.4919813216513798,0.7947971361096564,12661
CLASSIC,2004,CD,precipitation,evspsblveg,0.2979875444402479,0.5053162227037497,12661
CLASSIC,2004,CD,lai,evspsblveg,0.5386591007975257,0.8353973647227813,12661
CLASSIC,2004,CD,precipitation,evspsblsoi,0.28258229891571596,0.44183817926553737,12661
CLASSIC,2004,CD,lai,evspsblsoi,0.3394555533886262,0.7262652846574962,12661
CLASSIC,2005,HW,precipitation,evapotrans,0.3000668429118951,0.5155637036056552,12305
CLASSIC,2005,HW,lai,evapotrans,0.3541812799575902,0.6255712263215174,12305
CLASSIC,2005,HW,precipitation,tran,0.23543961675410158,0.4497801115764991,12305
CLASSIC,2005,HW,lai,tran,0.4069078931081162,0.7073837816319639,12305
CLASSIC,2005,HW,precipitation,evspsblveg,0.35861301452950345,0.574074852838315,12305
CLASSIC,2005,HW,lai,evspsblveg,0.4524084594070625,0.7768565082385127,12305
CLASSIC,2005,HW,precipitation,evspsblsoi,0.21014285898192137,0.4280571224671075,12305
CLASSIC,2005,HW,lai,evspsblsoi,0.3957611738168697,0.6210156095528918,12305
CLASSIC,2005,HD,precipitation,evapotrans,0.4906275893355748,0.7195092115778412,11045
CLASSIC,2005,HD,lai,evapotrans,0.48994385371239413,0.7130984106565286,11045
CLASSIC,2005,HD,precipitation,tran,0.44204803439307083,0.6549170361484768,11045
CLASSIC,2005,HD,lai,tran,0.6147758347689113,0.790867881087038,11045
CLASSIC,2005,HD,precipitation,evspsblveg,0.4749983950591006,0.66249341955677,11045
CLASSIC,2005,HD,lai,evspsblveg,0.567168862878926,0.8239153278750647,11045
CLASSIC,2005,HD,precipitation,evspsblsoi,0.4272295989264196,0.717376322330865,11045
CLASSIC,2005,HD,lai,evspsblsoi,0.3891250221426181,0.6408329560887279,11045
CLASSIC,2005,CW,precipitation,evapotrans,0.2497202091991187,0.5128594503049749,20881
CLASSIC,2005,CW,lai,evapotrans,0.29141147968223957,0.6117089365209758,20881
CLASSIC,2005,CW,precipitation,tran,0.22258332931638827,0.4087339077282087,20881
CLASSIC,2005,CW,lai,tran,0.4148817239131452,0.7869544735355416,20881
CLASSIC,2005,CW,precipitation,evspsblveg,0.305697087570934,0.533634102644414,20881
CLASSIC,2005,CW,lai,evspsblveg,0.5340480291438018,0.7965364790596072,20881
CLASSIC,2005,CW,precipitation,evspsblsoi,0.10946524974198321,0.23550639772564008,20881
CLASSIC,2005,CW,lai,evspsblsoi,0.16538471640060265,0.4585830837434754,20881
CLASSIC,2005,CD,precipitation,evapotrans,0.2300471327572663,0.45298342950444803,12730
CLASSIC,2005,CD,lai,evapotrans,0.35687352710133535,0.6461901021209742,12730
CLASSIC,2005,CD,precipitation,tran,0.29304791830322074,0.4435365196612693,12730
CLASSIC,2005,CD,lai,tran,0.472152395915161,0.786802827965436,12730
CLASSIC,2005,CD,precipitation,evspsblveg,0.2988216810683425,0.5056721764558305,12730
CLASSIC,2005,CD,lai,evspsblveg,0.523095051060487,0.81885310290652,12730
CLASSIC,2005,CD,precipitation,evspsblsoi,0.2260801256873527,0.449922267965765,12730
CLASSIC,2005,CD,lai,evspsblsoi,0.31956009426551457,0.5376014663524482,12730
CLASSIC,2006,HW,precipitation,evapotrans,0.3037668583223261,0.5583984183454599,12231
CLASSIC,2006,HW,lai,evapotrans,0.3337661972149237,0.614926753139323,12231
CLASSIC,2006,HW,precipitation,tran,0.2138568088353462,0.4280709095018925,12231
CLASSIC,2006,HW,lai,tran,0.4051059754402058,0.7019639104108653,12231
CLASSIC,2006,HW,precipitation,evspsblveg,0.36151664753286206,0.6430290898567258,12231
CLASSIC,2006,HW,lai,evspsblveg,0.3901077600427262,0.7634115579025331,12231
CLASSIC,2006,HW,precipitation,evspsblsoi,0.2208912262476735,0.4384543436904457,12231
CLASSIC,2006,HW,lai,evspsblsoi,0.37710549838744,0.6534178230148946,12231
CLASSIC,2006,HD,precipitation,evapotrans,0.46255671191180653,0.7227272727272728,10968
CLASSIC,2006,HD,lai,evapotrans,0.4918981181353297,0.7114372497900581,10968
CLASSIC,2006,HD,precipitation,tran,0.46457502363826436,0.6656352363901599,10968
CLASSIC,2006,HD,lai,tran,0.6231836611619648,0.7826442316323212,10968
CLASSIC,2006,HD,precipitation,evspsblveg,0.4897677584294813,0.6703461308931769,10968
CLASSIC,2006,HD,lai,evspsblveg,0.6157048731139299,0.8204820753104913,10968
CLASSIC,2006,HD,precipitation,evspsblsoi,0.3980200340609414,0.7142497181884491,10968
CLASSIC,2006,HD,lai,evspsblsoi,0.38587800293486574,0.6548570369964228,10968
CLASSIC,2006,CW,precipitation,evapotrans,0.27064773876410864,0.47821038870258314,21002
CLASSIC,2006,CW,lai,evapotrans,0.28643478398882644,0.5952142270079579,21002
CLASSIC,2006,CW,precipitation,tran,0.2298471347400021,0.36457221761192815,21002
CLASSIC,2006,CW,lai,tran,0.4138848000870665,0.7888908474571968,21002
CLASSIC,2006,CW,precipitation,evspsblveg,0.30023759641938863,0.5560045254863648,21002
CLASSIC,2006,CW,lai,evspsblveg,0.5412057581817604,0.7895666970544406,21002
CLASSIC,2006,CW,precipitation,evspsblsoi,0.12252198203345713,0.18672775707633027,21002
CLASSIC,2006,CW,lai,evspsblsoi,0.17922324465128414,0.4374224054543705,21002
CLASSIC,2006,CD,precipitation,evapotrans,0.25469356549899264,0.43772932358539446,12844
CLASSIC,2006,CD,lai,evapotrans,0.3518333031726526,0.6679215537058288,12844
CLASSIC,2006,CD,precipitation,tran,0.2842776697319355,0.44725089745111996,12844
CLASSIC,2006,CD,lai,tran,0.4752039420913872,0.7836718260551339,12844
CLASSIC,2006,CD,precipitation,evspsblveg,0.2981800305905984,0.501782555795623,12844
CLASSIC,2006,CD,lai,evspsblveg,0.5118327401443364,0.8407172814268074,12844
CLASSIC,2006,CD,precipitation,evspsblsoi,0.21546867202596232,0.4287198745746741,12844
CLASSIC,2006,CD,lai,evspsblsoi,0.3146430098472632,0.5144489165560606,12844
CLASSIC,2007,HW,precipitation,evapotrans,0.28356089450880817,0.5099763927932209,12185
CLASSIC,2007,HW,lai,evapotrans,0.3396665368432994,0.6096406810105217,12185
CLASSIC,2007,HW,precipitation,tran,0.22806823839340387,0.4091849639630754,12185
CLASSIC,2007,HW,lai,tran,0.3909823028421219,0.7027795777632432,12185
CLASSIC,2007,HW,precipitation,evspsblveg,0.3330190194038246,0.5803935297469992,12185
CLASSIC,2007,HW,lai,evspsblveg,0.432690317981254,0.7625059792244462,12185
CLASSIC,2007,HW,precipitation,evspsblsoi,0.2402124682272176,0.44652427388399313,12185
CLASSIC,2007,HW,lai,evspsblsoi,0.41018282828629715,0.6374678316883242,12185
CLASSIC,2007,HD,precipitation,evapotrans,0.5210346487239433,0.7571175398325682,11109
CLASSIC,2007,HD,lai,evapotrans,0.5123839145999396,0.7130283106625542,11109
CLASSIC,2007,HD,precipitation,tran,0.4364740498323878,0.713312966963723,11109
CLASSIC,2007,HD,lai,tran,0.6168883428985621,0.7882835812611777,11109
CLASSIC,2007,HD,precipitation,evspsblveg,0.4856828334635419,0.7023775767395805,11109
CLASSIC,2007,HD,lai,evspsblveg,0.6185101091799701,0.8333795572373872,11109
CLASSIC,2007,HD,precipitation,evspsblsoi,0.4823441991909614,0.7557284634080474,11109
CLASSIC,2007,HD,lai,evspsblsoi,0.3611561534225256,0.6582110141881052,11109
CLASSIC,2007,CW,precipitation,evapotrans,0.2213742207181366,0.44052055398165485,21277
CLASSIC,2007,CW,lai,evapotrans,0.2787513722711765,0.5994438380106868,21277
CLASSIC,2007,CW,precipitation,tran,0.25040441388067,0.3485223639773401,21277
CLASSIC,2007,CW,lai,tran,0.3895237586235196,0.7729542711056911,21277
CLASSIC,2007,CW,precipitation,evspsblveg,0.3060308997344273,0.583654258313453,21277
CLASSIC,2007,CW,lai,evspsblveg,0.5481177277471879,0.7944801934101599,21277
CLASSIC,2007,CW,precipitation,evspsblsoi,0.11482163441338224,0.1714442834420732,21277
CLASSIC,2007,CW,lai,evspsblsoi,0.1559490003148587,0.5084292942607023,21277
CLASSIC,2007,CD,precipitation,evapotrans,0.2799660262974395,0.46548870189560887,12591
CLASSIC,2007,CD,lai,evapotrans,0.38304324817157936,0.7283156469256336,12591
CLASSIC,2007,CD,precipitation,tran,0.2683088752425061,0.4487892400670222,12591
CLASSIC,2007,CD,lai,tran,0.5288576525878105,0.7653021823208062,12591
CLASSIC,2007,CD,precipitation,evspsblveg,0.3109036155466379,0.5136051956372383,12591
CLASSIC,2007,CD,lai,evspsblveg,0.5552351557389764,0.8201063217678398,12591
CLASSIC,2007,CD,precipitation,evspsblsoi,0.2531275823249082,0.4618872937904356,12591
CLASSIC,2007,CD,lai,evspsblsoi,0.3645252238051702,0.7274420070241165,12591
CLASSIC,2008,HW,precipitation,evapotrans,0.2997533960449796,0.5219953154735764,12144
CLASSIC,2008,HW,lai,evapotrans,0.3431558801249368,0.639774760487321,12144
CLASSIC,2008,HW,precipitation,tran,0.18160535579297601,0.40256307031669347,12144
CLASSIC,2008,HW,lai,tran,0.3939819696874568,0.718001065404447,12144
CLASSIC,2008,HW,precipitation,evspsblveg,0.35158674539260165,0.5925663641243352,12144
CLASSIC,2008,HW,lai,evspsblveg,0.4176173669942025,0.7442752809902569,12144
CLASSIC,2008,HW,precipitation,evspsblsoi,0.18965808020197167,0.400311081832821,12144
CLASSIC,2008,HW,lai,evspsblsoi,0.38739152682906713,0.6308981522145773,12144
CLASSIC,2008,HD,precipitation,evapotrans,0.50586394687789,0.7215433764894369,11196
CLASSIC,2008,HD,lai,evapotrans,0.45787908947072936,0.6881185244730261,11196
CLASSIC,2008,HD,precipitation,tran,0.4885751179134207,0.6716337936417333,11196
CLASSIC,2008,HD,lai,tran,0.6169253687541468,0.7855605318225897,11196
CLASSIC,2008,HD,precipitation,evspsblveg,0.5195999751073663,0.6811048070882968,11196
CLASSIC,2008,HD,lai,evspsblveg,0.6127252079824427,0.8147619685602,11196
CLASSIC,2008,HD,precipitation,evspsblsoi,0.38364743436606663,0.705823476525164,11196
CLASSIC,2008,HD,lai,evspsblsoi,0.3612777734675444,0.6470391211146838,11196
CLASSIC,2008,CW,precipitation,evapotrans,0.1881903110673845,0.4660915338466121,20845
CLASSIC,2008,CW,lai,evapotrans,0.266926952561242,0.5828058301739515,20845
CLASSIC,2008,CW,precipitation,tran,0.2159100019968256,0.4174619910691739,20845
CLASSIC,2008,CW,lai,tran,0.41839832878663685,0.7767971087270265,20845
CLASSIC,2008,CW,precipitation,evspsblveg,0.30174523538907694,0.5465657312519192,20845
CLASSIC,2008,CW,lai,evspsblveg,0.530106591088482,0.7626933521544481,20845
CLASSIC,2008,CW,precipitation,evspsblsoi,0.13244604923260267,0.19710366511300437,20845
CLASSIC,2008,CW,lai,evspsblsoi,0.16723968699788855,0.40228533891524343,20845
CLASSIC,2008,CD,precipitation,evapotrans,0.24768517869921522,0.41317851426717395,12716
CLASSIC,2008,CD,lai,evapotrans,0.3615795778507145,0.7246177252053077,12716
CLASSIC,2008,CD,precipitation,tran,0.2622396983203038,0.4271160386261255,12716
CLASSIC,2008,CD,lai,tran,0.4981244843815843,0.7588911409584518,12716
CLASSIC,2008,CD,precipitation,evspsblveg,0.2896928458726987,0.4992971762410948,12716
CLASSIC,2008,CD,lai,evspsblveg,0.55466618591741,0.834625717908998,12716
CLASSIC,2008,CD,precipitation,evspsblsoi,0.238181615246834,0.4043449115427963,12716
CLASSIC,2008,CD,lai,evspsblsoi,0.34391871974296734,0.7228876213990792,12716
CLASSIC,2009,HW,precipitation,evapotrans,0.2456748493539356,0.4681716647378379,12105
CLASSIC,2009,HW,lai,evapotrans,0.3318544835622156,0.6432291629360629,12105
CLASSIC,2009,HW,precipitation,tran,0.22723629022273117,0.4221460241057551,12105
CLASSIC,2009,HW,lai,tran,0.3847540666566388,0.7115453107631374,12105
CLASSIC,2009,HW,precipitation,evspsblveg,0.2976390521827486,0.5305856306178631,12105
CLASSIC,2009,HW,lai,evspsblveg,0.361166743426021,0.7694484436517658,12105
CLASSIC,2009,HW,precipitation,evspsblsoi,0.24146682575039674,0.448516166177382,12105
CLASSIC,2009,HW,lai,evspsblsoi,0.38973955056788456,0.6455473729556718,12105
CLASSIC,2009,HD,precipitation,evapotrans,0.5126540809477642,0.724341735295492,11132
CLASSIC,2009,HD,lai,evapotrans,0.4702565376552996,0.6779838284635299,11132
CLASSIC,2009,HD,precipitation,tran,0.45524029380021624,0.6616091613237964,11132
CLASSIC,2009,HD,lai,tran,0.6127365996670195,0.7950131311482707,11132
CLASSIC,2009,HD,precipitation,evspsblveg,0.49598411320948427,0.6582912107301054,11132
CLASSIC,2009,HD,lai,evspsblveg,0.5900973824197032,0.8066129572274859,11132
CLASSIC,2009,HD,precipitation,evspsblsoi,0.42816347584600245,0.7208991490616475,11132
CLASSIC,2009,HD,lai,evspsblsoi,0.363596205740031,0.6392630395494101,11132
CLASSIC,2009,CW,precipitation,evapotrans,0.27930508263803955,0.5176219716685502,21308
CLASSIC,2009,CW,lai,evapotrans,0.2744144846336324,0.5639762753816848,21308
CLASSIC,2009,CW,precipitation,tran,0.25332970602106886,0.43122245324699426,21308
CLASSIC,2009,CW,lai,tran,0.4170802487738328,0.7819176094582754,21308
CLASSIC,2009,CW,precipitation,evspsblveg,0.3443740983847491,0.525549477146298,21308
CLASSIC,2009,CW,lai,evspsblveg,0.5344904278302034,0.8008754662351125,21308
CLASSIC,2009,CW,precipitation,evspsblsoi,0.10856024023934929,0.24467134702515547,21308
CLASSIC,2009,CW,lai,evspsblsoi,0.19636431971318827,0.46539291393983195,21308
CLASSIC,2009,CD,precipitation,evapotrans,0.27689756986813985,0.49053770919579776,13152
CLASSIC,2009,CD,lai,evapotrans,0.3830145395631539,0.6531709670978192,13152
CLASSIC,2009,CD,precipitation,tran,0.277963780053099,0.4732098043785755,13152
CLASSIC,2009,CD,lai,tran,0.46729957074001094,0.7683755149054496,13152
CLASSIC,2009,CD,precipitation,evspsblveg,0.29831363843098974,0.5111916514675614,13152
CLASSIC,2009,CD,lai,evspsblveg,0.5167984975900382,0.8186906518314734,13152
CLASSIC,2009,CD,precipitation,evspsblsoi,0.27172216922178094,0.4858252929141957,13152
CLASSIC,2009,CD,lai,evspsblsoi,0.3477262924056137,0.5508561905677991,13152
CLASSIC,2010,HW,precipitation,evapotrans,0.25621822478867884,0.5391909888319403,12053
CLASSIC,2010,HW,lai,evapotrans,0.34625001678272277,0.5769439535913727,12053
CLASSIC,2010,HW,precipitation,tran,0.185152321634501,0.39823649252837007,12053
CLASSIC,2010,HW,lai,tran,0.40252553297624294,0.6889275930147652,12053
CLASSIC,2010,HW,precipitation,evspsblveg,0.31315914951569335,0.6330913534322359,12053
CLASSIC,2010,HW,lai,evspsblveg,0.3851993942383794,0.7711131144245585,12053
CLASSIC,2010,HW,precipitation,evspsblsoi,0.2047141791200776,0.3251493988890141,12053
CLASSIC,2010,HW,lai,evspsblsoi,0.3823967655992396,0.6514135536537837,12053
CLASSIC,2010,HD,precipitation,evapotrans,0.50012245311349,0.7005429407776143,10994
CLASSIC,2010,HD,lai,evapotrans,0.4591307393577074,0.718224320703855,10994
CLASSIC,2010,HD,precipitation,tran,0.4046756912489118,0.6465652339292507,10994
CLASSIC,2010,HD,lai,tran,0.6204227038886129,0.7909907883639009,10994
CLASSIC,2010,HD,precipitation,evspsblveg,0.44578983380688186,0.6697730993765194,10994
CLASSIC,2010,HD,lai,evspsblveg,0.596680164530144,0.8278236062645741,10994
CLASSIC,2010,HD,precipitation,evspsblsoi,0.41600785919960015,0.7065412539070898,10994
CLASSIC,2010,HD,lai,evspsblsoi,0.3736807884125066,0.648358445629486,10994
CLASSIC,2010,CW,precipitation,evapotrans,0.2542175822292102,0.5147874409240422,21156
CLASSIC,2010,CW,lai,evapotrans,0.2853359602149368,0.5775367143920702,21156
CLASSIC,2010,CW,precipitation,tran,0.23968594434325635,0.35860075893149135,21156
CLASSIC,2010,CW,lai,tran,0.41238753086140634,0.7786988617457283,21156
CLASSIC,2010,CW,precipitation,evspsblveg,0.29419545679220943,0.5217730847023159,21156
CLASSIC,2010,CW,lai,evspsblveg,0.5437464082018646,0.7853221777480887,21156
CLASSIC,2010,CW,precipitation,evspsblsoi,0.10305901832912592,0.20466202815630827,21156
CLASSIC,2010,CW,lai,evspsblsoi,0.1874402449568084,0.4336620285137216,21156
CLASSIC,2010,CD,precipitation,evapotrans,0.25835098880041985,0.4809419366077296,13294
CLASSIC,2010,CD,lai,evapotrans,0.3672696971979013,0.662608492044011,13294
CLASSIC,2010,CD,precipitation,tran,0.27424741400989716,0.47576722947539773,13294
CLASSIC,2010,CD,lai,tran,0.4632951587008216,0.7824203581015123,13294
CLASSIC,2010,CD,precipitation,evspsblveg,0.31369587274942284,0.5161091384999281,13294
CLASSIC,2010,CD,lai,evspsblveg,0.503160674062314,0.8367830588959234,13294
CLASSIC,2010,CD,precipitation,evspsblsoi,0.24622982572543484,0.4729344872287993,13294
CLASSIC,2010,CD,lai,evspsblsoi,0.32991245187747414,0.5322137617908638,13294
CLASSIC,2011,HW,precipitation,evapotrans,0.2790199283636626,0.5161205798216303,12235
CLASSIC,2011,HW,lai,evapotrans,0.38991104887670913,0.6201376368555869,12235
CLASSIC,2011,HW,precipitation,tran,0.18106999099871524,0.4161737995838575,12235
CLASSIC,2011,HW,lai,tran,0.39930413658447983,0.6883050741070165,12235
CLASSIC,2011,HW,precipitation,evspsblveg,0.32494003595171894,0.5494618593929876,12235
CLASSIC,2011,HW,lai,evspsblveg,0.44375516760450917,0.7560434812802659,12235
CLASSIC,2011,HW,precipitation,evspsblsoi,0.2182545119941452,0.44087311126602935,12235
CLASSIC,2011,HW,lai,evspsblsoi,0.4014644845371156,0.6442621483956612,12235
CLASSIC,2011,HD,precipitation,evapotrans,0.4283468891233485,0.7197174544356215,11044
CLASSIC,2011,HD,lai,evapotrans,0.474729540336677,0.7059208661036643,11044
CLASSIC,2011,HD,precipitation,tran,0.41565785605929373,0.6957865943511808,11044
CLASSIC,2011,HD,lai,tran,0.621863009096683,0.8070514322799301,11044
CLASSIC,2011,HD,precipitation,evspsblveg,0.43693227747770447,0.6961804897247243,11044
CLASSIC,2011,HD,lai,evspsblveg,0.6041213932150187,0.8215477866403575,11044
CLASSIC,2011,HD,precipitation,evspsblsoi,0.3668904571770092,0.7118081660885176,11044
CLASSIC,2011,HD,lai,evspsblsoi,0.37101167136460744,0.6553856183152489,11044
CLASSIC,2011,CW,precipitation,evapotrans,0.23817515815916013,0.44650807187548225,21101
CLASSIC,2011,CW,lai,evapotrans,0.2942439780150129,0.5652254790190356,21101
CLASSIC,2011,CW,precipitation,tran,0.2323257897642412,0.35016331553468777,21101
CLASSIC,2011,CW,lai,tran,0.4342907986436707,0.7796401871390202,21101
CLASSIC,2011,CW,precipitation,evspsblveg,0.27770390859544014,0.5360318495271331,21101
CLASSIC,2011,CW,lai,evspsblveg,0.5500195291838329,0.7636901908533075,21101
CLASSIC,2011,CW,precipitation,evspsblsoi,0.11069233489256328,0.2236832341744039,21101
CLASSIC,2011,CW,lai,evspsblsoi,0.19518571366645318,0.48967796723993445,21101
CLASSIC,2011,CD,precipitation,evapotrans,0.28871428896899176,0.4734423676012461,12840
CLASSIC,2011,CD,lai,evapotrans,0.3609034267912773,0.6599688473520249,12840
CLASSIC,2011,CD,precipitation,tran,0.2957958134505332,0.46812045690550363,12840
CLASSIC,2011,CD,lai,tran,0.4613317757009346,0.782165109034268,12840
CLASSIC,2011,CD,precipitation,evspsblveg,0.31790864157930804,0.5176791277258568,12840
CLASSIC,2011,CD,lai,evspsblveg,0.5096573208722742,0.8246105919003115,12840
CLASSIC,2011,CD,precipitation,evspsblsoi,0.2812881382032184,0.46882139148494295,12840
CLASSIC,2011,CD,lai,evspsblsoi,0.3268691588785047,0.5530373831775701,12840
CLASSIC,2012,HW,precipitation,evapotrans,0.2784564237867013,0.46839912241628373,12217
CLASSIC,2012,HW,lai,evapotrans,0.3662573070365491,0.6942907223132372,12217
CLASSIC,2012,HW,precipitation,tran,0.2019125616571798,0.4748862194251337,12217
CLASSIC,2012,HW,lai,tran,0.4154385173866225,0.7484746979303745,12217
CLASSIC,2012,HW,precipitation,evspsblveg,0.3442649529659434,0.5808735968915628,12217
CLASSIC,2012,HW,lai,evspsblveg,0.41756065590441827,0.7692706240814127,12217
CLASSIC,2012,HW,precipitation,evspsblsoi,0.20406501138268346,0.4475528920756099,12217
CLASSIC,2012,HW,lai,evspsblsoi,0.4104455968840093,0.6389720556542513,12217
CLASSIC,2012,HD,precipitation,evapotrans,0.4985144015240804,0.7279291024296966,11185
CLASSIC,2012,HD,lai,evapotrans,0.4653147187822962,0.687541521802267,11185
CLASSIC,2012,HD,precipitation,tran,0.46016526356307075,0.6639210813923706,11185
CLASSIC,2012,HD,lai,tran,0.6254865466364494,0.78972796053696,11185
CLASSIC,2012,HD,precipitation,evspsblveg,0.4936041038675632,0.676932995225876,11185
CLASSIC,2012,HD,lai,evspsblveg,0.587685217699084,0.7974116362116856,11185
CLASSIC,2012,HD,precipitation,evspsblsoi,0.41753842812009645,0.7244466645561465,11185
CLASSIC,2012,HD,lai,evspsblsoi,0.3342702929007356,0.6688421993741618,11185
CLASSIC,2012,CW,precipitation,evapotrans,0.2409379395182758,0.48869685005555136,21231
CLASSIC,2012,CW,lai,evapotrans,0.25540953218674234,0.5517745078550792,21231
CLASSIC,2012,CW,precipitation,tran,0.23597439986860977,0.39993762727642984,21231
CLASSIC,2012,CW,lai,tran,0.38380114444948,0.7863188142698276,21231
CLASSIC,2012,CW,precipitation,evspsblveg,0.2729731324967333,0.5782012114325578,21231
CLASSIC,2012,CW,lai,evspsblveg,0.5087122313102848,0.7619400876077433,21231
CLASSIC,2012,CW,precipitation,evspsblsoi,0.07403271054435957,0.1617554796399272,21231
CLASSIC,2012,CW,lai,evspsblsoi,0.1906805237934833,0.43279316345536123,21231
CLASSIC,2012,CD,precipitation,evapotrans,0.2579092451960808,0.6180703279593186,12522
CLASSIC,2012,CD,lai,evapotrans,0.38130998069595595,0.7196298347244179,12522
CLASSIC,2012,CD,precipitation,tran,0.22639885431034357,0.5822158270904286,12522
CLASSIC,2012,CD,lai,tran,0.4999168237065704,0.7845118688474606,12522
CLASSIC,2012,CD,precipitation,evspsblveg,0.2702591161378516,0.5784520082977314,12522
CLASSIC,2012,CD,lai,evspsblveg,0.5588510547315318,0.8243357293716929,12522
CLASSIC,2012,CD,precipitation,evspsblsoi,0.24141204525598503,0.6197472807140869,12522
CLASSIC,2012,CD,lai,evspsblsoi,0.3591058650513116,0.7175535847327864,12522
CLASSIC,2013,HW,precipitation,evapotrans,0.23931494653616803,0.49515411301757495,12115
CLASSIC,2013,HW,lai,evapotrans,0.3335397912469744,0.6744803989272224,12115
CLASSIC,2013,HW,precipitation,tran,0.17356142244113368,0.42584207450873035,12115
CLASSIC,2013,HW,lai,tran,0.3890401937428576,0.7369581118243892,12115
CLASSIC,2013,HW,precipitation,evspsblveg,0.33542540450563096,0.5566382535901135,12115
CLASSIC,2013,HW,lai,evspsblveg,0.36487260901062746,0.7797975670451898,12115
CLASSIC,2013,HW,precipitation,evspsblsoi,0.1913448454702947,0.4176550630713092,12115
CLASSIC,2013,HW,lai,evspsblsoi,0.40292665055409904,0.6489748273217746,12115
CLASSIC,2013,HD,precipitation,evapotrans,0.4819915346705643,0.7768069269164541,11152
CLASSIC,2013,HD,lai,evapotrans,0.438551752867832,0.680997156271373,11152
CLASSIC,2013,HD,precipitation,tran,0.4297099977901284,0.700976545721931,11152
CLASSIC,2013,HD,lai,tran,0.6177323860748499,0.7969134873986311,11152
CLASSIC,2013,HD,precipitation,evspsblveg,0.4774739792839418,0.7008916036171874,11152
CLASSIC,2013,HD,lai,evspsblveg,0.5779161653724161,0.8246125226906919,11152
CLASSIC,2013,HD,precipitation,evspsblsoi,0.4253926167942622,0.773668476414302,11152
CLASSIC,2013,HD,lai,evspsblsoi,0.36779825131408794,0.6307714370417625,11152
CLASSIC,2013,CW,precipitation,evapotrans,0.27434442606462117,0.48527201711573853,21205
CLASSIC,2013,CW,lai,evapotrans,0.27692131974341855,0.55474711347579,21205
CLASSIC,2013,CW,precipitation,tran,0.21311965116234038,0.4297807232028191,21205
CLASSIC,2013,CW,lai,tran,0.4292656876742573,0.7834058111911504,21205
CLASSIC,2013,CW,precipitation,evspsblveg,0.28731520673901134,0.5219950593435737,21205
CLASSIC,2013,CW,lai,evspsblveg,0.5222249224773438,0.7622908361506815,21205
CLASSIC,2013,CW,precipitation,evspsblsoi,0.11500106991692927,0.23825933569334107,21205
CLASSIC,2013,CW,lai,evspsblsoi,0.19037873385793783,0.41738516964843647,21205
CLASSIC,2013,CD,precipitation,evapotrans,0.30876154265534816,0.46119818101082743,12813
CLASSIC,2013,CD,lai,evapotrans,0.38455043554820545,0.6480853287046491,12813
CLASSIC,2013,CD,precipitation,tran,0.30404067023148906,0.436824047534601,12813
CLASSIC,2013,CD,lai,tran,0.47664431122445716,0.7944629047161418,12813
CLASSIC,2013,CD,precipitation,evspsblveg,0.328853867241496,0.5219945299802158,12813
CLASSIC,2013,CD,lai,evspsblveg,0.508342851440218,0.8181743191057541,12813
CLASSIC,2013,CD,precipitation,evspsblsoi,0.30513586894860917,0.4430644189008019,12813
CLASSIC,2013,CD,lai,evspsblsoi,0.3579311738974121,0.5257725735918084,12813
CLASSIC,2014,HW,precipitation,evapotrans,0.25770764318690914,0.5187677925892267,12307
CLASSIC,2014,HW,lai,evapotrans,0.3475164177171958,0.6139775551245594,12307
CLASSIC,2014,HW,precipitation,tran,0.20052498707747451,0.41665852030740497,12307
CLASSIC,2014,HW,lai,tran,0.3918803232478575,0.7269170517567851,12307
CLASSIC,2014,HW,precipitation,evspsblveg,0.3478669865189972,0.5776829008370145,12307
CLASSIC,2014,HW,lai,evspsblveg,0.4438126296026915,0.7703081805662697,12307
CLASSIC,2014,HW,precipitation,evspsblsoi,0.23641158052908967,0.472639751095666,12307
CLASSIC,2014,HW,lai,evspsblsoi,0.3944812128625411,0.6486760290501923,12307
CLASSIC,2014,HD,precipitation,evapotrans,0.5181588860614129,0.7197402656059205,11130
CLASSIC,2014,HD,lai,evapotrans,0.44752920035938903,0.698292902066487,11130
CLASSIC,2014,HD,precipitation,tran,0.4326344441293491,0.6648697214734951,11130
CLASSIC,2014,HD,lai,tran,0.6179694519317162,0.8076370170709793,11130
CLASSIC,2014,HD,precipitation,evspsblveg,0.4934973064152292,0.6814914645103324,11130
CLASSIC,2014,HD,lai,evspsblveg,0.6037735849056604,0.8084456424079066,11130
CLASSIC,2014,HD,precipitation,evspsblsoi,0.42238011359145466,0.7186653246034703,11130
CLASSIC,2014,HD,lai,evspsblsoi,0.3460916442048517,0.6746630727762803,11130
CLASSIC,2014,CW,precipitation,evapotrans,0.19385361942484458,0.5075030647402711,20723
CLASSIC,2014,CW,lai,evapotrans,0.2745120901607655,0.574375659047479,20723
CLASSIC,2014,CW,precipitation,tran,0.1712106375855592,0.35690185701041455,20723
CLASSIC,2014,CW,lai,tran,0.405675631891672,0.7855183686668562,20723
CLASSIC,2014,CW,precipitation,evspsblveg,0.2674792742260049,0.5674537444371964,20723
CLASSIC,2014,CW,lai,evspsblveg,0.5342074988210925,0.7563830899383803,20723
CLASSIC,2014,CW,precipitation,evspsblsoi,0.11761782035424541,0.23429442868410888,20723
CLASSIC,2014,CW,lai,evspsblsoi,0.1779256009857091,0.4197002433425773,20723
CLASSIC,2014,CD,precipitation,evapotrans,0.27356172105708804,0.4702979772917658,12859
CLASSIC,2014,CD,lai,evapotrans,0.4190954601874597,0.7490504438800691,12859
CLASSIC,2014,CD,precipitation,tran,0.28989103815301337,0.4572347700228797,12859
CLASSIC,2014,CD,lai,tran,0.5449979844798295,0.7563643088084098,12859
CLASSIC,2014,CD,precipitation,evspsblveg,0.3385338443299475,0.5169001134488511,12859
CLASSIC,2014,CD,lai,evspsblveg,0.5403258841530044,0.8134405987564368,12859
CLASSIC,2014,CD,precipitation,evspsblsoi,0.25263574065476446,0.4667460740089976,12859
CLASSIC,2014,CD,lai,evspsblsoi,0.3993429392149836,0.7488948503187521,12859
CLASSIC,2015,HW,precipitation,evapotrans,0.2347715916189151,0.464150800380453,12373
CLASSIC,2015,HW,lai,evapotrans,0.3780916292229129,0.6311770887858771,12373
CLASSIC,2015,HW,precipitation,tran,0.1889428989222239,0.4448434186573683,12373
CLASSIC,2015,HW,lai,tran,0.3865427308961066,0.7069772670624335,12373
CLASSIC,2015,HW,precipitation,evspsblveg,0.29141873393779294,0.5200343731406405,12373
CLASSIC,2015,HW,lai,evspsblveg,0.4580666001498425,0.7589525736572429,12373
CLASSIC,2015,HW,precipitation,evspsblsoi,0.23760310786206942,0.414934049816899,12373
CLASSIC,2015,HW,lai,evspsblsoi,0.4098082435082884,0.6370012379083279,12373
CLASSIC,2015,HD,precipitation,evapotrans,0.4948366303335105,0.7028486637034304,11327
CLASSIC,2015,HD,lai,evapotrans,0.4657433019886503,0.7134409491540533,11327
CLASSIC,2015,HD,precipitation,tran,0.44028563725390346,0.6511946749329547,11327
CLASSIC,2015,HD,lai,tran,0.615591252771373,0.7985424231021785,11327
CLASSIC,2015,HD,precipitation,evspsblveg,0.48842936261248804,0.676537038908587,11327
CLASSIC,2015,HD,lai,evspsblveg,0.580356404737921,0.8235222980247542,11327
CLASSIC,2015,HD,precipitation,evspsblsoi,0.4591979269865686,0.6945536487304975,11327
CLASSIC,2015,HD,lai,evspsblsoi,0.39500647173867187,0.6308158863398898,11327
CLASSIC,2015,CW,precipitation,evapotrans,0.20497337793267795,0.47274459579871,21087
CLASSIC,2015,CW,lai,evapotrans,0.2933159512020725,0.5915108450319717,21087
CLASSIC,2015,CW,precipitation,tran,0.2380679160820962,0.40117724031734414,21087
CLASSIC,2015,CW,lai,tran,0.38174959369149875,0.7875537104595667,21087
CLASSIC,2015,CW,precipitation,evspsblveg,0.2856779929025235,0.5114807509173707,21087
CLASSIC,2015,CW,lai,evspsblveg,0.5453077994828297,0.7290828128485652,21087
CLASSIC,2015,CW,precipitation,evspsblsoi,0.10298429491313249,0.18920450202881633,21087
CLASSIC,2015,CW,lai,evspsblsoi,0.1798057576411913,0.40376261428893,21087
CLASSIC,2015,CD,precipitation,evapotrans,0.3060055541862203,0.5021159678702463,13022
CLASSIC,2015,CD,lai,evapotrans,0.3736989110476162,0.6717090022870559,13022
CLASSIC,2015,CD,precipitation,tran,0.30616112046302973,0.4882741604381426,13022
CLASSIC,2015,CD,lai,tran,0.5042207904807674,0.8019859066061297,13022
CLASSIC,2015,CD,precipitation,evspsblveg,0.3442111199739729,0.5252284167798253,13022
CLASSIC,2015,CD,lai,evspsblveg,0.5271025448838678,0.8340698714837975,13022
CLASSIC,2015,CD,precipitation,evspsblsoi,0.27170751992953895,0.4994284445566454,13022
CLASSIC,2015,CD,lai,evspsblsoi,0.3436716807501237,0.5664376841428046,13022
CLASSIC,2016,HW,precipitation,evapotrans,0.21795340652483844,0.4403504832791726,12193
CLASSIC,2016,HW,lai,evapotrans,0.33334865073741865,0.6536084262268191,12193
CLASSIC,2016,HW,precipitation,tran,0.16651763935902753,0.43049807783671473,12193
CLASSIC,2016,HW,lai,tran,0.39820162014178984,0.7132974039122151,12193
CLASSIC,2016,HW,precipitation,evspsblveg,0.3112509183720636,0.5562545292716998,12193
CLASSIC,2016,HW,lai,evspsblveg,0.42358352305721214,0.7603811243484235,12193
CLASSIC,2016,HW,precipitation,evspsblsoi,0.23682457782702238,0.42753682911318375,12193
CLASSIC,2016,HW,lai,evspsblsoi,0.37619010679146114,0.6384673146242201,12193
CLASSIC,2016,HD,precipitation,evapotrans,0.5299450633470013,0.7423399413019847,11095
CLASSIC,2016,HD,lai,evapotrans,0.4315956785988332,0.6792248760703019,11095
CLASSIC,2016,HD,precipitation,tran,0.40957342446892364,0.6753203435303772,11095
CLASSIC,2016,HD,lai,tran,0.624886220154359,0.7796410200195689,11095
CLASSIC,2016,HD,precipitation,evspsblveg,0.4610049978495444,0.6840778806689054,11095
CLASSIC,2016,HD,lai,evspsblveg,0.5785602637337653,0.7843395897023657,11095
CLASSIC,2016,HD,precipitation,evspsblsoi,0.4432565003726404,0.7401715552066626,11095
CLASSIC,2016,HD,lai,evspsblsoi,0.33977158772111454,0.6678684091933302,11095
CLASSIC,2016,CW,precipitation,evapotrans,0.3267487270532675,0.48627730294396965,21060
CLASSIC,2016,CW,lai,evapotrans,0.25567426400759735,0.5646723646723647,21060
CLASSIC,2016,CW,precipitation,tran,0.308297602483649,0.38000949667616335,21060
CLASSIC,2016,CW,lai,tran,0.3898622981956315,0.778062678062678,21060
CLASSIC,2016,CW,precipitation,evspsblveg,0.3105800724848344,0.5419278252611586,21060
CLASSIC,2016,CW,lai,evspsblveg,0.5135802469135803,0.7860873694207028,21060
CLASSIC,2016,CW,precipitation,evspsblsoi,0.09019565321499987,0.1995251661918328,21060
CLASSIC,2016,CW,lai,evspsblsoi,0.1999762583095916,0.42222222222222217,21060
CLASSIC,2016,CD,precipitation,evapotrans,0.269922777566744,0.47075597481598885,12943
CLASSIC,2016,CD,lai,evapotrans,0.3655770557889001,0.6967138659945582,12943
CLASSIC,2016,CD,precipitation,tran,0.2716577656329542,0.45492967617720853,12943
CLASSIC,2016,CD,lai,tran,0.4687051034968327,0.79553134220522,12943
CLASSIC,2016,CD,precipitation,evspsblveg,0.3060620517313746,0.49411951437699986,12943
CLASSIC,2016,CD,lai,evspsblveg,0.516757042321218,0.8416215798584646,12943
CLASSIC,2016,CD,precipitation,evspsblsoi,0.27382261971137034,0.450957604102172,12943
CLASSIC,2016,CD,lai,evspsblsoi,0.33320362817781113,0.5309215594539411,12943
CLASSIC,2017,HW,precipitation,evapotrans,0.2238084026764555,0.5325645712665941,12122
CLASSIC,2017,HW,lai,evapotrans,0.3291595947253527,0.5744640262851175,12122
CLASSIC,2017,HW,precipitation,tran,0.16024176634443843,0.40390102384482685,12122
CLASSIC,2017,HW,lai,tran,0.38816122991609503,0.6662952481048336,12122
CLASSIC,2017,HW,precipitation,evspsblveg,0.32065922515335243,0.5913674700179938,12122
CLASSIC,2017,HW,lai,evspsblveg,0.42301718828870183,0.769296774357647,12122
CLASSIC,2017,HW,precipitation,evspsblsoi,0.22376508288566138,0.4404147963688214,12122
CLASSIC,2017,HW,lai,evspsblsoi,0.38353547242201536,0.6429383841905181,12122
CLASSIC,2017,HD,precipitation,evapotrans,0.453215455027728,0.7283534453640143,11027
CLASSIC,2017,HD,lai,evapotrans,0.47108236391223857,0.708366038984012,11027
CLASSIC,2017,HD,precipitation,tran,0.4313119138399313,0.6708656814695944,11027
CLASSIC,2017,HD,lai,tran,0.6062207974256226,0.7858941141832612,11027
CLASSIC,2017,HD,precipitation,evspsblveg,0.4933438827020363,0.684917817005164,11027
CLASSIC,2017,HD,lai,evspsblveg,0.598696122386941,0.8291525597640869,11027
CLASSIC,2017,HD,precipitation,evspsblsoi,0.386759574146735,0.7255346888993156,11027
CLASSIC,2017,HD,lai,evspsblsoi,0.35709020823444904,0.6627522110280535,11027
CLASSIC,2017,CW,precipitation,evapotrans,0.21851547220648834,0.5042963035687311,20869
CLASSIC,2017,CW,lai,evapotrans,0.2535886181448639,0.5499128510676832,20869
CLASSIC,2017,CW,precipitation,tran,0.2683488442901487,0.39073148552141596,20869
CLASSIC,2017,CW,lai,tran,0.39580472825635116,0.766832149340205,20869
CLASSIC,2017,CW,precipitation,evspsblveg,0.3452241917082882,0.5990291779075085,20869
CLASSIC,2017,CW,lai,evspsblveg,0.5329218687142829,0.7483394657383454,20869
CLASSIC,2017,CW,precipitation,evspsblsoi,0.09711037431900629,0.17114747085332987,20869
CLASSIC,2017,CW,lai,evspsblsoi,0.17900998913913047,0.4279710682030141,20869
CLASSIC,2017,CD,precipitation,evapotrans,0.23204014216101607,0.45470827959225296,12898
CLASSIC,2017,CD,lai,evapotrans,0.38712978756396343,0.7384313448186346,12898
CLASSIC,2017,CD,precipitation,tran,0.2726119766853462,0.4549683603771672,12898
CLASSIC,2017,CD,lai,tran,0.49444562644770357,0.7885067211910747,12898
CLASSIC,2017,CD,precipitation,evspsblveg,0.296915626492978,0.5112663341831736,12898
CLASSIC,2017,CD,lai,evspsblveg,0.5476094484933065,0.8323069137574362,12898
CLASSIC,2017,CD,precipitation,evspsblsoi,0.22439182755798676,0.4502639072700413,12898
CLASSIC,2017,CD,lai,evspsblsoi,0.3655904827501649,0.7381214294927765,12898
CLASSIC,2018,HW,precipitation,evapotrans,0.2392524745664827,0.5333032993765741,12115
CLASSIC,2018,HW,lai,evapotrans,0.3742109105669131,0.6359402944008804,12115
CLASSIC,2018,HW,precipitation,tran,0.18577374555449772,0.43860957082088725,12115
CLASSIC,2018,HW,lai,tran,0.4054074743008762,0.7205373013570444,12115
CLASSIC,2018,HW,precipitation,evspsblveg,0.3454614332667274,0.5653263077029949,12115
CLASSIC,2018,HW,lai,evspsblveg,0.44468722460359944,0.7553684505883523,12115
CLASSIC,2018,HW,precipitation,evspsblsoi,0.25612634829310416,0.4101505239256901,12115
CLASSIC,2018,HW,lai,evspsblsoi,0.38424598506193586,0.6389118173063695,12115
CLASSIC,2018,HD,precipitation,evapotrans,0.4898923553587359,0.6816573462125064,11200
CLASSIC,2018,HD,lai,evapotrans,0.4945535714285715,0.6970535714285714,11200
CLASSIC,2018,HD,precipitation,tran,0.4195686647763477,0.6224640950686324,11200
CLASSIC,2018,HD,lai,tran,0.6103571428571428,0.8041071428571428,11200
CLASSIC,2018,HD,precipitation,evspsblveg,0.47163382502867335,0.6473588503766118,11200
CLASSIC,2018,HD,lai,evspsblveg,0.5897321428571428,0.8042857142857144,11200
CLASSIC,2018,HD,precipitation,evspsblsoi,0.44512313623040656,0.683321682765633,11200
CLASSIC,2018,HD,lai,evspsblsoi,0.33821428571428575,0.6532142857142857,11200
CLASSIC,2018,CW,precipitation,evapotrans,0.2291248206599713,0.4746054519368723,20910
CLASSIC,2018,CW,lai,evapotrans,0.2615016738402678,0.5483022477283597,20910
CLASSIC,2018,CW,precipitation,tran,0.1764466762314682,0.3900047824007652,20910
CLASSIC,2018,CW,lai,tran,0.3811573409851745,0.7601626016260163,20910
CLASSIC,2018,CW,precipitation,evspsblveg,0.25961262553802006,0.5657580105212817,20910
CLASSIC,2018,CW,lai,evspsblveg,0.5364897178383548,0.7682448589191774,20910
CLASSIC,2018,CW,precipitation,evspsblsoi,0.09127211860353898,0.2387374461979913,20910
CLASSIC,2018,CW,lai,evspsblsoi,0.17118603538976568,0.448780487804878,20910
CLASSIC,2018,CD,precipitation,evapotrans,0.2344480866951597,0.4408970451849115,12582
CLASSIC,2018,CD,lai,evapotrans,0.37042217678420664,0.7244362334416123,12582
CLASSIC,2018,CD,precipitation,tran,0.2297843839604828,0.42660843147100713,12582
CLASSIC,2018,CD,lai,tran,0.4905404015477229,0.7834692424052465,12582
CLASSIC,2018,CD,precipitation,evspsblveg,0.2671126574350068,0.4861369916657982,12582
CLASSIC,2018,CD,lai,evspsblveg,0.5143810814096096,0.8302579084383569,12582
CLASSIC,2018,CD,precipitation,evspsblsoi,0.23526642653446717,0.4387774188081154,12582
CLASSIC,2018,CD,lai,evspsblsoi,0.3449000629005678,0.7237991739650379,12582
CLASSIC,2019,HW,precipitation,evapotrans,0.22801717843543007,0.5235333793965716,12276
CLASSIC,2019,HW,lai,evapotrans,0.38632673446940957,0.6428382278177381,12276
CLASSIC,2019,HW,precipitation,tran,0.17463832309509317,0.3843785767064593,12276
CLASSIC,2019,HW,lai,tran,0.40505398938962556,0.7206906726188012,12276
CLASSIC,2019,HW,precipitation,evspsblveg,0.32704646236855234,0.6107619220469909,12276
CLASSIC,2019,HW,lai,evspsblveg,0.4440107815007268,0.7728246529601999,12276
CLASSIC,2019,HW,precipitation,evspsblsoi,0.20662978876343946,0.4897323556039538,12276
CLASSIC,2019,HW,lai,evspsblsoi,0.42073890010730863,0.637135779354966,12276
CLASSIC,2019,HD,precipitation,evapotrans,0.39545568486613514,0.7327844226974346,11125
CLASSIC,2019,HD,lai,evapotrans,0.45331992691076856,0.70473767628739,11125
CLASSIC,2019,HD,precipitation,tran,0.403928507711124,0.6722731263340179,11125
CLASSIC,2019,HD,lai,tran,0.6284996315252834,0.7797752808988764,11125
CLASSIC,2019,HD,precipitation,evspsblveg,0.4105707260724234,0.6731720027385123,11125
CLASSIC,2019,HD,lai,evspsblveg,0.5790860615605156,0.8243696457595122,11125
CLASSIC,2019,HD,precipitation,evspsblsoi,0.34174456895339195,0.7311579879988723,11125
CLASSIC,2019,HD,lai,evspsblsoi,0.36319250532521685,0.6638202247191012,11125
CLASSIC,2019,CW,precipitation,evapotrans,0.15295751775848815,0.46739420510865415,20984
CLASSIC,2019,CW,lai,evapotrans,0.2534649396498744,0.5909512127209787,20984
CLASSIC,2019,CW,precipitation,tran,0.18229464559944214,0.40075141150627236,20984
CLASSIC,2019,CW,lai,tran,0.43542067731844897,0.76826902940365,20984
CLASSIC,2019,CW,precipitation,evspsblveg,0.2680417980386426,0.5438814790624296,20984
CLASSIC,2019,CW,lai,evspsblveg,0.5246537422674755,0.7549305698463604,20984
CLASSIC,2019,CW,precipitation,evspsblsoi,0.1128598727459987,0.2723546284697638,20984
CLASSIC,2019,CW,lai,evspsblsoi,0.1727626577883578,0.4554477360368216,20984
CLASSIC,2019,CD,precipitation,evapotrans,0.20932419699232577,0.46787823374684007,12743
CLASSIC,2019,CD,lai,evapotrans,0.37975588161124196,0.6580906087617501,12743
CLASSIC,2019,CD,precipitation,tran,0.22229485217476497,0.452503560901596,12743
CLASSIC,2019,CD,lai,tran,0.4679604316267582,0.7854883188463332,12743
CLASSIC,2019,CD,precipitation,evspsblveg,0.23706745579699645,0.5021260749605083,12743
CLASSIC,2019,CD,lai,evspsblveg,0.49760024619050863,0.8261165453390019,12743
CLASSIC,2019,CD,precipitation,evspsblsoi,0.20651108685424485,0.46672810275359977,12743
CLASSIC,2019,CD,lai,evspsblsoi,0.3479315328229578,0.5349912429034038,12743
CLASSIC,2020,HW,precipitation,evapotrans,0.2073139419908392,0.4830359762017053,12168
CLASSIC,2020,HW,lai,evapotrans,0.36516352548841013,0.6350416950963693,12168
CLASSIC,2020,HW,precipitation,tran,0.15044933928646115,0.32892990329309146,12168
CLASSIC,2020,HW,lai,tran,0.40180792649821157,0.717055647124859,12168
CLASSIC,2020,HW,precipitation,evspsblveg,0.2681383926059401,0.5706244459246799,12168
CLASSIC,2020,HW,lai,evspsblveg,0.42838871925607913,0.7709641707413656,12168
CLASSIC,2020,HW,precipitation,evspsblsoi,0.1676487069279876,0.39911534328764586,12168
CLASSIC,2020,HW,lai,evspsblsoi,0.37930119115726846,0.6337289316320351,12168
CLASSIC,2020,HD,precipitation,evapotrans,0.5176469394135009,0.7879675123889135,11095
CLASSIC,2020,HD,lai,evapotrans,0.45754194934005654,0.6657052726453357,11095
CLASSIC,2020,HD,precipitation,tran,0.4539793511402344,0.7269660720015219,11095
CLASSIC,2020,HD,lai,tran,0.6075835637349832,0.7942389437657575,11095
CLASSIC,2020,HD,precipitation,evspsblveg,0.4972388341473515,0.7366941020375134,11095
CLASSIC,2020,HD,lai,evspsblveg,0.5896601423415304,0.7814533776678887,11095
CLASSIC,2020,HD,precipitation,evspsblsoi,0.4073064432936202,0.7854438530829198,11095
CLASSIC,2020,HD,lai,evspsblsoi,0.3302973094771202,0.6477692654348806,11095
CLASSIC,2020,CW,precipitation,evapotrans,0.21907143987147795,0.44712489453773513,20996
CLASSIC,2020,CW,lai,evapotrans,0.2594215562870542,0.5487436155639622,20996
CLASSIC,2020,CW,precipitation,tran,0.27054409456676554,0.41190857215433324,20996
CLASSIC,2020,CW,lai,tran,0.4236972317679798,0.7924952598680928,20996
CLASSIC,2020,CW,precipitation,evspsblveg,0.3541907469551316,0.5573295593718531,20996
CLASSIC,2020,CW,lai,evspsblveg,0.522333570532801,0.7914929827903728,20996
CLASSIC,2020,CW,precipitation,evspsblsoi,0.15024131580618533,0.21629081276252168,20996
CLASSIC,2020,CW,lai,evspsblsoi,0.21497228544580743,0.4485739687378094,20996
CLASSIC,2020,CD,precipitation,evapotrans,0.27462861610633305,0.4525410476935105,12790
CLASSIC,2020,CD,lai,evapotrans,0.3508209538702111,0.6869429241594996,12790
CLASSIC,2020,CD,precipitation,tran,0.26462079749804535,0.4466510294500913,12790
CLASSIC,2020,CD,lai,tran,0.4700156372165754,0.7883502736512901,12790
CLASSIC,2020,CD,precipitation,evspsblveg,0.30086004691164975,0.49324993484493096,12790
CLASSIC,2020,CD,lai,evspsblveg,0.5135261923377639,0.834714620797498,12790
CLASSIC,2020,CD,precipitation,evspsblsoi,0.2625488663017983,0.4488141777430284,12790
CLASSIC,2020,CD,lai,evspsblsoi,0.32654417513682565,0.5258535314047433,12790
LPJ-GUESS,1991,HW,precipitation,evapotrans,0.2971608471098509,0.5002352110603441,12463
LPJ-GUESS,1991,HW,lai,evapotrans,0.4612274161373202,0.731549186715372,12463
LPJ-GUESS,1991,HW,precipitation,tran,0.2420092744773125,0.44351540383110594,12463
LPJ-GUESS,1991,HW,lai,tran,0.43944476935839233,0.724173191781595,12463
LPJ-GUESS,1991,HW,precipitation,evspsblveg,0.32207166412259525,0.59100066212039,12463
LPJ-GUESS,1991,HW,lai,evspsblveg,0.5072107499192795,0.7542568504778957,12463
LPJ-GUESS,1991,HW,precipitation,evspsblsoi,0.1403915654491264,0.3021286507258918,12463
LPJ-GUESS,1991,HW,lai,evspsblsoi,0.11426664497242427,0.2364561893903629,12463
LPJ-GUESS,1991,HD,precipitation,evapotrans,0.4917758674418288,0.6568787892305005,11367
LPJ-GUESS,1991,HD,lai,evapotrans,0.5161840334697549,0.7791017974774453,11367
LPJ-GUESS,1991,HD,precipitation,tran,0.47569378618858393,0.6279656033382918,11367
LPJ-GUESS,1991,HD,lai,tran,0.564685332014963,0.8465757354820335,11367
LPJ-GUESS,1991,HD,precipitation,evspsblveg,0.47276780016777004,0.6433797426947538,11367
LPJ-GUESS,1991,HD,lai,evspsblveg,0.5686390103177347,0.8174575154250384,11367
LPJ-GUESS,1991,HD,precipitation,evspsblsoi,0.28452096040781366,0.40492817631677785,11367
LPJ-GUESS,1991,HD,lai,evspsblsoi,0.22616247529302064,0.5052822675833599,11367
LPJ-GUESS,1991,CW,precipitation,evapotrans,0.24939016372177591,0.5214883360139928,21186
LPJ-GUESS,1991,CW,lai,evapotrans,0.3618887653442518,0.7941157327087033,21186
LPJ-GUESS,1991,CW,precipitation,tran,0.2221200493964859,0.5353714806324575,21186
LPJ-GUESS,1991,CW,lai,tran,0.3835086646235216,0.8429646502291419,21186
LPJ-GUESS,1991,CW,precipitation,evspsblveg,0.23613796466890177,0.5417306996966669,21186
LPJ-GUESS,1991,CW,lai,evspsblveg,0.5292392442189906,0.8527349861562349,21186
LPJ-GUESS,1991,CW,precipitation,evspsblsoi,0.11285937965591519,0.3742845843642816,21186
LPJ-GUESS,1991,CW,lai,evspsblsoi,0.1583131695749744,0.33004120407365634,21186
LPJ-GUESS,1991,CD,precipitation,evapotrans,0.24450961934282497,0.47305716739612585,10378
LPJ-GUESS,1991,CD,lai,evapotrans,0.5041728765774606,0.7135429140716003,10378
LPJ-GUESS,1991,CD,precipitation,tran,0.21776244731437852,0.46495031174215795,10378
LPJ-GUESS,1991,CD,lai,tran,0.5733889051651058,0.8712687391551195,10378
LPJ-GUESS,1991,CD,precipitation,evspsblveg,0.2265382787366435,0.44722421188144035,10378
LPJ-GUESS,1991,CD,lai,evspsblveg,0.603829948560966,0.7805976478329176,10378
LPJ-GUESS,1991,CD,precipitation,evspsblsoi,0.18803864132197592,0.4291306903480053,10378
LPJ-GUESS,1991,CD,lai,evspsblsoi,0.19117679276340827,0.46833359882751824,10378
LPJ-GUESS,1992,HW,precipitation,evapotrans,0.3181990505436201,0.5635651296737872,12456
LPJ-GUESS,1992,HW,lai,evapotrans,0.46313989601633254,0.7508203515217868,12456
LPJ-GUESS,1992,HW,precipitation,tran,0.2541133754438979,0.536994168107372,12456
LPJ-GUESS,1992,HW,lai,tran,0.43786506339829984,0.7523464940088309,12456
LPJ-GUESS,1992,HW,precipitation,evspsblveg,0.34659023041385706,0.5818522934276003,12456
LPJ-GUESS,1992,HW,lai,evspsblveg,0.5097509745355888,0.7408619592973689,12456
LPJ-GUESS,1992,HW,precipitation,evspsblsoi,0.11090647487751133,0.2643810224832501,12456
LPJ-GUESS,1992,HW,lai,evspsblsoi,0.102022065940303,0.21178690127983463,12456
LPJ-GUESS,1992,HD,precipitation,evapotrans,0.41927925764222534,0.689465977431642,11348
LPJ-GUESS,1992,HD,lai,evapotrans,0.5171924180006491,0.8027036532665424,11348
LPJ-GUESS,1992,HD,precipitation,tran,0.4206799323686169,0.6799802161577146,11348
LPJ-GUESS,1992,HD,lai,tran,0.57838929097716,0.8555706608240075,11348
LPJ-GUESS,1992,HD,precipitation,evspsblveg,0.3999560366108631,0.6709654828656566,11348
LPJ-GUESS,1992,HD,lai,evspsblveg,0.5627035523347086,0.8168008801255903,11348
LPJ-GUESS,1992,HD,precipitation,evspsblsoi,0.23405212963663363,0.4884738019232775,11348
LPJ-GUESS,1992,HD,lai,evspsblsoi,0.23240764416109147,0.5657609716785275,11348
LPJ-GUESS,1992,CW,precipitation,evapotrans,0.21597765912477396,0.529090051862329,21210
LPJ-GUESS,1992,CW,lai,evapotrans,0.35322960867515324,0.7756718528995756,21210
LPJ-GUESS,1992,CW,precipitation,tran,0.19513957460436068,0.5221122112211222,21210
LPJ-GUESS,1992,CW,lai,tran,0.373998114097124,0.848090523338048,21210
LPJ-GUESS,1992,CW,precipitation,evspsblveg,0.18573730351471804,0.5227251296558227,21210
LPJ-GUESS,1992,CW,lai,evspsblveg,0.5276284771334276,0.8377180575200377,21210
LPJ-GUESS,1992,CW,precipitation,evspsblsoi,0.13551647476582854,0.3702027345591702,21210
LPJ-GUESS,1992,CW,lai,evspsblsoi,0.20627062706270624,0.36487505893446487,21210
LPJ-GUESS,1992,CD,precipitation,evapotrans,0.3112821677021178,0.4365547072287091,10387
LPJ-GUESS,1992,CD,lai,evapotrans,0.5060028906212692,0.7466168981308816,10387
LPJ-GUESS,1992,CD,precipitation,tran,0.29041821738251505,0.41920867435074916,10387
LPJ-GUESS,1992,CD,lai,tran,0.6126269736634755,0.8728596086458811,10387
LPJ-GUESS,1992,CD,precipitation,evspsblveg,0.2831928010406396,0.4374133914524272,10387
LPJ-GUESS,1992,CD,lai,evspsblveg,0.6037657213060716,0.7598156353915779,10387
LPJ-GUESS,1992,CD,precipitation,evspsblsoi,0.13678065988862964,0.28300895850323005,10387
LPJ-GUESS,1992,CD,lai,evspsblsoi,0.22776622451908418,0.486641538917867,10387
LPJ-GUESS,1993,HW,precipitation,evapotrans,0.3031920106114535,0.5224794873184706,12423
LPJ-GUESS,1993,HW,lai,evapotrans,0.4274882065795834,0.6967274322942762,12423
LPJ-GUESS,1993,HW,precipitation,tran,0.22402414331217493,0.394445034833723,12423
LPJ-GUESS,1993,HW,lai,tran,0.4038264112731528,0.7168450494952366,12423
LPJ-GUESS,1993,HW,precipitation,evspsblveg,0.35829724615408465,0.579835406376813,12423
LPJ-GUESS,1993,HW,lai,evspsblveg,0.48686459314012,0.7242642675664069,12423
LPJ-GUESS,1993,HW,precipitation,evspsblsoi,0.14520073556528784,0.2776616750818186,12423
LPJ-GUESS,1993,HW,lai,evspsblsoi,0.09690653019730976,0.2111482092005595,12423
LPJ-GUESS,1993,HD,precipitation,evapotrans,0.4610381669826943,0.6472977415547772,11265
LPJ-GUESS,1993,HD,lai,evapotrans,0.47829375483186964,0.810225545668971,11265
LPJ-GUESS,1993,HD,precipitation,tran,0.45235912874348333,0.6568594872520023,11265
LPJ-GUESS,1993,HD,lai,tran,0.5583583380944586,0.8637388145786886,11265
LPJ-GUESS,1993,HD,precipitation,evspsblveg,0.43181778208608323,0.6376994873226068,11265
LPJ-GUESS,1993,HD,lai,evspsblveg,0.5636652067183615,0.8100401279020263,11265
LPJ-GUESS,1993,HD,precipitation,evspsblsoi,0.24583859969079436,0.3858800462615861,11265
LPJ-GUESS,1993,HD,lai,evspsblsoi,0.18616362039886805,0.5538932808114272,11265
LPJ-GUESS,1993,CW,precipitation,evapotrans,0.31111586972382993,0.5086908056870698,21282
LPJ-GUESS,1993,CW,lai,evapotrans,0.38426214694475125,0.8000295656232579,21282
LPJ-GUESS,1993,CW,precipitation,tran,0.29477802920821616,0.5030446677065397,21282
LPJ-GUESS,1993,CW,lai,tran,0.41154006562784184,0.8533555459534227,21282
LPJ-GUESS,1993,CW,precipitation,evspsblveg,0.23132419922462405,0.4759247633017606,21282
LPJ-GUESS,1993,CW,lai,evspsblveg,0.5178211510592099,0.8461207964496886,21282
LPJ-GUESS,1993,CW,precipitation,evspsblsoi,0.1469355120927316,0.4233837860232819,21282
LPJ-GUESS,1993,CW,lai,evspsblsoi,0.14388101014447593,0.3658405771979478,21282
LPJ-GUESS,1993,CD,precipitation,evapotrans,0.3304236710567602,0.4564765319197014,10453
LPJ-GUESS,1993,CD,lai,evapotrans,0.5127083774855505,0.7391582900716107,10453
LPJ-GUESS,1993,CD,precipitation,tran,0.2930671239920717,0.44685864072875986,10453
LPJ-GUESS,1993,CD,lai,tran,0.5988064139458602,0.8764960666144862,10453
LPJ-GUESS,1993,CD,precipitation,evspsblveg,0.32047972355469445,0.4413457207963494,10453
LPJ-GUESS,1993,CD,lai,evspsblveg,0.6125457905218941,0.7512829438299707,10453
LPJ-GUESS,1993,CD,precipitation,evspsblsoi,0.11567298049093758,0.3111965807431937,10453
LPJ-GUESS,1993,CD,lai,evspsblsoi,0.18054218411699852,0.48651603875538585,10453
LPJ-GUESS,1994,HW,precipitation,evapotrans,0.34418358330584464,0.5235186467567774,12469
LPJ-GUESS,1994,HW,lai,evapotrans,0.43889461743230673,0.7090438819145578,12469
LPJ-GUESS,1994,HW,precipitation,tran,0.24726936274293848,0.48133968395466914,12469
LPJ-GUESS,1994,HW,lai,tran,0.42056994208507986,0.7138571660926797,12469
LPJ-GUESS,1994,HW,precipitation,evspsblveg,0.37201507533390105,0.5986952855591892,12469
LPJ-GUESS,1994,HW,lai,evspsblveg,0.4967551604965077,0.7509065465514059,12469
LPJ-GUESS,1994,HW,precipitation,evspsblsoi,0.16523788940437564,0.3156813661312292,12469
LPJ-GUESS,1994,HW,lai,evspsblsoi,0.11320006253841527,0.23396518956426532,12469
LPJ-GUESS,1994,HD,precipitation,evapotrans,0.4734996783635176,0.6330736862656405,11329
LPJ-GUESS,1994,HD,lai,evapotrans,0.4767481185566227,0.7624715862103031,11329
LPJ-GUESS,1994,HD,precipitation,tran,0.45116509738768995,0.6056087783758729,11329
LPJ-GUESS,1994,HD,lai,tran,0.5631605911517334,0.848884253573825,11329
LPJ-GUESS,1994,HD,precipitation,evspsblveg,0.46734983593407764,0.6582295068378125,11329
LPJ-GUESS,1994,HD,lai,evspsblveg,0.5528755335583246,0.8065160473199984,11329
LPJ-GUESS,1994,HD,precipitation,evspsblsoi,0.2834068052612493,0.43782550182118096,11329
LPJ-GUESS,1994,HD,lai,evspsblsoi,0.18026665665297342,0.46254435947953826,11329
LPJ-GUESS,1994,CW,precipitation,evapotrans,0.27943845888815694,0.518973529015093,21048
LPJ-GUESS,1994,CW,lai,evapotrans,0.360490860839741,0.7710518249881957,21048
LPJ-GUESS,1994,CW,precipitation,tran,0.256311653421201,0.5349319022860551,21048
LPJ-GUESS,1994,CW,lai,tran,0.38315226321287116,0.842694833480943,21048
LPJ-GUESS,1994,CW,precipitation,evspsblveg,0.263083859446703,0.5190752212165993,21048
LPJ-GUESS,1994,CW,lai,evspsblveg,0.5562324572451071,0.830959210076098,21048
LPJ-GUESS,1994,CW,precipitation,evspsblsoi,0.11417275403631344,0.3384989947194559,21048
LPJ-GUESS,1994,CW,lai,evspsblsoi,0.2120110147510362,0.3409769412928802,21048
LPJ-GUESS,1994,CD,precipitation,evapotrans,0.2569148348092356,0.4552055395530392,10427
LPJ-GUESS,1994,CD,lai,evapotrans,0.4933688394017369,0.7252471894955947,10427
LPJ-GUESS,1994,CD,precipitation,tran,0.22301876570830226,0.4471785597882303,10427
LPJ-GUESS,1994,CD,lai,tran,0.5930488343428311,0.8764767440823343,10427
LPJ-GUESS,1994,CD,precipitation,evspsblveg,0.26404283080551805,0.46357829125461564,10427
LPJ-GUESS,1994,CD,lai,evspsblveg,0.6069162040008711,0.752285740215888,10427
LPJ-GUESS,1994,CD,precipitation,evspsblsoi,0.12261190264218758,0.3294567417118383,10427
LPJ-GUESS,1994,CD,lai,evspsblsoi,0.2059861408733229,0.43967860274162734,10427
LPJ-GUESS,1995,HW,precipitation,evapotrans,0.3435192866581853,0.5488109003491438,12421
LPJ-GUESS,1995,HW,lai,evapotrans,0.44891025289491426,0.7332684595629888,12421
LPJ-GUESS,1995,HW,precipitation,tran,0.2729487397388532,0.468375677321703,12421
LPJ-GUESS,1995,HW,lai,tran,0.43723747935584134,0.7386345096018907,12421
LPJ-GUESS,1995,HW,precipitation,evspsblveg,0.3647730306098148,0.607429809860476,12421
LPJ-GUESS,1995,HW,lai,evspsblveg,0.487071885297366,0.7325975142789801,12421
LPJ-GUESS,1995,HW,precipitation,evspsblsoi,0.13514782183463903,0.36001228245604006,12421
LPJ-GUESS,1995,HW,lai,evspsblsoi,0.1236086462578763,0.24070534797634413,12421
LPJ-GUESS,1995,HD,precipitation,evapotrans,0.42893557944108357,0.6229339804478019,11374
LPJ-GUESS,1995,HD,lai,evapotrans,0.4974339321623991,0.7756555125416307,11374
LPJ-GUESS,1995,HD,precipitation,tran,0.4306902641290703,0.6511544725803243,11374
LPJ-GUESS,1995,HD,lai,tran,0.5695356055154568,0.8459654074921281,11374
LPJ-GUESS,1995,HD,precipitation,evspsblveg,0.406933509884368,0.6600465156093986,11374
LPJ-GUESS,1995,HD,lai,evspsblveg,0.5717303532458959,0.8088859585716878,11374
LPJ-GUESS,1995,HD,precipitation,evspsblsoi,0.24154959637060044,0.4345732098686422,11374
LPJ-GUESS,1995,HD,lai,evspsblsoi,0.21147056942065318,0.5200356747405592,11374
LPJ-GUESS,1995,CW,precipitation,evapotrans,0.22017945930484437,0.4922206613166078,21122
LPJ-GUESS,1995,CW,lai,evapotrans,0.3534421599768158,0.7943980865584577,21122
LPJ-GUESS,1995,CW,precipitation,tran,0.19266276419133138,0.45698579003291584,21122
LPJ-GUESS,1995,CW,lai,tran,0.3795540132290618,0.8575019046269989,21122
LPJ-GUESS,1995,CW,precipitation,evspsblveg,0.20017013236230002,0.45296405938268713,21122
LPJ-GUESS,1995,CW,lai,evspsblveg,0.5104339947505544,0.8290476219710763,21122
LPJ-GUESS,1995,CW,precipitation,evspsblsoi,0.10804328590957152,0.36406383253030766,21122
LPJ-GUESS,1995,CW,lai,evspsblsoi,0.17248359010280828,0.37661469820406035,21122
LPJ-GUESS,1995,CD,precipitation,evapotrans,0.2097390806410096,0.42198398466251635,10288
LPJ-GUESS,1995,CD,lai,evapotrans,0.4863737506202759,0.7389306533544322,10288
LPJ-GUESS,1995,CD,precipitation,tran,0.18620091841989378,0.4277031407986434,10288
LPJ-GUESS,1995,CD,lai,tran,0.5803829230586643,0.8728619641591362,10288
LPJ-GUESS,1995,CD,precipitation,evspsblveg,0.22105228523646153,0.4226596659548067,10288
LPJ-GUESS,1995,CD,lai,evspsblveg,0.6040101443821252,0.7546701639998368,10288
LPJ-GUESS,1995,CD,precipitation,evspsblsoi,0.23056630519633767,0.4680630841474279,10288
LPJ-GUESS,1995,CD,lai,evspsblsoi,0.22670680136084648,0.5090706411424823,10288
LPJ-GUESS,1996,HW,precipitation,evapotrans,0.32126957867691464,0.5488514417480966,12356
LPJ-GUESS,1996,HW,lai,evapotrans,0.4272353846911391,0.742492412265676,12356
LPJ-GUESS,1996,HW,precipitation,tran,0.24193836386888604,0.4251344419754406,12356
LPJ-GUESS,1996,HW,lai,tran,0.40134588765581214,0.6933646481250413,12356
LPJ-GUESS,1996,HW,precipitation,evspsblveg,0.35734929212811234,0.6093788796449664,12356
LPJ-GUESS,1996,HW,lai,evspsblveg,0.46709345770160077,0.7398179781896509,12356
LPJ-GUESS,1996,HW,precipitation,evspsblsoi,0.1693265768640576,0.29318172532035064,12356
LPJ-GUESS,1996,HW,lai,evspsblsoi,0.1165043305350125,0.21097934941922536,12356
LPJ-GUESS,1996,HD,precipitation,evapotrans,0.4585284889419572,0.6231194409984564,11131
LPJ-GUESS,1996,HD,lai,evapotrans,0.49468069358131095,0.8047099282947796,11131
LPJ-GUESS,1996,HD,precipitation,tran,0.4640452521763422,0.6394339244859326,11131
LPJ-GUESS,1996,HD,lai,tran,0.5676714479544694,0.8603087726112091,11131
LPJ-GUESS,1996,HD,precipitation,evspsblveg,0.4454825727298226,0.6503384548127854,11131
LPJ-GUESS,1996,HD,lai,evspsblveg,0.568508224971538,0.8251019723169494,11131
LPJ-GUESS,1996,HD,precipitation,evspsblsoi,0.25643575114898765,0.4316582823472441,11131
LPJ-GUESS,1996,HD,lai,evspsblsoi,0.20872807485920963,0.5800954263143658,11131
LPJ-GUESS,1996,CW,precipitation,evapotrans,0.22407138681361544,0.48279698027642187,21289
LPJ-GUESS,1996,CW,lai,evapotrans,0.3686670396382019,0.7614748703901117,21289
LPJ-GUESS,1996,CW,precipitation,tran,0.20429704113783953,0.4628272647060855,21289
LPJ-GUESS,1996,CW,lai,tran,0.3841442515105755,0.8535868666068855,21289
LPJ-GUESS,1996,CW,precipitation,evspsblveg,0.2287665853982328,0.45047596011506497,21289
LPJ-GUESS,1996,CW,lai,evspsblveg,0.5217045693455127,0.83644261229428,21289
LPJ-GUESS,1996,CW,precipitation,evspsblsoi,0.13619111795728212,0.3321163770915637,21289
LPJ-GUESS,1996,CW,lai,evspsblsoi,0.13577250127806773,0.4025591051295441,21289
LPJ-GUESS,1996,CD,precipitation,evapotrans,0.28312161638911226,0.4414531889176919,10353
LPJ-GUESS,1996,CD,lai,evapotrans,0.4794088949922798,0.7399271917527496,10353
LPJ-GUESS,1996,CD,precipitation,tran,0.25616615442417767,0.4412919874380321,10353
LPJ-GUESS,1996,CD,lai,tran,0.5777895366042469,0.8597540600583197,10353
LPJ-GUESS,1996,CD,precipitation,evspsblveg,0.27337859836476996,0.4453840249986295,10353
LPJ-GUESS,1996,CD,lai,evspsblveg,0.6090430974988696,0.77728351359183,10353
LPJ-GUESS,1996,CD,precipitation,evspsblsoi,0.1474816881232659,0.40444125643473894,10353
LPJ-GUESS,1996,CD,lai,evspsblsoi,0.1691203049016789,0.5085972419952489,10353
LPJ-GUESS,1997,HW,precipitation,evapotrans,0.2928969102636478,0.4452722923325369,12107
LPJ-GUESS,1997,HW,lai,evapotrans,0.45100713541172477,0.7285186989094011,12107
LPJ-GUESS,1997,HW,precipitation,tran,0.2535547702408347,0.4247833640269392,12107
LPJ-GUESS,1997,HW,lai,tran,0.40537046732748694,0.7137383652522509,12107
LPJ-GUESS,1997,HW,precipitation,evspsblveg,0.33510795953710276,0.5335464254629635,12107
LPJ-GUESS,1997,HW,lai,evspsblveg,0.49096946852002155,0.7425548424975021,12107
LPJ-GUESS,1997,HW,precipitation,evspsblsoi,0.12315354480851573,0.2658707177270221,12107
LPJ-GUESS,1997,HW,lai,evspsblsoi,0.1290557977573424,0.24520145411370142,12107
LPJ-GUESS,1997,HD,precipitation,evapotrans,0.48450794625234095,0.648142042389339,11193
LPJ-GUESS,1997,HD,lai,evapotrans,0.5062377409856649,0.8046401768962744,11193
LPJ-GUESS,1997,HD,precipitation,tran,0.46315283704939103,0.6526591704242322,11193
LPJ-GUESS,1997,HD,lai,tran,0.5561385910238327,0.8558044090056285,11193
LPJ-GUESS,1997,HD,precipitation,evspsblveg,0.4624303351859994,0.62735120307845,11193
LPJ-GUESS,1997,HD,lai,evspsblveg,0.581246441607391,0.8106255025462342,11193
LPJ-GUESS,1997,HD,precipitation,evspsblsoi,0.27894588464783976,0.4651760415125007,11193
LPJ-GUESS,1997,HD,lai,evspsblsoi,0.2231619053367566,0.5283458411507191,11193
LPJ-GUESS,1997,CW,precipitation,evapotrans,0.23726605707873838,0.5031748885789284,21197
LPJ-GUESS,1997,CW,lai,evapotrans,0.3665587546352772,0.7744083133871739,21197
LPJ-GUESS,1997,CW,precipitation,tran,0.22252491945360986,0.49146198955741116,21197
LPJ-GUESS,1997,CW,lai,tran,0.38778590374979455,0.8580007761867334,21197
LPJ-GUESS,1997,CW,precipitation,evspsblveg,0.22409318126912592,0.5027758983019,21197
LPJ-GUESS,1997,CW,lai,evspsblveg,0.529116831446337,0.8375277829454328,21197
LPJ-GUESS,1997,CW,precipitation,evspsblsoi,0.09128967135165927,0.33453763927077607,21197
LPJ-GUESS,1997,CW,lai,evspsblsoi,0.13030009967619205,0.4251238827851218,21197
LPJ-GUESS,1997,CD,precipitation,evapotrans,0.1927578313812459,0.4440479303618072,10316
LPJ-GUESS,1997,CD,lai,evapotrans,0.48248487335094725,0.7205515027457912,10316
LPJ-GUESS,1997,CD,precipitation,tran,0.1715182165350151,0.42830659681205685,10316
LPJ-GUESS,1997,CD,lai,tran,0.5709020134247773,0.8688460162733588,10316
LPJ-GUESS,1997,CD,precipitation,evspsblveg,0.1989834707342617,0.4582758475582447,10316
LPJ-GUESS,1997,CD,lai,evspsblveg,0.607212561627595,0.772887228689685,10316
LPJ-GUESS,1997,CD,precipitation,evspsblsoi,0.1318568196448537,0.4923269640597431,10316
LPJ-GUESS,1997,CD,lai,evspsblsoi,0.23692010754724346,0.5582831788048586,10316
LPJ-GUESS,1998,HW,precipitation,evapotrans,0.30133052643169556,0.4950454317879221,12261
LPJ-GUESS,1998,HW,lai,evapotrans,0.4504864826244516,0.7390067420233095,12261
LPJ-GUESS,1998,HW,precipitation,tran,0.24766433417923842,0.3975909861091752,12261
LPJ-GUESS,1998,HW,lai,tran,0.44070038383484395,0.7425450406391227,12261
LPJ-GUESS,1998,HW,precipitation,evspsblveg,0.3425725926252545,0.5582584363769365,12261
LPJ-GUESS,1998,HW,lai,evspsblveg,0.4917970918812724,0.7463777349574227,12261
LPJ-GUESS,1998,HW,precipitation,evspsblsoi,0.16781626299534655,0.33420906592116306,12261
LPJ-GUESS,1998,HW,lai,evspsblsoi,0.12365149222464682,0.25697708872267444,12261
LPJ-GUESS,1998,HD,precipitation,evapotrans,0.45731041947557294,0.6610422202539119,11290
LPJ-GUESS,1998,HD,lai,evapotrans,0.508325952170062,0.7759078830823738,11290
LPJ-GUESS,1998,HD,precipitation,tran,0.443061811408263,0.6550754129477461,11290
LPJ-GUESS,1998,HD,lai,tran,0.5682019486271036,0.8522586359610275,11290
LPJ-GUESS,1998,HD,precipitation,evspsblveg,0.4668226805972685,0.6369353410097431,11290
LPJ-GUESS,1998,HD,lai,evspsblveg,0.5568201948627104,0.7971656333038086,11290
LPJ-GUESS,1998,HD,precipitation,evspsblsoi,0.23683909064068498,0.46816017438390845,11290
LPJ-GUESS,1998,HD,lai,evspsblsoi,0.20039858281665193,0.45509300265721875,11290
LPJ-GUESS,1998,CW,precipitation,evapotrans,0.2967867198720542,0.46921450880108007,21097
LPJ-GUESS,1998,CW,lai,evapotrans,0.3592391634593801,0.7508718586479468,21097
LPJ-GUESS,1998,CW,precipitation,tran,0.26577322810531884,0.4481057663158693,21097
LPJ-GUESS,1998,CW,lai,tran,0.37507131523354537,0.8484168252847881,21097
LPJ-GUESS,1998,CW,precipitation,evspsblveg,0.24703476071020952,0.4411667368387301,21097
LPJ-GUESS,1998,CW,lai,evspsblveg,0.5292739919987994,0.8335817383348006,21097
LPJ-GUESS,1998,CW,precipitation,evspsblsoi,0.1153647184191377,0.3915726660117856,21097
LPJ-GUESS,1998,CW,lai,evspsblsoi,0.17787173340157095,0.3576414696548351,21097
LPJ-GUESS,1998,CD,precipitation,evapotrans,0.2572499876386506,0.46469098937758535,10360
LPJ-GUESS,1998,CD,lai,evapotrans,0.49763513513513513,0.7507722007722007,10360
LPJ-GUESS,1998,CD,precipitation,tran,0.22113397849179256,0.4436854715302159,10360
LPJ-GUESS,1998,CD,lai,tran,0.5821911196911197,0.8642857142857143,10360
LPJ-GUESS,1998,CD,precipitation,evspsblveg,0.2460859860051718,0.44504426936924524,10360
LPJ-GUESS,1998,CD,lai,evspsblveg,0.6050675675675675,0.7785714285714286,10360
LPJ-GUESS,1998,CD,precipitation,evspsblsoi,0.1637464498321096,0.35135135135135137,10360
LPJ-GUESS,1998,CD,lai,evspsblsoi,0.15164092664092665,0.49575289575289583,10360
LPJ-GUESS,1999,HW,precipitation,evapotrans,0.34153053676416845,0.5641583206207264,12353
LPJ-GUESS,1999,HW,lai,evapotrans,0.45715574672316484,0.737749461171467,12353
LPJ-GUESS,1999,HW,precipitation,tran,0.2761921492295959,0.4266956102798031,12353
LPJ-GUESS,1999,HW,lai,tran,0.43582302779472015,0.7388795798460445,12353
LPJ-GUESS,1999,HW,precipitation,evspsblveg,0.3811210769827257,0.599375647910692,12353
LPJ-GUESS,1999,HW,lai,evspsblveg,0.5156907253593761,0.7510081667202417,12353
LPJ-GUESS,1999,HW,precipitation,evspsblsoi,0.12818456792773708,0.2944544346367652,12353
LPJ-GUESS,1999,HW,lai,evspsblsoi,0.11980764232720927,0.23444831870571203,12353
LPJ-GUESS,1999,HD,precipitation,evapotrans,0.44289028520680085,0.6228037397287678,11274
LPJ-GUESS,1999,HD,lai,evapotrans,0.5044549346684088,0.8016000853026546,11274
LPJ-GUESS,1999,HD,precipitation,tran,0.42865713747377376,0.5992152910670003,11274
LPJ-GUESS,1999,HD,lai,tran,0.5640718119397145,0.8508142440335322,11274
LPJ-GUESS,1999,HD,precipitation,evspsblveg,0.4080232285091169,0.615199630858424,11274
LPJ-GUESS,1999,HD,lai,evspsblveg,0.5666865630950532,0.825001698504184,11274
LPJ-GUESS,1999,HD,precipitation,evspsblsoi,0.29942625406133483,0.46500952043048904,11274
LPJ-GUESS,1999,HD,lai,evspsblsoi,0.23110626408343052,0.598354243807065,11274
LPJ-GUESS,1999,CW,precipitation,evapotrans,0.23098572095209707,0.49226210442809604,21255
LPJ-GUESS,1999,CW,lai,evapotrans,0.3495349733241373,0.7782246355403509,21255
LPJ-GUESS,1999,CW,precipitation,tran,0.21428111048333867,0.5064625630275661,21255
LPJ-GUESS,1999,CW,lai,tran,0.3698870004656741,0.8551439504135268,21255
LPJ-GUESS,1999,CW,precipitation,evspsblveg,0.21266143129460519,0.4952874275993801,21255
LPJ-GUESS,1999,CW,lai,evspsblveg,0.5442146422080312,0.8417830523192706,21255
LPJ-GUESS,1999,CW,precipitation,evspsblsoi,0.1316213715796054,0.32276161009639476,21255
LPJ-GUESS,1999,CW,lai,evspsblsoi,0.16145791089515818,0.36600970210539807,21255
LPJ-GUESS,1999,CD,precipitation,evapotrans,0.25237005029147347,0.534234300618801,10326
LPJ-GUESS,1999,CD,lai,evapotrans,0.4822047148721289,0.7009301781236703,10326
LPJ-GUESS,1999,CD,precipitation,tran,0.23618873908014257,0.4946086711632532,10326
LPJ-GUESS,1999,CD,lai,tran,0.5707268602442823,0.8610462998899954,10326
LPJ-GUESS,1999,CD,precipitation,evspsblveg,0.266289514681641,0.5160154566176527,10326
LPJ-GUESS,1999,CD,lai,evspsblveg,0.6045995396862089,0.7542261669384456,10326
LPJ-GUESS,1999,CD,precipitation,evspsblsoi,0.16358115929271888,0.34177272982100093,10326
LPJ-GUESS,1999,CD,lai,evspsblsoi,0.17741959317581452,0.48991200807174484,10326
LPJ-GUESS,2000,HW,precipitation,evapotrans,0.34153148816993895,0.5959512630673923,12336
LPJ-GUESS,2000,HW,lai,evapotrans,0.4462926167194853,0.7365563256374197,12336
LPJ-GUESS,2000,HW,precipitation,tran,0.26526145233892334,0.4431877184905834,12336
LPJ-GUESS,2000,HW,lai,tran,0.4080327252838274,0.7370434952607382,12336
LPJ-GUESS,2000,HW,precipitation,evspsblveg,0.3785098996806913,0.6342788207867448,12336
LPJ-GUESS,2000,HW,lai,evspsblveg,0.4968320030582525,0.7459670553512981,12336
LPJ-GUESS,2000,HW,precipitation,evspsblsoi,0.12886874611975357,0.30555651903377506,12336
LPJ-GUESS,2000,HW,lai,evspsblsoi,0.11593999825522854,0.21778952170138338,12336
LPJ-GUESS,2000,HD,precipitation,evapotrans,0.47758093641138666,0.6016358161222936,11137
LPJ-GUESS,2000,HD,lai,evapotrans,0.4836546883497301,0.7887353346415598,11137
LPJ-GUESS,2000,HD,precipitation,tran,0.4545102648203082,0.6160455896043329,11137
LPJ-GUESS,2000,HD,lai,tran,0.5729975626084269,0.8531949641715413,11137
LPJ-GUESS,2000,HD,precipitation,evspsblveg,0.4264978798883713,0.5944294824393095,11137
LPJ-GUESS,2000,HD,lai,evspsblveg,0.5646665909939276,0.8043519192740519,11137
LPJ-GUESS,2000,HD,precipitation,evspsblsoi,0.293695721319179,0.4371682919551485,11137
LPJ-GUESS,2000,HD,lai,evspsblsoi,0.21330069627852133,0.5632859011214821,11137
LPJ-GUESS,2000,CW,precipitation,evapotrans,0.272609012235343,0.5170654909223701,21284
LPJ-GUESS,2000,CW,lai,evapotrans,0.37066288807434866,0.7899927518506791,21284
LPJ-GUESS,2000,CW,precipitation,tran,0.25462842152156373,0.5206132652872968,21284
LPJ-GUESS,2000,CW,lai,tran,0.3811390497009296,0.8656765261564973,21284
LPJ-GUESS,2000,CW,precipitation,evspsblveg,0.2284231505942273,0.5224584714411352,21284
LPJ-GUESS,2000,CW,lai,evspsblveg,0.532879016748788,0.8500362672286991,21284
LPJ-GUESS,2000,CW,precipitation,evspsblsoi,0.10184207301174969,0.3682976067628888,21284
LPJ-GUESS,2000,CW,lai,evspsblsoi,0.16831247800953236,0.41295889387468265,21284
LPJ-GUESS,2000,CD,precipitation,evapotrans,0.26436977164346154,0.49371504447834075,10347
LPJ-GUESS,2000,CD,lai,evapotrans,0.4721471436269784,0.7306605709419379,10347
LPJ-GUESS,2000,CD,precipitation,tran,0.2309127496161827,0.4742667131689785,10347
LPJ-GUESS,2000,CD,lai,tran,0.5581417564147277,0.8717508260463371,10347
LPJ-GUESS,2000,CD,precipitation,evspsblveg,0.2757330247129943,0.482392852090433,10347
LPJ-GUESS,2000,CD,lai,evspsblveg,0.5920265528893993,0.7620712017626058,10347
LPJ-GUESS,2000,CD,precipitation,evspsblsoi,0.14315128525957016,0.3459151205584029,10347
LPJ-GUESS,2000,CD,lai,evspsblsoi,0.1852525777844999,0.47518319347650084,10347
LPJ-GUESS,2001,HW,precipitation,evapotrans,0.30179479419927413,0.6267102419228401,12322
LPJ-GUESS,2001,HW,lai,evapotrans,0.4409461511139405,0.7174328537317055,12322
LPJ-GUESS,2001,HW,precipitation,tran,0.2213582045332723,0.49967787852136897,12322
LPJ-GUESS,2001,HW,lai,tran,0.396189992242784,0.7093262395522788,12322
LPJ-GUESS,2001,HW,precipitation,evspsblveg,0.34602033884583844,0.6554910127844183,12322
LPJ-GUESS,2001,HW,lai,evspsblveg,0.49479615701616997,0.7230547094436619,12322
LPJ-GUESS,2001,HW,precipitation,evspsblsoi,0.17453999466255452,0.3878480165833982,12322
LPJ-GUESS,2001,HW,lai,evspsblsoi,0.13520183253688364,0.2556564439500071,12322
LPJ-GUESS,2001,HD,precipitation,evapotrans,0.5009896166134185,0.6679606688899105,11268
LPJ-GUESS,2001,HD,lai,evapotrans,0.5333743443203091,0.7979263150368263,11268
LPJ-GUESS,2001,HD,precipitation,tran,0.477927806173634,0.660246624938287,11268
LPJ-GUESS,2001,HD,lai,tran,0.5798762992718502,0.8574734334165208,11268
LPJ-GUESS,2001,HD,precipitation,evspsblveg,0.4810966136720929,0.6381209051111274,11268
LPJ-GUESS,2001,HD,lai,evspsblveg,0.5834717296651494,0.8120394335444044,11268
LPJ-GUESS,2001,HD,precipitation,evspsblsoi,0.28637398574978445,0.42799470768523107,11268
LPJ-GUESS,2001,HD,lai,evspsblsoi,0.21219342948551365,0.49248045284697195,11268
LPJ-GUESS,2001,CW,precipitation,evapotrans,0.24865538990986558,0.5203154110821773,21092
LPJ-GUESS,2001,CW,lai,evapotrans,0.36591607477800303,0.7703076928607958,21092
LPJ-GUESS,2001,CW,precipitation,tran,0.23128902176936966,0.488776499793727,21092
LPJ-GUESS,2001,CW,lai,tran,0.3852367356826518,0.8604258661894675,21092
LPJ-GUESS,2001,CW,precipitation,evspsblveg,0.21983508087219028,0.4714121299331388,21092
LPJ-GUESS,2001,CW,lai,evspsblveg,0.5330886647374815,0.851511455568608,21092
LPJ-GUESS,2001,CW,precipitation,evspsblsoi,0.09506815987542619,0.3972310742874788,21092
LPJ-GUESS,2001,CW,lai,evspsblsoi,0.16182359483261793,0.3617799880100988,21092
LPJ-GUESS,2001,CD,precipitation,evapotrans,0.21787430332845795,0.4928951233355064,10326
LPJ-GUESS,2001,CD,lai,evapotrans,0.48453400742756136,0.727307209932015,10326
LPJ-GUESS,2001,CD,precipitation,tran,0.18454243357270905,0.483761514042036,10326
LPJ-GUESS,2001,CD,lai,tran,0.578808551219222,0.867326698515144,10326
LPJ-GUESS,2001,CD,precipitation,evspsblveg,0.22273533955830624,0.4904534254925442,10326
LPJ-GUESS,2001,CD,lai,evspsblveg,0.5972806742108259,0.7555793428518769,10326
LPJ-GUESS,2001,CD,precipitation,evspsblsoi,0.14344572363556143,0.39862824299566935,10326
LPJ-GUESS,2001,CD,lai,evspsblsoi,0.19341814073217,0.4526426856568878,10326
LPJ-GUESS,2002,HW,precipitation,evapotrans,0.25281412672834824,0.5482888772991952,12196
LPJ-GUESS,2002,HW,lai,evapotrans,0.4678483498439715,0.7399332756238273,12196
LPJ-GUESS,2002,HW,precipitation,tran,0.17491259318391605,0.42186742226690827,12196
LPJ-GUESS,2002,HW,lai,tran,0.43604822080320005,0.7331355617805354,12196
LPJ-GUESS,2002,HW,precipitation,evspsblveg,0.31562698125200284,0.6154127394630865,12196
LPJ-GUESS,2002,HW,lai,evspsblveg,0.49712575533115116,0.7565692057057138,12196
LPJ-GUESS,2002,HW,precipitation,evspsblsoi,0.1689802249809767,0.3257980310663534,12196
LPJ-GUESS,2002,HW,lai,evspsblsoi,0.14620716816585927,0.25509008597282634,12196
LPJ-GUESS,2002,HD,precipitation,evapotrans,0.47724312635108346,0.6823374340949033,11380
LPJ-GUESS,2002,HD,lai,evapotrans,0.51006151142355,0.7888400702987697,11380
LPJ-GUESS,2002,HD,precipitation,tran,0.4650159854094564,0.6638762421832596,11380
LPJ-GUESS,2002,HD,lai,tran,0.5632249560632689,0.8536028119507909,11380
LPJ-GUESS,2002,HD,precipitation,evspsblveg,0.4624364479679551,0.6762741652021089,11380
LPJ-GUESS,2002,HD,lai,evspsblveg,0.5706502636203866,0.8188927943760984,11380
LPJ-GUESS,2002,HD,precipitation,evspsblsoi,0.24362917398945516,0.3659395492517207,11380
LPJ-GUESS,2002,HD,lai,evspsblsoi,0.2175746924428823,0.43813708260105455,11380
LPJ-GUESS,2002,CW,precipitation,evapotrans,0.20809376859571244,0.5073911116989049,21029
LPJ-GUESS,2002,CW,lai,evapotrans,0.3608129791644521,0.7863920319983814,21029
LPJ-GUESS,2002,CW,precipitation,tran,0.19326349901821138,0.4730384999747768,21029
LPJ-GUESS,2002,CW,lai,tran,0.36949193432062105,0.8586718786797762,21029
LPJ-GUESS,2002,CW,precipitation,evspsblveg,0.21249038811441756,0.44782090258482443,21029
LPJ-GUESS,2002,CW,lai,evspsblveg,0.5261802491937237,0.8421712633010678,21029
LPJ-GUESS,2002,CW,precipitation,evspsblsoi,0.11321090945023055,0.3899459850628096,21029
LPJ-GUESS,2002,CW,lai,evspsblsoi,0.18850231132935466,0.31846759994751267,21029
LPJ-GUESS,2002,CD,precipitation,evapotrans,0.20587715026225784,0.48207832037702725,10356
LPJ-GUESS,2002,CD,lai,evapotrans,0.49324444871953566,0.7284852308027279,10356
LPJ-GUESS,2002,CD,precipitation,tran,0.18091297630443182,0.4588238273863199,10356
LPJ-GUESS,2002,CD,lai,tran,0.5876749926336807,0.873602082466509,10356
LPJ-GUESS,2002,CD,precipitation,evspsblveg,0.2013504738553859,0.4737192029329635,10356
LPJ-GUESS,2002,CD,lai,evspsblveg,0.6099384982313594,0.7658451780699753,10356
LPJ-GUESS,2002,CD,precipitation,evspsblsoi,0.13715874295374525,0.3866508808168338,10356
LPJ-GUESS,2002,CD,lai,evspsblsoi,0.2446818427648696,0.5035937998555763,10356
LPJ-GUESS,2003,HW,precipitation,evapotrans,0.29291144244882744,0.5445170896181941,12314
LPJ-GUESS,2003,HW,lai,evapotrans,0.4641501612227146,0.7409685997776789,12314
LPJ-GUESS,2003,HW,precipitation,tran,0.22836497818185203,0.4129044071893674,12314
LPJ-GUESS,2003,HW,lai,tran,0.44528438568004003,0.7210820383936349,12314
LPJ-GUESS,2003,HW,precipitation,evspsblveg,0.32937354440374744,0.6352902619550338,12314
LPJ-GUESS,2003,HW,lai,evspsblveg,0.4998547023082839,0.7578500555802813,12314
LPJ-GUESS,2003,HW,precipitation,evspsblsoi,0.12710952451386892,0.3150779705920197,12314
LPJ-GUESS,2003,HW,lai,evspsblsoi,0.13586990169040417,0.22409136259225587,12314
LPJ-GUESS,2003,HD,precipitation,evapotrans,0.5178466598152554,0.6542983744173041,11099
LPJ-GUESS,2003,HD,lai,evapotrans,0.4684734603961561,0.7630491018994487,11099
LPJ-GUESS,2003,HD,precipitation,tran,0.4778806151281214,0.620001737145287,11099
LPJ-GUESS,2003,HD,lai,tran,0.5610445385470162,0.8353917121013256,11099
LPJ-GUESS,2003,HD,precipitation,evspsblveg,0.4721671981199542,0.674301718603007,11099
LPJ-GUESS,2003,HD,lai,evspsblveg,0.5400080682538562,0.808543258097272,11099
LPJ-GUESS,2003,HD,precipitation,evspsblsoi,0.281401903750764,0.4610889178557145,11099
LPJ-GUESS,2003,HD,lai,evspsblsoi,0.2146793175911633,0.5525823688360854,11099
LPJ-GUESS,2003,CW,precipitation,evapotrans,0.1866108713858887,0.49711856400566845,21170
LPJ-GUESS,2003,CW,lai,evapotrans,0.3745394426074634,0.7792158715162967,21170
LPJ-GUESS,2003,CW,precipitation,tran,0.16970730438306675,0.5078885214926783,21170
LPJ-GUESS,2003,CW,lai,tran,0.3919225318847426,0.8479924421350968,21170
LPJ-GUESS,2003,CW,precipitation,evspsblveg,0.17990080302314598,0.4943788379782711,21170
LPJ-GUESS,2003,CW,lai,evspsblveg,0.5222012281530468,0.8461029759093057,21170
LPJ-GUESS,2003,CW,precipitation,evspsblsoi,0.11122964943254593,0.314832309872461,21170
LPJ-GUESS,2003,CW,lai,evspsblsoi,0.1550070854983467,0.3100614076523382,21170
LPJ-GUESS,2003,CD,precipitation,evapotrans,0.26146523695731333,0.45844119146532886,10354
LPJ-GUESS,2003,CD,lai,evapotrans,0.5047436472665958,0.7280591389148469,10354
LPJ-GUESS,2003,CD,precipitation,tran,0.23287786361878393,0.45064020091834867,10354
LPJ-GUESS,2003,CD,lai,tran,0.5714217588026073,0.8752201040688581,10354
LPJ-GUESS,2003,CD,precipitation,evspsblveg,0.2775914281614975,0.4606148700514795,10354
LPJ-GUESS,2003,CD,lai,evspsblveg,0.5940628327263192,0.7550928781371122,10354
LPJ-GUESS,2003,CD,precipitation,evspsblsoi,0.14195072715700588,0.3675079781898403,10354
LPJ-GUESS,2003,CD,lai,evspsblsoi,0.17949045753359985,0.46901269923920275,10354
LPJ-GUESS,2004,HW,precipitation,evapotrans,0.31949735880592695,0.5236311771121738,12325
LPJ-GUESS,2004,HW,lai,evapotrans,0.48181862946461484,0.7351156252416228,12325
LPJ-GUESS,2004,HW,precipitation,tran,0.24876034145514908,0.4671405187630888,12325
LPJ-GUESS,2004,HW,lai,tran,0.42766197980156906,0.7351123350590341,12325
LPJ-GUESS,2004,HW,precipitation,evspsblveg,0.3677672985462328,0.5895049755786197,12325
LPJ-GUESS,2004,HW,lai,evspsblveg,0.4971116803126989,0.7377073678703799,12325
LPJ-GUESS,2004,HW,precipitation,evspsblsoi,0.15417429417518258,0.32561232765612336,12325
LPJ-GUESS,2004,HW,lai,evspsblsoi,0.14535336745274044,0.23629880780233897,12325
LPJ-GUESS,2004,HD,precipitation,evapotrans,0.5076327009292002,0.6656408510135217,11278
LPJ-GUESS,2004,HD,lai,evapotrans,0.5129111280482053,0.7801959252872913,11278
LPJ-GUESS,2004,HD,precipitation,tran,0.47028086595372154,0.6570793746135001,11278
LPJ-GUESS,2004,HD,lai,tran,0.5889831800819771,0.8547627402373792,11278
LPJ-GUESS,2004,HD,precipitation,evspsblveg,0.47656367320295967,0.6605845624255595,11278
LPJ-GUESS,2004,HD,lai,evspsblveg,0.5752409448383158,0.8028945137649526,11278
LPJ-GUESS,2004,HD,precipitation,evspsblsoi,0.2519197294928053,0.4410853584999193,11278
LPJ-GUESS,2004,HD,lai,evspsblsoi,0.19452931333079276,0.5299957929767236,11278
LPJ-GUESS,2004,CW,precipitation,evapotrans,0.2747173057148372,0.4900889713167947,21216
LPJ-GUESS,2004,CW,lai,evapotrans,0.3746216112080738,0.7847909318878715,21216
LPJ-GUESS,2004,CW,precipitation,tran,0.2481826776795073,0.5009705832597666,21216
LPJ-GUESS,2004,CW,lai,tran,0.3773079751331037,0.8677903273612787,21216
LPJ-GUESS,2004,CW,precipitation,evspsblveg,0.21634833293291852,0.46356287929512413,21216
LPJ-GUESS,2004,CW,lai,evspsblveg,0.5438835504498112,0.8374374771658826,21216
LPJ-GUESS,2004,CW,precipitation,evspsblsoi,0.13028816263800483,0.30095537834326413,21216
LPJ-GUESS,2004,CW,lai,evspsblsoi,0.17248157539114228,0.3871744050335279,21216
LPJ-GUESS,2004,CD,precipitation,evapotrans,0.2795504996077244,0.5026878592624979,10409
LPJ-GUESS,2004,CD,lai,evapotrans,0.5044229901910977,0.7160205242470562,10409
LPJ-GUESS,2004,CD,precipitation,tran,0.25992099150024794,0.485851144983975,10409
LPJ-GUESS,2004,CD,lai,tran,0.5952579369309183,0.8611783806022443,10409
LPJ-GUESS,2004,CD,precipitation,evspsblveg,0.2792985373613914,0.499974553248158,10409
LPJ-GUESS,2004,CD,lai,evspsblveg,0.6078918810469289,0.7586749034609358,10409
LPJ-GUESS,2004,CD,precipitation,evspsblsoi,0.1410021440132177,0.3913951129569824,10409
LPJ-GUESS,2004,CD,lai,evspsblsoi,0.2103136161817403,0.5292672813530817,10409
LPJ-GUESS,2005,HW,precipitation,evapotrans,0.3380470016207455,0.5509724473257699,12340
LPJ-GUESS,2005,HW,lai,evapotrans,0.4776337115072934,0.7196920583468396,12340
LPJ-GUESS,2005,HW,precipitation,tran,0.25153970826580224,0.42531955961878387,12340
LPJ-GUESS,2005,HW,lai,tran,0.4263776337115073,0.7457050243111831,12340
LPJ-GUESS,2005,HW,precipitation,evspsblveg,0.38168557536466774,0.586547811993517,12340
LPJ-GUESS,2005,HW,lai,evspsblveg,0.5110615883306321,0.7481361426256078,12340
LPJ-GUESS,2005,HW,precipitation,evspsblsoi,0.1308752025931929,0.33128038897893025,12340
LPJ-GUESS,2005,HW,lai,evspsblsoi,0.12937601296596435,0.23914100486223663,12340
LPJ-GUESS,2005,HD,precipitation,evapotrans,0.475472146836277,0.6383609092149536,11279
LPJ-GUESS,2005,HD,lai,evapotrans,0.4767762565088324,0.7982995292198707,11279
LPJ-GUESS,2005,HD,precipitation,tran,0.46084291412121564,0.6328028659671583,11279
LPJ-GUESS,2005,HD,lai,tran,0.537553039006149,0.8526471400122867,11279
LPJ-GUESS,2005,HD,precipitation,evspsblveg,0.46347567310897675,0.6685923567239438,11279
LPJ-GUESS,2005,HD,lai,evspsblveg,0.5732805238379993,0.8113323637287396,11279
LPJ-GUESS,2005,HD,precipitation,evspsblsoi,0.2656733181867724,0.3970479721619101,11279
LPJ-GUESS,2005,HD,lai,evspsblsoi,0.17969883307898507,0.4711491543626862,11279
LPJ-GUESS,2005,CW,precipitation,evapotrans,0.24276467547677905,0.518463868552667,21132
LPJ-GUESS,2005,CW,lai,evapotrans,0.373292995982524,0.7721133333010991,21132
LPJ-GUESS,2005,CW,precipitation,tran,0.21999154912048824,0.5211754094993885,21132
LPJ-GUESS,2005,CW,lai,tran,0.3907304671987648,0.849476444947298,21132
LPJ-GUESS,2005,CW,precipitation,evspsblveg,0.20887415285473776,0.5258310235567717,21132
LPJ-GUESS,2005,CW,lai,evspsblveg,0.5443112340352876,0.8397315983453826,21132
LPJ-GUESS,2005,CW,precipitation,evspsblsoi,0.13557715926488384,0.3761712878870499,21132
LPJ-GUESS,2005,CW,lai,evspsblsoi,0.16438406584837256,0.341502957219306,21132
LPJ-GUESS,2005,CD,precipitation,evapotrans,0.20447390051951317,0.4717019140353724,10322
LPJ-GUESS,2005,CD,lai,evapotrans,0.49475512527618437,0.7372289872289872,10322
LPJ-GUESS,2005,CD,precipitation,tran,0.16754281433111667,0.44177166421123754,10322
LPJ-GUESS,2005,CD,lai,tran,0.5812732156348523,0.8654437161993837,10322
LPJ-GUESS,2005,CD,precipitation,evspsblveg,0.2024380013854999,0.4623659742369212,10322
LPJ-GUESS,2005,CD,lai,evspsblveg,0.6052547880721392,0.7500694481828397,10322
LPJ-GUESS,2005,CD,precipitation,evspsblsoi,0.22750467916421915,0.39399794136092314,10322
LPJ-GUESS,2005,CD,lai,evspsblsoi,0.19291832424850414,0.509272735738672,10322
LPJ-GUESS,2006,HW,precipitation,evapotrans,0.30994745475147906,0.6001421346123559,12454
LPJ-GUESS,2006,HW,lai,evapotrans,0.4373800001676854,0.7148144014274296,12454
LPJ-GUESS,2006,HW,precipitation,tran,0.24621634347333138,0.4636769249844242,12454
LPJ-GUESS,2006,HW,lai,tran,0.4050996663706375,0.7308700190054135,12454
LPJ-GUESS,2006,HW,precipitation,evspsblveg,0.3787184208622678,0.6339858447948804,12454
LPJ-GUESS,2006,HW,lai,evspsblveg,0.4858490328747139,0.7356954813617806,12454
LPJ-GUESS,2006,HW,precipitation,evspsblsoi,0.11341695057050954,0.3580794659821659,12454
LPJ-GUESS,2006,HW,lai,evspsblsoi,0.11988280547338623,0.2616271861187533,12454
LPJ-GUESS,2006,HD,precipitation,evapotrans,0.4512150402369792,0.6288240194310688,11097
LPJ-GUESS,2006,HD,lai,evapotrans,0.5225860196823275,0.7954450801166129,11097
LPJ-GUESS,2006,HD,precipitation,tran,0.4516432221221789,0.6389860814437207,11097
LPJ-GUESS,2006,HD,lai,tran,0.5850926167666661,0.8486089495821856,11097
LPJ-GUESS,2006,HD,precipitation,evspsblveg,0.4189596789060255,0.6288274978163021,11097
LPJ-GUESS,2006,HD,lai,evspsblveg,0.5661275076335224,0.8072532386400999,11097
LPJ-GUESS,2006,HD,precipitation,evspsblsoi,0.2670298035261539,0.42625912287420104,11097
LPJ-GUESS,2006,HD,lai,evspsblsoi,0.2427193418223455,0.5371139996444132,11097
LPJ-GUESS,2006,CW,precipitation,evapotrans,0.23212637065835612,0.45142146300421326,21327
LPJ-GUESS,2006,CW,lai,evapotrans,0.3712363383716496,0.7783614821831666,21327
LPJ-GUESS,2006,CW,precipitation,tran,0.21030626784866874,0.4608421790830967,21327
LPJ-GUESS,2006,CW,lai,tran,0.3956650040256441,0.861257597769169,21327
LPJ-GUESS,2006,CW,precipitation,evspsblveg,0.21830941284485422,0.45012578562847344,21327
LPJ-GUESS,2006,CW,lai,evspsblveg,0.5357545390542038,0.8484576479950503,21327
LPJ-GUESS,2006,CW,precipitation,evspsblsoi,0.0986974508584662,0.3052204910252562,21327
LPJ-GUESS,2006,CW,lai,evspsblsoi,0.17220110901858587,0.380334826458567,21327
LPJ-GUESS,2006,CD,precipitation,evapotrans,0.2352913202812561,0.4864990130884822,10348
LPJ-GUESS,2006,CD,lai,evapotrans,0.4926787578655847,0.7133809142330008,10348
LPJ-GUESS,2006,CD,precipitation,tran,0.21344882698830978,0.4739313438242868,10348
LPJ-GUESS,2006,CD,lai,tran,0.5849554349226624,0.8564999668566636,10348
LPJ-GUESS,2006,CD,precipitation,evspsblveg,0.2458481170319734,0.4925809836996204,10348
LPJ-GUESS,2006,CD,lai,evspsblveg,0.6109914585935998,0.760152863910784,10348
LPJ-GUESS,2006,CD,precipitation,evspsblsoi,0.18207302811487008,0.35773170945773086,10348
LPJ-GUESS,2006,CD,lai,evspsblsoi,0.19230118723305945,0.5065079205018029,10348
LPJ-GUESS,2007,HW,precipitation,evapotrans,0.32571000367229574,0.5620289517781277,12413
LPJ-GUESS,2007,HW,lai,evapotrans,0.4443884796767289,0.7405503009480607,12413
LPJ-GUESS,2007,HW,precipitation,tran,0.25701535385720553,0.4282307922723475,12413
LPJ-GUESS,2007,HW,lai,tran,0.40741773866173026,0.7450498950959548,12413
LPJ-GUESS,2007,HW,precipitation,evspsblveg,0.36075731734288863,0.6045136955140142,12413
LPJ-GUESS,2007,HW,lai,evspsblveg,0.5088494081579753,0.7601120221864953,12413
LPJ-GUESS,2007,HW,precipitation,evspsblsoi,0.1434913172560348,0.34651117024085054,12413
LPJ-GUESS,2007,HW,lai,evspsblsoi,0.14017731014630563,0.26844668198228105,12413
LPJ-GUESS,2007,HD,precipitation,evapotrans,0.49799723858774014,0.6585059438867691,11408
LPJ-GUESS,2007,HD,lai,evapotrans,0.4928234318706186,0.7866524775270334,11408
LPJ-GUESS,2007,HD,precipitation,tran,0.4567646994651723,0.6614468816795996,11408
LPJ-GUESS,2007,HD,lai,tran,0.557864432051312,0.8436197425304197,11408
LPJ-GUESS,2007,HD,precipitation,evspsblveg,0.4699059918282356,0.6658559025878482,11408
LPJ-GUESS,2007,HD,lai,evspsblveg,0.5556712204667789,0.8017225484399526,11408
LPJ-GUESS,2007,HD,precipitation,evspsblsoi,0.25957344479885125,0.4847431818321013,11408
LPJ-GUESS,2007,HD,lai,evspsblsoi,0.19244632670094514,0.5332439649036977,11408
LPJ-GUESS,2007,CW,precipitation,evapotrans,0.21933070155483636,0.47218055939172987,21237
LPJ-GUESS,2007,CW,lai,evapotrans,0.3539756233653042,0.7864608564787658,21237
LPJ-GUESS,2007,CW,precipitation,tran,0.20121980782592216,0.45094293644313876,21237
LPJ-GUESS,2007,CW,lai,tran,0.3759182936993187,0.8514408548772543,21237
LPJ-GUESS,2007,CW,precipitation,evspsblveg,0.21605821179375378,0.4335294253792749,21237
LPJ-GUESS,2007,CW,lai,evspsblveg,0.5251778312147337,0.849369065661705,21237
LPJ-GUESS,2007,CW,precipitation,evspsblsoi,0.09172063082776905,0.36862088759805645,21237
LPJ-GUESS,2007,CW,lai,evspsblsoi,0.11298295192222019,0.356130330579106,21237
LPJ-GUESS,2007,CD,precipitation,evapotrans,0.2880247621155366,0.4809226838349625,10346
LPJ-GUESS,2007,CD,lai,evapotrans,0.5189871386677081,0.7312236239635193,10346
LPJ-GUESS,2007,CD,precipitation,tran,0.2480655553701102,0.4732682051267684,10346
LPJ-GUESS,2007,CD,lai,tran,0.5959714456524281,0.8725129831501544,10346
LPJ-GUESS,2007,CD,precipitation,evspsblveg,0.2756817697698956,0.47115111817118055,10346
LPJ-GUESS,2007,CD,lai,evspsblveg,0.6112513745637362,0.7469725282986447,10346
LPJ-GUESS,2007,CD,precipitation,evspsblsoi,0.17149153785781782,0.33430091771563797,10346
LPJ-GUESS,2007,CD,lai,evspsblsoi,0.21020796387037488,0.5237903920856732,10346
LPJ-GUESS,2008,HW,precipitation,evapotrans,0.3292968815129842,0.5840892920402951,12269
LPJ-GUESS,2008,HW,lai,evapotrans,0.4511045954836246,0.731359168617801,12269
LPJ-GUESS,2008,HW,precipitation,tran,0.24755210603276998,0.4911875033684377,12269
LPJ-GUESS,2008,HW,lai,tran,0.42270030356588784,0.7470086314903823,12269
LPJ-GUESS,2008,HW,precipitation,evspsblveg,0.36287598902701546,0.610734258253071,12269
LPJ-GUESS,2008,HW,lai,evspsblveg,0.48997928333367546,0.7371470413004116,12269
LPJ-GUESS,2008,HW,precipitation,evspsblsoi,0.16716123257783394,0.34691524806293156,12269
LPJ-GUESS,2008,HW,lai,evspsblsoi,0.13671113240325888,0.2575844142541452,12269
LPJ-GUESS,2008,HD,precipitation,evapotrans,0.4997850381651269,0.6333917616126206,11410
LPJ-GUESS,2008,HD,lai,evapotrans,0.5268624014022787,0.8072743207712534,11410
LPJ-GUESS,2008,HD,precipitation,tran,0.4716429576783815,0.6409722898475455,11410
LPJ-GUESS,2008,HD,lai,tran,0.5505696757230499,0.8533742331288343,11410
LPJ-GUESS,2008,HD,precipitation,evspsblveg,0.4781254652645926,0.6596844872918493,11410
LPJ-GUESS,2008,HD,lai,evspsblveg,0.5737510955302367,0.8120946538124453,11410
LPJ-GUESS,2008,HD,precipitation,evspsblsoi,0.27736847127326986,0.40553857335242943,11410
LPJ-GUESS,2008,HD,lai,evspsblsoi,0.21310254163014897,0.560122699386503,11410
LPJ-GUESS,2008,CW,precipitation,evapotrans,0.1950161689651166,0.5180310335266529,21218
LPJ-GUESS,2008,CW,lai,evapotrans,0.34801080724855366,0.7755714232283173,21218
LPJ-GUESS,2008,CW,precipitation,tran,0.1758978138555465,0.5097685274066646,21218
LPJ-GUESS,2008,CW,lai,tran,0.370348686748905,0.857481142085095,21218
LPJ-GUESS,2008,CW,precipitation,evspsblveg,0.2196770095791476,0.4922400192108331,21218
LPJ-GUESS,2008,CW,lai,evspsblveg,0.5262601356822835,0.8419280874835613,21218
LPJ-GUESS,2008,CW,precipitation,evspsblsoi,0.08855917330163271,0.3371106317089441,21218
LPJ-GUESS,2008,CW,lai,evspsblsoi,0.16045107878369413,0.3360464133870296,21218
LPJ-GUESS,2008,CD,precipitation,evapotrans,0.2226299214088837,0.43495897315677684,10383
LPJ-GUESS,2008,CD,lai,evapotrans,0.48433118497944894,0.7154598696673886,10383
LPJ-GUESS,2008,CD,precipitation,tran,0.21680629018421066,0.41854582576817045,10383
LPJ-GUESS,2008,CD,lai,tran,0.5864187736846411,0.8584276122487553,10383
LPJ-GUESS,2008,CD,precipitation,evspsblveg,0.20983525968263808,0.4446721370360246,10383
LPJ-GUESS,2008,CD,lai,evspsblveg,0.6039095698337489,0.741925356071323,10383
LPJ-GUESS,2008,CD,precipitation,evspsblsoi,0.16715587785503092,0.3448898516305277,10383
LPJ-GUESS,2008,CD,lai,evspsblsoi,0.19252082544856974,0.5087576457515313,10383
LPJ-GUESS,2009,HW,precipitation,evapotrans,0.3099472755080268,0.5381344027601096,12422
LPJ-GUESS,2009,HW,lai,evapotrans,0.44749685703848374,0.6930195344128375,12422
LPJ-GUESS,2009,HW,precipitation,tran,0.2540649141788075,0.43239060328566103,12422
LPJ-GUESS,2009,HW,lai,tran,0.39995958030931045,0.7007410230182275,12422
LPJ-GUESS,2009,HW,precipitation,evspsblveg,0.3642898514427289,0.6086057449004718,12422
LPJ-GUESS,2009,HW,lai,evspsblveg,0.4928251808191326,0.7255191623405027,12422
LPJ-GUESS,2009,HW,precipitation,evspsblsoi,0.1257324610561854,0.25956815257698784,12422
LPJ-GUESS,2009,HW,lai,evspsblsoi,0.1389495573149399,0.20822961830494854,12422
LPJ-GUESS,2009,HD,precipitation,evapotrans,0.4896896692308049,0.6517499243155308,11259
LPJ-GUESS,2009,HD,lai,evapotrans,0.48566199339719063,0.7959884312798429,11259
LPJ-GUESS,2009,HD,precipitation,tran,0.4726674976774585,0.6474066799321159,11259
LPJ-GUESS,2009,HD,lai,tran,0.5588448522807963,0.8619777949103122,11259
LPJ-GUESS,2009,HD,precipitation,evspsblveg,0.47461658124180717,0.6677373711845601,11259
LPJ-GUESS,2009,HD,lai,evspsblveg,0.5680812760488274,0.8039828251864661,11259
LPJ-GUESS,2009,HD,precipitation,evspsblsoi,0.2756170672935206,0.45771616501052376,11259
LPJ-GUESS,2009,HD,lai,evspsblsoi,0.21564015809259043,0.5345176394901446,11259
LPJ-GUESS,2009,CW,precipitation,evapotrans,0.27273850017502077,0.5401566556789006,21116
LPJ-GUESS,2009,CW,lai,evapotrans,0.3612164430174308,0.7830610638493287,21116
LPJ-GUESS,2009,CW,precipitation,tran,0.25640020446910816,0.543834848398323,21116
LPJ-GUESS,2009,CW,lai,tran,0.3779356886232691,0.8461839758161267,21116
LPJ-GUESS,2009,CW,precipitation,evspsblveg,0.23761787215575697,0.5480926488411387,21116
LPJ-GUESS,2009,CW,lai,evspsblveg,0.5342662777828936,0.8446253953629876,21116
LPJ-GUESS,2009,CW,precipitation,evspsblsoi,0.12766834453926468,0.3971157516632512,21116
LPJ-GUESS,2009,CW,lai,evspsblsoi,0.16520417802996076,0.4096129173913793,21116
LPJ-GUESS,2009,CD,precipitation,evapotrans,0.24060285434811166,0.48139412942429183,10417
LPJ-GUESS,2009,CD,lai,evapotrans,0.4943821420585655,0.7332383559503447,10417
LPJ-GUESS,2009,CD,precipitation,tran,0.2121398301207997,0.4617628956870503,10417
LPJ-GUESS,2009,CD,lai,tran,0.5755909801272836,0.8743425085637183,10417
LPJ-GUESS,2009,CD,precipitation,evspsblveg,0.24294571993451122,0.47176691688147865,10417
LPJ-GUESS,2009,CD,lai,evspsblveg,0.6151250768044587,0.7679817815887474,10417
LPJ-GUESS,2009,CD,precipitation,evspsblsoi,0.17428289555918325,0.4547279592619255,10417
LPJ-GUESS,2009,CD,lai,evspsblsoi,0.21950401934242703,0.4982038615110137,10417
LPJ-GUESS,2010,HW,precipitation,evapotrans,0.31982647445469825,0.5780326895244127,12335
LPJ-GUESS,2010,HW,lai,evapotrans,0.45908816474710923,0.7127833266212876,12335
LPJ-GUESS,2010,HW,precipitation,tran,0.23815867013459346,0.43977468549192944,12335
LPJ-GUESS,2010,HW,lai,tran,0.4222559174950514,0.7209806068959537,12335
LPJ-GUESS,2010,HW,precipitation,evspsblveg,0.3413067729031317,0.6183809757190375,12335
LPJ-GUESS,2010,HW,lai,evspsblveg,0.48810683518390896,0.7068770329122374,12335
LPJ-GUESS,2010,HW,precipitation,evspsblsoi,0.16810471973978727,0.3559455476799425,12335
LPJ-GUESS,2010,HW,lai,evspsblsoi,0.13865054374140603,0.2582304244224739,12335
LPJ-GUESS,2010,HD,precipitation,evapotrans,0.4856642066435807,0.6155669718841581,11163
LPJ-GUESS,2010,HD,lai,evapotrans,0.4952803472300486,0.7795603216951769,11163
LPJ-GUESS,2010,HD,precipitation,tran,0.45426160036570745,0.6167958402119247,11163
LPJ-GUESS,2010,HD,lai,tran,0.5643547857312801,0.8473545463010035,11163
LPJ-GUESS,2010,HD,precipitation,evspsblveg,0.4423190177336628,0.5871036811660972,11163
LPJ-GUESS,2010,HD,lai,evspsblveg,0.5656064003683443,0.8111009232363823,11163
LPJ-GUESS,2010,HD,precipitation,evspsblsoi,0.24979878375891737,0.45604036293367123,11163
LPJ-GUESS,2010,HD,lai,evspsblsoi,0.21582002371505712,0.4858329862745989,11163
LPJ-GUESS,2010,CW,precipitation,evapotrans,0.2464178525103086,0.551846971423795,21221
LPJ-GUESS,2010,CW,lai,evapotrans,0.35748403052981026,0.7743956158572827,21221
LPJ-GUESS,2010,CW,precipitation,tran,0.2223556271820068,0.49741659971643504,21221
LPJ-GUESS,2010,CW,lai,tran,0.3757675622766129,0.8541612955802829,21221
LPJ-GUESS,2010,CW,precipitation,evspsblveg,0.19603313116464938,0.42108013981710685,21221
LPJ-GUESS,2010,CW,lai,evspsblveg,0.5408940224136416,0.8535013719534967,21221
LPJ-GUESS,2010,CW,precipitation,evspsblsoi,0.12985585911797196,0.3692432109267397,21221
LPJ-GUESS,2010,CW,lai,evspsblsoi,0.1829154349400752,0.36429917280589935,21221
LPJ-GUESS,2010,CD,precipitation,evapotrans,0.20403496582644554,0.43682530762390986,10414
LPJ-GUESS,2010,CD,lai,evapotrans,0.4883436007051526,0.7066742061015605,10414
LPJ-GUESS,2010,CD,precipitation,tran,0.18191450972876677,0.422587430704408,10414
LPJ-GUESS,2010,CD,lai,tran,0.5768624163118388,0.863263206513305,10414
LPJ-GUESS,2010,CD,precipitation,evspsblveg,0.1947902057295987,0.4297212377835648,10414
LPJ-GUESS,2010,CD,lai,evspsblveg,0.6076808688960973,0.7673423897477447,10414
LPJ-GUESS,2010,CD,precipitation,evspsblsoi,0.16021744093643817,0.30622110277505515,10414
LPJ-GUESS,2010,CD,lai,evspsblsoi,0.16823748923676737,0.4947464130068018,10414
LPJ-GUESS,2011,HW,precipitation,evapotrans,0.3230662401882102,0.5383252818035427,12420
LPJ-GUESS,2011,HW,lai,evapotrans,0.46839774557165864,0.7381642512077295,12420
LPJ-GUESS,2011,HW,precipitation,tran,0.2659087994216891,0.5001610305958133,12420
LPJ-GUESS,2011,HW,lai,tran,0.42890499194847015,0.710950080515298,12420
LPJ-GUESS,2011,HW,precipitation,evspsblveg,0.3721744182883082,0.6115136876006442,12420
LPJ-GUESS,2011,HW,lai,evspsblveg,0.5108695652173914,0.7534621578099839,12420
LPJ-GUESS,2011,HW,precipitation,evspsblsoi,0.09527686873409172,0.29999999999999993,12420
LPJ-GUESS,2011,HW,lai,evspsblsoi,0.15161030595813205,0.2545088566827697,12420
LPJ-GUESS,2011,HD,precipitation,evapotrans,0.41766147729616643,0.6225261239578554,11368
LPJ-GUESS,2011,HD,lai,evapotrans,0.5238943566690619,0.7788538488819239,11368
LPJ-GUESS,2011,HD,precipitation,tran,0.41412875405793426,0.6361414088694687,11368
LPJ-GUESS,2011,HD,lai,tran,0.5599149768177674,0.8391999143393142,11368
LPJ-GUESS,2011,HD,precipitation,evspsblveg,0.42652684375709793,0.6011327080980868,11368
LPJ-GUESS,2011,HD,lai,evspsblveg,0.5703780829955492,0.8154490346771044,11368
LPJ-GUESS,2011,HD,precipitation,evspsblsoi,0.2277041899681751,0.4155510364863477,11368
LPJ-GUESS,2011,HD,lai,evspsblsoi,0.221527737441629,0.504514748306747,11368
LPJ-GUESS,2011,CW,precipitation,evapotrans,0.21903250546788883,0.4476505352928494,21153
LPJ-GUESS,2011,CW,lai,evapotrans,0.3712161278198388,0.797864210495555,21153
LPJ-GUESS,2011,CW,precipitation,tran,0.1992188885435352,0.44781123204753065,21153
LPJ-GUESS,2011,CW,lai,tran,0.3914032950744206,0.8436672163569822,21153
LPJ-GUESS,2011,CW,precipitation,evspsblveg,0.1928551657203469,0.45530445992498464,21153
LPJ-GUESS,2011,CW,lai,evspsblveg,0.5243360011640956,0.8519407437235795,21153
LPJ-GUESS,2011,CW,precipitation,evspsblsoi,0.09508349968137719,0.31601063913607474,21153
LPJ-GUESS,2011,CW,lai,evspsblsoi,0.1518660569062952,0.3453695494442909,21153
LPJ-GUESS,2011,CD,precipitation,evapotrans,0.23015998871479545,0.48776718342374364,10334
LPJ-GUESS,2011,CD,lai,evapotrans,0.5047535077498272,0.716107652811095,10334
LPJ-GUESS,2011,CD,precipitation,tran,0.23280435632663105,0.46927720517687943,10334
LPJ-GUESS,2011,CD,lai,tran,0.5761854635990447,0.8713339494505049,10334
LPJ-GUESS,2011,CD,precipitation,evspsblveg,0.23705825350323134,0.4749037842070961,10334
LPJ-GUESS,2011,CD,lai,evspsblveg,0.6071159384964265,0.7804520504511033,10334
LPJ-GUESS,2011,CD,precipitation,evspsblsoi,0.2053075862513445,0.39050940371102283,10334
LPJ-GUESS,2011,CD,lai,evspsblsoi,0.18594408893524517,0.4916228744071909,10334
LPJ-GUESS,2012,HW,precipitation,evapotrans,0.3129582807297552,0.558031503077138,12419
LPJ-GUESS,2012,HW,lai,evapotrans,0.47146099316161316,0.729614342161036,12419
LPJ-GUESS,2012,HW,precipitation,tran,0.2146770993171822,0.45383683693846594,12419
LPJ-GUESS,2012,HW,lai,tran,0.4297907769236764,0.7501442843993005,12419
LPJ-GUESS,2012,HW,precipitation,evspsblveg,0.3491522676920219,0.6276784351648603,12419
LPJ-GUESS,2012,HW,lai,evspsblveg,0.5149412314179134,0.7303366393942895,12419
LPJ-GUESS,2012,HW,precipitation,evspsblsoi,0.15064805122378197,0.30069296707722404,12419
LPJ-GUESS,2012,HW,lai,evspsblsoi,0.12105555108212328,0.21485123763014935,12419
LPJ-GUESS,2012,HD,precipitation,evapotrans,0.500491316412105,0.6963060686015832,11370
LPJ-GUESS,2012,HD,lai,evapotrans,0.5147317502198768,0.8061565523306948,11370
LPJ-GUESS,2012,HD,precipitation,tran,0.46392068329059666,0.6272647317502198,11370
LPJ-GUESS,2012,HD,lai,tran,0.5730870712401056,0.8591029023746701,11370
LPJ-GUESS,2012,HD,precipitation,evspsblveg,0.48289613450270663,0.6932277924362358,11370
LPJ-GUESS,2012,HD,lai,evspsblveg,0.5617414248021108,0.8230430958663149,11370
LPJ-GUESS,2012,HD,precipitation,evspsblsoi,0.31165664833327145,0.5264256862513446,11370
LPJ-GUESS,2012,HD,lai,evspsblsoi,0.23614775725593667,0.559806508355321,11370
LPJ-GUESS,2012,CW,precipitation,evapotrans,0.22109003544665107,0.4994683799640368,21216
LPJ-GUESS,2012,CW,lai,evapotrans,0.3624663099029459,0.7772059623167762,21216
LPJ-GUESS,2012,CW,precipitation,tran,0.19931970293187617,0.49562160002955497,21216
LPJ-GUESS,2012,CW,lai,tran,0.38294407225600197,0.8509169808356897,21216
LPJ-GUESS,2012,CW,precipitation,evspsblveg,0.218878579835048,0.5098137791295365,21216
LPJ-GUESS,2012,CW,lai,evspsblveg,0.5196798742092241,0.8420110975587219,21216
LPJ-GUESS,2012,CW,precipitation,evspsblsoi,0.13290197981702057,0.31230439624440787,21216
LPJ-GUESS,2012,CW,lai,evspsblsoi,0.20746474998986647,0.3875542332498866,21216
LPJ-GUESS,2012,CD,precipitation,evapotrans,0.20544620671681865,0.4469782030905866,10368
LPJ-GUESS,2012,CD,lai,evapotrans,0.506106825724965,0.7553124107110969,10368
LPJ-GUESS,2012,CD,precipitation,tran,0.2178248171833295,0.4477388329345095,10368
LPJ-GUESS,2012,CD,lai,tran,0.5990692003881091,0.8640053737038227,10368
LPJ-GUESS,2012,CD,precipitation,evspsblveg,0.2049411526383675,0.4657808649416051,10368
LPJ-GUESS,2012,CD,lai,evspsblveg,0.6048952548156481,0.7691994394145029,10368
LPJ-GUESS,2012,CD,precipitation,evspsblsoi,0.16440235588771032,0.31907742984868515,10368
LPJ-GUESS,2012,CD,lai,evspsblsoi,0.23326609692905698,0.49723511330761816,10368
LPJ-GUESS,2013,HW,precipitation,evapotrans,0.31344726169803394,0.5755322644351257,12462
LPJ-GUESS,2013,HW,lai,evapotrans,0.4348210534342218,0.7006613336298562,12462
LPJ-GUESS,2013,HW,precipitation,tran,0.2122424562322752,0.47458023795707033,12462
LPJ-GUESS,2013,HW,lai,tran,0.39185615442695393,0.7120379554487181,12462
LPJ-GUESS,2013,HW,precipitation,evspsblveg,0.3577000566473283,0.6288702901407287,12462
LPJ-GUESS,2013,HW,lai,evspsblveg,0.4897974915975706,0.7225493969992756,12462
LPJ-GUESS,2013,HW,precipitation,evspsblsoi,0.1366688923734252,0.31019186860533965,12462
LPJ-GUESS,2013,HW,lai,evspsblsoi,0.10533930049436963,0.2064896869146733,12462
LPJ-GUESS,2013,HD,precipitation,evapotrans,0.4725394352801455,0.6762283011646164,11303
LPJ-GUESS,2013,HD,lai,evapotrans,0.4840961245311175,0.8187310975005423,11303
LPJ-GUESS,2013,HD,precipitation,tran,0.4537961792759399,0.6809548437688173,11303
LPJ-GUESS,2013,HD,lai,tran,0.5493083909902532,0.866941266502567,11303
LPJ-GUESS,2013,HD,precipitation,evspsblveg,0.4413312171366866,0.6523556221195236,11303
LPJ-GUESS,2013,HD,lai,evspsblveg,0.5616584679922865,0.8129023436341908,11303
LPJ-GUESS,2013,HD,precipitation,evspsblsoi,0.24094570397552847,0.458998176383721,11303
LPJ-GUESS,2013,HD,lai,evspsblsoi,0.2048415335317098,0.5560024008711724,11303
LPJ-GUESS,2013,CW,precipitation,evapotrans,0.2502166728023485,0.5248266670866072,21187
LPJ-GUESS,2013,CW,lai,evapotrans,0.38787611601586924,0.8012033254384379,21187
LPJ-GUESS,2013,CW,precipitation,tran,0.23400081238402498,0.5386016200866492,21187
LPJ-GUESS,2013,CW,lai,tran,0.4154386956672186,0.8517031856352385,21187
LPJ-GUESS,2013,CW,precipitation,evspsblveg,0.2159548775079884,0.5320018800205892,21187
LPJ-GUESS,2013,CW,lai,evspsblveg,0.5166532228100374,0.8494863811102702,21187
LPJ-GUESS,2013,CW,precipitation,evspsblsoi,0.12729919464419998,0.3904280036020735,21187
LPJ-GUESS,2013,CW,lai,evspsblsoi,0.14005246046597292,0.38732433471307093,21187
LPJ-GUESS,2013,CD,precipitation,evapotrans,0.29790831096608383,0.49762784667575516,10438
LPJ-GUESS,2013,CD,lai,evapotrans,0.5117254875734865,0.7405747053023913,10438
LPJ-GUESS,2013,CD,precipitation,tran,0.26678395707242564,0.4649481081136637,10438
LPJ-GUESS,2013,CD,lai,tran,0.6018954101540275,0.8788089349334401,10438
LPJ-GUESS,2013,CD,precipitation,evspsblveg,0.30735710306675124,0.48286855646073623,10438
LPJ-GUESS,2013,CD,lai,evspsblveg,0.6100843403743615,0.7584878123625803,10438
LPJ-GUESS,2013,CD,precipitation,evspsblsoi,0.12416312628883534,0.31988060865141293,10438
LPJ-GUESS,2013,CD,lai,evspsblsoi,0.18110587677356316,0.4926561436660478,10438
LPJ-GUESS,2014,HW,precipitation,evapotrans,0.3187216514858319,0.5777205645304578,12482
LPJ-GUESS,2014,HW,lai,evapotrans,0.44410598698022585,0.7118655668005002,12482
LPJ-GUESS,2014,HW,precipitation,tran,0.22401020289730028,0.4446355353791125,12482
LPJ-GUESS,2014,HW,lai,tran,0.4120994488473658,0.7104373452294923,12482
LPJ-GUESS,2014,HW,precipitation,evspsblveg,0.3617008492228809,0.6309002337264781,12482
LPJ-GUESS,2014,HW,lai,evspsblveg,0.5053177216216993,0.7426221701604194,12482
LPJ-GUESS,2014,HW,precipitation,evspsblsoi,0.17056477994979435,0.3408157065630072,12482
LPJ-GUESS,2014,HW,lai,evspsblsoi,0.14374481304360334,0.24719015718904241,12482
LPJ-GUESS,2014,HD,precipitation,evapotrans,0.5166283392663047,0.6822707906385858,11323
LPJ-GUESS,2014,HD,lai,evapotrans,0.4786996213654374,0.7663441749248712,11323
LPJ-GUESS,2014,HD,precipitation,tran,0.5046609608823343,0.6312264307649592,11323
LPJ-GUESS,2014,HD,lai,tran,0.558055596211345,0.8479234363442895,11323
LPJ-GUESS,2014,HD,precipitation,evspsblveg,0.4818319072253261,0.6778511802867248,11323
LPJ-GUESS,2014,HD,lai,evspsblveg,0.5485619969236137,0.7995405550832301,11323
LPJ-GUESS,2014,HD,precipitation,evspsblsoi,0.2705847240473984,0.43173428745568043,11323
LPJ-GUESS,2014,HD,lai,evspsblsoi,0.18722325240005255,0.46304972991183463,11323
LPJ-GUESS,2014,CW,precipitation,evapotrans,0.1637333965844402,0.4789770296715836,21080
LPJ-GUESS,2014,CW,lai,evapotrans,0.36674573055028464,0.7761385199240987,21080
LPJ-GUESS,2014,CW,precipitation,tran,0.1450426944971537,0.4361218277442546,21080
LPJ-GUESS,2014,CW,lai,tran,0.39053605313092976,0.8478178368121442,21080
LPJ-GUESS,2014,CW,precipitation,evspsblveg,0.2090607210626186,0.4421954621001225,21080
LPJ-GUESS,2014,CW,lai,evspsblveg,0.549146110056926,0.840370018975332,21080
LPJ-GUESS,2014,CW,precipitation,evspsblsoi,0.09073780648397256,0.32195579657219225,21080
LPJ-GUESS,2014,CW,lai,evspsblsoi,0.2097722960151803,0.3553605313092979,21080
LPJ-GUESS,2014,CD,precipitation,evapotrans,0.21857503728403438,0.49890339513999754,10366
LPJ-GUESS,2014,CD,lai,evapotrans,0.4912046950465424,0.7324044131368574,10366
LPJ-GUESS,2014,CD,precipitation,tran,0.21142655637639238,0.4763169444800532,10366
LPJ-GUESS,2014,CD,lai,tran,0.5924967594147779,0.871891100104544,10366
LPJ-GUESS,2014,CD,precipitation,evspsblveg,0.21529035374781083,0.48172852387571485,10366
LPJ-GUESS,2014,CD,lai,evspsblveg,0.5980160802239269,0.756807034197364,10366
LPJ-GUESS,2014,CD,precipitation,evspsblsoi,0.14549859479720062,0.39689551424609537,10366
LPJ-GUESS,2014,CD,lai,evspsblsoi,0.2030573117767577,0.44249577434991294,10366
LPJ-GUESS,2015,HW,precipitation,evapotrans,0.2802945463401033,0.5013074080446113,12503
LPJ-GUESS,2015,HW,lai,evapotrans,0.45739016236103336,0.7350562643542687,12503
LPJ-GUESS,2015,HW,precipitation,tran,0.21227300854040027,0.4494132909699116,12503
LPJ-GUESS,2015,HW,lai,tran,0.4236041270095177,0.7357684835096012,12503
LPJ-GUESS,2015,HW,precipitation,evspsblveg,0.30437723783441695,0.5731877746622984,12503
LPJ-GUESS,2015,HW,lai,evspsblveg,0.49138593937455005,0.7454542164876433,12503
LPJ-GUESS,2015,HW,precipitation,evspsblsoi,0.18678118851475647,0.32250434156394,12503
LPJ-GUESS,2015,HW,lai,evspsblsoi,0.1436482444213389,0.24134249346903344,12503
LPJ-GUESS,2015,HD,precipitation,evapotrans,0.4702960728083556,0.6064642233212766,11408
LPJ-GUESS,2015,HD,lai,evapotrans,0.5000088349212631,0.7820927362504041,11408
LPJ-GUESS,2015,HD,precipitation,tran,0.4695981908539666,0.6386297089146429,11408
LPJ-GUESS,2015,HD,lai,tran,0.5611030837101876,0.8435336212544544,11408
LPJ-GUESS,2015,HD,precipitation,evspsblveg,0.45500524410196025,0.6045957284515637,11408
LPJ-GUESS,2015,HD,lai,evspsblveg,0.5720171692482051,0.811104236091222,11408
LPJ-GUESS,2015,HD,precipitation,evspsblsoi,0.22649054799014934,0.3879450554858394,11408
LPJ-GUESS,2015,HD,lai,evspsblsoi,0.2290609100309089,0.5262393320246382,11408
LPJ-GUESS,2015,CW,precipitation,evapotrans,0.22476305798903123,0.460223833222305,21125
LPJ-GUESS,2015,CW,lai,evapotrans,0.3608747851095293,0.8010011397463435,21125
LPJ-GUESS,2015,CW,precipitation,tran,0.21322599043624268,0.480012136615295,21125
LPJ-GUESS,2015,CW,lai,tran,0.3897527661824506,0.8616360484686234,21125
LPJ-GUESS,2015,CW,precipitation,evspsblveg,0.24492390989252463,0.4605232851712729,21125
LPJ-GUESS,2015,CW,lai,evspsblveg,0.5065260139401899,0.8381604550024223,21125
LPJ-GUESS,2015,CW,precipitation,evspsblsoi,0.09442600191453987,0.29799195176660687,21125
LPJ-GUESS,2015,CW,lai,evspsblsoi,0.16669590486024471,0.3926884852014998,21125
LPJ-GUESS,2015,CD,precipitation,evapotrans,0.2762221249065335,0.5067582401219333,10231
LPJ-GUESS,2015,CD,lai,evapotrans,0.4922706305458283,0.7517304326748111,10231
LPJ-GUESS,2015,CD,precipitation,tran,0.2358811464151404,0.48449860946510603,10231
LPJ-GUESS,2015,CD,lai,tran,0.5772575308993722,0.8704942202314045,10231
LPJ-GUESS,2015,CD,precipitation,evspsblveg,0.265099897165315,0.5029796085426644,10231
LPJ-GUESS,2015,CD,lai,evspsblveg,0.6010626187082309,0.7616038236196453,10231
LPJ-GUESS,2015,CD,precipitation,evspsblsoi,0.19813316182859153,0.4092074638354022,10231
LPJ-GUESS,2015,CD,lai,evspsblsoi,0.23005944263790945,0.5503739473489853,10231
LPJ-GUESS,2016,HW,precipitation,evapotrans,0.28152768089876024,0.5488475505372272,12371
LPJ-GUESS,2016,HW,lai,evapotrans,0.4495085482666159,0.7390612919998899,12371
LPJ-GUESS,2016,HW,precipitation,tran,0.19500027368295242,0.4317436722419635,12371
LPJ-GUESS,2016,HW,lai,tran,0.3889270660442934,0.6875667641883151,12371
LPJ-GUESS,2016,HW,precipitation,evspsblveg,0.31887260012224594,0.6140858542944104,12371
LPJ-GUESS,2016,HW,lai,evspsblveg,0.48491912690951217,0.7342131998669273,12371
LPJ-GUESS,2016,HW,precipitation,evspsblsoi,0.16737201800837703,0.34207050716506715,12371
LPJ-GUESS,2016,HW,lai,evspsblsoi,0.1447133937187311,0.2251831299985944,12371
LPJ-GUESS,2016,HD,precipitation,evapotrans,0.5145271797066686,0.6541506380945017,11203
LPJ-GUESS,2016,HD,lai,evapotrans,0.4983278554213795,0.8009684706761435,11203
LPJ-GUESS,2016,HD,precipitation,tran,0.47363164936271396,0.6559691864752231,11203
LPJ-GUESS,2016,HD,lai,tran,0.552515628785657,0.8569177858963641,11203
LPJ-GUESS,2016,HD,precipitation,evspsblveg,0.45814862751870933,0.6371853212823793,11203
LPJ-GUESS,2016,HD,lai,evspsblveg,0.5725172068068503,0.8289018417154892,11203
LPJ-GUESS,2016,HD,precipitation,evspsblsoi,0.316884751783834,0.5034310950134286,11203
LPJ-GUESS,2016,HD,lai,evspsblsoi,0.21770946238890093,0.5722445314802339,11203
LPJ-GUESS,2016,CW,precipitation,evapotrans,0.318048198636766,0.4849138629450022,21108
LPJ-GUESS,2016,CW,lai,evapotrans,0.3745782444610277,0.7619900164698533,21108
LPJ-GUESS,2016,CW,precipitation,tran,0.28291561348153516,0.4591736688454414,21108
LPJ-GUESS,2016,CW,lai,tran,0.39118170726857615,0.8502948496047531,21108
LPJ-GUESS,2016,CW,precipitation,evspsblveg,0.2625335141037192,0.45747327116136477,21108
LPJ-GUESS,2016,CW,lai,evspsblveg,0.5189568263983015,0.8409160908232476,21108
LPJ-GUESS,2016,CW,precipitation,evspsblsoi,0.16520940621146143,0.32380371834297494,21108
LPJ-GUESS,2016,CW,lai,evspsblsoi,0.14953595406920794,0.4142098783751552,21108
LPJ-GUESS,2016,CD,precipitation,evapotrans,0.2426622409009237,0.439814846122115,10317
LPJ-GUESS,2016,CD,lai,evapotrans,0.48119165609342923,0.740540843629052,10317
LPJ-GUESS,2016,CD,precipitation,tran,0.2154235325425261,0.4208985057401309,10317
LPJ-GUESS,2016,CD,lai,tran,0.5737077837937425,0.8726376763571526,10317
LPJ-GUESS,2016,CD,precipitation,evspsblveg,0.2685396823921341,0.4449418548298022,10317
LPJ-GUESS,2016,CD,lai,evspsblveg,0.6121324996636686,0.7873486072884898,10317
LPJ-GUESS,2016,CD,precipitation,evspsblsoi,0.11287232203242398,0.33799157228912213,10317
LPJ-GUESS,2016,CD,lai,evspsblsoi,0.17783210716989456,0.5103104525437896,10317
LPJ-GUESS,2017,HW,precipitation,evapotrans,0.2687117753508441,0.5890812594845376,12109
LPJ-GUESS,2017,HW,lai,evapotrans,0.4564861195094189,0.727398099249734,12109
LPJ-GUESS,2017,HW,precipitation,tran,0.18964238178018006,0.4286308257385997,12109
LPJ-GUESS,2017,HW,lai,tran,0.4019836948979606,0.6986592811415222,12109
LPJ-GUESS,2017,HW,precipitation,evspsblveg,0.3145908673474008,0.6305340037189037,12109
LPJ-GUESS,2017,HW,lai,evspsblveg,0.48898052979954515,0.7340053692038577,12109
LPJ-GUESS,2017,HW,precipitation,evspsblsoi,0.18584703366108218,0.38213116353867727,12109
LPJ-GUESS,2017,HW,lai,evspsblsoi,0.1694009935488948,0.27196639879749035,12109
LPJ-GUESS,2017,HD,precipitation,evapotrans,0.43723413040452913,0.6252125044975756,11236
LPJ-GUESS,2017,HD,lai,evapotrans,0.5056916895870347,0.8048386667663294,11236
LPJ-GUESS,2017,HD,precipitation,tran,0.43089276707897617,0.6299494393496672,11236
LPJ-GUESS,2017,HD,lai,tran,0.5488641250896347,0.8521731749371935,11236
LPJ-GUESS,2017,HD,precipitation,evspsblveg,0.4288000866696444,0.6180382324734046,11236
LPJ-GUESS,2017,HD,lai,evspsblveg,0.5780444415243473,0.8142710454069215,11236
LPJ-GUESS,2017,HD,precipitation,evspsblsoi,0.26811249745205823,0.46347492684895564,11236
LPJ-GUESS,2017,HD,lai,evspsblsoi,0.22591331228619876,0.5196191955445701,11236
LPJ-GUESS,2017,CW,precipitation,evapotrans,0.21759340746622452,0.4601077682156704,21072
LPJ-GUESS,2017,CW,lai,evapotrans,0.36726135069167787,0.7771103573327339,21072
LPJ-GUESS,2017,CW,precipitation,tran,0.20022391115735239,0.4497629164091237,21072
LPJ-GUESS,2017,CW,lai,tran,0.3940265238372724,0.8568292645149764,21072
LPJ-GUESS,2017,CW,precipitation,evspsblveg,0.2098214705803224,0.4728225554311666,21072
LPJ-GUESS,2017,CW,lai,evspsblveg,0.5252420656242578,0.8378499702474862,21072
LPJ-GUESS,2017,CW,precipitation,evspsblsoi,0.0709613639607114,0.3134832557462694,21072
LPJ-GUESS,2017,CW,lai,evspsblsoi,0.13639863226638327,0.4409255913402175,21072
LPJ-GUESS,2017,CD,precipitation,evapotrans,0.16669804036047578,0.432621359223301,10300
LPJ-GUESS,2017,CD,lai,evapotrans,0.4814077669902913,0.7244660194174757,10300
LPJ-GUESS,2017,CD,precipitation,tran,0.13051783074213927,0.41349514563106793,10300
LPJ-GUESS,2017,CD,lai,tran,0.5702912621359224,0.8780582524271844,10300
LPJ-GUESS,2017,CD,precipitation,evspsblveg,0.1615910653244564,0.4348543689320389,10300
LPJ-GUESS,2017,CD,lai,evspsblveg,0.6027184466019417,0.7815533980582524,10300
LPJ-GUESS,2017,CD,precipitation,evspsblsoi,0.18038816781301537,0.43533980582524273,10300
LPJ-GUESS,2017,CD,lai,evspsblsoi,0.22946601941747571,0.5440776699029126,10300
LPJ-GUESS,2018,HW,precipitation,evapotrans,0.29044791373689277,0.5933114615610149,12314
LPJ-GUESS,2018,HW,lai,evapotrans,0.46708448191625923,0.7407257656262853,12314
LPJ-GUESS,2018,HW,precipitation,tran,0.1964118440112451,0.4342432275374455,12314
LPJ-GUESS,2018,HW,lai,tran,0.4284696330133244,0.729520591070453,12314
LPJ-GUESS,2018,HW,precipitation,evspsblveg,0.34480906787304033,0.6406231213970373,12314
LPJ-GUESS,2018,HW,lai,evspsblveg,0.4969337074416299,0.7498995441784138,12314
LPJ-GUESS,2018,HW,precipitation,evspsblsoi,0.17978075607060234,0.3624319484316236,12314
LPJ-GUESS,2018,HW,lai,evspsblsoi,0.15151523320944998,0.2921190694152364,12314
LPJ-GUESS,2018,HD,precipitation,evapotrans,0.47253456194729127,0.6220583099584027,11353
LPJ-GUESS,2018,HD,lai,evapotrans,0.5073855384146169,0.7851891694569779,11353
LPJ-GUESS,2018,HD,precipitation,tran,0.4704337886838311,0.6118471585974393,11353
LPJ-GUESS,2018,HD,lai,tran,0.5582122523069258,0.8541430694623124,11353
LPJ-GUESS,2018,HD,precipitation,evspsblveg,0.46198241521432304,0.6333730272943927,11353
LPJ-GUESS,2018,HD,lai,evspsblveg,0.5531062642915707,0.7983167103563865,11353
LPJ-GUESS,2018,HD,precipitation,evspsblsoi,0.20815333019547702,0.42733597239804494,11353
LPJ-GUESS,2018,HD,lai,evspsblsoi,0.2077203681147757,0.46719184790766977,11353
LPJ-GUESS,2018,CW,precipitation,evapotrans,0.22688587361775725,0.5264107788074084,21026
LPJ-GUESS,2018,CW,lai,evapotrans,0.3609312063279401,0.7516010451747375,21026
LPJ-GUESS,2018,CW,precipitation,tran,0.19596586184854003,0.5264486475629201,21026
LPJ-GUESS,2018,CW,lai,tran,0.3816226825153299,0.848856513903783,21026
LPJ-GUESS,2018,CW,precipitation,evspsblveg,0.21601011768945758,0.5122478379330375,21026
LPJ-GUESS,2018,CW,lai,evspsblveg,0.5281583963210904,0.8362065959230153,21026
LPJ-GUESS,2018,CW,precipitation,evspsblsoi,0.1079954104361427,0.38724308800585167,21026
LPJ-GUESS,2018,CW,lai,evspsblsoi,0.19622025571323576,0.37706728969350223,21026
LPJ-GUESS,2018,CD,precipitation,evapotrans,0.2015458716408165,0.4934930502018541,10294
LPJ-GUESS,2018,CD,lai,evapotrans,0.49069247083649414,0.7449220113139712,10294
LPJ-GUESS,2018,CD,precipitation,tran,0.17025308854472399,0.4743985601209975,10294
LPJ-GUESS,2018,CD,lai,tran,0.5779557658578349,0.8657493006577496,10294
LPJ-GUESS,2018,CD,precipitation,evspsblveg,0.19979389763497443,0.4834872215638125,10294
LPJ-GUESS,2018,CD,lai,evspsblveg,0.6086914490462426,0.7780288640191949,10294
LPJ-GUESS,2018,CD,precipitation,evspsblsoi,0.13099472212765867,0.31454321512046324,10294
LPJ-GUESS,2018,CD,lai,evspsblsoi,0.15101364868021094,0.5008067008756929,10294
LPJ-GUESS,2019,HW,precipitation,evapotrans,0.2630485800245249,0.5890670941875502,12455
LPJ-GUESS,2019,HW,lai,evapotrans,0.4608551942691925,0.7401340169715309,12455
LPJ-GUESS,2019,HW,precipitation,tran,0.1835218020830044,0.4184296211143423,12455
LPJ-GUESS,2019,HW,lai,tran,0.41658561511650616,0.7290460746971602,12455
LPJ-GUESS,2019,HW,precipitation,evspsblveg,0.2727916164323184,0.6507990563782425,12455
LPJ-GUESS,2019,HW,lai,evspsblveg,0.5192951447039197,0.7537635004475179,12455
LPJ-GUESS,2019,HW,precipitation,evspsblsoi,0.1699566875970729,0.3516120634605607,12455
LPJ-GUESS,2019,HW,lai,evspsblsoi,0.12526362964456958,0.23447656543476192,12455
LPJ-GUESS,2019,HD,precipitation,evapotrans,0.3985119572399239,0.6205446064791296,11267
LPJ-GUESS,2019,HD,lai,evapotrans,0.5031989946591069,0.8012884641085395,11267
LPJ-GUESS,2019,HD,precipitation,tran,0.36458014062700317,0.6231184164895553,11267
LPJ-GUESS,2019,HD,lai,tran,0.561005342582966,0.8511606123496396,11267
LPJ-GUESS,2019,HD,precipitation,evspsblveg,0.42927084997485276,0.6323964047938917,11267
LPJ-GUESS,2019,HD,lai,evspsblveg,0.5709015435290126,0.8226722210719891,11267
LPJ-GUESS,2019,HD,precipitation,evspsblsoi,0.26506128590345535,0.5322141040809099,11267
LPJ-GUESS,2019,HD,lai,evspsblsoi,0.24351021101190756,0.5897282773092798,11267
LPJ-GUESS,2019,CW,precipitation,evapotrans,0.1678175410927651,0.47868275926842924,21224
LPJ-GUESS,2019,CW,lai,evapotrans,0.35279354748920444,0.7770990288369675,21224
LPJ-GUESS,2019,CW,precipitation,tran,0.14427416987267683,0.4832678156191082,21224
LPJ-GUESS,2019,CW,lai,tran,0.3737636033825097,0.8577119832878785,21224
LPJ-GUESS,2019,CW,precipitation,evspsblveg,0.17813588603561625,0.4815531355734645,21224
LPJ-GUESS,2019,CW,lai,evspsblveg,0.5404371458271237,0.8429651933777188,21224
LPJ-GUESS,2019,CW,precipitation,evspsblsoi,0.09589082726446274,0.3733598895943217,21224
LPJ-GUESS,2019,CW,lai,evspsblsoi,0.16174041230865205,0.3825172189288284,21224
LPJ-GUESS,2019,CD,precipitation,evapotrans,0.161698557093869,0.4696153708779106,10243
LPJ-GUESS,2019,CD,lai,evapotrans,0.479820298389754,0.699930612934949,10243
LPJ-GUESS,2019,CD,precipitation,tran,0.14637445041661407,0.4440169253005622,10243
LPJ-GUESS,2019,CD,lai,tran,0.5677417180483013,0.8664467107816641,10243
LPJ-GUESS,2019,CD,precipitation,evspsblveg,0.18460320095349173,0.45778309041510795,10243
LPJ-GUESS,2019,CD,lai,evspsblveg,0.6026430302249097,0.7496967113769546,10243
LPJ-GUESS,2019,CD,precipitation,evspsblsoi,0.22997287149403636,0.3692521722151713,10243
LPJ-GUESS,2019,CD,lai,evspsblsoi,0.1737417950826174,0.474209616475886,10243
LPJ-GUESS,2020,HW,precipitation,evapotrans,0.24297785296334778,0.570806509725327,12339
LPJ-GUESS,2020,HW,lai,evapotrans,0.4547865978963014,0.722349436101657,12339
LPJ-GUESS,2020,HW,precipitation,tran,0.16489181303487127,0.3985205623470822,12339
LPJ-GUESS,2020,HW,lai,tran,0.3949746971134074,0.7302904850454404,12339
LPJ-GUESS,2020,HW,precipitation,evspsblveg,0.25416108258814374,0.5934200410525823,12339
LPJ-GUESS,2020,HW,lai,evspsblveg,0.5022736936014637,0.7436633761814898,12339
LPJ-GUESS,2020,HW,precipitation,evspsblsoi,0.19047690821804292,0.39332383925051917,12339
LPJ-GUESS,2020,HW,lai,evspsblsoi,0.14335519940923372,0.2257205710688186,12339
LPJ-GUESS,2020,HD,precipitation,evapotrans,0.5157803314800882,0.6718751978231905,11203
LPJ-GUESS,2020,HD,lai,evapotrans,0.48547499234898817,0.7984585497560509,11203
LPJ-GUESS,2020,HD,precipitation,tran,0.4694017705716581,0.6855183192535643,11203
LPJ-GUESS,2020,HD,lai,tran,0.5705941329490825,0.8592380354344681,11203
LPJ-GUESS,2020,HD,precipitation,evspsblveg,0.48284320366993533,0.6527770733005043,11203
LPJ-GUESS,2020,HD,lai,evspsblveg,0.5667149503959399,0.8175594612217975,11203
LPJ-GUESS,2020,HD,precipitation,evspsblsoi,0.30892799118276054,0.5057076195739911,11203
LPJ-GUESS,2020,HD,lai,evspsblsoi,0.21050774824345525,0.5659622044337398,11203
LPJ-GUESS,2020,CW,precipitation,evapotrans,0.23548895346780646,0.47476224100960285,21108
LPJ-GUESS,2020,CW,lai,evapotrans,0.36555623749803295,0.7929715549195149,21108
LPJ-GUESS,2020,CW,precipitation,tran,0.208812901155165,0.4778378270170768,21108
LPJ-GUESS,2020,CW,lai,tran,0.3780388706314425,0.8674918963599443,21108
LPJ-GUESS,2020,CW,precipitation,evspsblveg,0.23009865564710438,0.4812979370177797,21108
LPJ-GUESS,2020,CW,lai,evspsblveg,0.5285258947083806,0.8530909858186186,21108
LPJ-GUESS,2020,CW,precipitation,evspsblsoi,0.07573022886520014,0.3250846047042181,21108
LPJ-GUESS,2020,CW,lai,evspsblsoi,0.18556165368926242,0.43074371437699616,21108
LPJ-GUESS,2020,CD,precipitation,evapotrans,0.21552567979569792,0.46039162502713854,10209
LPJ-GUESS,2020,CD,lai,evapotrans,0.4682211323015959,0.7251076761822719,10209
LPJ-GUESS,2020,CD,precipitation,tran,0.18386633148382198,0.42943557033130014,10209
LPJ-GUESS,2020,CD,lai,tran,0.558874709559434,0.8739410891621471,10209
LPJ-GUESS,2020,CD,precipitation,evspsblveg,0.2051634549952995,0.454022775126209,10209
LPJ-GUESS,2020,CD,lai,evspsblveg,0.598054864881278,0.7602162789856544,10209
LPJ-GUESS,2020,CD,precipitation,evspsblsoi,0.1376468824103178,0.34483132117586707,10209
LPJ-GUESS,2020,CD,lai,evspsblsoi,0.18719309484609237,0.4829254669474582,10209
